2.3129,2.0614,0.59084,1.8031,3.9344,2.4918,2.0329,0.93924,2.5075,3.9146,0.15,0.079682,0.1,0.1,0.23333,0.70469,0.20055,0.4625,0.85,0.85,417,1121,552.26,792.39,355.36,200,-2.4295,359.02,1
0.12895,0.094966,0.064058,0.10388,0.16532,0.12309,0.093446,0.059375,0.09515,0.1561,0.12222,0.02374,0.1,0.13333,0.13333,0.35,6.1393e-16,0.35,0.35,0.35,473,1035,586.39,816.22,246.41,2168,-1.9294,256.17,1
2.472,1.9178,1.2283,1.9355,4.2229,2.4421,2.1678,0.63939,2.6751,4.2449,0.15556,0.072008,0.066667,0.18333,0.2,0.5875,0,0.5875,0.5875,0.5875,641,693,519.46,956.12,289.84,152,-2.1649,302.23,1
2.3504,1.8729,0.89483,2.0658,4.148,2.3872,1.8049,1.0742,1.9612,4.0919,0.17556,0.044484,0.13333,0.16667,0.2,0.5875,0,0.5875,0.5875,0.5875,178,798,64.468,391.37,422.18,276,3.5817,511.24,1
0.13467,0.083763,0.080367,0.12594,0.18755,0.12907,0.081891,0.074887,0.11765,0.17247,0.11758,0.027855,0.1,0.13333,0.13333,0.4,2.8011e-16,0.4,0.4,0.4,488,990,545.74,877.89,126.11,1192,-1.9416,133.63,1
2.2562,2.7409,0.84127,1.7426,2.0521,2.2559,2.8522,0.94418,1.4057,1.9445,0.24524,0.051652,0.23333,0.26667,0.26667,1.0714,0.16795,1.1375,1.1375,1.1375,123,464,180.52,864.62,404.72,300,6.9649,410.91,1
0.85017,0.53145,0.47431,0.80356,1.2296,0.829,0.5105,0.46755,0.79311,1.1738,0.23423,0.026628,0.225,0.23333,0.23333,0.525,2.2511e-16,0.525,0.525,0.525,184,942,143,302.46,640.85,868,15.598,653.2,1
0.47658,0.38341,0.062384,0.46905,0.80968,0.4786,0.36169,0.12039,0.45298,0.79172,0.21852,0.023493,0.2,0.23333,0.23333,0.825,2.2848e-16,0.825,0.825,0.825,286,787,229.77,630.77,166.04,608,2.7784,169.06,1
0.21262,0.1957,0.091982,0.16331,0.25923,0.20322,0.19219,0.090793,0.15344,0.23557,0.15317,0.037355,0.13333,0.16667,0.16667,0.4875,2.2338e-16,0.4875,0.4875,0.4875,469,994,660.56,735.63,321.63,1864,-1.3487,330.65,1
1.6535,1.0017,0.90083,1.7461,2.5668,1.5242,1.0233,0.74808,1.5862,2.4325,0.14889,0.069996,0.13333,0.13333,0.19167,0.5225,0.10556,0.5625,0.5625,0.5625,240,787,154.32,414.1,382.62,272,4.3522,406.66,1
1.6282,1.7289,0.32388,0.9228,2.4526,1.6788,1.7302,0.43272,0.81895,2.4398,0.19487,0.052434,0.16667,0.2,0.23333,0.77788,0.15412,0.65,0.9125,0.9125,318,1137,40.244,583.95,618.88,536,1.9912,638.59,1
0.40678,0.24732,0.21917,0.35008,0.56303,0.38887,0.24905,0.18864,0.35192,0.55856,0.15463,0.028898,0.13333,0.16667,0.16667,0.76181,0.10744,0.7875,0.7875,0.7875,261,793,115.78,499.62,327.35,952,2.0203,335.35,1
0.44948,0.33847,0.24109,0.35374,0.56494,0.43577,0.33833,0.22825,0.32946,0.51816,0.20152,0.038009,0.16667,0.2,0.23333,0.6,4.4922e-16,0.6,0.6,0.6,91,353,95.534,813.4,460.42,1072,101.53,473.04,1
0.38211,0.25411,0.24276,0.3045,0.45768,0.35438,0.25373,0.2108,0.29553,0.43558,0.16601,0.032311,0.13333,0.16667,0.2,0.67574,0.058812,0.6875,0.6875,0.6875,200,820,92.169,440.17,394.84,1184,3.5225,406.85,1
0.089408,0.072618,0.045425,0.067687,0.11492,0.083369,0.07006,0.039357,0.06472,0.10948,0.24745,0.035865,0.23333,0.26667,0.26667,0.85639,0.10628,0.825,0.825,0.825,402,1049,471.46,837.54,222.58,3124,-3.0443,251.22,1
1.269,0.83316,0.58796,1.144,2.0075,1.2563,0.79835,0.62058,1.105,1.9476,0.20417,0.03306,0.2,0.2,0.23333,0.5625,0,0.5625,0.5625,0.5625,107,455,173.47,965.44,514.75,492,7.6796,531.4,1
0.29537,0.24128,0.12206,0.2187,0.45584,0.27689,0.23647,0.10878,0.20267,0.43908,0.21224,0.0278,0.2,0.2,0.23333,0.875,0,0.875,0.875,0.875,153,812,113,613.54,202.45,896,4.9615,236.45,1
0.63521,0.48193,0.31119,0.47468,0.83248,0.62911,0.48791,0.29564,0.4695,0.84777,0.20741,0.05056,0.16667,0.23333,0.23333,0.63056,0.092972,0.6625,0.6625,0.6625,112,451,110.54,775.22,324.23,520,-222.02,327.22,1
0.080539,0.066655,0.031095,0.057983,0.11848,0.078026,0.065763,0.032696,0.054189,0.12008,0.18596,0.032701,0.16667,0.2,0.2,0.75,0,0.75,0.75,0.75,468,668,527.07,663,59.278,1756,-0.084649,114.06,0
0.09709,0.065208,0.057249,0.082036,0.11977,0.092691,0.063833,0.05456,0.079508,0.11636,0.056831,0.018603,0.033333,0.066667,0.066667,0.3375,1.6792e-16,0.3375,0.3375,0.3375,459,1011,515.38,919.62,107.37,1596,-1.6208,119.86,1
1.0436,0.60079,0.63151,0.88496,1.4321,0.97918,0.62367,0.59358,0.73171,1.4405,0.21212,0.046627,0.2,0.23333,0.23333,0.86136,0.16551,0.9125,0.9125,0.9125,431,753,259.55,342.05,445.28,568,2.3969,477.78,1
2.2832,2.9635,0.11336,0.66093,4.828,2.623,3.024,0.37887,1.2768,5.7716,0.13333,0.073463,0.066667,0.11667,0.2,0.4375,0.16036,0.2875,0.4375,0.5875,225,942,93.845,207.67,745.95,440,5.599,776.46,1
1.4562,1.6344,0.39012,0.87837,1.8756,1.511,1.7782,0.28421,1.0316,1.9152,0.17083,0.072237,0.1,0.2,0.23333,0.74062,0.1682,0.5375,0.8625,0.8625,195,960,168.86,288.49,672.02,440,25.693,683.88,1
1.464,1.1448,0.58371,1.2364,2.4459,1.442,1.0971,0.5932,1.1626,2.3369,0.2141,0.037916,0.2,0.2,0.23333,0.7,2.2644e-16,0.7,0.7,0.7,159,503,234.07,1133.2,634.63,536,8.3944,688.12,1
0.45001,0.29052,0.23639,0.41797,0.63767,0.42288,0.29038,0.21516,0.39005,0.60422,0.15946,0.041674,0.13333,0.16667,0.2,0.81149,0.13621,0.85,0.85,0.85,296,398,275.08,773.83,376.41,880,-17.969,379.27,1
0.1196,0.14263,0.035388,0.063994,0.15597,0.11429,0.13645,0.034706,0.059965,0.14096,0.18642,0.035772,0.16667,0.2,0.2,0.62639,0.057188,0.6375,0.6375,0.6375,690,452,662.98,551.02,102.64,1560,-3.6648,115.53,1
0.33652,0.42686,0.058492,0.24258,0.40595,0.30207,0.39574,0.054316,0.21093,0.36209,0.15591,0.030642,0.13333,0.16667,0.16667,0.72823,0.051212,0.7375,0.7375,0.7375,494,801,428.44,938.67,152.48,1688,-2.0998,442.01,1
0.82136,0.88893,0.37272,0.67348,0.96986,0.82125,0.92359,0.27065,0.66918,1.0311,0.21111,0.046576,0.175,0.23333,0.23333,0.63667,0.10116,0.675,0.675,0.675,119,454,125.08,769.38,315.44,516,51.875,321,1
0.82289,0.50843,0.49424,0.7329,1.0731,0.81569,0.48944,0.46899,0.7214,1.0196,0.19545,0.031363,0.16667,0.2,0.2,0.55,1.1363e-16,0.55,0.55,0.55,58,484,93.463,878.1,395.7,580,11.113,396.44,1
0.24194,0.20771,0.10841,0.17189,0.32754,0.22017,0.19209,0.093287,0.16169,0.29212,0.23425,0.045803,0.23333,0.23333,0.26667,0.97723,0.11417,1,1,1,511,635,389,918.24,308.39,1412,-2.3216,316.33,1
0.4586,0.36263,0.24915,0.41601,0.51656,0.45242,0.36125,0.22287,0.40351,0.5102,0.21795,0.019392,0.2,0.21667,0.23333,0.65,0,0.65,0.65,0.65,126,527,127.71,759.44,232.44,576,135.74,233.5,1
1.181,0.66301,0.72914,1.2161,1.6069,1.174,0.63753,0.8577,1.1325,1.5852,0.2098,0.06848,0.225,0.23333,0.23333,0.81691,0.19926,0.8875,0.8875,0.8875,210,762,113.05,185.31,584.79,744,5.9485,601.45,1
0.4537,0.47793,0.085444,0.40641,0.67041,0.44752,0.47393,0.10578,0.39666,0.64772,0.2172,0.04205,0.2,0.23333,0.23333,0.5375,1.1286e-16,0.5375,0.5375,0.5375,205,733,176.12,387.88,346.32,912,11.949,374.61,1
3.3782,2.5581,1.8322,2.8617,5.7184,3.5228,2.6831,2.4659,2.7456,6.4997,0.12917,0.060257,0.066667,0.13333,0.16667,0.84063,0.21996,0.575,1,1,139,381,300.2,865.97,511.06,192,3.0085,521.72,1
4.018,3.6611,1.2061,2.8778,6.7547,4.196,3.7111,1.289,3.5874,6.8211,0.16667,0.072648,0.1,0.16667,0.19167,0.84028,0.26352,0.5625,1.0625,1.0625,228,607,332.92,1066.2,471.04,184,4.3769,483.57,1
5.1352,5.2561,1.4729,4.6911,6.3292,4.4369,5.6139,0.90526,2.9069,4.7036,0.2,0.043644,0.16667,0.2,0.23333,0.975,0.16036,0.825,0.975,1.125,133,491,171.76,894.05,404.91,148,10.4,410,1
0.65261,0.3634,0.38335,0.62358,0.88594,0.62414,0.36955,0.32832,0.62025,0.86612,0.18333,0.039508,0.16667,0.2,0.2,0.55,1.1363e-16,0.55,0.55,0.55,162,803,109.08,500.16,307.43,508,5.7225,314.64,1
0.1201,0.16987,0.025399,0.075005,0.14024,0.11407,0.16684,0.02212,0.068381,0.13208,0.17701,0.03072,0.16667,0.16667,0.2,0.525,7.8394e-16,0.525,0.525,0.525,239,601,99.964,696.04,168.41,2252,-0.68354,175.57,0
0.13744,0.11239,0.076611,0.11216,0.15202,0.12626,0.10704,0.067844,0.10422,0.14517,0.24658,0.029783,0.23333,0.26667,0.26667,0.89144,0.051365,0.9,0.9,0.9,436,847,520.67,684.62,183.13,1688,-1.9177,203.59,1
0.70831,0.60359,0.29999,0.49496,1.0009,0.58004,0.45054,0.25489,0.47793,0.92864,0.2127,0.044066,0.2,0.23333,0.23333,1.0065,0.15363,1.0187,1.0875,1.0875,115,797,54.059,255.38,545.04,672,8.8876,561.66,1
0.11601,0.11711,0.049637,0.087419,0.12721,0.10996,0.11546,0.046265,0.079781,0.1204,0.1449,0.034549,0.13333,0.15,0.16667,0.3875,2.2319e-16,0.3875,0.3875,0.3875,468,1084,556.19,894.72,208.82,2712,-2.1462,225.9,1
0.6034,1.0089,0.12196,0.25729,0.74973,0.58678,1.0019,0.10845,0.27813,0.70872,0.24127,0.035161,0.23333,0.23333,0.26667,0.89256,0.12448,0.825,0.825,0.825,439,1120,600.51,673.03,475.25,1176,-2.7674,497.18,1
0.50229,0.45794,0.22721,0.32294,0.61304,0.48252,0.45865,0.19266,0.29555,0.63706,0.23067,0.02708,0.2,0.23333,0.26667,0.6,2.2662e-16,0.6,0.6,0.6,326,764,254.08,549.08,226.64,512,2.9882,236.96,1
0.14765,0.1602,0.0071829,0.11859,0.23547,0.14069,0.16722,-0.0026087,0.08694,0.25014,0.14,0.02582,0.13333,0.13333,0.16667,0.65833,0.10996,0.7,0.7,0.7,65,592,40.081,606.92,29.044,484,-0.5987,47.088,0
0.50041,0.59457,0.1186,0.30916,0.59067,0.48452,0.59232,0.09492,0.2958,0.57892,0.20407,0.046065,0.2,0.2,0.23333,0.6186,0.084508,0.6375,0.6375,0.6375,61,370,87.704,818.37,449.16,1116,16.79,451.92,1
0.077487,0.078709,0.035784,0.059386,0.091313,0.072304,0.073878,0.033369,0.056989,0.085565,0.23626,0.031979,0.23333,0.23333,0.26667,0.84444,0.043091,0.85,0.85,0.85,380,1023,511.46,756,297.61,5572,-2.031,352.24,1
0.24427,0.13749,0.14974,0.2264,0.29721,0.22947,0.13796,0.13922,0.18588,0.29949,0.15185,0.037363,0.13333,0.13333,0.16667,0.74907,0.093408,0.775,0.775,0.775,120,706,78.16,595.62,118.04,528,2.6381,121.77,1
0.67927,0.97532,0.1824,0.30527,0.62822,0.44729,0.49663,0.1485,0.25915,0.51186,0.17963,0.020256,0.16667,0.16667,0.2,0.7875,2.2848e-16,0.7875,0.7875,0.7875,199,849,170.92,569.84,280.57,656,9.9418,285.4,1
0.090211,0.067539,0.042019,0.073295,0.12316,0.085652,0.066386,0.038601,0.070347,0.11799,0.13976,0.036123,0.13333,0.13333,0.16667,0.475,1.6691e-15,0.475,0.475,0.475,423,1038,600.39,705.61,376.76,5712,-1.8738,415.49,1
0.11294,0.093078,0.038031,0.10631,0.14476,0.11285,0.091951,0.041949,0.097543,0.14485,0.20556,0.046798,0.16667,0.23333,0.23333,0.86667,0.13815,0.925,0.925,0.925,198,849,170.54,795.54,60.097,704,1.9469,67.512,1
0.96909,1.2114,0.31319,0.60159,1.0166,0.88737,1.215,0.26865,0.52787,0.8792,0.18533,0.046228,0.16667,0.2,0.2,0.9135,0.12803,0.975,0.975,0.975,227,947,159.64,447.96,503.57,580,7.4083,525.7,1
0.59684,0.51023,0.24282,0.57875,0.7298,0.56655,0.51438,0.23172,0.45173,0.70109,0.225,0.035861,0.2,0.23333,0.23333,0.96161,0.14097,1,1,1,174,739,143,331.69,408.49,740,13.139,425.75,1
0.18417,0.15102,0.091549,0.15504,0.25505,0.16992,0.14861,0.08379,0.12911,0.23256,0.20435,0.031118,0.2,0.2,0.23333,0.78478,0.072165,0.8,0.8,0.8,263,842,161.65,620,244.04,1356,2.1905,253.89,1
0.75467,0.39065,0.46409,0.71313,0.97695,0.72255,0.3858,0.41813,0.69801,0.93664,0.21765,0.067288,0.16667,0.23333,0.23333,1.0132,0.19022,0.95,0.95,1.225,96,366,331.26,786.17,481.55,744,1.786,495.5,1
1.5196,0.61536,1.1795,1.5399,1.8857,1.4583,0.61633,1.2747,1.4553,1.7994,0.19375,0.038909,0.16667,0.2,0.23333,0.5875,0,0.5875,0.5875,0.5875,192,824,125.2,403.34,425.93,332,6.2969,456.94,1
3.0707,2.2012,1.7844,2.8607,4.0473,3.0999,2.3245,2.1833,2.7416,4.1942,0.22917,0.072237,0.16667,0.23333,0.28333,1.0344,0.12151,0.96875,1.1,1.1,129,477,192.24,842.12,370.56,160,5.7731,372.59,1
2.821,2.6808,1.1753,1.8068,4.7691,2.9602,2.5838,1.4412,1.7333,5.0176,0.13,0.071059,0.066667,0.13333,0.16667,0.735,0.18974,0.825,0.825,0.825,344,1110,519.96,750.83,399.95,252,-2.0412,413.19,1
0.097009,0.075761,0.050492,0.071099,0.10953,0.095473,0.074762,0.048543,0.069145,0.11078,0.13675,0.037303,0.13333,0.13333,0.16667,0.4125,2.2495e-16,0.4125,0.4125,0.4125,477,998,521.16,912.68,96.072,1180,-1.9321,97.647,1
0.27667,0.57342,0.037396,0.070996,0.14347,0.26292,0.55156,0.032654,0.0639,0.13235,0.23378,0.05531,0.2,0.26667,0.26667,0.75304,0.057144,0.7625,0.7625,0.7625,85,261,101.26,648.92,388.26,1960,23.858,399.37,1
0.79323,0.56378,0.44077,0.61014,1.0933,0.75276,0.54858,0.41282,0.56459,1.0053,0.24722,0.036669,0.23333,0.23333,0.26667,0.90313,0.074112,0.925,0.925,0.925,461,816,422.89,522.67,295.8,500,7.6969,300.53,1
4.0721,4.4318,1.1879,2.2117,7.8315,4.3342,4.5585,1.5677,2.4036,8.7969,0.15833,0.11233,0.05,0.15,0.26667,0.84375,0.44042,0.325,1.0688,1.2125,208,255,371.26,683.28,458.34,152,2.6233,472.63,1
0.46287,0.43824,0.16046,0.24539,0.78736,0.41892,0.43942,0.13961,0.19422,0.6314,0.21746,0.068002,0.2,0.23333,0.24167,0.54524,0.093998,0.575,0.575,0.575,500,700,610.92,535.54,198.37,476,-1.4827,199.83,1
1.3582,1.139,0.51488,1.2126,1.7703,1.3422,1.0925,0.56809,1.1691,1.7539,0.20139,0.043383,0.2,0.2,0.23333,0.5,0,0.5,0.5,0.5,178,763,46.323,338.75,444.21,484,3.2219,568.09,1
1.1333,0.99718,0.21479,1.0808,1.6272,1.1087,0.96965,0.25948,0.93005,1.6489,0.21905,0.034272,0.2,0.23333,0.23333,0.93214,0.15045,0.7,1.025,1.025,410,732,318.54,406.54,338.07,464,3.5584,361.14,1
1.2844,0.72887,0.68505,1.167,1.8895,1.2416,0.70492,0.78768,1.0799,1.732,0.19444,0.050163,0.16667,0.2,0.23333,0.7,2.2848e-16,0.7,0.7,0.7,439,878,568.45,546.42,355.96,352,-2.5616,366.7,1
0.1414,0.19723,0.051056,0.075744,0.15229,0.13543,0.19268,0.049588,0.069873,0.13522,0.18366,0.040755,0.16667,0.2,0.2,0.575,4.4851e-16,0.575,0.575,0.575,163,526,304.66,562.66,146.33,1340,0.2588,161.07,0
0.12749,0.15229,0.050414,0.081478,0.14339,0.12532,0.15244,0.04695,0.077865,0.14349,0.17265,0.044506,0.14167,0.2,0.2,0.75897,0.06983,0.775,0.775,0.775,304,836,245.55,714,135.28,1040,2.0873,143.91,1
0.26615,0.20956,0.098695,0.22345,0.40627,0.2547,0.2079,0.088489,0.21049,0.3897,0.18333,0.053067,0.13333,0.16667,0.23333,0.595,0.066598,0.6125,0.6125,0.6125,143,623,156,826.31,203.72,820,15.639,205.42,1
0.131,0.15049,0.0086245,0.087493,0.23102,0.13302,0.15174,0.027376,0.070189,0.2228,0.14375,0.020069,0.13333,0.13333,0.15,0.6875,0,0.6875,0.6875,0.6875,327,709,337.95,739.01,31.945,1280,2.7416,49.313,1
0.16149,0.11288,0.088201,0.13104,0.22262,0.15452,0.11328,0.076938,0.11918,0.21444,0.16242,0.030802,0.13333,0.16667,0.19167,0.4,2.8011e-16,0.4,0.4,0.4,450,1035,510.92,892.62,154.87,1256,-2.3371,160.45,1
1.3864,1.2214,0.50638,0.95554,1.9244,1.3402,1.2106,0.68383,1.006,1.8258,0.21875,0.029253,0.2,0.23333,0.23333,0.625,0,0.625,0.625,0.625,207,385,239.32,1107.4,723.11,652,22.353,743.13,1
0.082333,0.042391,0.055086,0.075943,0.10305,0.078383,0.041065,0.050809,0.072969,0.098999,0.15485,0.023715,0.13333,0.16667,0.16667,0.4125,8.9224e-16,0.4125,0.4125,0.4125,478,1048,534.46,900.54,157.9,2508,-2.6117,171.62,1
0.4829,0.57643,0.11906,0.22966,0.74406,0.46876,0.56994,0.11213,0.21389,0.71561,0.24961,0.034405,0.23333,0.26667,0.26667,0.6625,5.6168e-16,0.6625,0.6625,0.6625,153,496,197.23,305.77,195.31,976,-4.3006,399.27,1
0.79085,0.78472,0.2096,0.59645,1.1054,0.76843,0.79828,0.18826,0.51534,1.0195,0.21176,0.033211,0.19167,0.2,0.23333,0.575,0,0.575,0.575,0.575,196,785,133.54,413.54,376.67,512,5.9474,389.2,1
1.167,0.92042,0.32839,1.4836,1.8207,1.0655,1.0478,0.19015,1.0423,1.9408,0.18333,0.12065,0.033333,0.23333,0.26667,0.5375,0.21301,0.2625,0.675,0.675,564,658,427,1015.7,383.05,328,-2.6111,391.17,1
1.3377,1.5433,0.63153,0.9601,1.4063,0.91818,0.6677,0.50119,0.81252,1.2144,0.16296,0.050989,0.13333,0.16667,0.2,0.83611,0.12314,0.9,0.9,0.9,478,798,713.01,388.1,472.49,588,-1.7442,487.45,1
2.6559,2.0979,0.7259,2.6101,4.1217,2.7848,1.973,1.604,2.4356,3.8087,0.18182,0.070496,0.1,0.2,0.23333,0.59773,0.17516,0.41875,0.7,0.7,124,357,185.47,790.94,438.28,212,7.0596,440.41,1
0.35436,0.35524,0.15874,0.27446,0.4258,0.33701,0.34895,0.14904,0.25438,0.42444,0.21737,0.046071,0.2,0.23333,0.23333,0.91602,0.10741,0.9375,0.9375,0.9375,428,1076,584.3,703.08,404.35,1400,-2.386,424.93,1
0.48601,0.46034,0.2589,0.3594,0.59523,0.45726,0.47042,0.23147,0.29533,0.57002,0.21667,0.036778,0.2,0.21667,0.23333,0.93958,0.11999,0.975,0.975,0.975,529,627,395,906.71,310.15,608,-2.0874,315.59,1
0.5548,0.68593,0.21126,0.37545,0.56081,0.53784,0.68729,0.19795,0.34638,0.5175,0.21481,0.04065,0.2,0.23333,0.23333,0.6,1.1314e-16,0.6,0.6,0.6,120,485,128.06,774.87,289.98,620,35.942,294,1
0.6243,0.57601,0.13327,0.50332,0.96266,0.64161,0.5818,0.17556,0.53556,0.92352,0.17708,0.051235,0.16667,0.2,0.2,0.67344,0.1409,0.725,0.725,0.725,228,796,201.86,490.48,306.64,524,11.687,324.73,1
0.17035,0.13282,0.087409,0.12861,0.19673,0.16217,0.13105,0.08372,0.1191,0.18909,0.20567,0.026612,0.2,0.2,0.23333,0.4375,0,0.4375,0.4375,0.4375,161,791,147,504.9,286.44,2016,20.435,293.8,1
0.97568,0.88013,0.41398,0.70869,1.4832,0.96877,0.8936,0.3778,0.66003,1.4583,0.20833,0.07746,0.2,0.23333,0.25,0.95078,0.25127,1.0625,1.0625,1.0625,114,512,146.06,739.72,229.97,376,7.1038,233.88,1
2.5113,7.5229,0.78355,0.93083,1.0785,0.71831,0.56939,0.54126,0.82685,0.96712,0.24583,0.052762,0.23333,0.26667,0.26667,1.0161,0.16772,1.075,1.075,1.075,254,1070,114.71,357.07,726.41,400,5.1182,754.42,1
0.14312,0.19813,0.042761,0.064099,0.12725,0.13842,0.19135,0.039354,0.064048,0.12027,0.12963,0.041233,0.1,0.1,0.15,0.4875,3.3779e-16,0.4875,0.4875,0.4875,122,646,35.884,662,87.59,860,-0.1858,90.655,0
4.4271,4.5474,0.97447,3.1046,7.3595,4.693,4.4535,1.5971,3.6888,7.916,0.21481,0.16168,0.058333,0.16667,0.375,0.89861,0.48475,0.50313,1.1625,1.2375,161,225,375.61,721.5,540.9,176,2.3135,577.09,1
0.23065,0.19196,0.041747,0.27861,0.36203,0.21944,0.20132,0.035171,0.21208,0.36753,0.15833,0.06835,0.13333,0.18333,0.2,0.74375,0.21895,0.8375,0.8375,0.8375,162,637,100.84,536.92,117.29,572,1.6364,123.66,1
0.54477,1.3212,0.074473,0.21478,0.47611,0.52191,1.2987,0.071397,0.19979,0.42976,0.20038,0.035032,0.16667,0.2,0.23333,0.74224,0.050873,0.75,0.75,0.75,378,1100,395.36,1156.6,59.174,2408,3.2582,951.77,1
1.6972,1.0768,0.92355,1.7583,1.9693,1.6597,1.0693,0.96876,1.7883,1.8866,0.21538,0.044337,0.2,0.23333,0.24167,0.96058,0.18777,1.0375,1.0375,1.0375,162,489,197.17,863.23,375.88,256,10.641,381.91,1
1.9801,1.9723,0.40886,1.5113,3.5927,2.1531,2.0207,0.46052,1.6942,4.0235,0.17083,0.033034,0.15,0.16667,0.18333,0.6,0,0.6,0.6,0.6,116,403,171.45,713.29,315.21,176,5.5957,317.76,1
1.02,1.3013,0.34819,0.58477,1.0212,0.98457,1.4712,0.23032,0.41537,1.394,0.18571,0.060422,0.125,0.2,0.23333,0.74464,0.11589,0.63437,0.8125,0.8125,72,379,204.85,691.37,339.45,200,2.3514,340.3,1
0.37001,0.25829,0.17538,0.27242,0.53714,0.35136,0.25414,0.15823,0.26655,0.51866,0.23563,0.048711,0.23333,0.23333,0.26667,0.92759,0.16351,0.825,0.825,1.0875,395,828,626.32,491.68,408.19,1232,-1.4539,425.9,1
1.7615,1.2839,1.25,1.4522,2.1856,1.7209,1.2946,1.1785,1.3688,1.8742,0.26667,0.050395,0.24167,0.26667,0.3,1.0583,0.10996,1.1,1.1,1.1,110,435,173.24,826.59,396.66,288,6.1925,402.67,1
0.30299,0.47213,0.10655,0.14951,0.27276,0.29203,0.46756,0.10797,0.14114,0.24918,0.14467,0.029052,0.13333,0.13333,0.16667,0.4875,4.486e-16,0.4875,0.4875,0.4875,553,702,475,943.7,253.97,1044,-3.0987,272.87,1
0.53244,0.95138,0.10155,0.15275,0.2824,0.49529,0.92145,0.094409,0.14462,0.26504,0.21927,0.028362,0.2,0.23333,0.23333,0.6125,1.119e-16,0.6125,0.6125,0.6125,615,667,487.31,885.02,252.66,1440,-1.7073,636.7,1
0.25079,0.2055,0.13573,0.17883,0.24291,0.23929,0.20419,0.12269,0.16772,0.23317,0.18503,0.038527,0.13333,0.2,0.2,0.8375,3.3652e-16,0.8375,0.8375,0.8375,405,832,551.46,583.07,288.82,1140,-1.6996,294.02,1
0.63206,0.97057,0.11701,0.37208,0.73027,0.60549,0.95662,0.08427,0.37149,0.71674,0.19792,0.047848,0.18333,0.2,0.23333,0.61797,0.076855,0.6375,0.6375,0.6375,137,730,109.22,861.81,134.71,960,-4.7453,411.14,1
0.26712,0.33812,0.0046359,0.096703,0.47178,0.27628,0.33906,0.014563,0.11742,0.46166,0.19583,0.05288,0.15,0.23333,0.23333,0.81953,0.16169,0.725,0.725,0.9875,203,490,212,633,143.28,528,15.889,144.09,1
0.8421,0.7748,0.16736,0.716,1.3218,0.81841,0.75388,0.18136,0.64619,1.2337,0.23333,0.028081,0.2,0.23333,0.26667,0.525,0,0.525,0.525,0.525,166,790,88.538,360.08,436.85,608,5.5501,452.29,1
1.5363,0.79573,1.1031,1.772,2.0281,1.5395,0.7581,1.2263,1.7513,1.987,0.18333,0.046685,0.13333,0.2,0.2,0.4625,5.7607e-17,0.4625,0.4625,0.4625,137,336,205.16,779.95,449.16,384,6.5136,453.8,1
0.66104,0.52893,0.30156,0.49653,0.84147,0.623,0.53633,0.27348,0.47553,0.85016,0.17471,0.022982,0.16667,0.16667,0.2,0.7375,3.3896e-16,0.7375,0.7375,0.7375,286,808,99.156,522.62,341.11,644,1.5274,349.1,1
0.093487,0.11935,0.029512,0.061577,0.11438,0.084705,0.11366,0.027874,0.054669,0.095224,0.21202,0.038022,0.2,0.23333,0.23333,0.79693,0.085289,0.8125,0.8125,0.8125,661,692,595.83,776.12,106.41,2212,-1.2906,125.56,1
0.10193,0.080847,0.05797,0.079623,0.11555,0.096603,0.080142,0.054533,0.077063,0.1097,0.12947,0.026529,0.1,0.13333,0.13333,0.425,4.4734e-16,0.425,0.425,0.425,489,1002,529,895.71,113.57,1552,-2.6573,125.75,1
1.0199,1.2054,0.46694,0.75945,1.0744,0.70846,0.42201,0.39984,0.67322,1.0282,0.21228,0.064032,0.2,0.23333,0.25833,0.94803,0.19312,1.0125,1.0125,1.0125,585,509,440.07,937.35,452.2,560,-2.9555,461.68,1
2.6005,2.6747,1.0269,2.2068,2.4488,2.5482,2.9886,0.64468,1.8797,3.7115,0.15714,0.046004,0.10833,0.16667,0.2,0.5875,0,0.5875,0.5875,0.5875,566,630,414.09,984.43,385.62,200,-2.3331,395.61,1
0.71921,0.40883,0.31899,0.72348,0.97649,0.68757,0.41148,0.27517,0.69104,0.95062,0.18235,0.046591,0.16667,0.2,0.2,0.73603,0.10747,0.7625,0.7625,0.7625,190,821,96.783,349.78,480.35,752,5.0551,514.51,1
0.40605,0.55666,0.06452,0.18957,0.36123,0.37066,0.51858,0.060799,0.17386,0.34244,0.19895,0.035214,0.2,0.2,0.2,0.60671,0.039688,0.6125,0.6125,0.6125,111,391,142,764.69,374.97,2556,12.055,807.49,1
0.36257,0.53774,0.062783,0.083668,0.42348,0.35226,0.53918,0.058413,0.078449,0.48584,0.20897,0.049493,0.2,0.23333,0.23333,0.85192,0.15983,0.6875,0.95,0.95,323,1170,305.73,927.32,243.29,848,14.053,269.94,1
0.21657,0.14973,0.097701,0.19621,0.27991,0.20279,0.15011,0.084319,0.18354,0.2515,0.14876,0.025511,0.13333,0.13333,0.16667,0.725,7.8302e-16,0.725,0.725,0.725,606,683,743.8,392.65,321.39,1524,-2.107,332.93,1
2.6185,1.3949,1.9647,3.0526,3.7335,2.6093,1.4328,2.3174,2.9088,3.7726,0.1375,0.011785,0.13333,0.13333,0.13333,0.82187,0.1678,0.73125,0.9125,0.9125,390,421,402.75,779.79,359.02,196,28.137,366.1,1
0.82778,0.72429,0.28876,0.63315,1.3866,0.87667,0.71188,0.41349,0.69879,1.478,0.18056,0.057662,0.16667,0.2,0.21667,0.5875,0,0.5875,0.5875,0.5875,130,490,174.62,734.28,248.32,300,5.4747,251.96,1
0.41031,0.47666,0.10278,0.23239,0.62621,0.4114,0.48232,0.092214,0.2259,0.57796,0.165,0.029568,0.13333,0.16667,0.18333,0.8375,1.1391e-16,0.8375,0.8375,0.8375,279,817,189.35,384,442.18,952,4.8299,468.87,1
0.060284,0.06069,0.018299,0.041659,0.086663,0.056775,0.061114,0.016415,0.03328,0.076074,0.11075,0.030291,0.075,0.13333,0.13333,0.44879,0.12112,0.2625,0.525,0.525,90,727,39.782,732,50.466,1300,-0.099566,53.172,0
1.6193,1.0875,1.1686,1.8117,1.8984,1.6915,1.0309,1.2196,1.6909,1.9324,0.1303,0.023355,0.10833,0.13333,0.13333,0.425,1.1644e-16,0.425,0.425,0.425,226,805,162.22,476.91,334.23,272,5.1443,339.11,1
0.22689,0.2401,0.0963,0.16833,0.25865,0.1994,0.19402,0.091466,0.1516,0.24178,0.17179,0.036466,0.13333,0.16667,0.2,0.59279,0.1314,0.475,0.475,0.7375,525,715,523.46,874.08,159.09,2380,-103.34,578.99,1
0.053684,0.069953,0.0055781,0.025266,0.088334,0.049211,0.064697,0.0035111,0.022033,0.084502,0.14149,0.024774,0.13333,0.13333,0.16667,0.73005,0.050778,0.7375,0.7375,0.7375,537,817,584.33,718.35,109.41,4480,-2.0845,143.99,1
3.2562,2.8803,0.8495,2.7077,5.8162,3.5188,3.0032,1.4975,2.5558,6.1706,0.12857,0.0405,0.1,0.1,0.15833,0.775,0,0.775,0.775,0.775,520,771,407.2,1068.4,318.1,140,-2.6367,332.45,1
1.2309,0.60852,0.84557,1.3201,1.5471,1.208,0.55517,0.85699,1.2546,1.4815,0.16795,0.053732,0.13333,0.16667,0.2,0.77885,0.1436,0.6,0.8625,0.8625,437,785,133.81,373.57,511.08,576,1.357,534.38,1
0.54967,0.36316,0.32118,0.43512,0.68317,0.51906,0.36101,0.29717,0.4003,0.68167,0.18639,0.046606,0.16667,0.2,0.23333,0.86378,0.15096,0.925,0.925,0.925,205,401,429.84,781.67,442.11,928,1.6931,447.98,1
1.1894,0.92138,0.31225,1.2029,1.7541,1.1387,0.91609,0.25373,1.1648,1.7125,0.20333,0.042567,0.2,0.2,0.23333,0.80937,0.068975,0.825,0.825,0.825,533,750,614.86,656.87,123.99,824,-1.1376,900.95,1
0.34741,0.33545,0.081604,0.28001,0.57139,0.33186,0.33105,0.075898,0.25164,0.56343,0.16263,0.039754,0.13333,0.16667,0.2,0.81477,0.090865,0.8375,0.8375,0.8375,294,864,264.22,921.08,64.38,1060,-1.9163,262.12,1
1.5366,1.6209,0,1.4065,1.9805,1.6491,1.5991,0.64897,1.3675,2.1265,0.19333,0.064406,0.13333,0.18333,0.26667,0.6125,1.1703e-16,0.6125,0.6125,0.6125,104,299,151.12,647.12,351.29,276,7.3875,353.9,1
0.58717,0.53639,0.26607,0.39403,0.84476,0.56111,0.54771,0.25029,0.37677,0.85563,0.20476,0.054217,0.16667,0.2,0.23333,0.66161,0.095071,0.6875,0.6875,0.6875,170,494,160,825.71,331.86,656,-33.171,335.6,1
0.27715,0.32899,0.057396,0.12633,0.37169,0.2644,0.331,0.050858,0.11934,0.35161,0.15069,0.031503,0.13333,0.13333,0.16667,0.60104,0.055534,0.6125,0.6125,0.6125,76,438,73.714,853.86,415.86,1344,-181.94,432.54,1
0.63174,0.50126,0.30713,0.59976,0.83662,0.62851,0.49142,0.33092,0.57046,0.82843,0.13846,0.029352,0.13333,0.13333,0.13333,0.66635,0.07473,0.6875,0.6875,0.6875,130,756,62.671,374.41,387.48,808,5.6675,408.42,1
0.2097,0.2418,0.042294,0.12024,0.23748,0.17391,0.20746,0.034714,0.10968,0.20093,0.25507,0.074947,0.26667,0.26667,0.3,0.85,0.16566,0.9,0.9,0.9,437,753,418,528.86,224.94,808,11.797,249.14,1
0.59207,0.49948,0.17557,0.49614,1.0287,0.56626,0.51055,0.16571,0.41136,1.0507,0.19792,0.022669,0.2,0.2,0.2,0.775,0,0.775,0.775,0.775,296,789,133.07,555,285.13,428,1.4362,290.19,1
0.52186,0.48452,0.20246,0.34471,0.72195,0.50181,0.47028,0.18413,0.33588,0.69687,0.19123,0.042224,0.16667,0.2,0.23333,0.89079,0.093346,0.9125,0.9125,0.9125,244,814,134.09,402.17,426.24,912,3.7468,438.86,1
0.6017,0.40805,0.29231,0.60009,0.85747,0.55916,0.41131,0.24072,0.51449,0.82637,0.15595,0.037464,0.13333,0.16667,0.2,0.79554,0.10818,0.825,0.825,0.825,226,577,134.37,452.05,154.94,748,1.3636,407.15,1
1.4601,0.85236,0.90746,1.3757,1.782,1.3908,0.87196,0.78376,1.2448,1.7236,0.21111,0.063658,0.2,0.23333,0.23333,0.83333,0.14259,0.7875,0.7875,0.7875,205,788,126.72,281.2,512.81,400,6.4741,529.51,1
2.0532,1.3372,1.0395,2.216,3.0659,2.1895,1.3068,1.4607,2.7786,3.0726,0.16667,0.05,0.125,0.16667,0.20833,0.65,0,0.65,0.65,0.65,292,897,207.09,319.39,583.82,328,6.8029,606.79,1
1.0426,0.58718,0.7107,0.98663,1.2155,0.97613,0.58623,0.66948,0.89065,1.1811,0.18889,0.037644,0.16667,0.2,0.2,0.8125,0,0.8125,0.8125,0.8125,60,276,128.54,672.12,402.01,436,5.7795,405.24,1
3.2859,3.8352,1.0061,1.8691,4.8251,3.5006,3.9717,1.6254,1.821,5.1177,0.14167,0.079182,0.066667,0.16667,0.2,0.68438,0.19408,0.45,0.825,0.825,576,729,397.86,1040.8,359.11,152,-1.7504,363.72,1
0.22271,0.33983,0.048061,0.11113,0.24238,0.21615,0.33998,0.043685,0.10165,0.23286,0.23571,0.037099,0.2,0.23333,0.26667,0.5625,0,0.5625,0.5625,0.5625,248,638,450.04,657,202.93,1160,0.09404,208.32,0
0.93929,1.1374,0.12606,0.35834,1.4586,0.87261,1.1133,0.10287,0.28446,1.5175,0.23718,0.02552,0.23333,0.23333,0.23333,0.7375,2.2644e-16,0.7375,0.7375,0.7375,199,517,302,978,472.37,544,4.4757,485.22,1
0.4497,1.08,0,0.12799,0.3978,0.42796,1.0414,0,0.12224,0.37439,0.22758,0.043578,0.20833,0.23333,0.26667,0.82644,0.074744,0.8375,0.8375,0.8375,79,251,45.87,312.42,69.785,5468,-1.8539,1162.9,1
