0.76106,0.43689,0.26162,0.95653,1.053,0.69753,0.42018,0.21784,0.85262,0.99321,0.72688,0.047516,0.7375,0.7375,0.7375,0.25833,0.035664,0.25,0.26667,0.26667,627.34,334.69,717.19,124.22,228.84,332,-2.3426,233.86,1,166
0.4245,0.28623,0.20441,0.354,0.59092,0.39521,0.28216,0.16958,0.33355,0.55245,0.72014,0.095771,0.6875,0.7125,0.7125,0.275,0.038524,0.26667,0.3,0.3,606.25,361.88,713.28,140.62,245.78,588,-2.0672,248.47,1,166
1.1225,0.56009,0.5903,1.0648,1.4776,1.0495,0.54715,0.52712,1.0171,1.4104,0.675,2.2848e-16,0.675,0.675,0.675,0.2537,0.032618,0.23333,0.26667,0.26667,596.09,390.94,716.41,134.06,283.65,256,-2.1351,286.37,1,166
0.7272,0.87575,0.14569,0.31701,0.87926,0.68103,0.8443,0.11255,0.30149,0.87377,0.7275,0.12311,0.6375,0.7875,0.7875,0.248,0.047219,0.23333,0.26667,0.26667,618.75,352.97,643.75,466.41,116.16,736,4.5375,299.07,1,166
0.66443,0.48777,0.29577,0.61523,0.9832,0.59156,0.45553,0.26621,0.53128,0.83084,0.62308,0.12508,0.525,0.7,0.7,0.22949,0.065542,0.16667,0.26667,0.26667,641.41,226.41,630.47,474.84,248.68,508,-22.714,252.11,1,166
0.96776,0.38977,0.61975,1.0687,1.336,0.94591,0.33562,0.58394,1.0368,1.2495,0.69167,0.14317,0.6375,0.775,0.775,0.23519,0.059926,0.23333,0.26667,0.26667,621.88,350.16,728.12,128.91,245.44,258,-2.0824,247.73,1,166
1.3831,0.63848,0.82651,1.2973,1.8941,1.2519,0.62462,0.6797,1.1937,1.7954,0.62115,0.10401,0.65,0.65,0.65,0.23846,0.050637,0.225,0.26667,0.26667,624.22,298.12,736.72,78.281,246.96,182,-1.9542,248.35,1,166
0.96982,0.44,0.6114,1.0968,1.3587,0.8807,0.41697,0.51394,0.95983,1.2565,0.74539,0.14489,0.8,0.8,0.8,0.24561,0.064989,0.23333,0.26667,0.26667,610.94,278.91,719.53,89.531,218.3,270,-1.7439,259.78,1,166
0.30798,0.27986,0.11331,0.22655,0.48265,0.24199,0.23276,0.09704,0.18365,0.23207,0.68558,0.097073,0.7125,0.7125,0.7125,0.25641,0.034385,0.23333,0.26667,0.26667,577.34,299.06,606.25,247.97,58.704,268,-1.7676,59.756,1,166
0.767,0.30623,0.49033,0.78778,1.0427,0.72813,0.31654,0.44452,0.74391,0.99305,0.74803,0.089971,0.775,0.775,0.775,0.25263,0.033913,0.23333,0.26667,0.26667,560.94,356.25,665.62,151.41,230.04,302,-1.9567,233.96,1,166
0.60436,0.41358,0.2352,0.62903,0.83208,0.48666,0.28817,0.14194,0.5435,0.74915,0.68516,0.070448,0.625,0.625,0.7625,0.25625,0.020069,0.23333,0.26667,0.26667,600,331.41,659.38,210.47,134.73,242,-2.0368,136.1,1,166
3.5587,0.049121,3.524,3.5587,3.5934,3.3585,0,3.3585,3.3585,3.3585,0.6875,0.15155,0.57813,0.775,0.775,0.24444,0.096225,0.175,0.3,0.3,610.94,293.44,596.09,398.91,106.51,30,-7.1053,106.69,1,166
0.45511,0.54629,0.046875,0.1197,0.85818,0.413,0.52044,0.045312,0.11389,0.69064,0.70531,0.045458,0.7125,0.7125,0.7125,0.25583,0.021861,0.23333,0.26667,0.26667,617.19,264.38,700,172.5,123.69,2672,-1.1094,373.94,1,166
1.6604,0.6008,1.2587,1.8235,2.0543,1.4459,0.56689,0.96533,1.6876,1.8828,0.63281,0.11932,0.675,0.675,0.675,0.22083,0.04693,0.2,0.21667,0.26667,621.88,336.09,701.56,157.97,195.14,120,-2.2353,198.91,1,166
1.5638,0.55347,1.3227,1.5458,1.9012,1.4869,0.54517,1.3581,1.4506,1.845,0.62788,0.13675,0.65,0.6875,0.6875,0.22051,0.06741,0.21667,0.23333,0.26667,598.44,349.22,735.94,74.531,307.18,210,-1.9977,319.92,1,166
0.81792,0.43258,0.3938,0.90478,1.1935,0.75269,0.41746,0.345,0.80086,1.1768,0.75625,0.050675,0.775,0.775,0.775,0.2625,0.02834,0.23333,0.26667,0.3,603.12,321.56,735.16,70.312,283.83,376,-1.903,286.03,1,166
0.66835,0.22225,0.60397,0.72345,0.78768,0.61093,0.21063,0.54135,0.67294,0.74481,0.69815,0.089046,0.725,0.725,0.725,0.25926,0.037363,0.23333,0.26667,0.3,579.69,352.5,703.12,98.438,282.46,424,-2.0582,286.18,1,166
0.27105,0.27847,0.055009,0.14648,0.37237,0.22898,0.23801,0.05024,0.09962,0.32388,0.69663,0.079965,0.6125,0.75,0.75,0.26538,0.030523,0.23333,0.26667,0.3,625.78,387.66,676.56,251.25,145.55,768,-2.6862,147.02,1,166
0.50124,0.61873,0.13557,0.32594,0.63591,0.46488,0.61904,0.081314,0.28737,0.54051,0.75813,0.094961,0.675,0.8375,0.8375,0.26667,0.026491,0.26667,0.26667,0.28333,587.5,270.47,593.75,412.97,142.64,406,22.8,144.58,1,166
1.779,0.41396,1.4898,1.5042,2.1182,1.7511,0.45902,1.381,1.6644,2.1211,0.6375,0.091856,0.675,0.675,0.675,0.25,0.045947,0.2,0.25,0.3,603.12,251.25,581.25,420,170.16,92,-7.7143,171.03,1,166
0.53338,0.33555,0.2743,0.417,0.71794,0.45757,0.24553,0.25452,0.39377,0.63717,0.70982,0.11392,0.75,0.75,0.75,0.25357,0.059725,0.23333,0.26667,0.3,607.81,235.78,599.22,461.25,225.63,436,-26.236,231.98,1,166
2.6823,0.91006,1.8211,2.8485,3.2632,2.6957,0.89359,2.0738,2.7507,3.3176,0.57708,0.20923,0.6625,0.6625,0.6625,0.21111,0.093492,0.2,0.23333,0.26667,610.94,251.72,594.53,450.94,199.89,76,-12.143,200.64,1,166
0.80162,0.95555,0.04719,0.20849,1.3993,0.73366,0.91328,0.04384,0.14262,1.2734,0.7072,0.07712,0.725,0.725,0.725,0.26465,0.047827,0.23333,0.26667,0.3,598.44,276.56,726.56,111.56,208.9,2152,-1.2878,402.76,1,166
1.0855,0.80839,0.50597,0.83377,1.2849,1.002,0.76493,0.46779,0.7982,1.2078,0.74132,0.12768,0.775,0.7875,0.7875,0.2463,0.052419,0.23333,0.26667,0.26667,602.34,346.41,728.12,77.344,297.01,972,-2.1391,846.7,1,166
0.74156,0.38896,0.46256,0.77718,1.0852,0.70242,0.38188,0.40541,0.76482,1.045,0.7,2.2753e-16,0.7,0.7,0.7,0.26508,0.028822,0.25833,0.26667,0.26667,599.22,300.94,714.84,77.344,251.72,362,-1.9338,254.16,1,166
1.3396,0.34731,1.061,1.3315,1.4848,1.2354,0.34557,0.97464,1.1905,1.381,0.69327,0.12976,0.625,0.7625,0.7625,0.24872,0.050213,0.23333,0.26667,0.26667,592.19,307.97,694.53,91.875,239.1,182,-2.1115,241.7,1,166
0.40913,0.43868,0.087891,0.25879,0.66097,0.37782,0.4173,0.068062,0.22385,0.58092,0.63511,0.090426,0.6625,0.6625,0.6625,0.23333,0.048154,0.2,0.23333,0.26667,600,300.47,620.31,399.84,101.43,1876,4.8923,313.13,1,166
3.6156,0.94968,2.9441,3.6156,4.2872,2.6583,0,2.6583,2.6583,2.6583,0.54167,0.31754,0.3125,0.725,0.725,0.17778,0.096225,0.10833,0.23333,0.23333,620.31,356.25,640.62,457.97,103.73,30,5.0077,107.13,1,166
3.0104,0.14629,2.907,3.0104,3.1138,2.92,0,2.92,2.92,2.92,0.625,0.1299,0.53125,0.7,0.7,0.21111,0.019245,0.2,0.2,0.225,638.28,328.12,635.16,418.12,90.054,30,-28.8,90.105,1,166
2.2407,0.41817,1.8887,2.265,2.5928,2.2116,0.53249,1.8133,2.4473,2.551,0.53,0.20051,0.43125,0.65,0.65,0.2,0.097183,0.15833,0.23333,0.26667,659.38,324.38,726.56,121.41,213.8,90,-3.0209,214.27,1,166
1.7773,0.82166,1.2227,1.5226,2.4983,1.7432,0.79257,1.3044,1.5775,2.3996,0.5775,0.11068,0.6125,0.6125,0.6125,0.22,0.047661,0.2,0.23333,0.23333,637.5,300.94,728.12,81.562,237.36,134,-2.4207,238.68,1,166
0.97562,0.46698,0.61772,0.91416,1.4615,0.9456,0.47438,0.51079,0.93855,1.4005,0.72679,0.040089,0.7375,0.7375,0.7375,0.25238,0.028388,0.23333,0.25,0.26667,605.47,330.94,728.12,71.719,286.77,270,-2.1134,290.03,1,166
1.1738,0.253,1.0826,1.1512,1.3033,1.0994,0.26251,0.97759,1.0807,1.2211,0.70417,0.11552,0.75,0.75,0.75,0.24815,0.032784,0.23333,0.25,0.26667,607.81,320.16,756.25,23.906,331.36,286,-1.9958,334.01,1,166
1.1988,0.41929,1.0551,1.1475,1.42,1.136,0.40832,1.0017,1.1092,1.357,0.66316,0.11067,0.6625,0.6625,0.6625,0.24211,0.039818,0.23333,0.23333,0.26667,615.62,309.84,755.47,18.75,322.94,274,-2.0816,324.9,1,166
1.1258,0.26802,0.9498,1.2204,1.3368,1.0736,0.25502,0.92331,1.1562,1.2465,0.7125,0.12776,0.625,0.775,0.775,0.23889,0.041618,0.23333,0.25,0.26667,596.09,324.84,735.94,50.156,308.24,286,-1.9642,311.29,1,166
0.43346,0.47014,0.13184,0.24093,0.47708,0.37302,0.40878,0.12163,0.21573,0.33853,0.6375,3.3779e-16,0.6375,0.6375,0.6375,0.24167,0.029141,0.23333,0.23333,0.26667,621.88,239.06,625.78,341.72,102.73,856,26.28,324.02,1,166
4.2877,0.91906,3.6171,4.1323,4.9584,4.3006,0.84805,3.7296,4.0097,4.9443,0.77,0.095033,0.75938,0.8125,0.8125,0.28,0.029814,0.25833,0.3,0.3,637.5,194.53,610.94,439.22,246.13,58,-9.2118,247.83,1,166
4.1476,0.56212,3.7501,4.1476,4.545,3.5525,0,3.5525,3.5525,3.5525,0.65,0.086603,0.5875,0.7,0.7,0.25556,0.019245,0.24167,0.26667,0.26667,633.59,234.84,617.97,416.72,182.54,46,-11.64,183.63,1,166
2.4228,0.70164,2.0512,2.4737,2.9466,2.3179,0.76789,1.7209,2.6658,2.8709,0.61429,0.1786,0.53438,0.7125,0.7125,0.20952,0.065868,0.15833,0.23333,0.25833,656.25,297.19,735.94,97.5,215,88,-2.5059,215.8,1,166
2.107,0.73794,1.8776,2.3911,2.5724,2.002,0.81351,1.7371,2.3364,2.4162,0.60156,0.15301,0.575,0.5875,0.7375,0.2,0.061721,0.18333,0.21667,0.23333,636.72,302.34,739.06,64.219,259.19,120,-2.3267,261.82,1,166
0.65648,0.40113,0.23866,0.70788,0.98865,0.62937,0.38109,0.2588,0.68948,0.94108,0.68952,0.1212,0.7375,0.7375,0.7375,0.25806,0.057069,0.23333,0.26667,0.3,610.94,302.81,746.88,22.5,311.54,484,-2.0621,317.52,1,166
1.4127,0.57616,1.1317,1.4029,1.7591,1.3172,0.58365,0.94845,1.28,1.6265,0.67,0.1987,0.5875,0.775,0.775,0.23778,0.073319,0.20833,0.26667,0.29167,614.06,298.12,758.59,14.062,318.72,228,-1.9654,332.92,1,166
1.1684,0.25043,0.9557,1.1917,1.3776,1.0822,0.25124,0.85014,1.0864,1.263,0.64219,0.13828,0.7,0.7,0.7,0.25,0.062063,0.23333,0.26667,0.3,623.44,289.69,771.88,12.188,314.71,274,-1.8695,325.04,1,166
0.83981,0.63614,0.16942,0.80913,1.3596,0.73959,0.57695,0.13721,0.73047,1.2279,0.71058,0.10414,0.7375,0.7375,0.7375,0.27179,0.043911,0.26667,0.26667,0.3,604.69,325.31,732.81,37.031,315.47,456,-2.25,321.51,1,166
1.4893,0.5191,1.2581,1.7088,1.81,1.4619,0.49496,1.4356,1.6092,1.7783,0.5875,0.11924,0.55,0.55,0.6875,0.22121,0.047779,0.2,0.23333,0.25833,659.38,343.12,753.91,67.969,290.94,196,-2.9107,295.01,1,166
0.81415,0.33714,0.58112,0.78822,1.0887,0.72399,0.28797,0.52266,0.68004,0.96546,0.70987,0.089227,0.7375,0.7375,0.7375,0.24561,0.033721,0.23333,0.23333,0.26667,659.38,262.5,768.75,61.875,228.5,286,-1.8343,232.85,1,166
0.88881,0.25195,0.67196,0.91425,1.0563,0.84004,0.24463,0.62411,0.86102,1.0069,0.65598,0.050406,0.675,0.675,0.675,0.23913,0.035749,0.23333,0.23333,0.26667,642.19,354.38,770.31,74.531,307.78,362,-2.1841,314.41,1,166
0.57273,0.73792,0.13393,0.275,0.7443,0.5278,0.70275,0.11054,0.25406,0.6996,0.7242,0.089928,0.75,0.75,0.75,0.26596,0.042557,0.26667,0.26667,0.3,630.47,324.84,675,417.66,102.94,1088,2.0842,412.37,1,166
0.81954,0.59511,0.2085,0.76158,1.3426,0.78443,0.57697,0.16335,0.75547,1.3099,0.69565,0.11063,0.725,0.725,0.725,0.27536,0.049459,0.26667,0.3,0.3,652.34,233.91,763.28,26.719,235.02,376,-1.8676,286.16,1,166
0.65685,0.51495,0.17749,0.61476,1.0551,0.58439,0.44526,0.15222,0.541,0.97285,0.76454,0.058871,0.775,0.775,0.8,0.26667,0.028054,0.23333,0.26667,0.275,656.25,173.91,716.41,156.56,62.607,1220,-0.28831,517.69,0,166
1.1531,1.3266,0.12695,0.59335,2.1339,1.1557,1.2708,0.1144,0.88521,2.1036,0.67917,0.1291,0.7125,0.7125,0.7125,0.25778,0.06722,0.24167,0.26667,0.3,663.28,339.38,744.53,111.09,242.31,272,-2.8096,244.5,1,166
0.64893,0.76707,0.17492,0.29832,0.75881,0.61746,0.7275,0.16395,0.28772,0.75063,0.67194,0.11583,0.7125,0.7125,0.7125,0.25704,0.059298,0.25833,0.26667,0.3,636.72,332.81,663.28,463.59,133.45,890,4.9235,435.11,1,166
1.1632,0.72582,0.42067,1.307,1.6684,1.034,0.70991,0.33483,1.2024,1.5849,0.6125,0.20268,0.45,0.6875,0.775,0.20278,0.085821,0.13333,0.23333,0.26667,621.88,276.56,632.03,463.59,187.31,166,18.415,193.1,1,166
0.33622,0.47439,0.050223,0.11719,0.49805,0.28817,0.42268,0.047395,0.11169,0.4606,0.7625,4.4989e-16,0.7625,0.7625,0.7625,0.28034,0.023839,0.26667,0.26667,0.3,634.38,222.66,624.22,381.56,159.23,1398,-15.646,209.52,1,166
0.64395,0.45278,0.18094,0.66097,0.9657,0.61114,0.42828,0.17109,0.62526,0.90927,0.80776,0.086153,0.7125,0.825,0.875,0.29023,0.032449,0.26667,0.3,0.3,586.72,316.41,606.25,431.25,116.49,1244,5.88,613.77,1,166
2.6071,0.35619,2.3422,2.4719,2.8621,2.3247,0.21721,2.1766,2.2915,2.4728,0.61458,0.20923,0.7,0.7,0.7,0.23333,0.10111,0.23333,0.26667,0.3,617.19,175.31,589.06,405,231.4,90,-8.1667,232.3,1,166
1.7962,0.22883,1.6123,1.7626,1.9801,1.5941,0.17293,1.4709,1.5589,1.7262,0.595,0.067082,0.5875,0.625,0.625,0.24667,0.018257,0.23333,0.23333,0.26667,612.5,249.38,603.12,378.75,129.71,74,-13.8,130.53,1,166
0.74366,0.39145,0.40217,0.72248,1.1072,0.69699,0.39371,0.35175,0.64881,1.0777,0.7525,0.087142,0.775,0.775,0.775,0.28444,0.024774,0.26667,0.3,0.3,614.84,257.34,675.78,110.62,158.87,226,-2.4077,160.43,1,166
0.11088,0.048911,0.078125,0.10882,0.14509,0.099296,0.044994,0.067754,0.094587,0.1265,0.7125,0,0.7125,0.7125,0.7125,0.26667,0.028172,0.23333,0.26667,0.3,631.25,265.31,630.47,293.91,28.604,302,-36.6,29.263,1,166
0.24008,0.38104,0.043279,0.10054,0.20841,0.22589,0.3611,0.03974,0.093744,0.17564,0.79553,0.051861,0.8125,0.8125,0.8125,0.29541,0.041442,0.26667,0.3,0.33333,639.06,266.72,725.78,81.094,204.88,4456,-2.1405,469.58,1,166
1.0284,0.4276,0.77539,0.95653,1.3811,0.93284,0.41014,0.69546,0.86092,1.2187,0.66094,0.12532,0.5875,0.725,0.725,0.22917,0.05288,0.2,0.23333,0.26667,642.97,322.97,739.84,82.969,258.81,256,-2.4774,274.61,1,166
1.2959,0.44499,1.0054,1.2928,1.5636,1.2385,0.43885,0.94415,1.3172,1.4708,0.59917,0.11324,0.575,0.575,0.69688,0.22,0.054627,0.2,0.23333,0.26667,660.16,333.75,763.28,62.812,289.9,240,-2.6273,304.46,1,166
1.5864,0.22407,1.4223,1.5791,1.7913,1.5207,0.19884,1.357,1.5551,1.7064,0.68654,0.11382,0.61563,0.7625,0.7625,0.23333,0.030429,0.225,0.23333,0.26667,635.94,313.12,751.56,22.969,312.35,196,-2.5095,313.74,1,166
1.4998,0.51022,1.1597,1.5274,1.877,1.469,0.43816,1.1365,1.512,1.7835,0.73929,0.15611,0.8,0.8,0.8,0.25476,0.049969,0.23333,0.26667,0.26667,624.22,317.34,740.62,29.531,310.46,212,-2.4725,311.9,1,166
1.2248,0.45593,1.0256,1.2157,1.5238,1.0916,0.39511,0.93246,1.1295,1.4029,0.72778,0.12599,0.7875,0.7875,0.7875,0.25,0.05145,0.23333,0.26667,0.3,612.5,343.12,736.72,16.406,349.54,288,-2.6302,352.67,1,166
1.6535,0.76019,1.3685,1.6795,2.166,1.3858,0.68874,1.1374,1.498,1.8182,0.64583,0.26198,0.43125,0.8125,0.8125,0.22222,0.088192,0.18333,0.26667,0.275,599.22,277.97,624.22,471.56,195.2,120,7.7438,198.04,1,166
0.5207,0.40224,0.13393,0.52026,0.87054,0.4735,0.38247,0.11973,0.41547,0.8033,0.76296,0.062546,0.775,0.775,0.775,0.26543,0.033945,0.23333,0.26667,0.3,617.97,227.81,619.53,447.19,219.38,466,140.4,220.77,1,166
0.84157,0.39758,0.45141,0.95653,1.1508,0.7786,0.39123,0.38859,0.95864,1.0855,0.75812,0.099776,0.675,0.8125,0.8125,0.265,0.039699,0.26667,0.26667,0.26667,615.62,355.78,696.09,123.28,246.03,332,-2.8893,249.62,1,166
0.19893,0.10849,0.11068,0.1716,0.29382,0.18241,0.10275,0.098912,0.15705,0.263,0.7375,0.090715,0.7625,0.7625,0.7625,0.27297,0.045703,0.26667,0.26667,0.3,603.12,361.41,613.28,403.59,43.393,800,4.1538,121.86,1,166
2.0753,0.64016,1.5323,2.3396,2.4934,1.8844,0.73255,1.2786,1.8723,2.4901,0.65833,0.14223,0.6375,0.65,0.8,0.25556,0.050185,0.23333,0.26667,0.3,642.19,211.88,622.66,404.06,193.18,92,-9.84,193.91,1,166
1.9395,0.67334,1.4265,2.1392,2.4026,1.5406,0.68649,1.0552,1.5406,2.026,0.55313,0.21875,0.44375,0.6625,0.6625,0.2,0.11863,0.11667,0.23333,0.28333,624.22,265.78,625.78,386.72,120.95,60,77.4,122.98,1,166
0.28942,0.43056,0.087891,0.13393,0.24093,0.24474,0.37385,0.079607,0.12026,0.20868,0.70581,0.076345,0.725,0.725,0.725,0.25581,0.034672,0.23333,0.26667,0.26667,629.69,260.62,628.12,451.41,190.79,886,-122.1,194.12,1,166
2.4373,0.85581,1.5628,2.7118,2.9929,2.526,0.64965,2.1148,2.7662,2.9339,0.64643,0.10866,0.6875,0.6875,0.6875,0.24286,0.03709,0.23333,0.26667,0.26667,631.25,335.62,702.34,106.88,239.54,104,-3.2176,240.73,1,166
0.29176,0.32496,0.050223,0.17194,0.30509,0.2793,0.32144,0.047821,0.13921,0.34097,0.75924,0.059498,0.7125,0.7125,0.8125,0.30145,0.042018,0.26667,0.3,0.3,623.44,321.56,653.12,212.34,113.18,544,-3.6789,116.18,1,166
1.1121,0.29324,0.86189,1.0787,1.3506,1.065,0.28398,0.81394,1.1582,1.2637,0.73654,0.093606,0.7625,0.7625,0.7625,0.2641,0.034592,0.23333,0.26667,0.3,603.91,338.91,669.53,141.09,208.41,196,-3.0143,210.87,1,166
0.13825,0.091677,0.06889,0.11719,0.17612,0.12864,0.088642,0.067043,0.10826,0.16464,0.74899,0.063148,0.7625,0.7625,0.7625,0.28559,0.044124,0.26667,0.26667,0.3,614.84,346.88,635.16,264.38,84.964,832,-4.0615,86.601,1,166
0.42726,0.24694,0.25343,0.32755,0.64939,0.39147,0.25109,0.22605,0.29036,0.60494,0.71458,0.039947,0.725,0.725,0.725,0.28889,0.033141,0.26667,0.28333,0.3,632.03,308.91,701.56,139.22,183.38,440,-2.4404,187.28,1,166
0.4636,0.40751,0.06284,0.2615,0.74461,0.42234,0.38618,0.049309,0.24176,0.68811,0.72902,0.12153,0.7,0.7,0.8375,0.27143,0.055714,0.23333,0.3,0.3,634.38,320.62,709.38,142.97,192.84,696,-2.3687,196.92,1,166
0.80576,0.43094,0.57829,0.85008,0.97555,0.67977,0.29494,0.52044,0.79717,0.88972,0.69926,0.14694,0.72812,0.7625,0.7625,0.2549,0.049918,0.23333,0.26667,0.26667,684.38,199.22,654.69,457.97,260.45,300,-8.7158,268.3,1,166
0.63786,0.58223,0.060666,0.53439,1.0805,0.6266,0.55677,0.055017,0.60656,1.0163,0.77083,0.10638,0.78125,0.8125,0.825,0.27143,0.032121,0.26667,0.26667,0.3,655.47,270.94,726.56,104.06,181.39,468,-2.3473,204.07,1,166
0.33671,0.3963,0.087054,0.15441,0.48106,0.23317,0.25923,0.062204,0.11094,0.29744,0.72143,0.1069,0.75,0.75,0.75,0.27381,0.03739,0.26667,0.28333,0.3,650.78,340.78,665.62,276.56,65.912,286,-4.3263,67.375,1,166
0.73672,0.38266,0.53497,0.77651,0.97833,0.6821,0.36641,0.4806,0.6897,0.93211,0.69571,0.11027,0.7125,0.7125,0.7625,0.25333,0.049967,0.23333,0.26667,0.3,632.03,325.78,711.72,142.97,199.43,992,-2.2941,566.62,1,166
2.3313,0.80946,1.7585,2.5947,2.9987,2.0914,0.85742,1.388,2.3513,2.8079,0.60357,0.12284,0.65,0.65,0.65,0.22857,0.048795,0.20833,0.23333,0.26667,693.75,184.69,632.81,425.62,248.52,106,-3.9538,249.77,1,166
0.78902,0.80711,0.2953,0.44216,1.079,0.71718,0.76478,0.24867,0.39799,0.95973,0.78618,0.10978,0.825,0.825,0.825,0.27807,0.038963,0.26667,0.28333,0.3,635.16,246.56,728.91,94.219,178.88,1702,-1.625,454.54,1,166
1.1174,0.3361,0.87106,0.98885,1.2489,0.99311,0.26852,0.80886,0.93088,1.1049,0.7475,0.10277,0.65,0.8125,0.8125,0.26,0.038214,0.26667,0.26667,0.26667,625.78,343.12,725.78,89.531,272.6,256,-2.5359,275.1,1,166
0.59763,0.3212,0.36621,0.6619,0.83396,0.53021,0.28082,0.33651,0.60369,0.66959,0.7526,0.063842,0.7125,0.7125,0.85,0.275,0.039624,0.25,0.26667,0.3,616.41,330.94,696.09,130.78,215.44,380,-2.5118,219.09,1,166
0.19747,0.13245,0.089789,0.21552,0.30514,0.14305,0.11747,0.057003,0.12992,0.23239,0.3275,0.061492,0.3,0.3,0.33437,0.12667,0.014907,0.125,0.13333,0.13333,4.6875,320.62,8.5938,306.56,14.595,104,-3.6,15.088,1,166
0.11686,0.056623,0.10054,0.11605,0.14509,0.10041,0.04902,0.080327,0.10791,0.11635,0.73068,0.070791,0.7625,0.7625,0.7625,0.28182,0.022918,0.26667,0.3,0.3,645.31,312.19,653.91,288.28,25.404,272,-2.7818,25.776,1,166
0.67691,0.38978,0.31587,0.8823,0.98865,0.61248,0.37031,0.23215,0.80577,0.90408,0.75724,0.074339,0.6625,0.8125,0.8125,0.27193,0.020071,0.26667,0.26667,0.26667,619.53,349.69,695.31,147.66,215.78,392,-2.666,217.44,1,166
0.41176,0.29025,0.17542,0.34867,0.61114,0.37962,0.28217,0.16407,0.31554,0.55225,0.80368,0.079804,0.825,0.825,0.825,0.29118,0.029937,0.26667,0.3,0.3,607.03,305.62,705.47,102.19,226,700,-2.0667,231.13,1,166
0.41118,0.36759,0.1061,0.26468,0.67606,0.33444,0.28807,0.09966,0.20919,0.56623,0.775,0,0.775,0.775,0.775,0.27937,0.022301,0.26667,0.26667,0.3,614.84,295.31,665.62,166.41,138.55,440,-2.5385,141.65,1,166
1.6284,0.62265,1.1592,1.7762,2.1741,1.4435,0.65208,0.94629,1.383,2.078,0.62857,0.15889,0.58125,0.7125,0.7125,0.2381,0.059094,0.20833,0.23333,0.29167,619.53,230.16,601.56,436.41,207.03,122,-11.478,211.21,1,166
1.7392,0.32661,1.5076,1.8825,1.966,1.6642,0.32976,1.5924,1.7724,1.8526,0.70469,0.11494,0.65,0.725,0.8,0.25,0.053452,0.23333,0.26667,0.28333,621.88,222.19,600,400.78,179.93,104,-8.1643,181.47,1,166
1.47,0.5346,1.116,1.4654,1.9688,1.3857,0.55572,1.0188,1.4606,1.8973,0.675,0.15155,0.5875,0.7625,0.7625,0.23333,0.066667,0.18333,0.23333,0.3,607.81,284.06,596.09,461.72,178.04,122,-15.16,179.65,1,166
0.39511,0.44107,0.044678,0.13393,0.71813,0.37612,0.4202,0.041291,0.11886,0.68867,0.74896,0.11833,0.725,0.725,0.875,0.28472,0.044006,0.26667,0.3,0.3,600,304.69,683.59,120.94,201.87,1480,-2.1981,317.8,1,166
1.8628,0.36779,1.5661,1.8348,2.164,1.7827,0.37067,1.5134,1.7151,2.1486,0.67917,0.1287,0.7,0.7375,0.7375,0.25185,0.03768,0.23333,0.26667,0.26667,608.59,319.69,687.5,108.28,225.65,122,-2.6792,226.71,1,166
1.2356,0.34973,1.0951,1.2133,1.4925,1.1246,0.34662,1.0188,1.1322,1.2816,0.69038,0.079738,0.7125,0.7125,0.7125,0.26667,0.045134,0.23333,0.3,0.3,602.34,335.16,692.19,106.88,245.32,196,-2.5409,247.76,1,166
0.76334,0.41215,0.47351,0.72712,1.1404,0.66354,0.33598,0.45045,0.6857,0.9527,0.76667,0.10173,0.7,0.8375,0.8375,0.26667,0.04714,0.26667,0.26667,0.3,591.41,361.88,682.03,135,244.31,302,-2.5034,246.15,1,166
0.57844,0.42278,0.26754,0.41552,0.91997,0.49554,0.3771,0.23518,0.34912,0.70547,0.76618,0.087919,0.7875,0.7875,0.7875,0.28431,0.023914,0.26667,0.3,0.3,625,279.84,678.12,154.22,136.4,242,-2.3647,138.46,1,166
1.0366,0.27703,0.84964,1.006,1.2133,0.98183,0.27632,0.81541,0.95021,1.1224,0.69844,0.14992,0.675,0.6875,0.825,0.26458,0.066074,0.26667,0.28333,0.3,612.5,362.34,689.84,135,240.14,244,-2.9394,246.68,1,166
0.32281,0.42905,0.044158,0.12207,0.50781,0.29786,0.40879,0.038559,0.10932,0.43126,0.72287,0.077333,0.7375,0.7375,0.7375,0.27234,0.039513,0.26667,0.26667,0.3,609.38,374.53,619.53,395.16,22.99,2388,2.0308,260.41,1,166
0.64941,0.4241,0.26815,0.54648,0.93877,0.59285,0.41802,0.22328,0.49403,0.85762,0.75217,0.18207,0.73438,0.8375,0.8375,0.25507,0.059126,0.24167,0.26667,0.3,622.66,269.53,641.41,457.03,188.44,332,10,216.35,1,166
1.7329,0.63838,1.5652,1.7618,2.0807,1.6115,0.70389,1.2125,1.7037,2.0474,0.64643,0.1798,0.61562,0.7375,0.7375,0.22857,0.073102,0.23333,0.26667,0.26667,612.5,274.69,613.28,426.56,151.88,90,194.4,154.39,1,166
0.39662,0.41084,0.068848,0.24093,0.73623,0.35886,0.3779,0.062494,0.19623,0.64208,0.67944,0.056961,0.6875,0.6875,0.6875,0.25789,0.029997,0.23333,0.26667,0.26667,603.12,343.12,713.28,124.22,245.06,3586,-1.9872,472.97,1,166
1.5633,0.27363,1.3832,1.4766,1.7095,1.4861,0.25682,1.3378,1.4043,1.6728,0.75962,0.11915,0.69375,0.8125,0.8375,0.25641,0.045916,0.23333,0.26667,0.3,615.62,359.53,721.88,81.094,298.02,196,-2.6206,301.1,1,166
0.6756,0.2926,0.40996,0.75556,0.92001,0.64085,0.28698,0.3938,0.71423,0.87435,0.71875,0.087945,0.7,0.7,0.7,0.26212,0.027785,0.23333,0.26667,0.26667,619.53,349.22,707.81,131.25,235.17,348,-2.469,237.15,1,166
0.56813,0.3362,0.27983,0.46322,0.80952,0.53046,0.33048,0.25358,0.40452,0.7712,0.7026,0.084697,0.68125,0.75,0.75,0.24583,0.033783,0.23333,0.23333,0.26667,634.38,360,700.78,165.47,205.55,378,-2.9294,208.37,1,166
0.47972,0.28813,0.25747,0.34174,0.73283,0.45562,0.28313,0.23706,0.31283,0.72078,0.62448,0.092994,0.6375,0.6375,0.6375,0.23611,0.046017,0.21667,0.23333,0.26667,645.31,343.12,701.56,177.19,175.21,406,-2.95,182.28,1,166
1.4939,0.41762,1.2288,1.3327,1.8998,1.457,0.44556,1.1602,1.4127,1.8942,0.63594,0.18242,0.54375,0.75,0.75,0.225,0.083095,0.21667,0.25,0.26667,631.25,256.41,592.97,422.34,170.3,120,-4.3347,185.68,1,166
2.0516,0.24345,1.8666,2.1324,2.2164,1.9247,0.35165,1.676,1.9247,2.1733,0.66563,0.083151,0.6125,0.63125,0.71875,0.24167,0.05,0.21667,0.26667,0.26667,620.31,243.28,599.22,397.97,156.12,74,-7.3333,156.2,1,166
1.5701,0.63206,1.5828,1.7457,1.9951,1.4145,0.68831,1.1441,1.6366,1.865,0.60179,0.17387,0.58438,0.6875,0.6875,0.21905,0.087891,0.20833,0.23333,0.26667,629.69,232.03,610.16,373.12,142.44,92,-7.224,142.69,1,166
1.5853,0.28535,1.3003,1.6297,1.7674,1.4697,0.2981,1.201,1.5032,1.7064,0.73125,0.1702,0.675,0.8125,0.8125,0.24333,0.052234,0.2,0.26667,0.26667,617.19,236.72,596.09,443.44,207.79,134,-9.8,210.58,1,166
2.076,0.17936,1.9087,2.0546,2.2463,1.9372,0.18986,1.7428,1.9487,2.1324,0.71406,0.15818,0.6375,0.8125,0.8125,0.225,0.046291,0.2,0.23333,0.26667,611.72,240.47,601.56,452.81,212.59,104,-20.908,216.07,1,166
0.69632,0.40287,0.34974,0.61717,0.98318,0.62945,0.40036,0.31582,0.52718,0.9599,0.71172,0.10873,0.75,0.75,0.75,0.26458,0.049394,0.26667,0.26667,0.3,614.84,234.38,685.94,81.562,168.54,242,-2.1495,171.78,1,166
0.13185,0.22264,0.046875,0.077204,0.11719,0.098585,0.10436,0.045367,0.072522,0.11299,0.8,5.6032e-16,0.8,0.8,0.8,0.28827,0.02521,0.26667,0.3,0.3,601.56,340.31,635.16,206.25,138.21,1634,-3.9907,141.69,1,166
0.51929,0.68212,0.094947,0.2085,0.7916,0.47228,0.65061,0.085741,0.15021,0.72177,0.77941,0.1084,0.7125,0.85,0.85,0.27941,0.030721,0.26667,0.28333,0.3,592.19,342.19,695.31,82.031,279.85,860,-2.5227,283.05,1,166
1.0038,0.32229,0.80212,0.9408,1.157,0.96004,0.30308,0.75857,0.88495,1.1233,0.76471,0.10899,0.8,0.8,0.8,0.26078,0.035815,0.23333,0.26667,0.3,600.78,336.09,687.5,113.91,238.51,242,-2.5622,242.47,1,166
0.87947,0.32362,0.80179,0.9327,1.0364,0.80292,0.30885,0.73814,0.83362,0.92392,0.73375,0.14102,0.7875,0.7875,0.7875,0.25167,0.058714,0.23333,0.26667,0.3,614.06,318.28,700,109.69,225.6,316,-2.4273,271.11,1,166
1.5992,0.33495,1.4418,1.5511,1.7335,1.4368,0.29605,1.3293,1.4271,1.5647,0.725,0.18001,0.6875,0.8375,0.8375,0.25714,0.059094,0.26667,0.26667,0.3,589.06,372.19,697.66,83.906,308.06,196,-2.6547,311.96,1,166
0.79808,0.24312,0.62783,0.78542,1.0068,0.76264,0.23835,0.61594,0.75674,0.95137,0.74226,0.092743,0.7625,0.7625,0.7625,0.2746,0.045832,0.26667,0.3,0.3,586.72,341.72,686.72,115.31,247.51,320,-2.2641,252.75,1,166
2.7552,0.50053,2.3872,2.7063,3.1353,2.5723,0.74332,2.0467,2.5723,3.0979,0.62187,0.25625,0.49375,0.75,0.75,0.18333,0.083887,0.13333,0.2,0.23333,608.59,300,609.38,418.59,118.6,44,151.8,121.13,1,166
2.6107,0.79004,2.0603,2.7606,3.1612,2.8133,0.35686,2.5544,2.7608,3.0853,0.67,0.12298,0.65625,0.725,0.725,0.24,0.064118,0.20833,0.26667,0.275,603.91,274.69,596.09,428.91,154.42,60,-19.74,155.13,1,166
0.57348,0.30403,0.33187,0.5311,0.71212,0.50313,0.2696,0.311,0.4686,0.58036,0.71071,0.10438,0.75,0.75,0.75,0.25873,0.039306,0.23333,0.26667,0.275,598.44,290.16,606.25,463.12,173.15,316,22.14,178.43,1,166
0.46696,0.36847,0.25635,0.33944,0.54229,0.41064,0.31048,0.23157,0.31947,0.46733,0.73913,0.073721,0.75,0.75,0.75,0.26884,0.040001,0.26667,0.26667,0.3,614.06,269.53,636.72,289.22,30.015,918,0.86897,337.67,0,166
0.96914,0.63627,0.56682,0.86133,1.3,0.9569,0.59489,0.58262,0.84668,1.2344,0.60391,0.14066,0.575,0.64375,0.7125,0.225,0.062657,0.21667,0.23333,0.26667,621.88,366.09,688.28,163.12,213.56,228,-3.0565,217.67,1,166
1.7659,0.3894,1.4252,1.7644,2.0438,1.7288,0.34105,1.4534,1.7625,1.9204,0.64062,0.18919,0.6,0.7375,0.7375,0.22917,0.045207,0.21667,0.23333,0.26667,617.19,301.88,687.5,126.56,188.89,108,-2.4933,189.07,1,166
1.6514,0.58993,1.2353,1.6326,1.9857,1.6287,0.52446,1.1735,1.5629,1.906,0.70909,0.1733,0.65,0.8,0.8,0.23939,0.059289,0.23333,0.26667,0.26667,603.12,345.47,698.44,117.66,246.95,152,-2.3902,250.07,1,166
1.7877,0.512,1.3867,1.6258,2.2336,1.7112,0.50987,1.2748,1.6917,2.2292,0.71806,0.14831,0.65,0.8,0.8,0.26296,0.056383,0.25833,0.26667,0.3,605.47,330.47,675.78,128.91,213.47,122,-2.8667,216.02,1,166
1.2086,0.54793,0.75462,1.0716,1.645,1.1425,0.54301,0.66487,1.0261,1.6361,0.70577,0.13727,0.65,0.7875,0.7875,0.24872,0.039943,0.23333,0.26667,0.26667,599.22,358.59,678.91,142.03,230.76,196,-2.7176,233.32,1,166
0.91687,0.38583,0.4809,1.0657,1.2035,0.83516,0.37416,0.4128,0.96101,1.1284,0.69,0.087142,0.7125,0.7125,0.7125,0.24889,0.037515,0.23333,0.26667,0.26667,616.41,330,689.06,135,208.1,226,-2.6839,210.81,1,166
0.031866,0.028692,0.012617,0.024275,0.039565,0.02369,0.012426,0.012058,0.021003,0.033645,0.69808,0.10555,0.7375,0.7375,0.7375,0.2641,0.039585,0.23333,0.26667,0.3,600,361.88,608.59,344.53,19.356,994,-2.0182,19.958,1,166
1.1596,0.34788,0.93764,1.1386,1.3025,1.1027,0.3673,0.87329,1.1259,1.2514,0.67596,0.16036,0.7375,0.7375,0.7375,0.25128,0.070205,0.26667,0.26667,0.275,583.59,286.41,668.75,78.281,224.87,196,-2.444,227.13,1,166
0.46037,0.38439,0.087891,0.55088,0.68922,0.38082,0.31305,0.070352,0.45559,0.61032,0.68684,0.12593,0.65,0.65,0.7875,0.25614,0.045883,0.23333,0.26667,0.29167,614.84,340.31,650.78,219.84,125.71,422,-3.3522,128.21,1,166
0.50916,0.38698,0.14683,0.57613,0.76467,0.42529,0.31104,0.11315,0.52219,0.67538,0.68512,0.12026,0.6625,0.6625,0.8,0.24762,0.040237,0.23333,0.26667,0.26667,621.88,359.06,668.75,214.69,151.79,332,-3.08,159.2,1,166
0.57005,0.37146,0.28034,0.43131,0.82022,0.48294,0.30779,0.25817,0.39381,0.67202,0.59338,0.053967,0.6125,0.6125,0.6125,0.23922,0.029428,0.225,0.23333,0.26667,642.97,388.59,682.03,240,153.64,272,-3.804,155.72,1,166
0.76687,0.68067,0.28118,0.40402,1.3897,0.72739,0.65882,0.25145,0.37816,1.4447,0.7135,0.11653,0.75,0.75,0.75,0.256,0.052458,0.23333,0.26667,0.275,684.38,313.12,669.53,430.78,118.59,452,-7.9263,295.02,1,166
2.2066,0.41561,1.8683,2.2174,2.5448,2.12,0.49574,1.7453,2.308,2.4477,0.6025,0.1917,0.48438,0.725,0.725,0.21333,0.064979,0.2,0.23333,0.24167,710.16,299.06,750.78,171.09,134.26,62,-3.15,135.91,1,166
0.4146,0.41318,0.10417,0.30134,0.6283,0.39694,0.39912,0.084895,0.29884,0.6235,0.74087,0.10866,0.7875,0.7875,0.7875,0.26154,0.040762,0.23333,0.26667,0.26667,667.97,339.84,672.66,445.78,106.04,620,22.6,177.5,1,166
0.62257,0.41531,0.23584,0.66421,0.97467,0.54062,0.36816,0.21113,0.51887,0.883,0.62125,0.072672,0.6375,0.6375,0.6375,0.23333,0.040465,0.21667,0.23333,0.26667,679.69,342.66,750.78,167.81,188.74,318,-2.4593,193.6,1,166
1.4967,0.63988,1.0353,1.6295,1.9592,1.2583,0.55262,0.89195,1.3126,1.6889,0.54688,0.14342,0.575,0.575,0.575,0.19583,0.065314,0.16667,0.2,0.25,717.19,233.91,681.25,417.19,186.77,120,-5.1,187.44,1,166
0.64541,0.66722,0.081294,0.42162,1.0926,0.55812,0.5878,0.06843,0.36689,1.014,0.72794,0.10313,0.6625,0.8,0.8,0.26275,0.038284,0.26667,0.26667,0.26667,669.53,302.81,720.31,228.75,89.8,1160,-1.4585,517.63,1,166
1.1572,0.28173,0.89982,1.1347,1.3336,1.1017,0.27372,0.85789,1.0699,1.2352,0.56635,0.076271,0.5875,0.5875,0.5875,0.23333,0.04714,0.23333,0.23333,0.26667,711.72,390,777.34,196.88,203.97,180,-2.9429,207.83,1,166
1.7712,0.73151,1.3076,1.9411,2.2989,1.7062,0.75207,1.2633,1.9089,2.2423,0.64,0.20857,0.5,0.7625,0.7625,0.21667,0.057198,0.2,0.23333,0.26667,692.19,338.44,779.69,92.812,260.74,152,-2.8071,273.1,1,166
1.7517,0.69372,1.291,1.924,2.0839,1.5163,0.57561,1.0991,1.733,1.875,0.70769,0.17407,0.675,0.7,0.8375,0.24615,0.070104,0.225,0.26667,0.275,644.53,352.5,774.22,74.062,307.16,182,-2.147,319.82,1,166
0.67782,0.51314,0.24093,0.61686,1.2353,0.51803,0.45281,0.16312,0.46924,0.80686,0.76607,0.073497,0.6875,0.825,0.825,0.27619,0.016265,0.26667,0.26667,0.29167,628.91,349.69,672.66,239.06,118.96,152,-2.5286,119.85,1,166
0.79353,0.91551,0.12093,0.41936,1.0962,0.73087,0.87194,0.11323,0.3744,0.94753,0.75915,0.096056,0.75313,0.8125,0.8125,0.26341,0.030555,0.25833,0.26667,0.26667,645.31,335.62,648.44,422.81,87.243,892,27.9,497.21,1,166
1.0044,0.41261,0.75245,1.1014,1.2868,0.91529,0.40109,0.60005,0.9986,1.2105,0.65234,0.14629,0.5,0.70625,0.775,0.24375,0.051235,0.2,0.26667,0.28333,657.03,251.25,648.44,470.16,219.07,228,-25.473,228.06,1,166
1.9342,0.34962,1.6554,1.982,2.2129,1.6828,0.3205,1.4445,1.668,1.9249,0.6175,0.18658,0.56563,0.65,0.69375,0.23333,0.057735,0.20833,0.26667,0.26667,651.56,322.97,639.06,437.81,115.52,60,-9.1875,117.16,1,166
0.52819,0.60108,0.12695,0.27487,0.61717,0.46348,0.54599,0.11524,0.22934,0.50668,0.72835,0.087769,0.6375,0.775,0.775,0.27398,0.031191,0.26667,0.26667,0.3,660.16,290.62,752.34,113.91,199.32,814,-1.9169,334.02,1,166
1.1463,0.56679,0.76851,1.0563,1.5829,1.0502,0.53176,0.6639,0.96548,1.4551,0.74063,0.097602,0.7625,0.775,0.775,0.27708,0.036355,0.26667,0.26667,0.3,628.91,326.72,739.06,60,288.57,834,-2.4213,859.99,1,166
1.2996,0.53612,0.97814,1.3647,1.5998,1.284,0.45482,0.98532,1.3666,1.5449,0.7075,0.12623,0.7625,0.7625,0.7625,0.25333,0.048469,0.23333,0.26667,0.29167,624.22,333.75,728.91,79.688,274.79,228,-2.4269,278.37,1,166
0.6374,0.51624,0.23328,0.58146,0.94655,0.6198,0.49851,0.1886,0.56619,0.90972,0.72353,0.10833,0.7125,0.7125,0.74688,0.28627,0.047227,0.26667,0.3,0.30833,622.66,322.03,681.25,176.72,156.68,394,-2.48,158.41,1,166
0.62291,0.22258,0.49383,0.70421,0.76551,0.55207,0.20438,0.44222,0.65105,0.67859,0.57812,0.11908,0.6125,0.6125,0.6125,0.22222,0.064092,0.21667,0.23333,0.26667,704.69,205.78,754.69,105.47,112.08,180,-2.0063,113.18,1,166
0.4774,0.32298,0.21916,0.55664,0.7149,0.40694,0.27027,0.1557,0.40266,0.63391,0.68889,0.069912,0.7125,0.7125,0.7125,0.25556,0.028006,0.23333,0.26667,0.26667,686.72,313.59,731.25,178.59,142.15,318,-3.0316,143.84,1,166
2.6345,0.63524,2.1602,2.5521,3.1087,2.4486,0.78755,1.9134,2.1939,3.0475,0.59,0.22749,0.48125,0.725,0.725,0.20667,0.098319,0.18333,0.23333,0.26667,688.28,245.16,660.94,449.53,206.2,74,-7.4743,207.54,1,166
1.5297,0.54355,1.4143,1.6759,1.8208,1.405,0.59262,1.3175,1.4822,1.7625,0.67344,0.14887,0.53125,0.775,0.775,0.25833,0.042725,0.21667,0.26667,0.3,667.97,277.03,657.03,459.84,183.14,120,-16.714,186.72,1,166
2.8738,0.56722,2.5238,2.8002,3.2237,2.6881,0.6847,2.201,2.5448,3.211,0.6225,0.14534,0.60625,0.6875,0.6875,0.24667,0.050553,0.21667,0.26667,0.275,677.34,280.78,657.81,449.53,169.88,60,-8.64,171.03,1,166
0.87602,0.46235,0.69673,0.78884,1.0943,0.79571,0.45149,0.6212,0.73836,1.0046,0.775,0.060568,0.7625,0.8125,0.8125,0.27222,0.033574,0.23333,0.26667,0.3,661.72,314.53,739.84,120.94,208.76,438,-2.478,311.72,1,166
1.2725,0.78435,0.68922,0.87493,2.1683,1.3118,0.78748,0.63913,0.98114,2.1267,0.5875,0.16536,0.65,0.65,0.65,0.20476,0.062148,0.20833,0.23333,0.23333,735.16,318.28,769.53,209.53,114.05,90,-3.1636,114.32,1,166
1.3352,0.35721,1.0091,1.2659,1.5811,1.2684,0.36716,0.88064,1.3056,1.5047,0.67083,0.13445,0.65625,0.7375,0.7375,0.22778,0.039781,0.2,0.23333,0.26667,689.06,350.62,777.34,124.69,242.57,180,-2.5593,246.7,1,166
0.8822,0.35507,0.73654,0.93031,1.0949,0.7856,0.3036,0.6797,0.84647,1.0223,0.72202,0.14334,0.75,0.7875,0.7875,0.25079,0.057367,0.23333,0.26667,0.275,650.78,330.94,757.81,82.5,270.51,318,-2.3212,280.16,1,166
0.47727,0.4399,0.20049,0.29018,0.67249,0.39847,0.35187,0.16831,0.26736,0.56182,0.78693,0.13141,0.8375,0.8375,0.8375,0.25455,0.041843,0.23333,0.26667,0.26667,645.31,342.19,719.53,131.25,223.61,484,-2.8421,226.45,1,166
0.9407,0.33818,0.77918,1.023,1.1969,0.87574,0.3301,0.74861,0.91659,1.1208,0.7375,0.080256,0.65,0.7875,0.7875,0.2807,0.032041,0.26667,0.3,0.3,626.56,352.97,731.25,97.969,275.65,304,-2.4358,279.98,1,166
0.19724,0.24548,0.034972,0.10045,0.20841,0.1914,0.24248,0.032587,0.10696,0.19973,0.7567,0.03071,0.7625,0.7625,0.7625,0.28452,0.021242,0.26667,0.3,0.3,655.47,347.34,660.94,338.91,10.055,1162,-1.5429,106.08,1,166
0.54132,0.26262,0.30381,0.57111,0.73635,0.49496,0.26036,0.27802,0.46912,0.65254,0.74479,0.11632,0.775,0.775,0.775,0.26806,0.058549,0.26667,0.26667,0.3,648.44,342.66,710.94,153.28,199.42,376,-3.03,203.63,1,166
0.45691,0.31175,0.21705,0.35293,0.66622,0.41573,0.30421,0.17727,0.31424,0.65272,0.73819,0.098095,0.775,0.775,0.775,0.26111,0.030785,0.26667,0.26667,0.26667,660.16,352.03,702.34,229.69,129.41,332,-2.9,131.75,1,166
2.9084,0.86212,2.5124,2.8729,3.4424,2.6044,0.96761,1.9854,2.6014,3.2233,0.55417,0.17351,0.625,0.625,0.625,0.2,0.07303,0.2,0.2,0.26667,696.09,217.5,672.66,430.31,214.1,74,-9.08,214.96,1,166
2.1652,0.2712,1.9664,2.1358,2.3714,2.022,0.38946,1.7466,2.022,2.2974,0.65,0,0.65,0.65,0.65,0.25833,0.016667,0.25,0.26667,0.26667,663.28,267.19,651.56,360.94,94.48,44,-8,94.759,1,166
0.50945,0.54442,0.14579,0.29866,0.56152,0.39406,0.33795,0.13964,0.27038,0.47233,0.737,0.065,0.75,0.75,0.75,0.27467,0.024114,0.26667,0.26667,0.3,662.5,272.81,653.12,450,177.44,376,-18.9,182.63,1,166
0.29422,0.35882,0.09103,0.12695,0.37961,0.23965,0.3042,0.073708,0.11486,0.35309,0.76979,0.069246,0.7125,0.7125,0.85,0.27778,0.023399,0.26667,0.26667,0.3,651.56,335.62,659.38,362.34,27.838,616,3.42,105.88,1,166
1.3794,0.87869,0.53497,1.5365,2.1429,1.1486,0.87975,0.40284,0.9288,2.0395,0.48571,0.21402,0.25938,0.525,0.6875,0.17143,0.089087,0.10833,0.2,0.225,682.03,361.41,704.69,479.06,119.82,90,5.1931,123.09,1,166
3.236,0.68806,2.7232,3.6123,3.7379,2.8892,0.74359,2.2984,3.0441,3.48,0.63333,0.10206,0.675,0.675,0.675,0.26111,0.068041,0.23333,0.3,0.3,714.06,193.59,681.25,440.16,248.74,78,-7.5143,251.41,1,166
0.7529,0.488,0.37251,0.67482,1.0772,0.71039,0.47402,0.32549,0.658,1.0129,0.77258,0.082501,0.8,0.8,0.8,0.27204,0.036613,0.26667,0.26667,0.3,671.09,346.41,772.66,108.75,258.45,514,-2.34,352.88,1,166
1.1894,0.84431,0.55108,1.0256,1.5552,1.2044,0.78225,0.65781,1.0802,1.6353,0.66518,0.17112,0.5875,0.7625,0.7625,0.23333,0.059914,0.23333,0.25,0.26667,703.12,288.75,788.28,61.406,242.77,228,-2.6697,246.81,1,166
1.8508,0.49115,1.5044,1.9242,2.2188,1.7011,0.52964,1.3843,1.7532,2.1636,0.7475,0.19692,0.7125,0.85,0.85,0.24333,0.083222,0.23333,0.26667,0.3,639.06,314.06,746.09,56.719,278.71,152,-2.4044,282.3,1,166
2.3013,0.71463,2.0552,2.2668,2.9016,2.1658,0.74483,1.8261,2.3469,2.7479,0.69844,0.11049,0.7375,0.7375,0.7375,0.25833,0.055635,0.25,0.26667,0.3,627.34,322.97,721.88,85.781,255.33,122,-2.5091,256.72,1,166
1.2404,0.29943,1.0377,1.1739,1.4304,1.1853,0.2797,0.99351,1.1196,1.3475,0.83824,0.092647,0.875,0.875,0.875,0.28431,0.044281,0.25833,0.3,0.3,605.47,314.06,728.91,44.062,296.88,244,-2.1873,300.91,1,166
0.74457,0.43573,0.26815,0.87106,1.0597,0.66766,0.40415,0.21941,0.7894,0.96212,0.75144,0.056383,0.7625,0.7625,0.7625,0.2859,0.035494,0.26667,0.3,0.3,623.44,323.91,722.66,68.438,274.06,408,-2.5748,278.71,1,166
0.98293,0.40634,0.76497,0.96529,1.2886,0.88591,0.36635,0.702,0.87611,1.1785,0.775,0.11832,0.725,0.8625,0.8625,0.2873,0.040106,0.26667,0.3,0.3,620.31,304.22,730.47,26.719,298.56,488,-2.5191,302.06,1,166
0.61811,0.3487,0.30764,0.62666,0.93008,0.54161,0.3133,0.28787,0.56378,0.77085,0.7625,1.1444e-16,0.7625,0.7625,0.7625,0.26471,0.027565,0.23333,0.26667,0.3,663.28,285,709.38,147.66,144.87,242,-2.9797,148.89,1,166
2.5708,0.67346,2.1439,2.4291,2.9976,2.0782,0.29344,1.8541,2.1395,2.287,0.63,0.18658,0.5125,0.75,0.75,0.19333,0.043461,0.15833,0.2,0.23333,624.22,263.91,633.59,420.47,156.84,62,16.7,157.51,1,166
0.81635,0.45115,0.50043,0.86069,1.1303,0.71143,0.39703,0.43024,0.77579,0.98504,0.715,0.087142,0.7375,0.7375,0.7375,0.25778,0.04076,0.24167,0.26667,0.26667,631.25,283.59,632.81,452.81,169.23,242,108.3,175.07,1,166
2.8146,0.78448,2.2431,2.8765,3.386,2.6469,0.98373,1.8966,2.9191,3.3292,0.615,0.16211,0.59688,0.6875,0.6875,0.25333,0.069121,0.23333,0.26667,0.3,639.06,243.75,622.66,406.88,163.95,60,-9.9429,165.39,1,166
1.0683,0.65178,0.53774,1.0471,1.46,0.87382,0.49583,0.3986,0.89521,1.2968,0.62596,0.096077,0.4875,0.6875,0.6875,0.22821,0.075579,0.13333,0.23333,0.275,641.41,277.97,647.66,460.78,182.92,182,29.25,193.15,1,166
0.74238,0.98908,0.049042,0.50859,0.81709,0.67918,0.94807,0.044688,0.44396,0.69149,0.64238,0.11408,0.5625,0.7,0.7125,0.23415,0.053483,0.2,0.23333,0.26667,650.78,317.81,727.34,138.75,194.74,2444,-2.3388,476.81,1,166
1.9618,0.47192,1.6872,2.0509,2.2195,1.8518,0.55906,1.5051,1.9535,2.1986,0.65625,0.21962,0.525,0.7875,0.7875,0.22778,0.082776,0.23333,0.25,0.26667,661.72,296.72,713.28,160.78,145.39,74,-2.6364,145.64,1,166
2.2181,0.54472,1.7456,2.2312,2.4417,1.9219,0.34101,1.6176,1.9568,2.229,0.75469,0.057452,0.775,0.775,0.775,0.29167,0.049602,0.26667,0.28333,0.3,628.12,349.69,709.38,98.906,263.61,122,-3.0865,263.98,1,166
1.356,0.71553,0.74948,1.3229,1.5076,1.1158,0.5067,0.64422,1.185,1.2923,0.78229,0.10559,0.825,0.825,0.825,0.28611,0.041337,0.26667,0.3,0.3,611.72,323.91,707.81,77.812,264.19,182,-2.561,266.42,1,166
1.2074,0.29156,1.1135,1.2361,1.3619,1.1157,0.2966,1.0212,1.1144,1.2956,0.71053,0.15597,0.7,0.7,0.85,0.26667,0.070273,0.24167,0.3,0.3,608.59,346.41,737.5,49.219,323.94,272,-2.3055,328.73,1,166
1.5378,0.31106,1.4633,1.5527,1.7469,1.4353,0.32716,1.3547,1.4813,1.6489,0.72411,0.12183,0.775,0.775,0.775,0.26429,0.061968,0.23333,0.3,0.3,620.31,323.91,732.81,23.438,320.84,212,-2.6708,324.24,1,166
0.49319,0.54575,0.12026,0.24833,0.64289,0.34744,0.35963,0.10294,0.14015,0.5734,0.85,2.3111e-16,0.85,0.85,0.85,0.3,0.019245,0.3,0.3,0.3,603.91,335.62,635.16,229.69,110.45,272,-3.39,112.32,1,166
0.61911,0.38266,0.26245,0.62294,0.8187,0.57336,0.37507,0.24672,0.51558,0.81101,0.7,0.078707,0.725,0.725,0.725,0.26481,0.029087,0.26667,0.26667,0.26667,651.56,289.22,707.81,132.66,166.36,274,-2.7833,169.73,1,166
2.8172,0.17142,2.7055,2.7618,2.929,2.6546,0.2144,2.5079,2.5887,2.8179,0.8175,0.17558,0.68125,0.9375,0.9375,0.26667,0.066667,0.21667,0.3,0.30833,247.66,321.09,90.625,270.94,164.85,60,0.3194,169.36,0,166
