2.723,0.67883,2.5739,2.815,3.6425,2.8463,0.29385,1.9908,2.3867,2.8416,0.38632,0.11089,0.24689,0.35937,0.33341,0.088759,0.045786,0.068943,0.11862,0.133,553.01,323.71,605.97,371.87,134.55,160.54,0.13905,185.8,1
0.57999,0.30846,0.32495,0.63525,0.78698,0.59901,0.3622,0.27776,0.34114,0.71568,0.53921,0.077747,0.61625,0.59741,0.64129,0.19394,0.035338,0.16356,0.16153,0.23352,435.75,392.21,527.12,327.17,113.29,888.66,0.47115,157.44,0
0.0023875,0.013635,0.00040058,0.0011696,0.0018449,0.0015824,0.010753,3.7719e-05,0.00044394,0.0035574,0.54808,0.017604,0.56917,0.58107,0.5691,0.22198,0.008064,0.18223,0.21824,0.21745,660.08,375.48,664.17,339.02,31.584,995.3,0.02434,36.352,1
0.63687,0.33537,0.18642,0.36255,0.40528,0.36937,0.25558,0.14221,0.30813,0.68251,0.35091,0.074414,0.33737,0.37233,0.49623,0.14571,0.039626,0.13207,0.17122,0.20165,619.68,352.48,638.66,260.14,124.16,187.43,0.1072,83.077,1
1.0552,0.46846,0.78577,1.129,1.2606,1.6775,0.64094,0.63653,0.83553,1.1476,0.43049,0.058698,0.3314,0.39099,0.43805,0.12297,0.034106,0.12205,0.13177,0.15106,624.57,344.19,606.71,314.51,138.13,216.5,0.27075,177.24,1
0.94191,0.29007,0.5115,0.51033,1.0375,1.0443,0.35455,0.52799,0.86854,0.83849,0.49281,0.096516,0.30689,0.46607,0.57333,0.12012,0.051154,0.098223,0.1576,0.18274,583.34,364.88,505.34,389.24,97.377,40.238,0.045965,98.892,1
0.64104,0.35052,0.18445,0.2262,0.47272,0.42599,0.33026,0.18001,0.18576,0.60871,0.4331,0.065775,0.41499,0.51869,0.52083,0.14064,0.029068,0.11449,0.13047,0.1868,604.18,324.21,596.83,346.61,84.482,567.82,0.25991,172.95,1
0.030584,0.20679,0.0027461,0.021251,0.044788,0.01294,0.11875,0.0018555,0.0041309,0.023979,0.60125,0.011823,0.57557,0.54384,0.65985,0.2147,0.018454,0.19235,0.21293,0.23545,657.31,337.57,630.69,215.04,120.47,1130.6,0.10067,175.07,1
2.4964,0.90744,2.2474,2.3836,3.159,2.0435,0.63773,1.7059,1.6788,1.9583,0.55611,0.12723,0.40365,0.58757,0.63019,0.16354,0.053239,0.15376,0.1749,0.1772,314.28,347.46,450.38,351,140.96,499.84,0.26246,145.45,0
0.61584,0.69591,0.10849,0.47489,0.67897,0.81085,0.56408,0.24251,0.47205,0.44585,0.39698,0.054377,0.41733,0.41923,0.43259,0.14119,0.023792,0.10629,0.16904,0.18224,638.22,331.6,655,314.28,139.2,1038.5,0.25338,200.87,1
2.0277,0.36791,2.2426,2.0273,2.7838,2.2245,0.36149,1.9297,1.9288,2.5696,0.3602,0.1214,0.25489,0.34469,0.46091,0.10459,0.050459,0.072673,0.11535,0.16157,523.56,299.59,589.22,370.25,118.16,135.37,0.21614,168.06,0
1.0137,0.30968,1.5298,1.7483,1.6678,1.2731,0.052551,1.0989,1.1084,2.0197,0.63063,0.15433,0.55428,0.62716,0.67685,0.19384,0.061649,0.16861,0.18817,0.22642,434.46,386.33,384.09,322.39,86.313,5.6355,0.020786,72.735,0
0.059949,0.03858,0.010328,0.036172,0.070293,0.049025,0.025987,0.01359,0.019689,0.080726,0.47689,0.047141,0.41417,0.40506,0.55141,0.17547,0.025695,0.13785,0.17207,0.20052,647.28,405.24,650.32,413.85,33.578,259.29,0.02598,44.823,1
2.1202,0.60795,1.5564,1.6582,2.3914,1.5071,0.54526,0.76727,1.6059,1.5105,0.32727,0.092276,0.36474,0.42707,0.46234,0.13046,0.038508,0.074015,0.14075,0.13834,554.89,384.22,583.16,391.8,139.2,106.41,0.03551,181.22,0
0.072645,0.05001,0.45961,0.80973,0.4769,0.65627,0.022524,0.23446,0.37945,0.81579,0.70744,0.077947,0.66742,0.72338,0.74819,0.23352,0.050966,0.20521,0.21041,0.25629,295.69,382.89,122.83,367.71,56.027,0.74456,0.012895,109.88,0
0.036242,0.0052005,0.38422,0.35014,0.29079,0.2078,0.0034524,0.22398,0.19782,0.68406,0.6877,0.098417,0.70346,0.73264,0.75515,0.23583,0.053935,0.22278,0.21195,0.2517,116.69,419.83,51.859,296.23,40.854,0.12087,0.006926,19.236,0
0.50774,0.2498,0.41419,0.93038,0.68287,0.24849,0.17566,0.24019,0.4183,0.61353,0.61192,0.09449,0.60056,0.53687,0.63211,0.17933,0.047451,0.14919,0.17978,0.22099,279.85,353.49,175.41,358.03,152.95,659.72,0.24207,202.3,0
1.4922,0.73235,0.65262,1.3956,1.7092,1.2875,0.61275,0.37492,0.59803,0.96223,0.60322,0.07049,0.48093,0.50027,0.5354,0.19833,0.051743,0.17186,0.1822,0.20418,533.41,344.06,497.25,286.53,173.28,1216.9,0.079321,298.3,0
0.59267,0.43903,0.5589,0.62765,0.67372,0.80411,0.19329,0.1909,0.8838,1.1553,0.46605,0.086755,0.35458,0.46254,0.53518,0.1332,0.044389,0.095883,0.14097,0.15794,558.24,360.32,471.31,380.7,115.24,543.57,0.39711,218.03,0
0.44334,0.53854,0.37881,0.53436,0.61859,0.39858,0.58663,0.40264,0.39443,0.89211,0.45471,0.071899,0.4091,0.44825,0.51717,0.16972,0.04672,0.13927,0.16386,0.18893,613.01,341.41,568.26,361.15,94.599,312.29,0.029603,113.11,1
0.33585,0.17326,0.14992,0.15448,0.18403,0.31267,0.19528,0.05087,0.18214,0.39885,0.43622,0.070978,0.35554,0.46936,0.53476,0.14121,0.029754,0.13427,0.17233,0.19144,632.53,390.81,658.7,377.64,57.625,309.95,0.51119,99.027,1
1.1198,0.62135,0.67926,1.0785,1.6712,0.90989,0.6002,0.50193,0.81739,0.8291,0.44075,0.10328,0.32981,0.50497,0.62296,0.13396,0.053938,0.14455,0.16782,0.16548,586.61,282.34,626.5,355.46,155.67,579.83,0.20641,231.38,1
1.335,0.65672,0.84813,1.146,1.4275,1.2861,0.69708,0.80776,1.3043,1.2041,0.3722,0.10456,0.38339,0.42526,0.49707,0.14856,0.047345,0.123,0.17396,0.19559,590.09,344.2,594.37,381.31,157.35,402.85,0.24159,150.55,1
2.2059,0.64964,0.99211,2.0112,3.1622,2.3372,0.36414,1.4545,2.098,1.9648,0.42836,0.12918,0.41541,0.48469,0.56009,0.10699,0.064182,0.099547,0.16022,0.18222,552.99,328.41,569.39,395.55,146.42,3.4633,0.028652,187.2,0
2.0154,0.44152,1.9337,2.4045,3.0058,1.5281,0.24578,1.3118,1.6121,2.1707,0.54623,0.13555,0.46543,0.56986,0.70233,0.19166,0.058495,0.1579,0.1833,0.21389,344.37,327.26,329.39,308.75,102.21,30.305,0.12849,114.72,0
0.37119,0.23082,0.19502,0.26155,0.64237,1.2607,0.24179,0.30646,0.51237,0.73767,0.44835,0.078899,0.39774,0.48181,0.41383,0.147,0.040365,0.11646,0.13869,0.16071,617.36,344.98,635.06,352.34,88.985,319.48,0.14008,140.42,1
3.4147,0.96824,1.9607,2.0522,3.5829,3.1,0.90995,2.1044,3.0206,3.1644,0.39765,0.12572,0.39557,0.46157,0.56282,0.13829,0.049706,0.093417,0.13848,0.14749,578.45,349.39,664.34,333.45,195.69,237.07,0.2772,270.17,1
0.039896,0.032264,0.0057367,0.013886,0.024757,0.016914,0.013174,0.0023886,0.0047526,0.02052,0.45295,0.028174,0.56604,0.53249,0.53745,0.17831,0.010868,0.15768,0.17788,0.21709,605.22,352.8,554.13,329.57,18.489,649.61,0.028415,26.976,1
0.092808,0.32463,0.15291,0.21053,0.35371,0.23769,0.42422,0.102,0.15952,0.74205,0.57353,0.054801,0.57128,0.63575,0.66361,0.19555,0.043125,0.16335,0.15432,0.16065,459.05,390.73,357.63,356.31,141.72,1065.8,0.022608,192.87,0
2.9033,0.55076,2.5118,3.0315,3.5303,2.8955,0.17338,2.2427,3.0299,3.3043,0.48789,0.13899,0.30638,0.5157,0.62458,0.15293,0.053826,0.091848,0.1505,0.15163,424.98,351.56,406.94,339.39,123.63,2.2475,0.096714,94.171,0
1.8734,0.72584,0.63963,1.3161,1.9592,1.4362,0.63745,0.73334,1.2624,1.789,0.42711,0.093165,0.30692,0.37283,0.4576,0.13414,0.038097,0.095769,0.13529,0.15714,576.99,352.65,625.79,371.38,154.23,346.04,0.17299,207.41,1
1.4346,0.65831,0.69247,0.90122,1.4274,1.7243,0.64632,0.43522,0.78605,2.0604,0.52769,0.11747,0.37922,0.55723,0.56369,0.20251,0.055046,0.15549,0.17204,0.16043,439.4,335.85,463.2,375.03,169.13,344.11,0.10048,225.63,0
0.66552,0.097571,1.2152,1.0496,1.415,0.99832,0.023483,0.85093,0.88085,1.8704,0.52685,0.12331,0.56154,0.6395,0.59549,0.18224,0.04189,0.1592,0.14571,0.21369,349.42,390.88,210.33,351.04,69.758,1.5304,0.019415,50.192,0
1.7162,0.19796,1.6575,2.8749,2.2971,1.5061,0.24151,0.82638,1.4444,2.23,0.57644,0.16437,0.44569,0.62489,0.6475,0.16586,0.075541,0.17094,0.1739,0.23103,359.29,319.41,332.82,313.85,105.3,198.29,0.22462,88.038,0
1.5848,0.89116,0.81919,1.0225,1.2739,1.2069,0.33938,0.68206,0.61336,0.88556,0.40064,0.090364,0.31697,0.36226,0.44931,0.1383,0.031053,0.082283,0.14136,0.17377,546.12,364.08,510.65,377.09,134.13,525.16,0.17638,159.9,1
1.8139,0.79995,0.98654,1.0348,2.4294,2.0181,0.50489,0.66398,1.0953,1.8534,0.51434,0.0925,0.32061,0.4878,0.47557,0.15096,0.044555,0.11135,0.15099,0.18773,445.02,358.92,479.13,319.89,187.72,892.01,0.18393,262.22,0
0.4686,0.24124,0.083311,0.12291,0.33642,0.23921,0.48599,0.033035,0.15163,0.41962,0.43884,0.064647,0.38411,0.4731,0.47334,0.18027,0.0249,0.12906,0.17985,0.18174,655.22,385.58,651.66,338.23,99.552,518.78,0.31096,118.87,1
1.8566,0.60561,1.4437,1.7037,1.717,1.1004,0.50702,0.91117,1.5749,1.344,0.43468,0.12565,0.43096,0.51577,0.60985,0.15028,0.048964,0.11116,0.15234,0.19538,482.38,287.64,611.55,347.21,155.06,199.57,0.18958,171.25,1
2.1301,0.61209,2.5586,3.1162,4.0473,2.4545,0.39833,2.3709,2.8032,3.194,0.43824,0.097906,0.50032,0.45672,0.54428,0.14176,0.039796,0.13556,0.13415,0.16834,386.94,301.54,631.75,226.59,155.58,8.4,0.046111,166.77,0
1.164,0.6902,1.1104,1.303,1.4041,1.5434,0.7634,0.62655,2.1301,1.8183,0.48244,0.08101,0.44163,0.4962,0.56985,0.18964,0.036705,0.16515,0.17825,0.21028,538.42,379,513.49,313.04,171.15,397.78,0.17521,220.34,1
1.62,0.54781,1.2192,1.0094,1.4636,1.3643,0.51313,0.84994,1.4132,1.4002,0.38855,0.07406,0.33098,0.30334,0.42649,0.10413,0.033041,0.088482,0.11509,0.15519,573.42,310.49,600.14,362.71,103.13,211.64,0.078084,156.02,1
2.3477,0.64452,1.855,1.8668,2.1421,2.3135,0.40986,1.3592,1.7769,2.4173,0.33466,0.12444,0.24222,0.30775,0.44475,0.10613,0.039118,0.067313,0.11037,0.13502,556.88,348.39,656.47,405.23,139.97,117.41,0.1071,169.35,1
2.1505,0.793,1.8476,2.4758,2.2862,2.2004,0.44016,1.766,1.6938,2.4277,0.45537,0.15214,0.36482,0.54282,0.58649,0.13962,0.059199,0.10641,0.16372,0.19267,518,326.7,426.79,358.5,149.76,104.41,0.12382,221.76,0
0.37926,0.33406,0.1537,0.21034,0.30229,0.52889,0.41964,0.064866,0.19053,0.6782,0.41341,0.039871,0.32183,0.42739,0.39057,0.15923,0.023798,0.10889,0.16249,0.14274,647.04,383.65,671.63,291.53,132.58,552.41,0.16991,180.31,1
0.65485,0.47197,0.51626,0.80393,1.06,0.82029,0.18812,0.21297,0.502,0.87636,0.59882,0.12121,0.46824,0.6372,0.54924,0.13693,0.059492,0.16212,0.13977,0.19527,342.69,374.14,240.01,376.85,122.14,137.36,0.080769,167.57,0
0.9187,0.48299,0.58584,0.92475,1.8635,1.0826,0.40733,0.5085,0.75324,1.3647,0.52627,0.11332,0.40595,0.60279,0.55635,0.17998,0.049342,0.15986,0.18053,0.21628,567.65,347.05,584.28,344.04,93.712,231.17,0.29601,169.63,0
3.681,0.77412,2.5123,3.066,3.3569,2.8739,0.38744,3.0392,2.8389,3.2506,0.37592,0.13422,0.23229,0.382,0.47416,0.10452,0.056837,0.082889,0.10935,0.1587,552.43,302.23,591.74,337.97,154,49.151,0.086556,185.39,0
0.57287,0.55445,0.29613,0.27388,0.81571,0.70204,0.37894,0.29227,0.60344,0.97806,0.4464,0.0857,0.36278,0.44439,0.44437,0.14956,0.034642,0.11893,0.16055,0.16784,638.1,320.83,663.09,369.51,145.05,224.11,0.22788,253.83,1
0.47532,0.32475,0.27955,0.47547,0.86967,0.43427,0.31504,0.10381,0.30679,0.52241,0.40836,0.049381,0.39365,0.50149,0.52645,0.13975,0.026709,0.11762,0.16013,0.13994,616.97,375.87,643.75,363.41,95.003,204.76,0.03695,91.056,1
0.813,0.3535,0.55514,0.38211,0.8215,1.0097,0.42362,0.27429,0.79079,0.89776,0.50285,0.087938,0.45772,0.52607,0.5119,0.15355,0.03456,0.14382,0.17888,0.19477,600.28,381.86,636.77,335.09,178.3,255.35,0.25372,186.68,1
1.2385,0.44123,1.7377,1.328,2.541,1.8079,0.24336,1.2344,1.62,1.7708,0.43298,0.087717,0.43271,0.37607,0.4048,0.11276,0.046247,0.092559,0.14484,0.13053,548.08,381.08,610.54,412.9,133.74,63.449,0.045743,121.12,0
0.64082,0.086279,0.82674,1.3005,1.1207,1.0512,0.047592,0.79542,0.87487,1.421,0.65871,0.15961,0.58462,0.69783,0.72224,0.209,0.070134,0.16113,0.18979,0.2078,301.92,391.24,252.04,298.86,89.367,1.3574,0.01872,36.884,0
1.1859,0.44704,0.68793,1.1729,1.7261,1.3402,0.40979,0.73634,0.83144,1.2273,0.42679,0.098221,0.37255,0.41225,0.49157,0.1371,0.040327,0.087798,0.15218,0.17423,551.26,337.59,622.92,376.74,146.74,434.96,0.34001,215.89,1
0.74135,0.51271,0.40664,0.54075,0.66649,1.2078,0.48691,0.43621,1.0331,0.74855,0.40256,0.095526,0.28538,0.4196,0.5038,0.11341,0.045301,0.097892,0.15095,0.1943,608.51,372.01,658.27,360.43,136.26,193.9,0.26725,136.48,1
3.0869,0.94191,2.8404,3.049,3.4559,2.9429,0.27941,3.4848,2.7409,3.2141,0.34555,0.13652,0.23702,0.34562,0.41006,0.088122,0.040325,0.094335,0.11302,0.14218,499.44,315.35,512.04,411.62,102.5,10.763,0.076259,115.82,0
2.9858,0.60587,2.6449,2.5908,2.7686,2.4753,0.43679,1.8921,2.3078,2.8456,0.47413,0.14048,0.46614,0.54532,0.65621,0.14251,0.057314,0.13161,0.17019,0.17711,385.01,355.44,402.18,359.3,136.51,63.466,0.1313,143.17,0
1.7499,0.50173,0.37068,0.94356,1.4763,1.3153,0.34551,0.4279,0.75354,1.3325,0.47252,0.062405,0.30472,0.38464,0.40986,0.12576,0.037068,0.10298,0.15185,0.17451,611.86,370.39,643.3,326.95,123.88,201.26,0.044636,128.47,1
0.69167,0.28702,0.26388,0.443,0.46557,0.73033,0.45969,0.2599,0.28106,0.93132,0.34124,0.0993,0.28537,0.30944,0.28869,0.12011,0.029671,0.080016,0.12512,0.16695,650.33,361.19,700.15,413.55,112.96,124.07,0.16864,115.2,1
1.2566,0.36718,1.7104,1.7655,1.5308,1.1725,0.20673,0.84804,1.6322,1.6592,0.4021,0.13282,0.37024,0.39705,0.40663,0.11431,0.045547,0.087134,0.096865,0.1789,467.18,371.53,316.92,425.24,93.873,151.23,0.16973,103.98,0
0.55206,0.37291,0.092915,0.26577,0.58463,0.39193,0.30351,0.21739,0.39115,0.33075,0.41019,0.059678,0.39477,0.51413,0.48765,0.12741,0.038572,0.095834,0.15892,0.17332,642.57,323.37,595.85,291.63,102.68,387.44,0.32934,104.78,1
0.028358,0.043446,0.002623,0.01984,0.022983,0.018377,0.11612,0.0029538,0.0073392,0.02951,0.50487,0.033456,0.52999,0.5509,0.61249,0.17818,0.022607,0.18238,0.19172,0.229,656.33,339.58,646.72,270.04,50.643,870.34,0.043053,41.357,1
3.0462,1.0802,1.9867,1.8504,2.5597,2.1236,0.9257,2.0593,2.2564,2.4182,0.28505,0.14583,0.2327,0.29385,0.34029,0.092158,0.043112,0.052775,0.12464,0.12014,590.04,295.28,676.62,385.66,178.35,408.56,0.44253,276.05,1
0.69523,0.24068,1.3554,0.55733,0.94869,0.96973,0.14195,0.34218,0.40063,0.54682,0.41945,0.080291,0.37684,0.45635,0.47145,0.12858,0.043088,0.11023,0.15336,0.17543,507.71,353.31,505.72,390.82,70.032,516.25,0.14067,100.27,0
0.0051737,0.036495,0.0005868,0.001894,0.0057444,0.0083485,0.035874,0.00041996,0.0015014,0.019774,0.61721,0.015207,0.65126,0.62447,0.69482,0.22734,0.015048,0.21405,0.22056,0.24094,653.92,347.14,584.4,232.35,88.532,427.03,0.012772,85.498,1
1.5144,0.47251,2.5582,2.0012,2.5791,2.0426,0.1569,1.8222,1.6913,2.0673,0.55729,0.13861,0.45594,0.50445,0.61765,0.15059,0.05246,0.11509,0.16075,0.19709,402.38,350.91,397.81,362.92,87.945,60.367,0.047707,71.903,0
0.26918,0.21916,0.44786,0.90799,0.80268,1.0683,0.38804,0.26692,0.39514,0.75061,0.60616,0.10279,0.56495,0.65854,0.60607,0.19299,0.049314,0.18614,0.18826,0.21106,494.96,392.25,463.86,380.35,90.391,297.7,0.17366,142.69,0
0.2441,0.12741,0.088283,0.12629,0.23411,0.23341,0.071623,0.047402,0.061033,0.13807,0.35827,0.050834,0.30673,0.39296,0.38806,0.098885,0.015015,0.071414,0.12992,0.14274,635.74,368.75,701.73,395.11,30.458,462.79,0.13655,47.43,1
1.6282,0.73155,1.0519,0.74078,1.4201,2.2,0.43761,1.1529,1.3654,1.3391,0.48249,0.09578,0.43755,0.56688,0.5219,0.13601,0.031908,0.12686,0.13276,0.18435,500.73,321.46,556.58,293.36,128.39,1292.8,0.3308,228.67,0
2.3688,0.56376,0.93739,1.37,1.5408,1.4047,0.61992,0.81544,1.2869,1.8375,0.47451,0.10435,0.37856,0.43777,0.57418,0.1678,0.048833,0.12139,0.16402,0.18528,497.29,319.26,544.09,304.68,132.49,226.53,0.036461,144.61,1
0.37018,0.31906,0.77038,1.0059,1.5388,0.38524,0.094241,0.32138,0.59898,1.448,0.64503,0.062702,0.61203,0.60762,0.69081,0.22124,0.056818,0.17674,0.18167,0.24432,285.86,350.44,211.3,275.51,143.04,353.82,0.20715,156.46,0
2.1827,0.55388,1.2411,1.7845,1.9191,1.5011,0.7098,1.3241,1.8054,1.6804,0.4657,0.15687,0.38626,0.5225,0.57757,0.1548,0.059678,0.11862,0.15149,0.18353,597.06,321.25,469.49,339.75,163.21,299.62,0.049742,189.74,0
1.3242,0.63137,0.99068,1.7241,1.0367,1.3537,0.67937,1.0225,1.7065,1.7775,0.36956,0.085769,0.36061,0.41831,0.49055,0.12163,0.044744,0.12923,0.15785,0.13048,624.65,306.81,606.96,345.33,157.03,113.56,0.14131,171.34,1
2.5264,0.55185,0.83474,1.4745,2.6519,1.6599,0.64388,0.90515,1.8088,1.9406,0.3953,0.073583,0.36443,0.33393,0.43836,0.10758,0.043821,0.10927,0.13985,0.15578,631.58,327.69,679.95,340.24,189.94,255.35,0.063865,253.8,1
3.1844,0.81172,2.2613,3.2143,3.7668,3.1156,0.40983,2.0548,3.0327,2.9623,0.40506,0.11722,0.28521,0.3776,0.3625,0.098553,0.042237,0.073794,0.14086,0.1432,571.18,286.97,658.39,359.45,120.93,22.816,0.15189,171.67,1
0.10255,0.069552,0.033922,0.052526,0.07451,0.044212,0.19933,0.015174,0.017297,0.12563,0.47233,0.038802,0.39389,0.45962,0.5327,0.19183,0.016814,0.14319,0.19142,0.19496,658.48,398.78,656,341.3,66.32,657.29,0.31369,59.683,1
2.5763,0.81329,1.9105,2.2077,3.1198,2.6291,0.60497,2.318,2.6186,2.9774,0.40823,0.10662,0.28628,0.40488,0.46204,0.13319,0.047451,0.093634,0.14835,0.17296,564.29,298.7,626.47,330.64,144.35,85.236,0.18692,149.5,1
1.0972,0.48941,0.47445,1.0727,1.0596,1.3313,0.58762,0.26132,1.0003,1.5468,0.35136,0.073851,0.33792,0.38272,0.34385,0.13378,0.038351,0.072675,0.12491,0.17091,611.39,351.39,617.94,345.68,152,161.13,0.057434,116.61,1
1.9088,0.53727,0.58086,0.79498,1.8502,0.8995,0.57448,1.1571,1.4468,1.3298,0.42425,0.085448,0.36976,0.43191,0.49556,0.14569,0.037244,0.096642,0.16952,0.13669,625.17,330.59,650.16,366.79,154.38,91.298,0.053661,152.68,1
1.4988,0.21338,2.5318,1.8768,2.0461,1.864,0.054471,1.5154,2.1049,2.4044,0.5728,0.15063,0.48655,0.61193,0.70146,0.17133,0.047927,0.14508,0.15755,0.19503,388.86,385.15,382.29,343.95,55.218,9.9841,0.021686,57.737,0
0.1959,0.53766,0.099556,0.37906,0.3151,0.40977,0.69624,0.045331,0.12109,0.49819,0.43451,0.06778,0.3854,0.39481,0.45191,0.15252,0.033281,0.14007,0.13784,0.17888,561.11,358.29,581.74,311.86,123.35,1100.5,0.31019,232.86,1
0.19193,0.21387,0.19515,0.25788,0.2532,0.40255,0.16227,0.090261,0.093226,0.17329,0.59597,0.050949,0.56885,0.64247,0.51767,0.18833,0.047896,0.19417,0.15935,0.19946,471.87,388.3,419.15,290.84,50.78,1390.7,0.14454,171.53,0
2.5088,0.78383,1.899,2.3982,1.9103,2.5925,0.66748,1.1372,2.41,2.2979,0.46405,0.14943,0.33906,0.56256,0.51673,0.15426,0.047791,0.12239,0.18236,0.18497,443.95,362.06,441.48,323.93,178.14,758.98,0.10781,263.92,0
0.62198,0.26893,0.20517,0.44134,0.61136,0.56104,0.2736,0.3124,0.46393,0.77805,0.44426,0.055193,0.4247,0.45047,0.38274,0.13189,0.036883,0.12141,0.14861,0.17789,638.95,374.36,637.82,352.43,75.721,378.24,0.14967,131.16,1
1.0012,0.71968,1.3066,1.3649,1.9393,1.3975,0.48116,0.8051,1.0088,1.1642,0.45959,0.095811,0.38885,0.43585,0.45738,0.11087,0.048329,0.090397,0.14597,0.14681,593.56,333.35,553.62,392.55,125.59,397.08,0.18027,196.07,1
1.5211,0.21049,2.2236,2.5686,2.6864,2.3304,0.043605,2.4109,2.6137,3.1479,0.52046,0.14318,0.44008,0.55234,0.68579,0.14715,0.064195,0.14932,0.15361,0.18825,320.39,382.68,193.74,412.98,52.876,0.76802,0.017458,30.63,0
0.050639,0.1625,0.038097,0.03319,0.10701,0.046895,0.079646,0.012111,0.030406,0.10602,0.4999,0.027738,0.49878,0.56007,0.59376,0.16522,0.025883,0.1908,0.20803,0.20328,635.99,352.93,504.73,281.78,89.552,882.75,0.058482,135.5,1
1.8615,0.42756,1.4841,1.8116,2.1954,0.95646,0.28609,1.4556,1.3522,1.3182,0.39709,0.15376,0.35539,0.48943,0.65251,0.11395,0.054141,0.0855,0.1429,0.14105,537.33,322.47,604.32,388.14,140.65,38.46,0.021254,142.87,0
1.579,0.45836,1.6189,2.0815,2.2223,2.096,0.092941,1.3786,2.0386,2.5872,0.49434,0.087696,0.44358,0.53057,0.54181,0.1108,0.044342,0.13582,0.16764,0.16518,453.11,407.75,437.4,341.6,74.538,14.584,0.04765,67.088,0
2.0897,0.8291,1.2287,2.3392,2.9387,2.4291,0.4882,1.092,2.0033,2.9192,0.47649,0.12559,0.38738,0.42732,0.50411,0.11859,0.046628,0.12962,0.14892,0.18237,612.66,327.91,670.99,345.99,213.83,346.59,0.085536,221.04,1
0.91521,0.42669,0.20966,0.55165,0.83938,0.52209,0.42859,0.21284,0.43708,0.82099,0.45469,0.059508,0.39341,0.37403,0.44296,0.16384,0.03105,0.12197,0.1553,0.18681,630.22,342.34,649.92,337.07,156.74,713.36,0.22354,197.57,1
0.35703,0.2593,0.19891,0.46362,0.47122,0.50567,0.37244,0.17799,0.28152,0.37896,0.34947,0.10869,0.38588,0.45813,0.50822,0.13232,0.044268,0.10033,0.14015,0.17159,541.35,360.17,535.08,372.49,131.8,382.29,0.046445,117.43,1
0.89598,0.22102,1.3658,1.6595,1.9741,1.9231,0.13338,1.844,1.1403,1.8863,0.50141,0.13237,0.55739,0.54881,0.66271,0.17902,0.038739,0.15152,0.178,0.1927,220.82,377.92,247.67,301.32,77.74,25.449,0.32719,57.175,0
0.022328,0.66641,0.0087571,0.03592,0.052057,0.045875,0.80438,0.00091986,0.0026312,0.049362,0.6117,0.010097,0.61263,0.64395,0.53793,0.22617,0.014185,0.21017,0.20823,0.25093,633.62,362.79,654.17,119.5,196.91,2296.6,0.088056,398.49,1
3.019,0.61719,1.2144,1.7464,2.5295,1.8576,0.57666,1.8034,2.0389,2.4717,0.28202,0.098543,0.20753,0.3577,0.31224,0.079465,0.031829,0.070176,0.11922,0.11581,628.38,316.61,675.54,318.65,142.44,70.523,0.17538,177.36,1
0.10947,0.45993,0.023549,0.060618,0.16184,0.11626,0.42173,0.025603,0.068613,0.19384,0.4588,0.049144,0.47369,0.47815,0.51276,0.17057,0.019293,0.14124,0.19603,0.19697,659.1,357.43,628.07,358.05,89.836,707.83,0.75643,150.95,1
0.92892,0.46881,0.50408,0.54315,1.1219,0.97648,0.38289,0.66693,0.81753,1.3247,0.44498,0.052272,0.40726,0.46911,0.51839,0.17077,0.038537,0.16708,0.15262,0.1847,567.57,377.52,490.4,315.67,108.96,589.93,0.29245,148.24,1
2.2407,0.70761,1.6419,1.8726,2.4288,1.6852,0.83547,1.7407,2.1771,2.5069,0.41672,0.13299,0.3575,0.53932,0.58579,0.17753,0.06211,0.13195,0.18475,0.18149,555.81,368.38,617.31,304.95,191.3,119.95,0.095418,208.37,1
2.1741,0.7364,2.6711,2.9392,3.4581,2.8846,0.38148,2.9952,2.3507,2.9414,0.52875,0.1453,0.38783,0.54429,0.57524,0.11465,0.060726,0.12301,0.13868,0.16815,516.56,350.34,556.1,317.42,177.83,25.956,0.11467,111,0
0.27115,0.11008,0.051585,0.14397,0.14327,0.11086,0.19173,0.071968,0.13983,0.21325,0.45229,0.053351,0.3961,0.42536,0.50028,0.15159,0.016734,0.14746,0.19363,0.19959,640.91,371.53,631.09,347.74,75.958,548.77,0.11138,76.038,1
0.66445,0.5317,0.16997,0.53747,1.0368,0.63095,0.47787,0.18278,0.38089,0.50705,0.43583,0.037153,0.42437,0.43381,0.50506,0.15504,0.035694,0.13407,0.15634,0.20351,633.47,376.94,585.51,284.11,167.31,486.76,0.1121,242.55,1
1.6723,0.34695,2.4569,2.7708,3.0256,2.0636,0.19291,2.4687,2.248,2.6215,0.57007,0.16723,0.44925,0.63156,0.64912,0.18376,0.068376,0.13429,0.18862,0.20066,388.48,376.38,384.44,319.48,119.43,1.1166,0.061117,112.58,0
0.8414,0.83629,0.14263,0.29899,0.66174,0.46404,0.86643,0.035353,0.2722,0.52295,0.34283,0.051857,0.39999,0.44947,0.45384,0.11145,0.035724,0.099124,0.13281,0.19901,632.94,369.8,637.79,243.06,145.61,959.57,0.43614,196.02,1
2.4796,0.77473,1.8963,2.6738,3.2729,2.5324,0.78563,1.7399,2.4779,2.982,0.37817,0.14317,0.36583,0.46485,0.45171,0.11452,0.051715,0.095719,0.13394,0.15986,403.84,327.79,575.37,319.58,206.27,114.54,0.12713,191.62,0
1.896,1.0369,1.0985,1.3867,1.7066,1.6682,0.90366,0.8089,1.0216,1.5641,0.42387,0.10089,0.33944,0.43744,0.5553,0.16259,0.052135,0.10781,0.16614,0.14799,603.62,296.4,609.56,333.17,168.06,289.63,0.20938,220.4,1
1.4792,0.55762,0.84162,1.2897,2.8708,1.5489,0.56878,1.2736,1.4622,2.0208,0.39485,0.076713,0.39515,0.45777,0.4891,0.14677,0.033064,0.14105,0.14568,0.17239,568.51,366.56,514.46,324.73,110.56,221.51,0.25756,144.31,1
0.83485,0.054665,0.75779,1.1574,1.5151,1.0352,0.02019,0.65176,0.81045,1.0524,0.59026,0.14843,0.53287,0.62452,0.66044,0.19411,0.062324,0.17694,0.18527,0.22214,323.32,380.62,340.02,360.53,65.844,0.20282,0.0077825,45.813,0
0.89787,0.46231,0.21274,0.40538,0.72266,0.48997,0.61713,0.21531,0.59926,0.95882,0.428,0.074431,0.36251,0.45512,0.45485,0.14463,0.041313,0.11943,0.16129,0.18958,598.62,343.09,636.67,288.65,184.07,335.59,0.14282,204.17,1
2.3227,1.027,1.0845,1.5523,2.1896,1.8148,1.0336,1.1172,1.1127,1.5404,0.34884,0.086162,0.36145,0.50734,0.50379,0.15372,0.051,0.11064,0.14305,0.17348,561.66,270.25,621.42,285.59,185.36,980.82,0.31031,333.17,1
0.38931,0.18619,0.73571,0.75483,0.90545,0.88244,0.075995,0.39489,0.31895,1.2031,0.66786,0.086853,0.64679,0.69289,0.64958,0.21293,0.031421,0.19999,0.21603,0.23558,224.25,379.05,268.23,223.81,79.963,30.784,0.071911,70.578,0
0.31814,0.045186,0.6224,0.75722,0.89156,0.4899,0.011936,0.31476,0.47261,0.82467,0.664,0.1159,0.52107,0.66551,0.70729,0.20771,0.06141,0.17702,0.1992,0.2384,358.7,417.48,235.8,341.72,60.869,1.2385,0.013219,59.057,0
0.90679,0.092289,1.4211,1.6391,1.5599,1.6301,0.0082496,0.85624,1.8485,2.3553,0.6498,0.11073,0.57626,0.61101,0.5779,0.20404,0.032225,0.17944,0.21063,0.21365,216.89,415.31,177.57,267.19,39.307,0.0078779,0.001107,28.855,0
3.4832,0.7988,1.9095,3.1109,3.6055,2.6174,0.39535,2.2024,2.3118,3.1482,0.4289,0.11606,0.32975,0.42088,0.46203,0.12994,0.047789,0.098834,0.13791,0.18169,504.31,376.04,595.28,354.93,198.61,21.706,0.037994,188.73,0
1.0758,0.59157,0.6762,0.6197,1.6804,1.0282,0.35617,1.1874,1.3467,1.2349,0.4035,0.090961,0.33918,0.40094,0.51266,0.15228,0.058613,0.11614,0.15262,0.18035,537.77,327.5,587.12,382.81,127.45,116.45,0.042062,169.06,1
2.1133,0.4008,2.5859,2.56,2.056,1.7345,0.083497,1.7742,2.2853,1.7494,0.49513,0.13253,0.3931,0.49405,0.58307,0.12977,0.03348,0.14178,0.17954,0.18214,450.91,371.17,419.55,399.57,48.893,3.0075,0.022427,60.615,0
0.63074,0.33917,0.22271,0.50812,0.44205,0.50569,0.5197,0.18219,0.39708,0.53264,0.40327,0.078978,0.37205,0.41865,0.45282,0.11427,0.03696,0.089827,0.15459,0.18591,625.68,347.14,642.68,375.83,144.66,420.65,0.10953,204.62,1
0.56254,0.38303,0.99768,0.77967,1.3179,0.77257,0.37884,0.61055,0.72435,1.0732,0.51855,0.088879,0.48332,0.55694,0.51931,0.14653,0.039239,0.13337,0.1614,0.17252,527.84,395.57,557.84,361.13,114.18,848.82,0.40531,163.87,0
1.1519,0.40824,1.9881,1.6641,2.4039,1.6653,0.11294,2.2577,1.6457,2.1759,0.51007,0.15382,0.41835,0.525,0.5627,0.1837,0.057887,0.11092,0.15845,0.15744,378.15,369.53,381.54,390.44,75.941,16.587,0.022782,74.297,0
0.38207,0.62436,0.32157,0.47373,0.91272,0.50267,0.42381,0.10477,0.18289,0.63187,0.5643,0.070389,0.54856,0.64997,0.60222,0.18738,0.041378,0.18004,0.16798,0.1765,508.61,306.3,503.77,328.26,157.93,2318.7,0.15981,309.85,0
1.9996,0.45905,1.8065,2.6162,3.5729,2.2698,0.14746,2.2383,2.0821,2.6592,0.46668,0.15081,0.402,0.44553,0.53796,0.15409,0.055769,0.11245,0.13885,0.18198,465.76,394.32,560.56,404.62,134.04,4.7175,0.02423,108.87,0
0.041566,0.13292,0.0076449,0.024255,0.039271,0.039419,0.14299,0.0029845,0.014294,0.070778,0.56847,0.045706,0.56305,0.56385,0.67597,0.20918,0.025883,0.16944,0.20813,0.21769,637.84,354.71,658.8,290.95,138.74,332.26,0.044308,138.23,1
0.79356,0.48407,0.44668,0.62161,1.07,0.75493,0.33157,0.47336,0.81251,0.84561,0.42505,0.083162,0.39743,0.40724,0.42243,0.13186,0.028906,0.1092,0.12789,0.1578,594.49,347.06,654.24,323.05,141.52,847.43,0.092135,218.63,1
0.54971,0.1783,0.35756,0.517,0.60839,0.69977,0.30332,0.43898,0.43243,0.54958,0.46594,0.068624,0.39789,0.48306,0.61422,0.16356,0.047886,0.15502,0.16848,0.19015,633.45,381.83,600.54,310.18,89.382,237.09,0.33029,169.49,1
1.9454,0.30554,1.1465,1.5549,1.9942,1.2881,0.21624,1.1563,1.0947,1.7438,0.53993,0.13176,0.39635,0.54289,0.56608,0.17166,0.054477,0.14784,0.17898,0.18367,328.95,391.24,385.51,329.95,116.2,25.716,0.018392,111.13,0
2.6103,0.84361,2.3714,2.2848,2.4865,2.2204,0.70344,1.9657,2.5176,2.3868,0.31236,0.12396,0.3477,0.43393,0.43977,0.11915,0.047126,0.07763,0.14433,0.12687,585.06,293.22,648.83,305.75,191.4,102.31,0.1133,192,1
0.041276,0.099694,0.0059873,0.0098801,0.027568,0.034335,0.051618,0.0032812,0.0061286,0.036586,0.47907,0.048564,0.5399,0.58798,0.56835,0.19087,0.016699,0.18058,0.19968,0.21643,647.89,383.68,657.98,358.44,52.718,362.15,0.054184,65.114,1
0.3669,0.44425,0.29743,0.27914,0.64581,0.48843,0.21877,0.045105,0.12001,0.35564,0.56264,0.096376,0.44531,0.56981,0.57864,0.18376,0.042047,0.15109,0.14379,0.15989,497.03,369.28,509.2,292.62,114.91,470.94,0.11297,168.39,0
0.8781,0.62522,0.33801,0.90857,1.8287,0.56218,0.55173,0.40479,1.2035,1.2978,0.40417,0.072244,0.53789,0.51667,0.5432,0.16669,0.035813,0.1352,0.15686,0.18447,373.26,298.05,495.12,275.07,101.5,940.69,0.15315,123.13,1
1.0649,0.41125,0.50135,0.71739,0.96376,0.91497,0.47629,0.42817,0.76145,1.11,0.47489,0.093108,0.38068,0.50772,0.54424,0.15381,0.043893,0.13193,0.15801,0.19924,559.19,327.24,555.88,304.91,102.91,278.5,0.072122,140.45,1
0.96075,0.33226,1.7271,1.9309,2.4975,1.5678,0.17119,1.3038,0.67467,1.5099,0.56712,0.10868,0.48204,0.61109,0.64446,0.14017,0.050607,0.13446,0.15165,0.16908,467.99,392.9,542.8,400.11,53.005,31.876,0.03064,70.266,0
1.1794,0.074023,1.3949,2.246,2.1175,1.7115,0.017758,1.4611,1.0501,1.7932,0.58826,0.1474,0.50364,0.5841,0.68523,0.18782,0.066703,0.14813,0.19481,0.2187,335.42,332.36,311.28,351.83,76.018,0.25553,0.011383,27.229,0
0.48174,0.32376,0.2152,0.2397,0.95543,0.32943,0.33369,0.12948,0.16367,0.50113,0.54862,0.036008,0.55904,0.53598,0.49432,0.18321,0.030025,0.18115,0.18357,0.20544,621.97,326.19,647.19,305.38,150.78,981.26,0.062456,241.06,1
0.16324,0.44663,0.050075,0.14884,0.33113,0.2208,0.40853,0.020384,0.078682,0.19416,0.49234,0.04447,0.47051,0.48494,0.50286,0.18762,0.046005,0.165,0.17527,0.20778,637.33,366.79,613.93,254.57,117.97,223.1,0.13773,166.63,1
0.20375,0.68629,0.014049,0.13188,0.18419,0.23477,0.61849,0.031144,0.10497,0.1696,0.52956,0.030778,0.47515,0.52532,0.495,0.15577,0.020906,0.14249,0.19267,0.18749,653.55,382.73,623.77,329,148.46,424.88,0.41166,175.35,1
1.9761,0.81845,0.62628,1.3997,2.0349,1.0878,0.66664,0.8118,1.1233,1.9749,0.37079,0.092947,0.33337,0.38919,0.44793,0.14551,0.035564,0.12259,0.16519,0.19387,607.71,317.17,628.25,324.29,147.84,486.73,0.25071,230.46,1
2.4961,0.24128,2.0464,2.3681,3.6526,2.0743,0.021044,2.3616,1.4843,2.5941,0.53766,0.12283,0.45495,0.57322,0.59806,0.17412,0.043704,0.1663,0.17004,0.21263,307.97,352.97,362.04,300.56,120.23,0.28461,0.012598,60.387,0
1.0733,0.293,1.0809,1.5118,1.5299,1.1917,0.085157,0.91496,1.4313,1.4801,0.61132,0.13261,0.4591,0.60108,0.6906,0.20787,0.058428,0.13158,0.19152,0.21067,342.26,382.08,341.62,335.21,96.603,1.3088,0.011561,65.651,0
1.4501,0.29908,1.2675,1.9977,2.2453,1.1051,0.33165,0.90732,1.3343,1.4337,0.44013,0.15226,0.47129,0.56118,0.66808,0.17626,0.056822,0.16887,0.14384,0.19473,412.22,376.21,447.45,332.39,116.16,43.003,0.040705,164.44,0
1.2512,0.66556,1.1193,1.8114,2.0548,1.1707,0.47435,0.91676,1.0782,2.0839,0.59104,0.11609,0.50278,0.60579,0.63546,0.19292,0.066864,0.17142,0.16078,0.22998,290.82,347.3,285.02,347.16,164.07,854.25,0.17103,163.85,0
2.039,0.52286,2.0297,1.9336,2.0209,1.6114,0.35935,1.3319,1.4987,2.2688,0.3707,0.12461,0.27611,0.41603,0.39838,0.11475,0.05054,0.10469,0.13376,0.15217,512.21,301.63,580.7,384.84,148.6,61.079,0.34502,205.58,1
1.844,0.70321,0.32131,0.94885,0.78534,0.65328,0.71022,0.52529,0.96574,0.73478,0.40053,0.067571,0.34308,0.39143,0.45663,0.15104,0.031263,0.11159,0.137,0.16964,600.91,329.96,543.2,340.17,197.35,604.64,0.084121,246.81,1
1.6469,0.56869,0.44404,0.64678,1.2242,1.6197,0.50619,0.61792,1.0586,1.2459,0.31866,0.055449,0.32238,0.37444,0.33396,0.091228,0.030262,0.096482,0.1227,0.16026,641.01,349.82,704.16,274.82,151.62,200.91,0.23085,178.14,1
1.5246,0.49107,0.38378,0.6491,1.5977,1.4026,0.40682,0.48424,0.77322,1.397,0.52246,0.083449,0.29144,0.41415,0.42672,0.12334,0.034643,0.11722,0.1629,0.14853,607.97,392.23,634.69,388.08,115.58,163.11,0.17513,144.53,1
1.8698,0.33349,1.8779,1.6281,2.6233,1.9823,0.11253,1.8355,1.4453,1.9016,0.54043,0.14141,0.36659,0.53194,0.57627,0.1016,0.050228,0.098193,0.13473,0.14865,294.23,358.37,405.26,362.66,108.62,3.6998,0.080821,89.807,0
1.5081,0.14264,1.9915,1.7768,1.3329,1.736,0.048393,1.0829,1.5484,2.4117,0.5601,0.14939,0.53596,0.66424,0.65219,0.18258,0.042318,0.17974,0.18934,0.21029,384.05,380.06,372.71,367.71,52.697,1.4283,0.0070038,34.022,0
0.0093617,0.067672,0.002945,0.0063929,0.019905,0.0068153,0.081047,0.00075308,0.0027762,0.031477,0.53774,0.022177,0.60724,0.59468,0.60653,0.19717,0.01404,0.19627,0.21877,0.23041,658.68,335.88,684.73,347.77,66.957,782.79,0.17226,116.04,1
0.90027,0.77159,0.70584,1.0876,2.1975,1.64,0.62616,0.46655,0.84651,1.4646,0.41313,0.089523,0.33262,0.43779,0.56215,0.1364,0.046695,0.10795,0.14221,0.15855,626.21,338.55,610.03,324.95,129.75,151.86,0.099256,127.51,1
1.8742,0.84654,0.89025,1.4682,1.9164,1.4284,0.75162,0.6211,1.7648,2.0781,0.46135,0.079042,0.35324,0.51544,0.46237,0.14213,0.042384,0.092054,0.14631,0.14648,556.43,298.44,522.52,355.49,183.41,375.99,0.20991,221.84,1
0.18052,0.13075,0.089172,0.12629,0.13462,0.15358,0.09795,0.018361,0.068455,0.075067,0.47127,0.027868,0.53445,0.50255,0.53815,0.17096,0.016779,0.17652,0.16525,0.19777,594.72,386.83,515.83,355.82,39.782,1181,0.16931,114.63,1
2.9607,0.82238,1.4327,2.0386,2.0037,1.4767,0.61834,1.9206,1.9933,2.1466,0.48901,0.12066,0.41615,0.52512,0.54841,0.17297,0.044456,0.11634,0.17596,0.16108,588.88,300.18,570.48,293.15,184.26,185.08,0.042873,243.8,1
1.7659,0.62679,0.76159,0.94925,1.8793,1.392,0.48252,0.93104,1.1255,1.8871,0.40329,0.084207,0.2965,0.40148,0.48643,0.10925,0.0359,0.084996,0.1328,0.15502,592.94,336.78,637.65,403.2,121.86,188.71,0.043524,195.31,1
0.47289,0.7512,0.26588,0.49372,1.0922,0.71893,0.59947,0.19232,0.73967,0.9118,0.46631,0.097625,0.4499,0.52222,0.47457,0.16076,0.05073,0.13976,0.14407,0.1978,582.75,334.83,571.12,289.83,188.09,1187,0.068834,236.65,0
2.8339,0.50334,2.352,2.6925,3.8178,2.74,0.17593,2.4611,2.6995,3.286,0.43678,0.1318,0.35934,0.52667,0.59398,0.13883,0.053058,0.13101,0.155,0.20126,431.39,354.35,541.2,310.35,94.978,2.6356,0.026579,91.092,0
0.80623,0.21382,0.2489,0.49437,0.65294,0.66773,0.32019,0.2419,0.36628,0.68072,0.4498,0.11121,0.37578,0.43086,0.50166,0.1243,0.04685,0.096973,0.13424,0.18127,590.79,334.43,562.67,399.97,115.02,164.71,0.10346,185.03,1
2.5216,0.95266,0.71433,2.1062,2.0272,1.7363,0.9451,1.2589,1.5003,2.0633,0.35501,0.065911,0.34278,0.31494,0.42382,0.14164,0.038983,0.097001,0.15189,0.16509,611.47,352.61,660.4,265.21,216.27,330.22,0.75642,241.98,1
2.6635,0.82969,2.7658,2.4548,3.1932,2.6463,0.48233,1.9877,2.1569,2.983,0.48792,0.14256,0.3651,0.53231,0.53714,0.13408,0.048502,0.11269,0.14237,0.17364,524.88,331.74,542.48,327.96,177.04,80.68,0.22953,190.67,0
0.55399,0.50043,0.19289,0.50118,0.37613,0.17548,0.3553,0.074244,0.23523,0.4565,0.53632,0.08034,0.44793,0.43939,0.55047,0.17548,0.036901,0.15177,0.17626,0.19559,554.65,324.65,563.54,314.37,161.29,1011.9,0.5667,344.64,1
0.80942,0.34072,0.47459,0.71152,1.3262,0.89881,0.19946,0.63932,0.95923,1.1506,0.37504,0.059886,0.2933,0.36778,0.46812,0.099414,0.042675,0.0837,0.10951,0.15461,627.54,375.16,639.71,395.69,103.51,133.3,0.14147,97.923,1
1.4173,0.2891,0.31842,1.4687,1.2799,0.92027,0.32084,0.34841,0.42897,1.3251,0.62102,0.11213,0.52407,0.55841,0.65992,0.18692,0.058486,0.1291,0.1803,0.20663,408.74,308.43,400.77,328.82,159.57,189.13,0.02727,178.34,0
0.4022,0.20312,0.27303,0.40249,0.32325,0.36173,0.26496,0.16608,0.22859,0.45954,0.40238,0.10727,0.36638,0.39682,0.44209,0.1368,0.036872,0.10167,0.1308,0.17677,626.58,323.93,646.83,370.18,105.86,339.25,0.031633,159.47,1
0.76111,0.4251,1.1005,0.64704,0.74796,1.0302,0.42488,0.40609,0.91051,1.8289,0.56858,0.068701,0.53544,0.65078,0.58659,0.1969,0.048867,0.17715,0.15997,0.20041,392.04,338.95,348.19,343.44,127.51,581.85,0.014271,136.27,0
0.081177,0.21877,0.031832,0.092861,0.14291,0.19186,0.38925,0.039008,0.11706,0.30739,0.35684,0.061039,0.39731,0.37988,0.47932,0.14349,0.026478,0.12242,0.16103,0.16789,627.33,376.31,631.1,358.47,114.01,411.99,0.0787,158.65,1
0.35532,0.44921,0.52727,0.86574,0.86098,0.61162,0.30121,0.36602,0.32012,0.76474,0.60201,0.070729,0.54625,0.65016,0.69845,0.19204,0.036631,0.16675,0.20203,0.18565,338.25,332.71,389.47,325.54,135.43,882.64,0.16201,228.27,0
1.7001,0.80944,1.6169,1.9624,2.0374,1.33,0.59644,1.3285,1.2389,1.9269,0.47648,0.1198,0.32677,0.46717,0.58496,0.12818,0.05972,0.11907,0.14782,0.1898,461.08,304.18,523.28,312.46,129.23,310.21,0.17219,200.58,0
0.27274,0.55826,0.15048,0.17291,0.51781,0.41988,0.54053,0.10264,0.24135,0.75725,0.49216,0.062601,0.41391,0.44931,0.54357,0.1503,0.037256,0.1384,0.16978,0.18434,627.47,322.99,575.51,325.31,143.96,343.48,0.062223,234.46,1
1.1064,0.47734,0.70961,0.69436,1.1285,1.0626,0.57945,0.56041,0.90985,0.72056,0.34707,0.068055,0.30366,0.3477,0.40788,0.10012,0.026956,0.113,0.11771,0.1549,638.11,293.35,688.75,357.65,156.52,251.9,0.29426,163.83,1
0.90732,0.62664,0.41264,0.65908,0.91944,0.82332,0.97983,0.32374,0.54563,1.0474,0.51318,0.10082,0.47101,0.60722,0.56416,0.18767,0.048379,0.16883,0.17338,0.18192,532.07,337.35,542.76,264.15,186.47,1435.5,0.12569,240.91,0
0.54927,0.84773,0.47246,0.65464,0.95955,1.0919,1.0084,0.52183,0.64997,1.2843,0.32007,0.082356,0.39079,0.34624,0.39952,0.11094,0.04451,0.099763,0.12916,0.14497,576.22,355.69,621.63,344.09,157.09,674.8,0.13111,160.81,1
2.1599,0.84086,2.5837,3.2617,3.8423,2.91,0.43879,1.9655,2.5539,2.8702,0.3751,0.13993,0.33281,0.39918,0.49018,0.099892,0.048029,0.064833,0.13463,0.13562,595.74,390.82,572.6,366.78,193.21,8.0965,0.034409,177.37,0
0.21274,0.10194,0.23115,0.32762,0.29442,0.15736,0.042979,0.14864,0.17881,0.42035,0.69021,0.067246,0.6821,0.72189,0.754,0.23496,0.045132,0.20801,0.21293,0.25609,227.46,377.58,108.29,234.86,90.162,504.5,0.28243,51.661,0
1.0987,0.3073,0.41629,0.69053,1.3365,0.95876,0.28215,0.57541,0.95543,0.99531,0.48415,0.08918,0.40269,0.52609,0.54028,0.14776,0.043028,0.14259,0.18291,0.16173,596.88,347.46,555.67,306.43,138.82,272.9,0.10254,88.241,1
2.4819,0.59061,1.6581,2.0852,1.9736,2.0753,0.2385,1.6584,2.5391,2.5226,0.3072,0.11689,0.27177,0.33219,0.47442,0.089035,0.051386,0.06331,0.12361,0.17297,542.06,340.98,493.59,409.21,87.922,163.03,0.10797,107.36,0
1.406,0.61392,0.68454,1.3571,1.7968,1.7301,0.8535,0.69216,1.0389,1.5355,0.33487,0.10774,0.4007,0.43929,0.45216,0.1135,0.046261,0.093201,0.1282,0.16433,624.96,366,637.46,364.25,176.37,393.82,0.21099,225.16,1
0.46014,0.099814,0.056081,0.08571,0.20749,0.17769,0.11804,0.061765,0.15999,0.29357,0.43618,0.040756,0.38956,0.52474,0.44448,0.14616,0.025066,0.13649,0.1652,0.18018,642.81,349.28,652.02,378.59,67.773,415.5,0.20689,95.476,1
0.44351,0.40432,0.35876,0.5902,1.1496,0.59143,0.21264,0.16124,0.23146,0.87912,0.63213,0.056361,0.57891,0.64423,0.70219,0.21529,0.041437,0.16549,0.16614,0.19122,365.96,359.51,406.5,355.78,142.86,795.31,0.034981,183.49,0
2.2046,0.62251,1.8536,1.8167,2.9723,1.7335,0.34765,1.3098,1.9441,2.4556,0.46088,0.13243,0.40365,0.55625,0.63223,0.10801,0.055002,0.11088,0.16985,0.16151,430.39,365.59,385.1,356.57,106.18,70.787,0.18491,95.148,0
0.70429,0.52921,0.34165,0.28419,0.95182,0.76069,0.58983,0.19076,0.4276,0.73369,0.43804,0.085778,0.39214,0.43961,0.48916,0.16882,0.031849,0.11958,0.14321,0.15428,616.3,328,600.81,359.84,191.19,466.8,0.16064,244.61,1
0.87762,0.58204,0.79016,1.3076,1.4401,0.96514,0.46449,0.43265,1.4347,1.521,0.41433,0.070571,0.39202,0.48465,0.44624,0.14456,0.035184,0.11605,0.14819,0.15667,503.62,331.01,360.07,350,126.5,1403.9,0.27954,222.34,0
2.7685,0.80279,1.8519,2.5583,3.6869,2.5992,0.33397,1.5396,2.4408,2.3188,0.52428,0.13096,0.34364,0.48931,0.52399,0.16517,0.059595,0.10996,0.15976,0.16858,503.73,291.13,574.84,345.76,146.15,80.162,0.052181,149.26,0
0.87787,0.23716,0.61302,0.78421,0.89556,0.75107,0.26501,0.28054,0.64839,0.70011,0.46564,0.091419,0.41396,0.44607,0.36371,0.11544,0.055402,0.13035,0.12367,0.16904,599.38,360.17,566.8,364.66,113,365.48,0.061264,165.6,1
0.034117,0.10325,0.0090852,0.018001,0.053273,0.040853,0.057688,0.0031797,0.0058029,0.050594,0.48301,0.046634,0.44177,0.52412,0.48504,0.18677,0.021617,0.14545,0.1632,0.21107,652.67,395.1,679.85,402.16,31.036,589.59,0.10708,75.54,1
3.3587,0.71951,2.8022,2.7202,4.0675,2.4718,0.20532,2.4601,3.1103,2.7626,0.52125,0.10987,0.25745,0.45663,0.55534,0.14091,0.045298,0.12485,0.16106,0.17144,481.02,349.28,422.25,311.73,131.43,41.343,0.094878,128.18,0
1.3184,0.33372,1.5353,1.6454,1.9533,2.0955,0.24147,1.6012,1.5306,2.1677,0.50033,0.14073,0.43708,0.55065,0.62564,0.11847,0.051432,0.12421,0.15322,0.15164,393.9,362.72,458.03,365.91,110.89,62.163,0.091325,78.956,0
0.42481,0.34667,0.058225,0.15747,0.53508,0.25499,0.25719,0.11499,0.25402,0.37521,0.44274,0.084067,0.40876,0.40507,0.43719,0.12032,0.018041,0.090036,0.1608,0.17677,644.25,337.02,652.59,372.21,92.287,212.41,0.13782,112.89,1
2.8381,0.5439,2.1677,2.8321,3.2001,2.7854,0.255,2.9594,2.7286,3.3846,0.43426,0.14531,0.30476,0.50627,0.57874,0.14268,0.050432,0.08864,0.16891,0.16618,437.89,376.89,476.26,365.35,122.21,58.868,0.13161,105.86,0
0.72397,0.28922,0.65242,0.61082,1.0338,0.60176,0.30043,0.47042,0.55154,0.70021,0.40787,0.072943,0.36533,0.43769,0.44141,0.14789,0.041119,0.11167,0.12866,0.16997,615.38,379.15,608.42,346.37,110.36,617.43,0.15238,186.55,1
1.3841,0.45483,0.82873,1.2458,1.1301,1.514,0.37788,0.74088,1.8079,1.1323,0.40746,0.12135,0.35593,0.48552,0.44562,0.15429,0.0382,0.091602,0.13482,0.17437,439.39,380.23,495.21,376.68,87.04,129.3,0.38312,94.201,0
1.2539,0.17541,1.4724,1.808,1.1688,1.4062,0.11967,0.70487,1.1371,1.5928,0.56114,0.14713,0.41423,0.59953,0.62011,0.13118,0.045671,0.1197,0.14056,0.18254,346.16,378.73,253.19,399.97,96.188,33.51,0.028199,117.12,0
3.2132,0.45287,2.1991,2.4027,2.7656,2.2104,0.21291,1.7266,2.532,2.9023,0.3887,0.088999,0.26713,0.32727,0.45221,0.081325,0.040356,0.066765,0.099009,0.14531,554.29,369.99,478.75,412.77,109.42,103.97,0.13451,118.39,0
0.38852,0.3129,0.32606,0.12807,0.31651,0.55602,0.49544,0.17283,0.23719,0.51831,0.51836,0.04972,0.49475,0.522,0.47575,0.16417,0.028598,0.16326,0.19255,0.21918,641.84,320.11,513.82,351.38,126.41,619.08,0.27559,228.63,1
0.0016571,0.011587,0.02449,0.020074,0.0071302,0.0069651,0.0064002,0.0031314,0.0026096,0.026907,0.72186,0.01996,0.72792,0.76332,0.78087,0.24531,0.050439,0.22825,0.22769,0.26311,103.86,438.68,57.565,257.39,66.857,132.78,0.018411,137.06,0
1.8098,0.70939,1.2744,1.4244,2.2851,1.8746,0.80152,1.4577,1.6122,1.8394,0.45871,0.1494,0.43163,0.52655,0.59806,0.14422,0.050685,0.1074,0.17442,0.17373,413.54,345.54,547.3,337.47,169.59,258.88,0.1651,182.14,0
1.297,0.45732,1.4776,1.1153,1.1423,1.3868,0.37706,0.78639,0.9971,1.4024,0.38425,0.094344,0.40248,0.52587,0.44304,0.15062,0.039892,0.098203,0.12366,0.14968,504.09,373.21,538.33,303.19,129.01,258.89,0.040133,75.111,1
1.0683,0.77223,0.36603,0.47325,1.5939,0.51701,0.7121,0.13381,0.41925,0.62638,0.42612,0.10429,0.44801,0.51538,0.56806,0.18073,0.048711,0.14828,0.16722,0.21134,621.17,286.74,676.99,255.59,180.5,346.95,0.084607,178.03,1
2.6113,0.88325,1.7313,2.0976,2.8643,2.6199,0.76976,2.0057,2.5202,2.7385,0.39406,0.145,0.3696,0.43698,0.46726,0.1093,0.0432,0.10896,0.12704,0.15666,582.36,276.52,601.1,316.09,180.06,210.42,0.1629,284.77,1
2.6771,0.77814,1.1935,2.0145,3.2252,2.166,0.49507,1.7479,1.5634,1.7664,0.40003,0.12136,0.31421,0.41502,0.55096,0.14552,0.051251,0.11743,0.14731,0.18554,506.69,323.27,540.97,380.75,160.38,239.8,0.16956,177.7,0
2.6528,0.65715,1.8041,1.321,2.3521,2.0729,0.45544,1.8916,2.3402,2.3029,0.40327,0.092351,0.32989,0.3934,0.4114,0.11404,0.050759,0.10012,0.12946,0.12446,541.06,368.3,535.18,310.26,118.1,130.26,0.12118,140.48,1
1.1812,0.30899,1.8466,1.4569,2.0972,1.8873,0.1501,1.7409,1.7013,1.7912,0.4357,0.11618,0.40602,0.52944,0.58314,0.13666,0.044995,0.12829,0.14338,0.18892,490.7,405.08,378.69,344.6,98.291,88.605,0.13076,107.48,0
2.3194,0.87466,1.1614,1.4863,2.8338,1.8582,0.90069,1.2302,2.3931,2.3222,0.37194,0.10138,0.2723,0.44521,0.53744,0.11891,0.0522,0.10019,0.14981,0.15246,571.64,259.02,605.03,298.08,187.45,537.28,0.20139,226.76,1
3.2667,0.63795,2.0579,1.6267,2.4629,2.6139,0.44862,1.9544,2.2116,2.2684,0.32825,0.14445,0.23354,0.34966,0.4896,0.08616,0.049922,0.055426,0.10834,0.14469,558.95,329.4,626.79,421.91,133.73,56.256,0.20137,171.27,1
1.3099,0.60341,0.4498,1.013,0.67028,0.83635,0.98082,0.32738,0.87327,1.2582,0.36864,0.096477,0.30018,0.41381,0.53102,0.13229,0.037498,0.10317,0.1488,0.17559,624.5,295.25,688.15,303.87,212.88,630.87,0.23296,290.28,1
1.8035,0.27477,0.3667,0.44053,0.75129,0.48961,0.55476,0.40942,0.65149,1.2327,0.31096,0.099326,0.32511,0.44815,0.41123,0.14405,0.030731,0.11678,0.13881,0.15413,630.23,337.7,658.63,382.8,128.86,183.39,0.089543,183.12,1
0.48733,0.60485,0.14065,0.30794,1.1249,0.29687,0.39778,0.11839,0.35535,0.5115,0.40779,0.057601,0.40375,0.33298,0.31959,0.11882,0.031576,0.10707,0.14605,0.14719,574.81,348.84,605.41,382.25,111.05,966.39,0.29064,182.46,1
2.8274,0.71257,2.8945,3.1737,4.0431,3.165,0.51948,3.2689,3.2023,3.5884,0.20243,0.11508,0.21609,0.30365,0.41545,0.073287,0.041617,0.054232,0.10067,0.097615,615.4,318.21,665.83,290.22,176.18,13.438,0.090763,273.01,1
1.2368,0.53746,0.58568,0.89034,1.3579,1.231,0.51804,0.62507,1.0597,1.1768,0.36468,0.074358,0.32835,0.36068,0.46909,0.10865,0.034724,0.11065,0.14543,0.15484,625.5,358.32,663.74,351.93,154.23,267.17,0.20636,158.84,1
3.2247,0.87066,2.2286,3.2041,2.6187,2.9967,0.61629,1.8621,2.4101,2.535,0.32573,0.13615,0.3317,0.50533,0.48311,0.12914,0.048773,0.086753,0.14146,0.17157,418.33,382.88,549.22,361.63,159.54,274.6,0.22931,214.26,0
3.1079,0.70358,3.0473,2.706,4.0019,2.5217,0.28923,2.7164,2.5067,2.9654,0.44226,0.1458,0.32748,0.4574,0.55307,0.13747,0.056785,0.11671,0.14214,0.19386,539.22,313.67,554.93,355.58,136.96,4.6552,0.04873,120.8,0
2.0959,0.67975,1.1909,1.7404,2.2359,1.9441,0.53762,1.4914,1.55,2.1126,0.43245,0.091943,0.37299,0.46226,0.50365,0.14439,0.038547,0.12741,0.14822,0.16227,547.53,365.01,618.64,332.74,145.7,109.83,0.14782,189,1
2.4529,0.581,1.7295,2.4484,2.9988,2.1634,0.37843,1.9399,2.2617,2.817,0.46864,0.10732,0.32577,0.49651,0.51347,0.10626,0.049751,0.092889,0.13304,0.15403,535.51,321.38,583.68,291.15,160.85,62.707,0.10083,153.53,1
1.8372,0.32078,1.5315,1.9216,2.6771,2.486,0.14321,1.577,1.7065,2.0005,0.43126,0.088527,0.37873,0.55225,0.45388,0.14471,0.043223,0.10655,0.14159,0.18296,578.43,341.77,533.06,344.33,108.24,90.742,0.15104,135.02,1
1.095,0.31178,0.69989,0.73509,1.0474,0.81401,0.33961,0.5849,0.62049,1.4721,0.52142,0.091247,0.4219,0.61175,0.59208,0.14162,0.038436,0.15516,0.14326,0.18947,513.12,312.75,415.14,350.31,101.36,957.58,0.27687,153.17,0
1.4901,0.51978,1.0533,2.1943,1.1839,1.6353,0.35998,1.5137,1.4724,1.5719,0.42193,0.11977,0.40005,0.38139,0.43723,0.14074,0.049194,0.11469,0.13356,0.17998,403.35,300.21,438.9,403.85,137.28,302.35,0.68107,205.99,1
0.25706,0.13504,0.1139,0.25085,0.26656,0.12068,0.18431,0.039737,0.1205,0.30574,0.55597,0.095424,0.56745,0.56901,0.66291,0.1983,0.035748,0.18522,0.16967,0.22183,352.84,383,358.43,299.57,114.83,1489.2,0.48126,197.93,0
2.4894,0.70483,1.9139,2.1478,3.3078,1.7806,0.40322,1.6065,1.7133,2.4606,0.5417,0.16445,0.44135,0.57774,0.57605,0.14368,0.05569,0.1144,0.15895,0.19154,434.14,323.94,360.26,391.16,133.04,191.27,0.12181,178.26,0
2.572,0.74259,2.1239,2.1742,3.4425,2.6255,0.34821,1.6555,2.1201,2.6182,0.43741,0.12863,0.33396,0.48283,0.51216,0.13965,0.05305,0.095046,0.15173,0.13614,419.87,331.28,471.71,331.52,150.46,47.25,0.17446,160.53,1
2.218,0.5176,0.82238,1.808,1.7781,1.4124,0.53806,1.2773,0.99999,2.0137,0.36355,0.093305,0.35889,0.44516,0.4728,0.12962,0.045817,0.091657,0.15183,0.17666,572.49,369.02,615.3,401.31,140.15,116.87,0.11929,130.15,1
0.14018,0.46981,0.10468,0.26265,0.23431,0.14862,0.27089,0.027996,0.037015,0.14554,0.6538,0.041938,0.57296,0.62915,0.68572,0.22964,0.050231,0.19133,0.20775,0.23202,524.71,333.18,394.48,254.73,181.68,2629.1,0.080434,386.47,0
0.052094,0.095526,0.00805,0.013208,0.078516,0.048985,0.064642,0.0025433,0.015562,0.058321,0.58263,0.027521,0.53988,0.52776,0.6262,0.21201,0.012676,0.17811,0.20801,0.21574,626.68,352.02,507.91,195.41,69.588,341.1,0.44776,103.27,1
2.7671,0.48219,2.0065,2.4067,2.2573,1.9256,0.14381,1.9644,1.8724,2.6734,0.45269,0.14342,0.35734,0.49332,0.55631,0.13171,0.032477,0.097124,0.15624,0.1229,492.94,349.43,420.39,378.87,89.335,13.433,0.031169,73.575,0
0.9737,0.44241,0.36483,0.44695,0.52629,0.35971,0.71332,0.15779,0.41132,0.64431,0.51316,0.084261,0.39318,0.51254,0.58078,0.14742,0.04138,0.16046,0.17969,0.21759,547.73,345.88,458.58,353.43,135.88,935.46,0.15192,219.59,1
1.9444,0.52645,1.3771,1.9529,2.4365,1.9491,0.38271,1.6775,2.0377,1.7258,0.4207,0.12389,0.3488,0.48311,0.46637,0.13685,0.047403,0.11603,0.14096,0.16734,501.5,318.24,551.18,356.63,108.92,67.27,0.026514,112.63,0
0.52586,0.59239,0.14909,0.28886,0.50534,0.2592,0.36323,0.080973,0.17969,0.42589,0.53064,0.056183,0.44515,0.54877,0.54,0.17871,0.03614,0.13943,0.17929,0.22623,613.15,351.91,535.71,330.33,141.41,678.56,0.16453,253.4,1
0.11776,0.2994,0.090416,0.20491,0.13417,0.11449,0.33039,0.020363,0.050912,0.19074,0.54333,0.056569,0.53,0.48423,0.61475,0.16766,0.028516,0.17747,0.17194,0.20746,519.5,348.12,568.57,305.74,124.43,1848.3,0.090617,305.23,0
2.5311,0.53811,2.8084,3.2072,3.4502,2.9303,0.25167,1.948,2.5251,2.9119,0.51451,0.14819,0.36706,0.53059,0.60858,0.18305,0.057291,0.14353,0.1496,0.21419,375.48,368.9,314.85,290.61,148.88,47.816,0.29369,118.57,0
0.72345,0.76332,0.18304,0.43956,0.74075,0.9361,0.62882,0.18559,0.40146,0.87834,0.46858,0.089011,0.36701,0.41713,0.4829,0.17709,0.048629,0.1428,0.17262,0.14629,596.82,321.74,594.23,252.78,144.85,1215.7,0.060086,250.93,1
0.25292,0.72459,0.093426,0.27427,0.40724,0.34122,0.89679,0.046196,0.12569,0.73741,0.51596,0.047411,0.52658,0.47691,0.60845,0.1823,0.036501,0.15364,0.18181,0.20663,625.92,335.1,589.42,256.58,215.07,501.63,0.10446,314.35,1
2.1806,0.50001,1.5176,2.3277,2.3181,2.2408,0.45008,1.603,2.0003,2.0044,0.48861,0.13109,0.42907,0.51752,0.5992,0.14518,0.054223,0.1364,0.1671,0.18522,457.41,335.08,395.39,373.92,155.07,55.348,0.42338,163.05,0
0.34177,0.17358,0.1032,0.13225,0.17714,0.21648,0.15505,0.12883,0.3303,0.34743,0.46003,0.080807,0.38983,0.52006,0.56396,0.14491,0.03632,0.11663,0.17779,0.20299,646.76,329.59,682.28,356.59,74.51,475.37,0.22442,151.29,1
1.7117,0.31432,2.5109,2.9411,2.8157,2.3279,0.11572,2.0504,2.2415,2.8522,0.49184,0.14754,0.42288,0.55119,0.59725,0.14841,0.04215,0.12048,0.15143,0.1871,311.28,372.77,373.61,364.06,76.017,11.185,0.042325,52.401,0
1.6377,0.30549,0.54946,1.4194,1.9219,1.0013,0.26428,0.43092,0.86796,1.7555,0.51726,0.12088,0.36183,0.51803,0.6087,0.14798,0.05197,0.12582,0.12973,0.2023,515.33,357.01,460.25,364.47,163.44,221.9,0.052837,183.23,0
2.0775,0.36639,1.6029,1.751,2.01,1.7394,0.1626,1.7611,1.3223,1.6244,0.54887,0.13596,0.36348,0.53475,0.60793,0.16808,0.044758,0.13853,0.15231,0.18472,425.73,314.77,330.34,334.53,89.894,200.33,0.54552,148.79,0
2.1367,0.90392,0.99387,1.7364,2.1436,2.2279,0.99849,1.0911,1.8194,2.3521,0.34691,0.10122,0.28759,0.38035,0.40202,0.11127,0.045996,0.08471,0.12357,0.14917,612.52,311.87,641.62,385.51,165.89,372.24,0.16528,282.36,1
0.061719,0.21252,0.02554,0.079111,0.089203,0.067132,0.26805,0.017966,0.031264,0.16281,0.52275,0.032925,0.63471,0.63893,0.58063,0.23016,0.014451,0.20367,0.18892,0.18178,503.77,356.89,499.31,304.04,117.5,2566.4,0.23413,244.26,0
2.5892,0.61447,2.096,1.2246,2.9727,1.6421,0.47397,1.2118,1.9597,2.4664,0.61436,0.10744,0.43497,0.50996,0.57183,0.19127,0.04996,0.13492,0.16927,0.15751,438.63,337.29,495.65,309.68,182.93,62.249,0.037843,187.26,0
0.68588,0.19885,0.6832,0.39912,0.58915,0.32677,0.38545,0.53538,0.69406,1.0062,0.33379,0.10076,0.37055,0.48294,0.46248,0.16404,0.037819,0.14218,0.1867,0.18225,501.74,361.78,556.08,358.62,105.17,391.41,0.252,102.3,1
1.8512,0.43855,1.0178,0.78363,1.6248,1.0581,0.39741,1.1494,0.92421,1.5097,0.3856,0.079001,0.3915,0.44054,0.41247,0.12174,0.026428,0.10326,0.12832,0.1648,646.5,371.9,693.46,389.12,101.73,68.703,0.088307,148.19,1
1.9036,0.37745,1.1021,1.8568,1.9927,1.9206,0.12327,1.3983,1.5411,2.0858,0.42901,0.1304,0.2693,0.45484,0.56368,0.11529,0.039772,0.079053,0.12891,0.16107,577.71,318.65,627.77,373.88,74.141,90.575,0.15714,60.274,1
0.2322,0.74894,0.14863,0.25178,0.19902,0.20959,0.5812,0.049265,0.08723,0.3369,0.55207,0.043998,0.47363,0.56051,0.61642,0.19971,0.036304,0.15984,0.15383,0.17978,582.84,321.03,608.31,352.29,172.51,1028.3,0.053989,240.88,1
1.8024,0.49964,0.85876,1.1607,1.7852,1.0716,0.4084,0.63076,0.91959,1.1703,0.33362,0.10687,0.27703,0.32972,0.41557,0.087833,0.044009,0.10097,0.12682,0.14194,609.86,295.56,611.53,383.1,102.54,162.52,0.10527,141.85,1
1.6189,0.35386,0.91985,0.9341,1.3933,1.4946,0.41038,0.9509,1.2046,1.7853,0.34506,0.095476,0.2139,0.34858,0.43112,0.12663,0.045953,0.077008,0.11935,0.13035,606.3,331.99,660.11,372.45,120.88,170.77,0.2241,136.41,1
1.5773,0.58189,1.2796,1.0735,1.9498,1.9211,0.48893,1.0496,0.93121,1.5554,0.36148,0.085545,0.29592,0.46238,0.41469,0.10578,0.035684,0.10408,0.11811,0.15149,570.68,309.96,593.77,369.01,106.91,369.77,0.44128,130.01,1
2.1494,0.54881,1.3882,1.7974,1.6059,1.7397,0.40788,1.0489,1.4198,1.5832,0.43977,0.14901,0.52158,0.6179,0.61218,0.16786,0.052933,0.13296,0.14157,0.16836,260.37,300.94,454.67,318.2,168.46,280.69,0.21887,123.03,0
1.8284,0.32436,1.2121,2.5301,2.6033,1.8332,0.22187,1.5217,2.078,2.06,0.35672,0.097232,0.36293,0.42943,0.56848,0.12321,0.046432,0.102,0.14268,0.14317,391.62,363.24,519.87,396.57,81.844,8.3955,0.016848,50.15,0
0.88785,0.21351,1.0559,1.3511,2.2355,0.81395,0.098861,1.2639,0.99306,1.4191,0.50673,0.1092,0.49028,0.50597,0.66429,0.16373,0.059408,0.13212,0.17021,0.18225,305.09,326.94,316.48,375.39,90.738,52.491,0.052136,72.37,0
1.0181,0.83257,1.2986,0.74075,1.6588,0.6757,0.54353,1.1897,1.2268,2.132,0.49873,0.099426,0.51383,0.54618,0.52108,0.18881,0.052915,0.14149,0.12602,0.19026,350.7,337.52,449.99,311.98,146.78,711.94,0.2164,213.82,0
1.6917,0.57657,2.0467,1.383,2.2345,1.8194,0.45726,1.0064,1.2862,1.5622,0.57382,0.14039,0.43663,0.53798,0.51546,0.15899,0.06015,0.1095,0.14562,0.17917,410.02,379.32,463.24,321.11,149.15,269.31,0.15827,165.51,0
1.3549,0.89709,0.4963,1.3521,1.3479,1.2036,0.6885,0.20958,0.89925,1.153,0.41813,0.075098,0.41815,0.48241,0.5116,0.13806,0.041073,0.12638,0.13714,0.20383,602.72,368.56,612.38,294.12,152.06,418.71,0.063461,210.63,1
0.053997,0.1355,0.0084352,0.017897,0.058889,0.029895,0.19625,0.0016909,0.010217,0.031489,0.4857,0.054759,0.45002,0.50092,0.56355,0.17712,0.02526,0.10557,0.17833,0.17126,642.85,390.78,629.1,367.26,75.951,790.6,0.23296,97,1
0.56166,0.24438,0.15525,0.15684,0.41871,0.45521,0.21452,0.088186,0.16259,0.32384,0.44228,0.048785,0.37292,0.43797,0.53769,0.14871,0.034402,0.14015,0.13081,0.17811,585.2,353.88,634.22,302.12,80.617,321.26,0.087534,72.572,1
0.85149,0.2236,0.39116,0.35459,0.88925,0.69302,0.20839,0.26314,0.38538,0.63789,0.23561,0.06288,0.30532,0.27243,0.38498,0.07201,0.023168,0.081751,0.099714,0.11716,649.56,346.1,709.69,338.05,90.256,45.358,0.023786,81.904,1
1.4058,0.3767,0.42599,0.68487,1.4258,0.97118,0.28658,0.32646,0.84044,1.4385,0.44964,0.088127,0.30335,0.4482,0.45038,0.11768,0.039157,0.11055,0.13856,0.17619,613.06,365.28,601.06,401.5,150.23,212.85,0.11697,176.01,1
0.73194,0.29287,1.5176,1.4233,1.7823,1.3349,0.15588,1.3744,0.83251,1.4328,0.57414,0.12028,0.45586,0.58528,0.66368,0.16423,0.058904,0.14877,0.17892,0.21313,362.67,346.76,296.06,376.35,103.71,16.645,0.07513,95.862,0
0.43028,0.25133,0.11942,0.18551,0.43829,0.29195,0.33574,0.06008,0.16601,0.35905,0.43209,0.071081,0.39068,0.45558,0.52898,0.15397,0.027964,0.13132,0.1532,0.18884,615.76,319.93,673.73,382.79,87.578,427.22,0.054415,119.91,1
0.28407,0.24978,0.37452,0.23903,0.66463,0.37111,0.31843,0.15727,0.27897,0.35341,0.54315,0.067172,0.46315,0.4823,0.55657,0.1637,0.048785,0.14929,0.17787,0.19982,570.79,392.73,473.54,291.63,120.47,358.1,0.26014,151.14,1
2.5507,0.70901,2.1208,2.3192,3.5559,2.4422,0.60275,2.4746,2.3215,2.5715,0.33419,0.10861,0.31323,0.39208,0.40067,0.094237,0.041356,0.095381,0.11742,0.13342,564.3,330.15,587.06,347.57,144.37,55.036,0.27186,156.38,1
1.3385,0.70009,0.85976,0.86089,2.363,1.177,0.70273,0.53769,0.90744,1.526,0.37916,0.083572,0.32433,0.40471,0.39614,0.11461,0.041625,0.10394,0.11987,0.16486,586.16,339.91,560.2,384.73,154.65,647,0.40885,250.04,1
0.025227,0.050277,0.0080177,0.014049,0.026204,0.024089,0.07057,0.002132,0.0078142,0.017406,0.52708,0.045264,0.5268,0.53634,0.5854,0.20791,0.013022,0.16289,0.2168,0.21671,623.17,378.7,644.81,340.69,63.44,429.07,0.013396,43.814,1
2.2109,0.4142,1.8111,1.7152,2.0916,1.8132,0.30768,1.5747,2.1018,2.1553,0.52035,0.13817,0.41679,0.58667,0.63766,0.18075,0.046482,0.13773,0.16385,0.18373,391.37,339.51,438.55,351.98,120.55,8.6778,0.050044,87.117,0
1.3934,0.37063,1.0337,1.1715,1.824,1.1293,0.36725,0.59673,0.89854,1.33,0.45834,0.098025,0.40953,0.55771,0.50673,0.16217,0.045055,0.15662,0.13432,0.17197,418.03,329.8,330.61,299.64,110.79,805.41,0.25541,166.88,0
1.7865,0.85816,1.2107,1.3169,2.463,2.2177,0.91952,1.6139,2.1813,2.7313,0.37583,0.10799,0.24851,0.40738,0.50761,0.12459,0.051822,0.10204,0.14441,0.16836,616.7,291.45,565.72,342.44,195.47,247.94,0.14374,271.42,1
0.87462,0.34269,0.73183,0.90396,1.1077,0.58311,0.34357,0.40292,1.3481,0.96141,0.34775,0.10172,0.30614,0.46296,0.52,0.13783,0.044767,0.1128,0.15136,0.19542,633.36,352.36,644.56,304.74,127.75,139.2,0.042779,92.668,1
0.71582,0.34493,0.38134,0.81588,0.59281,1.0469,0.50068,0.21922,0.58741,0.81732,0.49388,0.11949,0.48705,0.63543,0.50935,0.18519,0.026783,0.14989,0.15938,0.19252,400.81,285.84,475.43,233,128.97,1278.7,0.10391,204.51,0
0.27368,0.29067,0.072392,0.1061,0.26953,0.29278,0.38092,0.052562,0.088107,0.25503,0.45012,0.065334,0.45756,0.51493,0.511,0.158,0.039024,0.1378,0.18333,0.2193,638.73,330.05,624.53,296.01,126.29,494.91,0.21966,118.73,1
1.3988,0.22791,1.1636,2.2284,2.5032,1.273,0.12941,1.8829,1.8286,2.6903,0.61042,0.16693,0.55127,0.61104,0.70919,0.20737,0.059223,0.17418,0.19404,0.22993,289.46,350.87,277.09,283.72,134.32,1.683,0.072112,52.73,0
1.0502,0.50801,1.1755,2.0154,2.1165,2.0276,0.5555,1.6747,2.0597,2.2134,0.48709,0.11841,0.44743,0.58078,0.56924,0.16198,0.048393,0.13858,0.15795,0.22023,401.36,366.43,360.24,362.12,165.83,223.34,0.18482,130.57,0
0.6496,0.30648,0.92599,1.3357,0.98808,1.4926,0.29752,0.49039,0.37042,1.2591,0.64233,0.10108,0.49057,0.63924,0.65612,0.17594,0.052522,0.12503,0.14854,0.20819,281.86,344.85,369.74,394.57,95.392,987.74,0.36371,287.57,0
0.47922,0.078707,0.92634,0.86295,0.94535,0.99144,0.028277,0.70752,0.84099,1.1583,0.63935,0.14452,0.55764,0.67995,0.6869,0.19862,0.046656,0.14906,0.17418,0.20289,280.46,393.64,164.97,344.75,83.53,1.568,0.038205,44.313,0
0.69053,0.40646,1.0993,0.6118,0.88648,0.48543,0.34339,0.3246,0.51281,0.5452,0.52917,0.11323,0.47012,0.52773,0.62252,0.16297,0.045926,0.14071,0.14187,0.20319,533.94,288.64,521.7,364.21,152.51,336.8,0.2337,168.26,0
0.95475,0.33487,0.43227,1.0609,0.85613,0.58656,0.2342,0.44853,0.52182,1.0575,0.55417,0.12293,0.59742,0.60895,0.67133,0.19455,0.042512,0.17195,0.19691,0.20576,247.02,368.4,340.06,340.91,180.46,544.72,0.076583,190.88,0
1.524,0.36683,0.89082,1.3866,1.4919,1.2724,0.22394,0.68483,1.8632,1.5364,0.43743,0.11696,0.33578,0.45534,0.5478,0.11538,0.036399,0.096891,0.12862,0.16487,546.52,363.58,550.14,408.55,117.34,152.55,0.064422,151.06,1
0.97067,0.46408,1.1297,1.1051,1.1811,0.78387,0.30269,0.78186,0.95218,1.3231,0.55377,0.10117,0.47228,0.48309,0.6166,0.18061,0.05139,0.14836,0.1715,0.22899,510.16,315.04,418.25,314.74,146.09,456.96,0.17346,261.07,0
1.3781,0.50027,0.45473,0.67306,1.2949,1.5054,0.21582,0.60299,1.0282,1.3157,0.40458,0.072929,0.33256,0.40068,0.42798,0.11122,0.030949,0.10761,0.13492,0.17696,630.01,365.56,611.58,336.58,102.44,160.04,0.21162,96.652,1
0.11367,0.19863,0.026797,0.057496,0.068219,0.048679,0.10481,0.0086433,0.039463,0.10054,0.51012,0.041152,0.48359,0.49588,0.5801,0.2016,0.01819,0.1623,0.20003,0.2205,627.56,357.13,602.97,316.17,59.519,492.07,0.048319,84.448,1
1.6484,0.81223,2.532,2.254,1.526,2.0745,0.73078,1.4637,2.0261,1.852,0.45379,0.095643,0.32328,0.47157,0.58122,0.16366,0.052291,0.10832,0.16228,0.18328,546.54,329.08,475.12,321.47,178.7,94.93,0.13393,254.66,1
0.84209,0.95652,0.17027,0.41704,0.80398,0.66227,0.88297,0.16281,0.42192,0.93581,0.50941,0.076234,0.44685,0.44232,0.51826,0.15309,0.039702,0.12836,0.17524,0.20959,626.47,300.6,639.71,344.8,191.04,670.34,0.22455,246.33,1
2.3522,0.38411,1.3457,3.051,3.1545,2.3059,0.4017,2.2557,1.8224,2.6411,0.36787,0.12904,0.30387,0.3518,0.44863,0.11388,0.031181,0.084628,0.10821,0.17098,571.73,396.51,466.82,399.09,149.04,63.929,0.12519,178,0
0.40609,0.23925,0.10267,0.20192,0.46079,0.37322,0.33809,0.13566,0.36582,0.56285,0.43613,0.040892,0.37311,0.44355,0.38161,0.1329,0.024594,0.11662,0.15058,0.16152,631.07,351.66,655.01,383.76,162.15,489.24,0.27152,245.66,1
0.67909,0.19287,0.30422,0.30827,0.63616,0.31345,0.33156,0.35851,0.26287,0.62408,0.39955,0.077454,0.45375,0.40308,0.51713,0.16555,0.030156,0.13992,0.17301,0.15076,590.59,321.76,573.08,351.46,76.409,252.31,0.083067,133.39,1
0.087534,0.27954,0.060173,0.093877,0.11373,0.1413,0.33425,0.046921,0.05379,0.092294,0.58315,0.069777,0.59658,0.6416,0.64676,0.1912,0.053168,0.19313,0.16977,0.22091,399.18,260.2,185.03,236.51,123.69,2050,0.31221,239.24,0
0.1147,0.18436,0.014373,0.041781,0.076337,0.08257,0.24145,0.0096976,0.016991,0.10439,0.56973,0.025618,0.50685,0.5744,0.55175,0.20157,0.017221,0.1776,0.20192,0.22973,652.86,350.91,598.98,272.66,127.82,811.16,0.19183,226.53,1
0.74028,0.36383,0.75051,1.0039,1.2284,1.0669,0.14195,0.8102,0.68848,1.661,0.55693,0.13618,0.44106,0.54212,0.62462,0.17086,0.056872,0.12733,0.1539,0.21741,395.02,345.26,372.88,352.35,97.495,32.112,0.089996,93.386,0
0.59827,0.48728,0.12315,0.122,0.62241,0.1614,0.44482,0.073451,0.1223,0.50909,0.52224,0.034355,0.50659,0.56932,0.57718,0.18424,0.041555,0.16976,0.18309,0.22037,630.84,316.73,560.93,236.9,188.2,620.19,0.12257,259.11,1
0.94252,0.23541,0.59673,1.2799,1.3381,0.99056,0.35123,0.70895,0.91873,1.6595,0.44138,0.11074,0.40741,0.50078,0.45436,0.14451,0.035907,0.11417,0.14566,0.13177,488.59,347.33,501.2,393.21,67.95,239.22,0.17902,97.53,1
2.2983,0.67787,1.1129,1.5825,1.7475,2.0089,0.53092,0.59396,0.87716,1.836,0.49976,0.070734,0.43081,0.37304,0.51482,0.16063,0.048248,0.12748,0.15612,0.17502,623.88,359.17,626.63,339.92,189.18,363.23,0.2466,227.4,1
2.719,0.64342,2.2548,2.5171,2.858,2.4136,0.69714,2.6566,2.5365,2.9272,0.26392,0.13593,0.25105,0.31761,0.45212,0.11231,0.042776,0.057777,0.11485,0.087437,567.65,333.46,610.53,411.28,139.22,91.919,0.3333,160.76,1
1.5059,0.85237,0.75702,1.4191,1.4093,0.85931,0.61736,0.5987,0.87995,1.5652,0.46996,0.089981,0.43966,0.51075,0.54337,0.18,0.041632,0.12854,0.14978,0.20797,523.73,303.19,465.23,311.61,158.87,1433.4,0.42204,291.16,0
1.3956,0.52323,0.75288,0.81088,1.675,1.3615,0.60255,0.65318,0.99625,1.8324,0.44235,0.053385,0.43896,0.50425,0.4338,0.16781,0.040682,0.1515,0.15755,0.19008,535.1,344.95,539.66,287.02,163.6,403.75,0.13693,168.74,0
1.8963,0.68008,1.0768,1.844,2.4608,1.5955,0.65809,1.0554,1.6191,1.7344,0.36497,0.09443,0.33665,0.38516,0.46431,0.13309,0.047369,0.10336,0.13014,0.18324,554.58,344.57,600.16,337.39,181.21,375.47,0.13985,250.54,1
1.5662,0.96775,0.59685,1.5944,1.8582,1.9716,1.0069,0.82762,1.3353,1.6473,0.46534,0.096888,0.41115,0.49608,0.55014,0.1687,0.051687,0.14158,0.17479,0.17153,577.63,325.68,626.29,319.61,207.51,639.53,0.11342,269.36,1
0.5663,0.24997,0.26738,0.18777,0.49393,0.5547,0.20779,0.13582,0.45251,0.36109,0.40038,0.06263,0.32987,0.34457,0.44339,0.116,0.032175,0.078713,0.12973,0.12608,633.98,389.79,651.43,414.13,135.53,274.03,0.060466,201.33,1
0.40659,0.26897,0.51763,0.43371,0.88528,0.6647,0.25883,0.15827,0.33143,0.90777,0.62616,0.075848,0.57186,0.63976,0.67261,0.21658,0.039038,0.20279,0.18864,0.22927,370.16,376.44,378.76,302.39,146.05,396.02,0.035672,203.07,0
1.7635,0.38366,1.1665,1.5734,2.0811,0.67411,0.28209,0.67993,1.2657,1.7671,0.55498,0.15869,0.50219,0.58101,0.66475,0.18565,0.049875,0.12363,0.17678,0.18689,250.85,344.36,282.51,364.63,145.39,435.96,0.226,98.751,0
1.1708,0.47229,0.51758,0.9325,1.4853,1.0021,0.68722,0.65819,1.2781,1.1288,0.48261,0.081449,0.33965,0.42788,0.47141,0.11895,0.050889,0.12926,0.15325,0.16404,598.32,306.1,630.15,313.77,162.55,377.81,0.47296,206.16,1
1.4514,0.5282,0.62794,0.8807,1.8196,1.3426,0.46469,1.1966,1.3722,1.6207,0.31183,0.10533,0.37484,0.35503,0.42308,0.098257,0.028481,0.083114,0.11444,0.13338,626.5,368.64,693.48,395.21,83.376,175.12,0.12815,92.5,1
1.0046,0.5719,0.51062,0.97936,0.88986,0.72351,0.54052,0.3417,1.3145,1.2848,0.55748,0.08438,0.4532,0.60825,0.62306,0.18619,0.041216,0.15183,0.15472,0.21434,459.16,346.64,306.83,286.96,172.84,1534.7,0.16577,273.41,0
0.69659,0.75691,0.093342,0.57676,0.48029,0.69182,0.8389,0.19237,0.33268,0.54656,0.5362,0.032063,0.44238,0.54419,0.46219,0.16974,0.035187,0.14,0.18534,0.20308,608.76,345.82,534.52,239.5,156.78,958.45,0.32625,267.96,1
0.63139,0.56697,0.67369,0.86542,1.3717,0.9576,0.69627,0.32559,0.57906,0.94938,0.51427,0.07986,0.50872,0.58246,0.62929,0.17931,0.044724,0.16251,0.15734,0.18919,410.83,346.01,408.27,342.8,176.39,876.39,0.54095,198.4,0
2.3963,0.22818,2.1255,2.2325,2.9751,2.6584,0.31324,2.185,2.4202,2.2725,0.33144,0.11655,0.30806,0.33908,0.50728,0.13033,0.047273,0.076434,0.12866,0.14542,513.99,344.62,594.87,347.59,131.96,16.773,0.022475,87.855,0
1.1321,0.65762,0.75035,1.8124,1.7736,1.6848,0.60598,0.83185,1.5005,1.6023,0.36175,0.082936,0.3245,0.40599,0.38539,0.13155,0.040669,0.087463,0.13275,0.16918,574.82,360.64,628.71,377.53,132.89,512.01,0.062802,222.02,1
1.6467,0.65408,0.47149,0.64563,1.2638,1.1234,0.82543,0.40296,0.82888,1.1333,0.3705,0.048894,0.36305,0.40638,0.50365,0.14525,0.037654,0.10097,0.16673,0.15875,618.65,340.4,642.8,322.63,158,375.47,0.082922,218.73,1
0.29269,0.79887,0.047715,0.084906,0.23183,0.1314,0.75144,0.024299,0.13862,0.27318,0.52993,0.025491,0.4772,0.44706,0.52212,0.1742,0.025892,0.15999,0.1965,0.22319,659.4,343.23,646.56,348.42,147.05,890.79,1.2653,268,1
1.6069,0.71623,0.57074,2.0838,2.3233,1.9154,0.4746,1.659,1.1866,2.3603,0.43212,0.083384,0.39154,0.38433,0.40441,0.14831,0.058205,0.13742,0.14495,0.14141,547.53,325.32,645.09,337.26,122.7,176.54,0.10257,133.15,1
0.13765,0.05862,0.50569,0.82363,0.76377,0.48933,0.026216,0.44851,0.46271,1.1121,0.65572,0.092773,0.63819,0.68865,0.72892,0.2193,0.05755,0.19368,0.18642,0.23729,318.26,405.61,274.52,354.99,88.045,16.735,0.010557,40.633,0
1.3705,0.457,0.7462,0.79979,1.3818,1.2279,0.42838,0.82232,1.0095,1.7392,0.55127,0.11248,0.39329,0.51179,0.56686,0.14626,0.057244,0.11455,0.1609,0.17976,550.44,304.1,440.27,379.06,161.23,321.57,0.1204,216.55,1
2.5689,0.80989,2.5817,3.0775,2.8008,2.8365,0.62817,2.5666,2.8151,2.5793,0.34937,0.12173,0.27842,0.35871,0.44499,0.090784,0.05349,0.085465,0.12243,0.15917,591.03,338.71,580.53,364.46,156.76,142.72,0.19975,208.85,1
0.040353,0.063073,0.081281,0.096617,0.15668,0.1173,0.073732,0.028337,0.050924,0.19731,0.65414,0.067933,0.64468,0.69632,0.70263,0.21837,0.04993,0.20035,0.17965,0.21599,313.78,406.08,221.77,335.57,96.818,83.254,0.030938,139.5,0
0.25252,0.42347,0.10575,0.17315,0.28777,0.25525,0.40376,0.04891,0.15848,0.43025,0.49016,0.085165,0.38343,0.43718,0.5617,0.16134,0.032241,0.12183,0.16996,0.19409,618.63,355.03,636.97,335.96,157.89,561.43,0.052323,169.04,1
2.0515,0.86175,0.46985,0.71591,1.9884,1.1911,0.9651,0.29733,0.67943,1.5727,0.43699,0.06271,0.37882,0.53616,0.45692,0.15454,0.057931,0.13629,0.14874,0.17007,583.13,390.37,563.83,300.85,193.9,522.45,0.073256,305.35,1
0.16195,0.10144,0.037053,0.074618,0.17696,0.11489,0.093598,0.013546,0.081413,0.11208,0.39649,0.054294,0.40179,0.45435,0.50088,0.14458,0.027931,0.095766,0.1457,0.15484,638.72,374.8,667.06,349.97,50.42,250.39,0.013565,39.497,1
2.7884,0.40069,2.4429,2.8441,2.8449,3.2969,0.1228,2.1478,2.1961,3.3733,0.31177,0.12815,0.27146,0.34283,0.40958,0.085889,0.039505,0.071386,0.085295,0.14337,554.59,367.19,601.67,349.02,86.333,4.1366,0.042109,150.89,1
0.827,0.88201,0.74705,1.0548,1.7089,1.9859,0.67023,1.0429,1.4716,2.4347,0.48565,0.10719,0.37496,0.43,0.5259,0.15073,0.043101,0.13311,0.17362,0.17136,542.73,352.27,580.93,339.53,164.26,375.35,0.043304,227.42,1
0.081791,0.60952,0.15122,0.33707,0.78378,0.4149,0.38919,0.074792,0.11239,0.67095,0.53458,0.082223,0.5118,0.57894,0.66329,0.21742,0.039414,0.12514,0.17926,0.22678,543.53,368.07,514.14,308.81,192.25,1017.3,0.11224,217.75,0
0.28886,0.62422,0.11221,0.1065,0.37666,0.27988,0.54816,0.019397,0.078831,0.42926,0.46171,0.083799,0.55175,0.50341,0.63799,0.18027,0.034623,0.14056,0.17251,0.16071,572.26,340.37,608.79,375.43,126.69,753.22,0.038772,278.58,1
0.35726,0.34861,0.35223,0.62052,0.59787,0.72155,0.21265,0.37304,0.44703,0.72006,0.41579,0.07712,0.28596,0.37018,0.47931,0.11286,0.043099,0.092266,0.13236,0.1842,625.53,367.14,583.65,431.13,83.13,176.72,0.10774,95.851,1
1.6057,0.91751,1.7232,2.9914,2.5995,2.1836,0.58268,1.4941,2.794,2.2247,0.53151,0.1332,0.36462,0.48494,0.5992,0.16154,0.059794,0.10551,0.16146,0.20168,480.01,315.48,403.7,322.39,160.18,119.15,0.22446,124.05,0
1.5383,0.52759,1.3684,2.0689,1.7724,2.0096,0.58431,1.0968,1.232,1.9604,0.44087,0.1114,0.34927,0.38824,0.38953,0.13453,0.053005,0.12581,0.12835,0.1985,459.6,317.63,558.81,344.65,111.72,236.74,0.72133,168.43,0
3.4261,0.95695,1.7595,2.6225,3.3312,2.4117,0.78556,1.8722,2.458,3.003,0.37307,0.12372,0.32429,0.38019,0.48115,0.12504,0.042812,0.084443,0.15122,0.15557,610.07,302.99,665.73,349.18,161.74,80.204,0.34236,213.78,1
0.41199,0.90165,0.20535,0.69436,0.66007,0.35719,0.6561,0.22839,0.49759,0.74889,0.50138,0.10213,0.47188,0.58477,0.62296,0.16684,0.047406,0.12266,0.19513,0.20741,649.67,359.13,620.37,343.96,145.86,647.92,0.20043,200.03,1
0.84331,0.18757,0.98654,1.2031,2.1345,1.2473,0.20779,1.0484,0.72008,1.4449,0.59986,0.12952,0.53166,0.65103,0.68402,0.20848,0.059687,0.16342,0.18412,0.21675,355.69,372.22,284.96,354.33,135.18,61.891,0.17627,193.29,0
0.60123,0.66935,0.32301,0.40116,1.1444,0.79806,0.53544,0.295,0.58274,0.90243,0.34104,0.043507,0.40067,0.46443,0.35924,0.10624,0.035998,0.13739,0.12776,0.13696,575.49,345.31,604.72,327.41,151.86,941.56,0.55762,197.7,1
2.0205,0.34623,0.91525,1.1579,1.5045,1.8941,0.45674,0.83201,0.78559,1.3081,0.3877,0.066932,0.28289,0.42572,0.33725,0.089104,0.025792,0.094282,0.13303,0.11092,601.72,353.1,607.85,349.2,117.37,363.72,0.28583,181.73,1
2.021,0.50813,0.89254,1.0885,1.4874,1.4613,0.3222,0.62191,1.6992,2.6311,0.49755,0.1115,0.48793,0.50378,0.60912,0.17074,0.054344,0.14295,0.16895,0.22586,498.18,286.71,491.39,330.11,142.87,262.9,0.0436,130.01,0
2.2107,0.49947,0.63889,1.1922,1.8427,1.3803,0.72873,0.78011,1.2612,2.0338,0.32323,0.0692,0.30899,0.3427,0.37265,0.13008,0.024501,0.10614,0.156,0.14434,637.2,334.57,691.94,348.69,156.05,326.87,0.23828,167.4,1
2.0442,0.5982,1.6737,1.8584,2.3257,1.9301,0.47703,0.82264,1.7429,2.0482,0.51298,0.13342,0.36681,0.58862,0.63302,0.15919,0.048882,0.1228,0.16007,0.20723,437.95,345.38,500.61,340.43,125.74,284.72,0.12043,175.27,0
2.7775,0.73824,1.7854,2.109,2.814,2.2759,0.59744,1.6138,2.0165,2.4931,0.42974,0.10584,0.3468,0.42653,0.50732,0.1331,0.045821,0.1038,0.15911,0.15869,583.39,348.89,627.58,403.86,153.83,125.16,0.15851,254.23,1
1.2765,0.57384,1.136,1.391,1.7251,2.0527,0.5124,1.2254,1.1454,1.8937,0.49534,0.090781,0.47241,0.60091,0.5644,0.1626,0.055656,0.14631,0.15222,0.20505,518.72,370.45,505.86,282.68,155.71,158.78,0.15546,188.84,0
2.0841,0.64732,0.90161,1.4893,1.1599,0.60434,0.22995,0.72926,1.3037,1.5124,0.53077,0.11999,0.42165,0.46133,0.59344,0.16435,0.056465,0.11672,0.16804,0.20698,526.32,367.4,446.2,380.89,146.11,487.46,0.1302,175.3,0
1.6113,0.32747,1.3762,1.2524,2.2641,0.96691,0.2464,0.64972,1.2921,0.95393,0.36097,0.066721,0.34084,0.37398,0.44893,0.10642,0.032552,0.098865,0.094757,0.11755,583.13,339.3,568.23,420.69,110.86,71.163,0.15318,133.44,1
0.31254,0.30352,0.1205,0.64965,0.46327,0.64309,0.26169,0.2776,0.38707,0.44902,0.3471,0.066591,0.36047,0.37424,0.44184,0.15213,0.027282,0.1197,0.13742,0.18065,595.57,385.93,599.88,407.06,91.63,255.96,0.069746,88.433,1
0.89547,0.53843,0.74265,0.61096,0.80756,0.75172,0.66528,0.35066,0.38021,0.64819,0.46397,0.11468,0.45556,0.5844,0.49128,0.15038,0.052283,0.14695,0.15823,0.17238,533.95,386.85,629.58,285.39,170.92,694.81,0.16349,262.6,0
0.72434,0.458,0.89805,0.98827,2.2573,1.0304,0.19392,0.47857,1.1632,1.8138,0.5964,0.088342,0.56039,0.65298,0.71675,0.20433,0.054508,0.17902,0.14777,0.21817,309.66,394.14,330.62,300.97,161.09,403.23,0.11267,169.82,0
0.063441,0.28591,0.042504,0.097539,0.12255,0.065354,0.37455,0.016685,0.022917,0.11589,0.53674,0.032488,0.53896,0.47245,0.59235,0.19852,0.030508,0.1647,0.18349,0.21873,618.04,276.77,611.39,282,132.34,1165.5,0.12212,227.41,1
0.85017,0.36884,0.48021,0.61786,0.96129,1.1169,0.23519,0.40256,0.42898,1.1256,0.44923,0.11662,0.41193,0.42757,0.5946,0.13746,0.040547,0.13145,0.15156,0.15643,608.89,334.38,585.26,386.21,125.06,291.55,0.11734,186.95,1
0.7125,0.43295,0.32749,0.70351,0.90503,0.55779,0.37231,0.15181,0.33555,0.43887,0.55555,0.072897,0.37156,0.51717,0.54057,0.17611,0.037619,0.16377,0.17861,0.20976,585.3,388.53,586.87,305.95,137.08,320.75,0.049172,190.24,1
0.98145,0.53872,0.57645,0.76413,1.52,1.474,0.55724,0.58308,0.93635,1.7421,0.4483,0.09073,0.3921,0.52029,0.55288,0.15377,0.039857,0.10491,0.14749,0.14316,615.96,322.62,643.85,360.92,164.15,358.85,0.11929,168.79,1
1.0216,0.75979,0.36746,0.87869,1.1274,1.3489,0.72621,0.60056,0.94832,1.5201,0.37139,0.10317,0.36473,0.45889,0.48673,0.13793,0.047354,0.1177,0.15875,0.18569,585.65,279.23,544.08,246.97,186.26,725.07,0.26551,274.03,1
0.039623,0.019237,0.14789,0.32781,0.16546,0.17763,0.0059948,0.11647,0.1073,0.57693,0.68983,0.085802,0.68489,0.72057,0.75744,0.23054,0.046615,0.20267,0.20788,0.24822,180.36,411.59,154.91,348.19,46.246,1.0593,0.021017,36.213,0
1.018,0.5579,1.1955,1.0451,1.8647,1.4544,0.37058,0.89645,1.1733,1.3425,0.45304,0.081272,0.36249,0.40878,0.46667,0.118,0.039832,0.095818,0.12732,0.18184,620.75,352.23,649.29,350.93,124.71,376.79,0.46006,144.15,1
0.5172,0.67349,0.48029,0.81177,1.1184,0.36071,0.46995,0.26102,0.4199,0.68849,0.49981,0.095703,0.46402,0.56549,0.60247,0.17478,0.05137,0.15502,0.17703,0.19261,541.06,390.23,420.91,367.35,123.31,1366.4,0.19414,163.89,0
0.10035,0.30396,0.047919,0.2762,0.15385,0.23457,0.17536,0.026054,0.12214,0.18354,0.56834,0.040397,0.49794,0.53193,0.54265,0.2058,0.030809,0.16278,0.18301,0.20676,594.75,356.56,619.02,335.72,88.373,860.36,0.019948,150.2,1
0.4051,0.2946,0.38826,0.13879,0.49723,0.50368,0.26932,0.19353,0.32366,0.27739,0.42451,0.10644,0.41786,0.42955,0.53184,0.14853,0.036173,0.12691,0.16568,0.16072,608.36,371.46,609.83,359.3,78.79,618.01,0.098723,147.56,1
1.6357,0.58597,1.536,1.7113,1.843,2.0701,0.53162,1.2842,1.6752,2.2518,0.42743,0.093533,0.37979,0.44888,0.48908,0.14922,0.043267,0.10701,0.14866,0.19736,612.79,293.53,666.59,345.71,130.58,43.696,0.078948,152.44,1
0.1119,0.30799,0.11529,0.078587,0.58678,0.19774,0.18829,0.030181,0.080201,0.48012,0.64067,0.041521,0.60947,0.67579,0.69254,0.20044,0.053567,0.16409,0.18553,0.20183,505.25,364.26,363.1,411.92,111.84,1065.5,0.058331,162.4,0
0.51904,0.12844,0.23885,0.34413,0.38655,0.46047,0.074845,0.14674,0.26818,0.30169,0.43984,0.087431,0.32633,0.49561,0.44144,0.10647,0.026364,0.084233,0.12769,0.17305,614.26,350.52,628.45,372.63,61.425,194.07,0.15608,46.228,1
0.70805,0.36858,0.41991,0.40856,1.078,0.75466,0.39649,0.39791,0.56115,0.78182,0.37399,0.10208,0.39091,0.44072,0.48863,0.12734,0.035705,0.11062,0.15161,0.17494,632.94,328.99,647.22,391.39,121.49,227.07,0.092755,110.31,1
0.00599,0.030624,0.00062096,0.0016406,0.010267,0.0054525,0.012042,0.00023796,0.0007458,0.011661,0.52947,0.011534,0.54225,0.47561,0.60415,0.21763,0.0096428,0.17452,0.21538,0.20898,654.56,406.4,609.18,341.76,23.135,326.31,0.0069444,30.912,1
0.27608,0.13478,0.56411,0.98725,1.1593,0.76926,0.032728,0.67443,0.79346,1.4915,0.64004,0.1196,0.56916,0.61667,0.68734,0.20827,0.060154,0.15646,0.18951,0.22424,381.16,425.6,289.46,316.33,71.504,0.58322,0.0078149,59.752,0
0.37949,0.17293,0.44648,0.7742,0.83405,0.82154,0.065487,0.3991,0.43272,0.80826,0.6743,0.11419,0.61503,0.6808,0.74633,0.22274,0.061322,0.18598,0.20706,0.2505,251.28,388.77,116.24,286.49,109.28,18.167,0.028485,119.24,0
0.72505,0.16102,0.69457,0.75072,0.62968,0.45554,0.12277,0.59719,1.2035,0.72358,0.58095,0.097729,0.59968,0.60843,0.53174,0.18058,0.041096,0.16108,0.16364,0.18095,269.98,375.8,210.59,343.47,113.34,59.746,0.025866,124.73,0
2.904,0.51269,1.0774,1.6683,2.5709,1.6781,0.52432,1.1704,1.8515,2.8536,0.44596,0.10929,0.3376,0.43745,0.53631,0.13853,0.045927,0.11581,0.15333,0.18199,472.85,335.36,474.73,321.03,181.09,186.6,0.094538,259.19,1
0.074098,0.028395,0.21227,0.28486,0.17802,0.1746,0.01735,0.074137,0.17854,0.36197,0.70826,0.069119,0.68116,0.72367,0.74597,0.23109,0.040515,0.20954,0.20532,0.23554,88.993,377.14,59.696,325.43,115.12,45.487,0.042428,127.21,0
2.7662,0.52392,2.4965,2.9732,2.3922,2.6339,0.34783,1.7013,2.5788,2.763,0.4494,0.16437,0.2899,0.4938,0.50611,0.1214,0.062015,0.065798,0.095043,0.17809,448.04,355.64,536.17,311.17,126.3,95.23,0.083614,121.77,0
0.23321,0.27867,0.10805,0.078628,0.31998,0.29531,0.42174,0.050161,0.18283,0.30341,0.47523,0.079822,0.4042,0.50739,0.55284,0.14731,0.042928,0.14638,0.19703,0.20593,651.56,333.84,646.06,323.14,123.05,383.84,0.69239,163.69,1
0.79354,0.57815,0.55161,0.67082,1.2674,0.82747,0.58096,0.34027,0.96145,0.98078,0.31332,0.074999,0.29767,0.44386,0.376,0.096047,0.040539,0.074749,0.13005,0.12538,601.02,356.08,611.67,371.12,123.56,439.66,0.17639,110.18,1
2.3135,0.58682,1.8457,3.3043,3.7697,3.1802,0.3515,2.1318,2.6318,3.2158,0.41367,0.16296,0.24015,0.44393,0.53686,0.12115,0.053931,0.083767,0.12277,0.17919,473.71,322.71,508.51,370.55,160.98,8.3537,0.12657,136.83,0
0.32776,0.15204,0.10743,0.11171,0.21692,0.20679,0.35814,0.032984,0.079339,0.32511,0.41243,0.060014,0.3257,0.49634,0.44574,0.14617,0.026592,0.13974,0.1652,0.1761,638.32,347.2,676.26,285.63,106.56,700.47,0.14374,142.75,1
1.4713,0.37076,1.3332,1.381,2.172,0.95937,0.27507,1.735,1.2445,1.8506,0.38734,0.077377,0.34429,0.52757,0.40913,0.131,0.024442,0.10556,0.14034,0.15173,526.45,376.3,562.36,397.73,102.78,205.52,0.18373,75.652,1
1.6568,0.60855,1.7842,2.1285,2.1596,2.0336,0.3074,1.3153,1.7812,1.8781,0.44289,0.11019,0.37385,0.39842,0.54223,0.11266,0.047203,0.071762,0.15727,0.15814,561.29,353.71,647.54,390.59,113.77,58.846,0.22016,117.43,1
2.2001,0.28107,2.4763,2.726,2.1874,1.643,0.063651,1.7318,1.4478,1.706,0.45956,0.11673,0.43209,0.53159,0.57432,0.12606,0.047482,0.090324,0.1653,0.188,410.56,368.1,377.09,367.96,65.283,24.308,0.11111,44.196,0
0.98188,0.4508,0.49652,0.42403,1.1213,0.64753,0.4014,0.27391,0.64726,0.82037,0.43628,0.04475,0.36251,0.40807,0.44357,0.13196,0.02951,0.12273,0.14045,0.16869,638.7,319.9,650.34,352.61,118.23,349.74,0.059378,166.36,1
0.49667,0.49033,0.39323,0.22354,0.44464,0.59474,0.2304,0.14429,0.29099,0.41692,0.40462,0.06073,0.41339,0.44725,0.4627,0.12269,0.02079,0.10058,0.14434,0.15125,638.44,340.79,678.63,319.69,103.58,354.43,0.064206,136.61,1
1.4137,0.44735,1.9087,1.3687,2.277,1.4422,0.20103,0.92602,1.4357,1.2177,0.59171,0.11468,0.45917,0.56252,0.66881,0.14779,0.051922,0.14346,0.15605,0.18269,348.46,374.72,251.98,355.53,155.64,204.49,0.074969,181.4,0
2.3076,0.59309,0.84744,1.7212,1.869,1.815,0.48854,1.1085,1.7963,1.8055,0.31843,0.081944,0.29879,0.29827,0.39167,0.10508,0.03516,0.073181,0.12339,0.15937,599.64,349.05,657.74,355.51,130.8,278.97,0.25214,187.74,1
2.3348,0.36358,1.5819,1.7914,2.6207,2.417,0.15585,2.0112,1.7819,2.1916,0.51445,0.1122,0.40901,0.50838,0.53471,0.15772,0.058982,0.13027,0.14339,0.21752,384.26,334.4,510.49,226.82,131.5,23.569,0.062424,171.76,0
1.0779,0.11964,0.61112,1.5794,1.3663,1.8686,0.043267,0.73127,0.87904,1.4805,0.63737,0.12557,0.46668,0.6817,0.7019,0.17615,0.063368,0.14373,0.19715,0.21224,300.26,324.23,245.11,311.48,93.309,6.2511,0.0050728,62.111,0
2.3384,0.61308,2.0951,2.4971,2.6163,2.374,0.4297,2.4913,2.7034,2.4137,0.35614,0.13765,0.38932,0.5108,0.53559,0.13493,0.045319,0.075816,0.12782,0.1526,533.89,337.26,542.58,404.78,140.23,38.065,0.091912,177.86,0
1.2548,0.26087,2.1827,2.3706,2.7472,2.3407,0.095182,2.2029,2.035,2.4009,0.59855,0.14935,0.53314,0.55559,0.64577,0.14264,0.055944,0.12834,0.16732,0.18229,214.03,353.95,233.55,297.66,97.212,2.7415,0.047174,86.512,0
0.20748,0.7194,0.075899,0.11856,0.86113,0.131,0.54214,0.011987,0.031061,0.22556,0.55891,0.019338,0.52136,0.60168,0.48167,0.21705,0.018311,0.16004,0.19366,0.19915,606.34,285.52,611.82,287.71,113.23,2603,0.023116,364.47,1
1.9107,0.84982,2.1559,1.4945,1.7048,1.6476,0.81552,1.4135,2.6089,1.75,0.43459,0.12194,0.30638,0.36878,0.45245,0.10956,0.054566,0.097501,0.15879,0.13722,525.73,270.33,536.36,372.29,160.98,274.67,0.32395,148.52,1
0.9806,0.50931,0.73052,0.86778,0.98193,0.90619,0.26844,0.5269,0.84158,0.78014,0.43314,0.094476,0.38159,0.46782,0.52797,0.1314,0.039557,0.082637,0.1347,0.18618,585.72,368.04,607.81,360.66,85.436,216.97,0.17471,88.583,1
2.0182,0.45125,1.6205,1.6261,2.666,2.085,0.4674,1.6723,1.9853,2.6575,0.42341,0.11957,0.31148,0.47194,0.54237,0.12871,0.051845,0.10025,0.14118,0.19078,567.68,366.7,560.45,299.83,131.44,95,0.28257,135.43,1
1.7966,0.35846,2.6036,2.7098,3.0909,2.5745,0.10163,2.2916,2.0376,2.6443,0.52533,0.12812,0.44057,0.48705,0.59409,0.15128,0.054812,0.12115,0.1394,0.16477,212.22,358.42,440.64,274.08,105.94,0.09826,0.012199,96.447,0
1.2346,0.42785,0.89387,1.0889,1.4078,1.3655,0.3052,1.0498,0.91639,2.0036,0.28882,0.068394,0.22319,0.32474,0.43926,0.10945,0.04116,0.068469,0.13944,0.15436,644.5,353.48,694.09,400.25,111.02,90.816,0.031655,183.65,1
0.0028088,0.06855,0.0009914,0.0013474,0.0056101,0.0029549,0.047191,6.9562e-05,0.00023137,0.0054856,0.60245,0.033733,0.6187,0.67526,0.69373,0.22996,0.01725,0.21035,0.22042,0.2546,658.85,394.07,674.28,250.91,80.529,301.4,0.01985,50.959,1
2.1976,0.89733,0.86271,1.0108,1.5787,1.0644,0.71672,0.86032,1.6514,1.789,0.48361,0.06941,0.48007,0.3964,0.56595,0.15052,0.04992,0.13293,0.14431,0.17624,523.45,276.9,560.59,326.36,158.77,322.51,0.038416,222.22,0
1.0559,0.67844,1.6479,2.0671,1.8724,2.1485,0.67743,1.319,1.8862,2.3413,0.4121,0.12716,0.44186,0.49209,0.47915,0.12815,0.062103,0.10739,0.1336,0.20223,487.32,349.82,533.27,328.48,150.64,56.765,0.13178,206,0
1.0009,0.28983,0.95321,0.80504,1.8276,0.97652,0.0905,0.81706,0.91367,1.9827,0.58675,0.11552,0.52415,0.58572,0.58391,0.1908,0.042907,0.15477,0.14766,0.19008,355.52,377.76,345.8,326.92,134.82,11.245,0.060091,124.62,0
1.7136,0.5536,1.6657,1.6563,2.2683,2.1467,0.29822,1.1075,1.6968,2.136,0.44162,0.11782,0.34547,0.45236,0.49739,0.14274,0.042372,0.095208,0.1369,0.14089,579.49,340.55,584,372.35,156.62,199.94,0.12095,272.57,1
0.036542,0.027703,0.0044753,0.0096845,0.019292,0.017325,0.030905,0.002002,0.0046891,0.023085,0.56928,0.021402,0.58852,0.60171,0.56825,0.2108,0.015835,0.16186,0.21055,0.23363,655.07,399.59,611.73,275.08,30.6,557.62,0.11084,47.36,1
0.85733,0.53348,0.26566,0.39393,1.1643,0.6637,0.56986,0.20483,0.62449,0.63832,0.42067,0.049441,0.46545,0.4912,0.52151,0.15069,0.048012,0.13142,0.13814,0.20204,614.87,329.97,623.19,370.29,185.28,449.56,0.057391,261.24,1
3.0811,0.62121,2.9741,3.2835,3.8583,3.0683,0.42312,2.647,2.9021,3.461,0.22822,0.12055,0.34964,0.34539,0.48225,0.093766,0.043228,0.082348,0.10785,0.14102,525.26,281.03,615.35,299.79,136.56,3.5263,0.064757,157.79,1
1.7004,0.62878,1.2943,1.6022,2.2491,1.1944,0.41742,1.388,1.3588,2.0679,0.35326,0.06334,0.2801,0.32181,0.47933,0.1097,0.040461,0.098265,0.12353,0.14271,518.75,324.29,465.22,404.67,140.1,284.43,0.26127,275.51,1
0.27866,0.25572,0.27077,0.55264,0.5046,0.43699,0.24661,0.18259,0.20354,0.30947,0.36319,0.096098,0.45193,0.45352,0.43987,0.12846,0.036677,0.11518,0.14619,0.20433,594.8,338.48,531.73,347.47,101.64,396.11,0.051289,57.399,1
1.7895,0.57207,1.9519,2.4293,2.7244,2.3497,0.072466,1.7125,1.8916,2.0857,0.46564,0.099922,0.4705,0.49698,0.53818,0.11578,0.042237,0.11533,0.12813,0.13945,443.38,358.75,443.84,352.37,56.764,1.0007,0.020347,41.833,0
1.7174,0.83025,0.88068,0.49434,1.2657,1.0278,0.60421,0.40143,0.82567,1.0547,0.49878,0.11345,0.39679,0.46168,0.38543,0.15323,0.037168,0.11815,0.14748,0.16913,524.25,377.16,546.2,384.81,174.56,1406.4,0.15551,204.97,1
0.15899,0.1944,0.071209,0.097008,0.24105,0.22834,0.3445,0.01798,0.081304,0.2224,0.39744,0.04218,0.4632,0.48865,0.5396,0.18947,0.033039,0.14735,0.19173,0.18198,640.99,374.06,580,312.45,121.56,1257.3,0.14355,200.45,1
1.1771,0.58682,1.0271,1.1368,1.8052,1.37,0.75162,0.72018,1.3301,1.3793,0.38205,0.093591,0.31279,0.34359,0.5089,0.11197,0.051272,0.1033,0.13596,0.16718,604.49,334.95,562.88,323.78,163.27,295.73,0.044069,189,1
1.9827,0.79886,1.8079,2.0769,2.3349,1.7799,0.48114,1.374,2.0053,1.8093,0.44208,0.10319,0.42559,0.44058,0.5364,0.12972,0.048133,0.13854,0.15178,0.17127,354.74,314.05,382.55,344.96,149.11,262.62,0.21909,181.86,0
0.96155,0.45127,0.15301,0.61586,1.0416,0.53663,0.34365,0.26175,0.88469,1.1548,0.57771,0.082196,0.45464,0.47071,0.48487,0.13382,0.039669,0.11122,0.14662,0.1842,568.28,386.69,549.11,366.88,123.98,269.79,0.066463,174.46,1
0.017345,0.18862,0.0026876,0.0135,0.061336,0.021678,0.074745,0.00035883,0.0047099,0.033513,0.63974,0.0096503,0.6158,0.63356,0.65748,0.23575,0.017156,0.19381,0.21947,0.24575,654.71,405.34,623.38,234.04,110.31,479.05,0.024883,98.501,1
2.566,0.80117,1.7785,2.2972,2.6415,2.6061,0.59001,1.5016,2.126,2.829,0.48778,0.12606,0.34882,0.44646,0.55315,0.13114,0.045278,0.10087,0.15691,0.15724,445.3,368.47,487.19,318.75,185.6,44.316,0.13753,171.46,0
1.6573,0.70478,0.64026,1.3939,2.1359,2.4765,1.0343,0.97231,2.0589,2.1499,0.36652,0.11495,0.3452,0.43512,0.44758,0.11999,0.040864,0.12126,0.15212,0.17092,549.64,327.64,605.12,323.79,212.42,423.57,0.22229,227.64,1
0.84873,0.47095,0.66223,0.49404,0.7387,0.55219,0.54536,0.4448,0.81786,0.86598,0.43947,0.11584,0.41949,0.47812,0.51467,0.16518,0.045299,0.13967,0.18255,0.17519,589.4,322.67,565.1,353.99,121.97,531.56,0.20138,172.33,1
0.81445,0.51502,1.3223,1.4697,2.1883,1.4526,0.26365,1.4229,1.2932,1.2578,0.40052,0.054762,0.39795,0.40067,0.42979,0.088094,0.03704,0.093002,0.12299,0.11605,627.02,367.26,638.74,386.84,73.331,36.557,0.033329,76.32,1
0.12948,0.23153,0.011708,0.059575,0.073554,0.068041,0.27575,0.0088283,0.02167,0.16316,0.465,0.043832,0.46958,0.44566,0.47681,0.15634,0.019983,0.13258,0.18136,0.21442,652.71,355.91,675.42,313.85,89.156,1002.3,0.12375,154.81,1
3.0197,0.67869,1.4504,1.6784,2.8793,2.5121,0.6359,1.1833,2.0735,2.3525,0.38408,0.13782,0.36845,0.51096,0.52771,0.16509,0.040056,0.09756,0.13281,0.18604,433.05,349.19,427.09,399.38,188.46,586.86,0.35548,157.56,0
0.84246,0.44983,0.73448,1.4609,1.9024,1.5656,0.14489,0.83855,0.97279,1.6032,0.58967,0.10345,0.49521,0.53014,0.67454,0.15924,0.056733,0.12461,0.16792,0.2074,502.8,233.21,578.64,348.82,137.35,144.55,0.11566,211.53,0
0.78459,0.44706,0.93206,1.716,1.3977,1.494,0.30448,0.79619,0.7507,1.2277,0.41312,0.11162,0.4003,0.44908,0.57366,0.11711,0.041136,0.097765,0.11991,0.15748,543.5,369.89,564.04,419.16,74.326,278.25,0.17742,153.95,0
1.211,0.15541,2.1946,1.4601,1.6596,1.8001,0.092453,1.4192,0.96002,1.5297,0.52781,0.14965,0.45088,0.57948,0.63698,0.15668,0.040521,0.1253,0.17321,0.17164,334.01,346.88,311.55,385.76,78.443,19.969,0.045473,58.527,0
1.4259,0.33356,1.4225,1.6829,1.2346,1.5203,0.35622,1.3578,1.225,1.3817,0.45333,0.1281,0.34829,0.50914,0.5445,0.16367,0.055011,0.13044,0.17399,0.18911,597.37,355.48,616.8,338.78,157.77,194.3,0.066652,203.63,1
0.27737,0.2059,0.10008,0.16158,0.44553,0.11078,0.24918,0.081853,0.08294,0.30778,0.38362,0.058469,0.50102,0.46797,0.53444,0.1496,0.034682,0.1214,0.16287,0.18664,614.47,358.26,613.56,363.88,88.758,610.39,0.0806,127.15,1
0.74924,0.55263,0.34986,0.3263,0.66885,0.82223,0.68828,0.21071,0.32363,0.51432,0.4452,0.11767,0.41254,0.43158,0.50717,0.1694,0.040185,0.10997,0.1738,0.15221,497.54,358.3,507.32,378.84,116.59,1007.5,0.34752,210.79,1
1.2401,0.72582,1.0266,1.7116,1.7048,1.7383,0.3043,1.0476,1.4264,1.7098,0.42423,0.088703,0.45465,0.46901,0.52549,0.11967,0.032726,0.096494,0.13359,0.18131,521.2,378.59,415.46,427.34,108.39,178.18,0.096514,109.92,0
2.7918,1.0829,1.8608,3.0278,3.0602,2.1001,0.84873,1.3913,2.7246,2.7527,0.43158,0.10124,0.40531,0.38881,0.55307,0.14061,0.051602,0.095416,0.142,0.18426,459.22,300.83,570.63,314.17,198.28,276.57,0.092067,251.59,0
1.5793,0.64397,0.64382,0.54732,1.0488,0.95996,0.68028,0.38467,0.54646,1.128,0.35704,0.071395,0.3297,0.41361,0.52255,0.17064,0.029931,0.10194,0.16379,0.18621,622.44,362.05,617.11,313.79,156.45,1008.4,0.31133,200.24,1
2.1701,0.39744,0.95932,1.9327,1.7237,1.9996,0.26697,1.2709,1.8719,1.1095,0.43563,0.071075,0.35401,0.46369,0.44259,0.12179,0.041178,0.091568,0.15277,0.16137,611.03,375.11,620.32,366.78,109.9,69.127,0.084772,76.171,1
0.40319,0.43814,0.18586,0.41929,0.6506,0.30494,0.67989,0.086984,0.30033,0.61016,0.54603,0.079242,0.49642,0.54277,0.52027,0.18411,0.03948,0.15443,0.17521,0.20173,633.69,315.26,632.61,324.6,177.83,481.61,0.085726,274.66,1
0.33334,0.13675,0.43118,0.76456,0.94398,0.37328,0.1665,0.28951,0.3668,0.72141,0.59669,0.10024,0.63276,0.56061,0.65397,0.20846,0.057067,0.17938,0.17834,0.21211,152.96,380.52,274.11,345.12,117.02,356.13,0.046844,127.73,0
1.0155,0.77202,0.57733,0.90062,0.76822,0.96378,0.54406,0.15753,0.45146,1.3372,0.46594,0.071069,0.38441,0.43789,0.51444,0.15051,0.036499,0.11687,0.16517,0.17222,550.91,377.74,415.24,296.13,158.06,958.52,0.19799,242.91,1
0.18311,0.046481,0.64164,0.98136,1.1575,0.65568,0.0051734,0.63466,1.0238,1.283,0.70852,0.097657,0.67924,0.73733,0.74066,0.22775,0.054277,0.20919,0.21431,0.25396,227.78,410.99,175.67,343.02,45.62,0.068739,0.0022075,40.038,0
0.42771,0.077429,0.64695,0.87113,0.67058,0.51271,0.039469,0.28768,0.28564,0.90613,0.68988,0.10156,0.65022,0.71165,0.72816,0.2256,0.059942,0.18763,0.20418,0.25135,226.94,387.67,241.93,267.95,112.27,37.043,0.02246,108.47,0
0.50125,0.65162,0.23323,0.513,0.3324,0.46185,0.56384,0.34266,0.19096,0.5077,0.51617,0.078223,0.45491,0.49293,0.51091,0.17947,0.035524,0.14098,0.16741,0.19623,606.88,316.41,499.6,255.19,107.66,1234.6,0.56659,193.04,1
0.97455,0.42389,0.51512,0.62387,1.0606,1.2186,0.33162,0.49366,0.84032,0.77837,0.55083,0.082497,0.38007,0.49678,0.54622,0.16227,0.04391,0.11917,0.19191,0.15512,627.3,324.61,676.82,327.58,146.82,228.19,0.40602,181.95,1
0.8313,0.3663,0.40986,0.48199,0.69751,0.57942,0.27555,0.51661,0.39265,0.50687,0.53549,0.06077,0.49392,0.4176,0.47592,0.15936,0.049155,0.14171,0.10986,0.16138,421.43,295.27,409.37,340.62,83.362,510.06,0.21702,223.54,0
1.4714,0.18058,1.3836,1.9443,2.7177,1.8936,0.075556,1.221,2.1075,2.0515,0.50622,0.13489,0.38402,0.58585,0.48852,0.15423,0.054399,0.12639,0.12691,0.1903,412.62,398.2,433.71,307.04,91.789,4.7284,0.023317,158.28,0
1.9512,0.93617,0.6646,2.4094,1.9609,2.1704,1.0156,0.78041,2.0827,2.1597,0.46605,0.10886,0.35806,0.43879,0.53926,0.149,0.048377,0.12266,0.17841,0.19885,593.2,319.66,675.63,278.58,215.93,111.56,0.18212,257.13,1
2.1175,0.83194,1.0423,1.1499,1.8452,1.5676,0.75925,0.94235,1.3054,1.45,0.41879,0.085987,0.37237,0.41738,0.4934,0.13061,0.042651,0.13076,0.15003,0.17806,576.63,370.71,564.89,370.29,163.03,327.13,0.10404,204.32,1
0.53592,0.84301,0.18274,0.27154,0.67378,0.48799,0.69719,0.10944,0.39063,0.67672,0.52942,0.034092,0.52054,0.46328,0.56173,0.20666,0.033681,0.17018,0.18071,0.22544,590.54,279.1,599.45,269.06,216.04,549.75,0.22713,319.34,1
0.0097224,0.018485,0.00023739,0.00086195,0.0055085,0.0042097,0.024979,0.00025675,0.0012737,0.0076558,0.56531,0.029674,0.5241,0.5663,0.64158,0.21027,0.013768,0.19133,0.21511,0.24014,661.31,370.51,706.32,364.01,32.627,523.86,0.038016,42.11,1
0.37467,0.11506,0.030109,0.045726,0.22027,0.11454,0.12374,0.027476,0.052139,0.1837,0.46008,0.057427,0.43975,0.49651,0.55414,0.18972,0.018556,0.13584,0.1817,0.20007,641.32,389.03,674.16,341.48,87.317,581.08,0.078123,149.58,1
2.2015,0.66986,1.102,2.5292,2.8188,1.8417,0.73657,1.4317,2.1992,2.0366,0.36541,0.14265,0.35797,0.51451,0.4682,0.15071,0.056262,0.11706,0.14522,0.16994,517.77,360.94,570.2,328.15,171.39,501.55,0.11115,140.75,0
1.592,0.52399,0.84785,1.1378,1.8025,1.4283,0.41685,0.85396,1.2531,1.165,0.38193,0.069326,0.36023,0.3509,0.358,0.097262,0.035626,0.095123,0.099567,0.12509,610.39,283.91,673.69,329.12,154.09,313.74,0.23277,196.09,1
1.4313,0.22047,1.5259,1.8482,1.9545,0.99308,0.075984,1.2065,2.1558,1.5344,0.53152,0.1598,0.43851,0.65036,0.66461,0.17295,0.05569,0.11926,0.17573,0.19931,314.32,390.54,332.73,318.73,70.141,2.4751,0.045711,102.44,0
2.688,0.2155,2.2188,2.69,2.7361,2.4088,0.12826,1.6195,2.2239,3.0373,0.5481,0.16779,0.50228,0.64468,0.62769,0.17832,0.059268,0.14696,0.19267,0.23091,253.43,384.41,255.83,338.14,128.86,1.3574,0.018565,86.948,0
1.835,0.5184,0.54197,0.64855,0.78957,1.1706,0.53283,0.37735,0.90949,1.7708,0.43613,0.08128,0.36736,0.35534,0.40093,0.14697,0.039918,0.11366,0.17544,0.17762,644.63,358.43,665.51,342.39,137.84,207.34,0.099321,182.48,1
1.4545,0.87168,0.84335,1.1134,1.9552,1.1122,0.68904,0.25508,0.80138,1.7418,0.53268,0.045739,0.46935,0.55942,0.54312,0.16478,0.033926,0.14201,0.12825,0.19663,582.63,344.59,506.84,256.05,213.5,830.37,0.088398,309.42,1
0.95029,0.48282,0.56313,0.92848,1.1795,1.1542,0.47056,0.74438,0.9369,1.2068,0.36803,0.070885,0.35039,0.36214,0.40283,0.092137,0.030105,0.094569,0.13223,0.14167,630.41,358.1,664.08,379.11,124.4,94.868,0.14475,139.18,1
0.55386,0.16824,0.70178,0.97622,1.016,0.53336,0.092732,0.60493,0.87144,1.1284,0.58596,0.11995,0.51649,0.55147,0.6788,0.19341,0.049064,0.14642,0.17604,0.15536,312.47,340.06,353,382.88,88.008,83.392,0.064919,92.64,0
0.81055,0.46939,0.2464,0.48038,0.99134,1.0149,0.75334,0.50111,0.58522,1.0304,0.42916,0.058976,0.34784,0.38792,0.37242,0.12665,0.026209,0.10663,0.14003,0.16037,645.94,342.64,657.02,326.57,161.33,559.78,0.31632,257.83,1
0.7298,0.4836,0.5632,0.5182,0.69964,0.92215,0.36552,0.42424,0.50247,0.62577,0.34819,0.054346,0.44077,0.49007,0.46221,0.12121,0.043724,0.1276,0.15713,0.16076,563.47,361,570.3,350.28,109.29,441.33,0.092221,163.61,1
0.85355,0.17086,0.835,0.81617,1.4812,1.436,0.15075,0.88391,1.4792,1.4996,0.31401,0.11613,0.32701,0.44217,0.48409,0.1327,0.039706,0.08083,0.13503,0.17249,587.96,374.5,526.96,384.77,122.03,208.83,0.024674,110.19,1
0.054178,0.082229,0.013422,0.009362,0.055737,0.026526,0.11438,0.0030625,0.014899,0.040683,0.42599,0.03027,0.57552,0.50257,0.54938,0.20939,0.013612,0.16954,0.21208,0.21849,649.46,330.49,627.59,287.68,111.25,781.55,0.010461,138.59,1
2.4386,0.71849,2.0061,3.0061,3.1582,2.6737,0.47749,2.5869,3.0815,3.0593,0.4883,0.1382,0.30828,0.46061,0.62408,0.14423,0.050243,0.12069,0.1807,0.19075,466,339.79,533.65,310.15,169.72,13.573,0.065254,145.57,0
1.7361,0.46394,0.55858,0.89882,2.2206,1.3868,0.6253,0.65673,1.4146,2.2636,0.41626,0.080223,0.43211,0.49648,0.46839,0.14232,0.048079,0.11346,0.12468,0.17114,534.08,350.78,532.82,321.93,174.08,945.7,0.14166,247.36,0
0.19363,0.41909,0.032425,0.12953,0.11895,0.11455,0.29473,0.014028,0.055395,0.13378,0.55461,0.032122,0.50936,0.5555,0.48389,0.19518,0.02811,0.17146,0.19597,0.22945,636.69,375.9,643.74,248.4,108.67,1345.6,0.53297,211.28,1
2.311,0.55697,1.856,2.1721,2.3696,2.1019,0.71083,1.2214,1.8844,2.5132,0.4671,0.14328,0.35889,0.50066,0.57295,0.17315,0.054497,0.11771,0.16017,0.20549,450.03,323.59,595.26,328.25,146.84,89.12,0.027191,131.89,0
1.2407,0.57327,0.34879,1.271,1.0445,1.3313,0.57191,0.70942,0.96496,1.1572,0.50751,0.10352,0.38517,0.51506,0.51408,0.15572,0.047168,0.13505,0.18369,0.18957,597.83,354.75,633.23,273.65,165.41,286.97,0.19203,192.39,1
1.4088,0.62892,0.41231,0.85259,1.37,1.2376,0.53994,0.68168,1.3349,1.5495,0.31733,0.071492,0.28923,0.30451,0.36143,0.11405,0.045124,0.095298,0.12238,0.17707,652,349.39,704.78,286.26,171.22,324.19,0.47992,202.09,1
3.7312,0.73793,2.2154,2.5031,3.282,2.9295,0.74958,2.3787,2.4191,2.8177,0.42968,0.10415,0.32783,0.4252,0.49375,0.13761,0.048918,0.11224,0.12688,0.14714,572,290.56,531.63,274.41,198.16,116.67,0.19455,240.61,1
2.6617,0.63525,1.1181,3.2903,2.5009,2.124,0.40945,2.0191,2.6658,2.4437,0.37919,0.11279,0.34926,0.38322,0.4267,0.10442,0.03215,0.087744,0.13019,0.16501,447.4,333.11,449.42,383.7,128.76,50.675,0.40475,100.64,0
2.3192,0.51283,1.9322,2.4437,3.0114,2.0992,0.14081,1.8274,1.7121,2.3175,0.56136,0.096918,0.39698,0.50327,0.48986,0.12164,0.039664,0.11799,0.15087,0.17352,472.37,365.12,466.86,360.36,96.494,59.213,0.068518,111.94,0
