-0.8837,-0.72048,-0.9186,-0.92478,-0.87345,-0.89472,-0.7532,-0.94144,-0.92508,-0.88473,0.69852,-0.45292,0.60606,0.51429,0.77778,0.62532,-0.3982,0.49998,0.55553,0.60004,0.81341,0.86184,0.69816,0.035613,0.18205,0.12624,-2.7171,0.1694,1
-0.67802,-0.089208,-0.90805,-0.8137,-0.71309,-0.70339,-0.20399,-0.92633,-0.81798,-0.7066,0.77777,-0.069068,0.57576,0.8,0.75,0.68607,-0.13066,0.49998,0.55553,0.60004,0.77608,0.52194,0.61772,0.85757,-0.23894,-0.69459,-4.9818,0.017717,1
-0.44188,-0.10848,-0.71342,-0.49184,-0.19706,-0.523,-0.22275,-0.7925,-0.56587,-0.22491,0.61869,0.34091,0.54545,0.45714,0.86111,0.53233,0.10347,0.49998,0.55553,0.50002,0.6685,0.32676,0.66597,0.8413,0.052039,-0.9046,-0.59894,-0.46025,1
-0.59573,-0.18876,-0.84491,-0.65197,-0.43805,-0.67678,-0.39787,-0.88341,-0.69407,-0.53171,0.81212,-0.73632,0.78788,0.68571,0.63889,0.68757,-0.73811,0.74995,0.55553,0.39999,0.61581,0.31579,0.59355,0.80874,0.010986,-0.8598,-0.53085,-0.48565,1
-0.29288,-0.35977,-0.31453,-0.24858,-0.2269,-0.37013,-0.39882,-0.43606,-0.2604,-0.27038,0.59779,-0.076284,0.69697,0.6,0.55556,0.58477,0.063423,0.56246,0.55553,0.55,0.71459,0.85527,0.71026,0.019337,0.2074,-0.91332,-1.4545,-0.38136,1
-0.63509,-0.40913,-0.79058,-0.64931,-0.49289,-0.69463,-0.49471,-0.86394,-0.70245,-0.58428,0.30853,0.15927,-0.21212,0.51429,0.47222,0.19404,0.3047,-0.37501,0.33333,0.39999,0.67726,0.63596,0.68811,0.23093,-0.4857,-0.91332,-1.1709,-0.68166,1
-0.89757,-0.74597,-0.97566,-0.94366,-0.84731,-0.90929,-0.77127,-0.98166,-0.95237,-0.8536,0.72727,-1,0.72727,0.62857,0.58333,0.85529,-0.46972,0.93745,0.7778,0.60004,0.80681,0.48685,0.67807,0.27364,-0.81786,-0.85922,-1.4297,-0.88389,1
-0.52393,0.21062,-0.83264,-0.77573,-0.42535,-0.58368,0.050664,-0.87659,-0.78818,-0.50588,0.76136,-0.20632,0.87879,0.77143,0.72222,0.6418,-0.11826,0.625,0.55553,0.60004,0.71679,0.70394,0.5875,0.89419,-0.46466,-0.7388,1,0.17085,1
0.43761,0.4728,0.12045,0.53194,0.63116,0.15309,0.21307,-0.22124,0.23753,0.42747,0.50504,0.024951,0.42424,0.34286,0.75,0.39299,-0.15783,0.25001,0.2222,0.39999,0.62462,0.24999,0.72838,0.86776,0.23444,-0.95637,-0.73415,-0.36193,1
0.68477,-0.56165,0.73328,0.56522,0.61347,0.6888,-1,0.70034,0.6888,0.57286,0.39394,0.17922,0.090909,0.54286,0.5,0.35323,-0.66967,0.31248,0.33333,0.20001,0.71239,0.80702,0.59154,-0.029493,0.20598,-0.9651,-3.8678,-0.38527,1
-0.27896,-0.14139,-0.52225,-0.35177,-0.12463,-0.43535,-0.4025,-0.61981,-0.51303,-0.2762,0.47185,0.19229,0.48485,0.4,0.63196,0.29634,-0.135,0.062512,0.33333,0.35001,0.57188,0.56578,0.65996,0.86164,-0.26553,-0.94764,-0.83236,-0.61818,1
-0.21159,-0.15901,-0.441,-0.26058,-0.034956,-0.34232,-0.33147,-0.54389,-0.37285,-0.19925,0.65993,0.095415,0.42424,0.71429,0.66667,0.51241,-0.14178,0.25001,0.33333,0.60004,0.54996,0.38378,0.64184,0.89622,0.070765,-0.93077,-0.75124,-0.44628,1
-0.6586,-0.12098,-0.93247,-0.77435,-0.47205,-0.71421,-0.25064,-0.94626,-0.82548,-0.50321,1,-1,1,0.88571,0.83333,0.68657,-0.51143,0.74995,0.55553,0.60004,0.59385,0.26754,0.55934,0.75991,0.0024908,-0.84235,-0.46754,-0.48933,1
-0.38442,0.054195,-0.5754,-0.4982,-0.26208,-0.4062,-0.13073,-0.62071,-0.47336,-0.25612,0.68686,0.02713,0.60606,0.51429,0.83333,0.44872,-0.12247,0.31248,0.33333,0.39999,0.69047,0.024112,0.79675,0.81077,0.49206,-0.87784,-0.68736,-0.23853,1
-0.50841,-0.65926,-0.5373,-0.53994,-0.54107,-0.58253,-0.86799,-0.61629,-0.56929,-0.57005,0.66478,-0.252,0.57576,0.48571,0.75,0.46269,-0.28005,0.25001,0.33333,0.39999,0.59164,0.017544,0.75654,0.70905,0.34248,-0.86038,-0.76905,-0.31481,1
-0.31578,-0.82837,-0.30406,-0.36309,-0.3383,-0.36199,-0.8718,-0.39683,-0.3547,-0.36953,0.56061,-0.080709,0.45455,0.54286,0.66667,0.47265,-0.23953,0.49998,0.33333,0.39999,0.68166,0.5022,0.71228,0.060015,-0.40319,-0.95579,-1.1754,-0.69477,1
-0.30479,-0.45649,-0.39947,-0.41482,-0.27066,-0.32321,-0.48236,-0.46557,-0.36545,-0.23374,0.5303,-0.1494,0.48485,0.4,0.69444,0.55224,-0.13229,0.49998,0.44447,0.60004,0.68166,0.56578,0.74044,0.039676,-0.26504,-0.94706,-1.1864,-0.62435,1
-0.3785,-0.20594,-0.52289,-0.53651,-0.40056,-0.53999,-0.772,-0.61315,-0.57297,-0.47599,0.47348,-0.18766,0.57576,0.48571,0.44444,0.4925,-0.40778,0.49998,0.44447,0.39999,0.63117,0.65131,0.7143,0.11494,-0.25228,-0.93892,-1.171,-0.61606,1
-0.8958,-0.67684,-0.95537,-0.94311,-0.91661,-0.93126,-0.8063,-0.96755,-0.94757,-0.9407,0.92172,-0.51797,0.72727,0.94286,0.88889,0.79102,-0.28872,0.625,0.55553,0.80002,0.71899,0.30262,0.60965,0.05189,-0.7301,-0.87784,-1.4118,-0.86237,1
-0.91127,-0.73873,-0.97649,-0.91757,-0.85988,-0.84988,-1,-0.84885,-0.84988,-0.86018,0.24242,-1,0.24242,0.17143,0.13889,0.27363,-0.12602,0.062512,0.11113,0.30003,-0.78046,0.87062,-0.82897,0.74364,-0.96578,-0.9744,-1.0242,-0.98258,-1
-0.72375,-0.37232,-0.92703,-0.77573,-0.58484,-0.7828,-0.54089,-0.95252,-0.81726,-0.70741,0.7159,-0.68026,0.75758,0.65714,0.61111,0.68657,-0.46864,0.625,0.55553,0.60004,0.65534,0.6272,0.62978,-0.080381,0.014455,-0.82548,-1.4708,-0.48379,1
-0.80225,-0.22615,-0.98118,-0.96117,-0.80666,-0.8206,-0.33694,-0.98447,-0.96101,-0.82491,0.86708,-0.44325,0.93939,0.82857,0.77778,0.76932,-0.30946,0.74995,0.7778,0.60004,0.69047,-0.057011,0.79075,0.84536,0.67629,-0.11809,-0.63864,-0.13277,1
0.066508,0.21409,-0.22485,0.10405,0.27629,-0.061838,0.25941,-0.46901,-0.023798,0.25629,0.30807,0.48518,0.18182,0.11429,0.5,0.19404,0.1443,-3.75e-05,0.11113,0.39999,0.68827,0.13378,0.71627,0.73142,0.17373,-0.94764,-0.63853,-0.39533,1
0.074617,0.37705,-0.16,0.01264,0.24518,-0.038449,0.55235,-0.48897,-0.046518,0.32025,0.35152,0.11706,0,0.31429,0.40971,0.14625,-0.15137,-0.062512,0.11113,0.099991,0.69267,0.2478,0.62978,0.68871,-0.089445,-0.95695,-0.39161,-0.53526,1
-0.588,-0.086617,-0.87128,-0.67685,-0.37689,-0.6898,-0.33859,-0.91635,-0.74909,-0.48867,0.61983,-0.35597,0.45455,0.37143,0.75,0.45453,-0.4024,0.31248,0.33333,0.20001,0.59825,0.21272,0.69618,0.52595,-0.2747,-0.85049,-0.84427,-0.62937,1
-0.38965,-0.89182,-0.35505,-0.42486,-0.42935,-0.44986,-0.87621,-0.48327,-0.43766,-0.45608,0.48485,-1,0.48485,0.4,0.36111,0.43282,-0.29926,0.37496,0.33333,0.39999,0.69047,0.51534,0.69816,0.18005,-0.58458,-0.96568,-1.1364,-0.78815,1
-0.16455,-0.85888,-0.11761,-0.21762,-0.21858,-0.24635,-0.84339,-0.28826,-0.23408,-0.25743,0.41212,-0.026722,0.18938,0.54286,0.5,0.33732,-0.34765,0.18746,0.33333,0.24999,0.6619,0.55921,0.6861,0.12309,-0.42227,-0.9651,-1.1784,-0.70506,1
-0.29995,-0.75117,-0.29707,-0.32278,-0.31554,-0.3209,-0.94311,-0.33311,-0.32038,-0.35205,0.53939,-0.30497,0.39394,0.37143,0.63889,0.33732,-0.34765,0.18746,0.33333,0.24999,0.65094,0.56578,0.67,0.12512,-0.41738,-0.95637,-1.1876,-0.70248,1
-0.74958,-0.43881,-0.90781,-0.80407,-0.57118,-0.76515,-0.49904,-0.9387,-0.79604,-0.58567,0.73782,-0.3257,0.78788,0.68571,0.63889,0.65082,-0.33381,0.49998,0.55553,0.60004,0.76512,0.3465,0.75048,-0.25127,-0.13419,-0.77312,-1.3388,-0.50794,1
-0.67587,-0.60078,-0.70628,-0.66921,-0.61457,-0.72429,-0.66778,-0.76512,-0.6968,-0.67793,0.60858,0.19774,0.51515,0.77143,0.72222,0.37314,0.066907,0.25001,0.33333,0.39999,0.68606,0.42105,0.75654,-0.076292,-0.29124,-0.88656,-1.168,-0.62971,1
-0.7716,-0.64598,-0.84228,-0.84609,-0.71001,-0.80968,-0.73564,-0.86861,-0.85322,-0.77043,0.63636,-0.29823,0.69697,0.6,0.55556,0.53118,-0.24154,0.49998,0.55553,0.39999,0.69267,0.42324,0.7525,-0.086475,-0.27443,-0.84351,-1.1818,-0.62607,1
-0.90326,-0.60453,-0.95061,-0.94151,-0.92734,-0.94948,-0.94004,-0.96204,-0.94597,-0.9409,0.69697,-1,0.69697,0.6,0.55556,0.33732,-0.19665,-3.75e-05,0.33333,0.39999,0.81341,0.18422,0.7143,0.23906,-0.75418,-0.83421,-0.75874,-0.87447,1
0.22689,0.090957,0.035221,0.070732,0.35965,-0.074741,-0.5355,-0.20522,-0.077158,-0.011203,0.078788,-0.053137,-0.022715,0.057143,0.11111,-0.092524,-0.15137,-0.31251,-0.11113,-0.099991,0.75412,0.46712,0.79877,0.81486,-0.2002,-0.96568,-0.7866,-0.57725,1
0.66909,0.84705,0.32063,0.74567,0.92109,0.34031,0.6474,-0.14419,0.53583,0.65943,0.2303,-0.092147,-0.090909,0.25714,0.29862,0.14625,0.023481,-0.25001,0.11113,0.24999,0.6729,0.125,0.84307,0.85554,0.42316,-0.95637,-0.76446,-0.26488,1
0.84273,0.81019,0.65462,1,0.96096,0.52657,0.8609,0.007731,0.94333,0.81427,0.15152,-0.067774,-0.090909,-0.14286,0.38889,0.0029731,-0.15137,-0.12499,-0.11113,0.050011,0.70803,0.20396,0.81689,0.85757,0.29142,-0.96451,-0.73528,-0.33676,1
0.51306,-0.26691,0.45134,0.53262,0.50399,0.5665,-0.9664,0.56789,0.5665,0.46761,0.42424,0.021207,0.24242,0.51429,0.47222,0.43282,-0.53284,0.37496,0.33333,0.30003,0.62462,0.69738,0.80281,-0.1821,0.33292,-0.95695,-1.2168,-0.31811,1
-0.16013,0.056512,-0.41905,-0.081587,0.0088123,-0.30447,-0.045431,-0.61045,-0.23471,-0.052449,0.42424,-0.099363,0.54545,0.45714,0.41667,0.53519,-0.135,0.31248,0.55553,0.55,0.61361,0.4978,0.70018,-0.096631,-0.13842,-0.94764,-1.1975,-0.55525,1
-0.79746,-0.49554,-0.93247,-0.85353,-0.76252,-0.84311,-0.68767,-0.94851,-0.86747,-0.82051,0.94204,-0.63721,1,0.88571,0.83333,0.72354,-0.51341,0.56246,0.55553,0.60004,0.58949,0.54386,0.65794,-0.16989,0.04946,-0.77254,-1.2691,-0.46491,1
-0.14637,-0.39785,-0.19882,-0.1144,-0.11984,-0.26319,-0.35499,-0.44711,-0.14561,-0.16639,0.38182,0.40818,0.32577,0.51429,0.47222,0.28954,0.43608,0.18746,0.33333,0.39999,0.72119,0.46271,0.8189,-0.062047,-0.24174,-0.95637,-1.1561,-0.61167,1
-0.89198,-0.81913,-0.93312,-0.92251,-0.83743,-0.9018,-0.8404,-0.95103,-0.9264,-0.8449,0.48485,-1,0.48485,0.4,0.36111,0.34857,-0.42995,0.25001,0.33333,0.24999,0.84413,0.4978,0.72434,0.19429,-0.66454,-0.81675,-1.5134,-0.82892,1
-0.95805,-0.85679,-0.97695,-0.97155,-0.96249,-0.96312,-0.87976,-0.98086,-0.97194,-0.96485,0.88502,-0.4072,0.9697,0.85714,0.80556,0.73837,-0.28139,0.74995,0.55553,0.60004,0.69047,0.39694,0.63579,-0.12715,-0.27167,0.20477,-1.4397,-0.62309,1
-0.85838,-0.84112,-0.91121,-0.84648,-0.82758,-0.87398,-0.8573,-0.93138,-0.85496,-0.83509,0.54691,-0.27413,0.39394,0.62857,0.58333,0.43282,0.0073635,0.25001,0.33333,0.60004,0.84633,0.34431,0.7364,-0.041707,-0.50443,-0.81675,-1.5868,-0.74368,1
-0.8739,-0.82231,-0.92642,-0.86793,-0.86707,-0.88564,-0.83751,-0.94398,-0.87022,-0.87444,0.24242,-1,0.24242,0.17143,0.13889,0.10449,-0.52842,-3.75e-05,-0.11113,3e-05,0.98244,0.74563,0.97382,0.34078,-0.49695,-0.79116,-1.1597,-0.74158,1
-0.90421,-0.7741,-0.94364,-0.9328,-0.88727,-0.92187,-0.8756,-0.95345,-0.93765,-0.91904,0.39152,-0.53521,0.15152,0.4,0.36111,0.42329,-0.61732,0.49998,0.33333,0.20001,0.94731,0.85965,0.86518,0.2126,-0.12036,-0.48517,-1.5727,-0.54501,1
-0.93324,-0.88749,-0.95391,-0.9438,-0.92734,-0.94145,-0.91283,-0.96227,-0.94597,-0.93107,0.35096,-0.87136,0.30303,0.31429,0.27778,0.21575,-0.48035,-3.75e-05,0.11113,0.20001,0.96047,0.87062,0.87724,0.41404,-0.44469,0.79348,-1.3591,-0.5306,1
-0.86892,-0.5609,-0.95679,-0.92087,-0.86319,-0.91787,-0.85317,-0.97215,-0.92299,-0.88038,0.3192,-0.67061,0.36364,0.28571,0.25,0.09847,-0.63814,-3.75e-05,0.11113,3e-05,1,0.79166,0.90342,0.41201,-0.56641,-0.81734,-1.3195,-0.7779,1
-0.20145,-0.52129,-0.16568,-0.25312,-0.15967,-0.27029,-0.56021,-0.28601,-0.26051,-0.17601,0.48989,0.2859,0.18182,0.45714,0.77778,0.25372,-0.051202,0.25001,0.2222,0.20001,0.84854,-0.0021895,0.83702,0.81281,0.52226,-0.90401,-0.44173,-0.22476,1
-0.59607,-0.15832,-0.90565,-0.60006,-0.4129,-0.63316,-0.26491,-0.94142,-0.60287,-0.44281,0.48402,-0.54063,0.42424,0.34286,0.30556,0.36182,-0.51631,0.25001,0.33333,0.20001,0.8046,0.20396,0.89132,0.060015,-0.73544,0.90227,-1.0216,0.33961,-1
-0.33446,-0.47333,-0.38315,-0.35862,-0.31595,-0.44896,-0.61553,-0.53045,-0.42227,-0.37334,0.40693,-0.64619,0.45455,0.37143,0.33333,0.33044,-0.44164,0.25001,0.33333,0.20001,0.8639,0.62939,0.89333,0.13124,-0.32247,-0.94764,-1.1848,-0.64925,1
-0.90413,-0.78725,-0.94687,-0.92562,-0.85097,-0.9188,-0.81145,-0.96719,-0.94178,-0.89304,0.63852,-0.53453,0.42424,0.65714,0.61111,0.50102,-0.58447,0.49998,0.33333,0.39999,0.84854,0.5022,0.73439,0.21466,-0.69138,-0.7993,-1.4,-0.84271,1
-0.79967,-0.48315,-0.93247,-0.86559,-0.69403,-0.83375,-0.60733,-0.9456,-0.90671,-0.81094,0.63636,-0.4275,0.45455,0.71429,0.66667,0.58541,-0.40144,0.49998,0.33333,0.60004,0.87266,0.84648,0.73439,-0.047827,0.29974,-0.65038,-4.7777,-0.3345,1
0.24441,-0.2369,0.14745,0.12304,0.29981,0.13955,-0.11303,-0.09661,0.050385,0.30775,0.38182,0.54665,0.053018,0.11429,0.77778,0.24175,0.24039,-0.062512,-0.11113,0.45003,0.81997,-0.026302,0.89939,0.85757,0.64724,-0.9395,-0.62925,-0.14066,1
-0.21759,-0.13567,-0.44638,-0.17838,-0.082001,-0.31573,-0.20466,-0.61603,-0.23932,-0.10789,0.49496,0.24056,0.39394,0.31429,0.69444,0.27363,0.070391,0.18746,0.33333,0.24999,0.74316,0.20834,0.78268,0.85351,0.26558,-0.92147,-0.64427,-0.35182,1
-0.5553,0.28414,-0.98776,-0.75189,-0.25366,-0.59722,0.12174,-0.98998,-0.76954,-0.26675,0.54672,-0.1477,0.48485,0.4,0.66667,0.69151,-0.12467,0.74995,0.66667,0.60004,0.71679,0.64036,0.78873,-0.29195,0.40773,-0.51076,-1.3398,0.051818,1
0.36655,-0.37638,0.34297,0.29707,0.35993,0.23921,-0.27182,0.02967,0.32957,0.33473,0.48485,-0.048575,0.44698,0.54286,0.5,0.4806,-0.05987,0.18746,0.55553,0.45003,0.74316,0.78072,0.86114,-0.15971,0.41311,-0.94764,-1.2769,-0.27632,1
-0.86888,-0.61631,-0.95391,-0.92478,-0.85588,-0.88223,-0.64961,-0.96493,-0.93431,-0.86118,0.68381,-0.41443,0.72727,0.62857,0.58333,0.59895,-0.3677,0.49998,0.55553,0.39999,0.70803,0.6206,0.60561,0.45881,-0.91292,-0.68586,-1.1,-0.72611,1
-0.88279,-0.60487,-0.967,-0.96281,-0.84723,-0.89807,-0.65159,-0.9727,-0.96217,-0.90551,0.65152,-0.55373,0.54545,0.45714,0.72222,0.56306,-0.21576,0.25001,0.55553,0.60004,0.80901,0.52851,0.70825,0.14955,-0.53836,-0.74636,-1.48,-0.76446,1
-0.54799,-0.38365,-0.73061,-0.56707,-0.4158,-0.61748,-0.47817,-0.79079,-0.60982,-0.45982,0.49697,-0.064166,0.63636,0.54286,0.5,0.38503,0.037607,0.25001,0.33333,0.39999,0.77828,0.5943,0.82092,-0.0050913,-0.14958,-0.9046,-1.2277,-0.56556,1
-0.90948,-0.8048,-0.98684,-0.89236,-0.87355,-0.92269,-0.8227,-0.9936,-0.90093,-0.8784,0.47474,-0.53195,0.36364,0.28571,0.55556,0.45933,-0.27377,0.37496,0.55553,0.39999,0.84413,0.41448,0.73237,0.38758,-0.86418,-0.73822,-0.83983,-0.92806,1
-0.95013,-0.92147,-0.96027,-0.95502,-0.95329,-0.96235,-0.95944,-0.97379,-0.95688,-0.95649,0.66667,-1,0.66667,0.57143,0.52778,0.49794,-0.73275,0.49998,0.33333,0.35001,0.65974,0.54605,0.60965,0.42422,-0.90663,-0.86969,-1.0103,-0.95185,-1
-0.85246,-0.52816,-0.93378,-0.92562,-0.84369,-0.86886,-0.58947,-0.94623,-0.93004,-0.86053,0.84761,-0.5303,0.66667,0.88571,0.83333,0.69553,-0.5213,0.49998,0.55553,0.60004,0.72339,0.50001,0.6539,0.21872,-0.69473,-0.2833,-1.2088,-0.062333,1
-0.88751,-0.84557,-0.93247,-0.86793,-0.8527,-0.89819,-0.86494,-0.94453,-0.87246,-0.86145,0.75758,-0.57329,0.51515,0.74286,0.69444,0.6716,-0.56749,0.49998,0.55553,0.60004,0.71899,0.49123,0.6539,0.14343,-0.58198,-0.78185,-1.2751,-0.78722,1
-0.78131,-0.49063,-0.89678,-0.85896,-0.67933,-0.83102,-0.62911,-0.93727,-0.86285,-0.77289,0.80087,-0.66007,0.84848,0.74286,0.69444,0.72282,-0.44217,0.49998,0.55553,0.60004,0.65094,0.70394,0.60561,0.14546,-0.25023,-0.84293,-1.4229,-0.61807,1
-0.62329,-0.57734,-0.7268,-0.58243,-0.5538,-0.66717,-0.62622,-0.8104,-0.58781,-0.5776,0.70233,-0.40487,0.78788,0.68571,0.63889,0.6716,-0.42786,0.49998,0.55553,0.60004,0.69047,0.63596,0.7686,-0.11293,0.10092,-0.85166,-1.2585,-0.42708,1
-0.57478,-0.15125,-0.90027,-0.58682,-0.33858,-0.64201,-0.29701,-0.92291,-0.69138,-0.39485,0.79324,-0.009293,0.87879,0.77143,0.72222,0.55926,-0.13898,0.68748,0.55553,0.39999,0.65534,0.33333,0.61969,0.92268,0.17582,-0.85166,-0.3993,-0.40144,1
-0.67434,-0.34589,-0.8946,-0.70058,-0.537,-0.71768,-0.46808,-0.92377,-0.74597,-0.58328,0.70119,-0.37991,0.60606,0.51429,0.80556,0.61192,-0.48145,0.49998,0.55553,0.39999,0.63778,0.25218,0.91548,-0.2594,-0.16226,-0.37173,-1.0914,0.065657,1
-0.75061,-0.55145,-0.84486,-0.83115,-0.64899,-0.80891,-0.65788,-0.88623,-0.83969,-0.68127,0.63636,-0.45414,0.45455,0.54286,0.66667,0.61192,-0.59543,0.49998,0.55553,0.39999,0.6663,0.60306,0.5714,0.29195,-0.66327,-0.92147,-1.3967,-0.82846,1
-0.78365,-0.48543,-0.92557,-0.88474,-0.61426,-0.82573,-0.59716,-0.94027,-0.92238,-0.65881,0.48841,-0.38715,0.57576,0.48571,0.44444,0.40474,-0.21964,0.25001,0.33333,0.39999,0.81341,0.73027,0.74447,0.23296,-0.3584,-0.82548,-1.4058,-0.67051,1
-0.49061,-0.062474,-0.79827,-0.47881,-0.33575,-0.54297,-0.17539,-0.83242,-0.52683,-0.35191,0.48822,-0.15458,0.45455,0.37143,0.33333,0.26038,-0.14897,-3.75e-05,0.33333,0.20001,0.78264,0.046063,0.74649,0.90843,0.60615,-0.84293,-0.25164,-0.18069,1
-0.53496,0.067151,-0.91071,-0.6562,-0.29412,-0.6382,-0.23677,-0.92976,-0.68744,-0.41362,0.46061,-0.12551,0.42424,0.34286,0.30556,0.22585,-0.32073,0.25001,0.11113,0.20001,0.73875,0.072365,0.73035,0.90437,0.55971,-0.86038,-0.40241,-0.20455,1
-0.74184,0.016158,-0.93247,-0.92478,-0.84096,-0.77084,-0.12903,-0.94805,-0.92645,-0.85231,0.60315,-0.35667,0.51515,0.42857,0.69444,0.41906,-0.32575,0.49998,0.33333,0.39999,0.75852,0.20615,0.82693,-0.27976,-0.28333,-0.45899,-1.1665,0.26481,1
-0.91422,-0.85928,-0.93061,-0.92478,-0.92177,-0.92816,-0.88001,-0.95059,-0.9277,-0.92931,0.87879,-1,0.87879,0.77143,0.72222,0.50632,-0.63931,0.49998,0.33333,0.24999,0.83753,0.37499,0.72636,0.2126,-0.88372,-0.8598,-1.1342,-0.89591,1
-0.85607,-0.74022,-0.93247,-0.86559,-0.84217,-0.88371,-0.83985,-0.94398,-0.87175,-0.85802,0.66347,-0.40572,0.72727,0.62857,0.58333,0.55848,-0.35697,0.49998,0.33333,0.55,0.77828,0.41227,0.75048,-0.031525,-0.40297,-0.79872,-1.2545,-0.69475,1
-0.077307,-0.52546,-0.071162,-0.1259,-0.072413,-0.17395,-0.52828,-0.2613,-0.12799,-0.1303,0.48863,0.25105,0.27273,0.4,0.75,0.25372,-0.14861,0.25001,0.2222,0.20001,0.6619,0.28508,0.61969,0.83723,0.10608,-0.9395,-0.39962,-0.43606,1
-0.44937,-0.032938,-0.66762,-0.49905,-0.27725,-0.52129,-0.2103,-0.73818,-0.56985,-0.37695,0.71624,-0.61775,0.72727,0.62857,0.58333,0.48347,-0.50954,0.49998,0.33333,0.39999,0.68386,0.0592,0.76658,-0.23703,-0.5591,-0.34555,-1.0885,0.6092,1
-0.026961,-0.29172,-0.056964,-0.12425,0.041578,-0.16198,-0.34855,-0.29297,-0.19526,-0.10176,0.39394,-0.32453,0.48485,0.4,0.36111,0.36462,-0.28277,0.12499,0.33333,0.35001,0.70803,0.57895,0.83904,-0.11088,0.02344,-0.94706,-1.1892,-0.47791,1
-0.44834,-0.44766,-0.56315,-0.51916,-0.41456,-0.54981,-0.71557,-0.63925,-0.58264,-0.49521,0.49091,-0.24649,0.57576,0.48571,0.44444,0.52832,-0.1386,0.49998,0.33333,0.60004,0.73875,0.51315,0.88732,-0.20651,0.085976,-0.90401,-1.1868,-0.43863,1
-0.76036,-0.1604,-0.9849,-0.85355,-0.74644,-0.89821,-0.73255,-0.99025,-0.93406,-0.80483,0.53246,0.22225,0.69697,0.6,0.55556,0.22814,-0.040989,0.062512,0.33333,0.20001,0.77388,0.44516,0.69816,0.48727,-0.73879,-0.86911,-0.81819,-0.86639,1
-0.65401,-0.58156,-0.72504,-0.62602,-0.60277,-0.61403,-0.92162,-0.63434,-0.61544,-0.61898,0.13333,0.065596,0.090909,0.22857,0.19444,0.14625,0.3047,-3.75e-05,0.11113,0.24999,0.8617,0.46931,0.81088,0.24312,-0.76808,-0.96568,-1.1031,-0.88038,1
-0.96891,-0.91529,-0.98843,-0.98058,-0.95948,-0.98392,-0.97609,-0.99122,-0.98499,-0.97817,0.66667,-1,0.66667,0.57143,0.52778,0.15421,-0.76643,0.25001,0.11113,3e-05,0.82877,0.41227,0.69215,0.33672,-0.95185,-0.86911,-0.85228,-0.97542,1
0.35656,0.00030547,0.26151,0.21005,0.46088,0.24304,0.029352,-0.041725,0.28483,0.42893,0.30807,0.38319,-0.060606,0.22857,0.69444,0.19404,-0.27628,-3.75e-05,0,0.20001,0.74095,0.21709,0.67,0.80265,0.15274,-0.95695,-0.18673,-0.41211,1
-0.72319,-0.51595,-0.84407,-0.8132,-0.61626,-0.76064,-0.58439,-0.88318,-0.82003,-0.65206,0.62487,-0.38237,0.48485,0.4,0.66667,0.4493,-0.16342,0.25001,0.33333,0.39999,0.70363,0.098695,0.73439,0.88403,0.48766,-0.72949,-0.55075,-0.2419,1
-0.77252,-0.097877,-0.97714,-0.92478,-0.82329,-0.79966,-0.22556,-0.98034,-0.92946,-0.83344,0.91801,-0.34163,0.9697,0.85714,0.80556,0.69968,-0.42327,0.74995,0.55553,0.60004,0.69702,0.19955,0.99597,-0.4649,0.087355,1,-1.1179,-0.29233,1
-0.12877,-0.46622,-0.21891,-0.27665,-0.042854,-0.27323,-0.62109,-0.35797,-0.33719,-0.24012,0.39394,-0.16622,0.51515,0.42857,0.38889,0.35323,-0.2183,0.49998,0.33333,0.20001,0.69702,0.44298,0.81487,-0.070198,-0.25157,-0.95637,-1.1416,-0.61556,1
-0.064509,-0.3985,-0.077604,-0.12615,-0.058824,-0.15439,-0.39467,-0.31042,-0.11468,-0.079289,0.4329,0.061443,0.57576,0.48571,0.44444,0.36462,0.3903,0.12499,0.55553,0.39999,0.6751,0.58552,0.79675,-0.078323,-0.02344,-0.94706,-1.1888,-0.50114,1
-0.91241,-0.72912,-0.97318,-0.95121,-0.86462,-0.96801,-0.9481,-0.98295,-0.96913,-0.95592,0.60606,-1,0.60606,0.51429,0.47222,0.62389,-0.5213,0.49998,0.55553,0.45003,0.72779,0.67983,0.60965,0.59715,-0.92863,-0.93834,-0.86713,-0.9635,1
-0.52543,-0.57966,-0.63125,-0.56414,-0.44777,-0.61087,-0.69216,-0.71688,-0.60086,-0.55776,0.36364,-0.32453,0.45455,0.37143,0.33333,0.19404,-0.26136,-3.75e-05,0.33333,0.20001,0.75852,0.67105,0.7525,0.27976,-0.51537,-0.94823,-1.1727,-0.75252,1
-0.90729,-0.80528,-0.96539,-0.94311,-0.84245,-0.92338,-0.84518,-0.97356,-0.94594,-0.86614,0.75758,-1,0.75758,0.65714,0.61111,0.61192,-0.55681,0.49998,0.55553,0.39999,0.76512,0.63596,0.65592,0.36115,-0.72952,-0.80861,-1.3684,-0.86202,1
0.26747,0.052889,0.015724,0.31853,0.40818,0.11375,0.036487,-0.2446,0.20515,0.37407,0.22943,0.41199,0,-0.057143,0.59722,0.15987,0.37904,-0.18754,-0.11113,0.30003,0.69922,-0.15352,0.72636,0.85554,0.83614,-0.93077,-0.43071,-0.054802,1
0.11778,0.33849,-0.22485,0.17092,0.34768,-0.018927,0.16455,-0.4157,0.044361,0.22588,0.22625,0.27358,0,-0.028571,0.30556,0.066662,0.078373,-0.18754,-0.11113,0.20001,0.64874,0.15789,0.74649,0.86367,0.37015,-0.61722,-0.69852,1,1
-0.36609,0.055986,-0.68394,-0.37394,-0.22838,-0.4876,-0.23507,-0.77747,-0.4641,-0.29397,0.53939,0.0080675,0.51515,0.42857,0.75,0.27363,-0.29372,0.062512,0.11113,0.20001,0.6619,0.10964,0.75654,0.90843,0.52048,-0.87784,-0.66144,-0.21673,1
0.14829,-0.61862,0.16131,0.027029,0.1256,0.010598,-0.86724,-0.019412,0.010598,-0.024606,0.45455,-1,0.45455,0.37143,0.33333,0.37314,-0.28005,0.25001,0.33333,0.30003,0.71023,0.91009,0.7143,0.011185,0.30846,-0.93892,-1.4657,-0.33039,1
0.53097,-0.45804,0.52416,0.42689,0.50644,0.37363,-0.28568,0.18425,0.37363,0.46318,0.34848,0.10631,0.15152,0.45714,0.41667,0.31339,-0.26136,0.12499,0.2222,0.30003,0.65314,0.53069,0.72838,-0.027462,-0.20424,-0.97382,-1.1887,-0.59464,1
0.21532,0.13646,-0.14135,0.17403,0.25787,0.069758,0.07816,-0.29938,0.10899,0.21217,0.3593,0.52344,0.037891,0.25714,0.52778,0.12577,0.17786,-3.75e-05,0.11113,0.30003,0.65314,0.23683,0.80886,0.97151,0.43984,-0.93834,-0.74782,-0.24676,1
0.24461,1,-0.34704,0.06177,0.63471,0.020377,0.82874,-0.48713,-0.39096,0.4709,0.27707,0.64094,-0.030303,0.22857,0.42362,0.057563,0.43445,-0.18754,-0.11113,0.099991,0.60265,0.08553,0.76254,0.93489,0.61349,-0.93892,-0.71607,-0.14213,1
0.32366,0.80134,-0.20298,0.14493,0.75615,0.0013015,0.34722,-0.38736,-0.14234,0.29837,0.050497,-0.0037104,0.030303,-0.028571,0.27778,-0.1244,-0.2183,-3.75e-05,-0.11113,-0.20001,0.62462,0.41448,0.82693,0.92065,0.096428,-0.95637,-0.8382,-0.41589,1
0.62774,0.88413,0.21645,0.67694,0.89191,0.16417,0.59127,-0.27066,0.16417,0.49379,0.18182,-0.022296,-0.030303,0.085714,0.27778,0.074614,-0.0090113,-0.12499,-0.11113,0.099991,0.68166,0.48244,0.62776,0.85351,-0.17849,-0.9744,-0.50318,-0.57651,1
-0.52878,0.20482,-0.86032,-0.63427,-0.4287,-0.57454,0.094525,-0.92935,-0.71903,-0.44475,0.70395,0.31293,0.78032,0.82857,0.77778,0.6716,0.38187,0.43751,0.7778,0.80002,0.62021,0.16008,0.75048,-0.37945,-0.1744,-0.85166,-1.1543,-0.49116,1
-0.82166,-0.4077,-0.94986,-0.93494,-0.77885,-0.85974,-0.56317,-0.96036,-0.93808,-0.86047,0.73193,-0.74562,0.75758,0.65714,0.61111,0.75427,-0.31452,0.49998,0.66667,0.60004,0.65534,0.52632,0.72636,-0.04577,-0.18196,-0.70273,-1.1984,-0.58171,1
0.058053,-0.66302,0.065144,-0.017174,0.032266,-0.063139,-0.7737,-0.11971,-0.063139,-0.069211,0.29547,-0.45123,0.18182,0.17143,0.29167,0.31339,-0.26136,0.12499,0.2222,0.30003,0.65314,0.78728,0.67202,0.062047,0.031046,-0.94764,-1.3415,-0.47226,1
0.33196,0.10465,0.1372,0.40761,0.42415,0.052951,0.11841,-0.25104,0.052951,0.26851,0.25758,0.44671,0,0.42857,0.38889,0.13429,0.64337,-0.37501,0.2222,0.39999,0.64433,0.4386,0.71829,-0.049859,-0.30774,-0.97382,-1.1636,-0.64735,1
-0.80609,-0.37383,-0.95391,-0.92703,-0.74387,-0.84494,-0.50943,-0.96759,-0.94053,-0.79084,0.77105,-0.60341,0.69697,0.6,0.55556,0.6716,-0.4737,0.49998,0.55553,0.60004,0.58509,0.39913,0.61368,0.025431,-0.5054,-0.64223,-1.1523,-0.50489,1
-0.36117,-0.72683,-0.33335,-0.41754,-0.34882,-0.43993,-0.75985,-0.46059,-0.439,-0.40365,0.41668,0.022977,0.54545,0.45714,0.41667,0.25372,0.048318,0.25001,0.33333,0.20001,0.72339,0.51096,0.77061,-0.035613,-0.2271,-0.93892,-1.2057,-0.60534,1
-0.85951,-0.74424,-0.93361,-0.86793,-0.84076,-0.88971,-0.81453,-0.96884,-0.88197,-0.86021,0.70201,-0.63562,0.75758,0.65714,0.61111,0.53233,-0.61749,0.49998,0.33333,0.39999,0.74751,0.46493,0.65794,0.20244,-0.72614,-0.86969,-1.25,-0.85984,1
-0.90944,-0.75076,-0.9496,-0.94311,-0.93078,-0.92271,-0.77847,-0.96348,-0.94338,-0.94432,0.54735,-0.34047,0.60606,0.51429,0.47222,0.50747,-0.38311,0.49998,0.33333,0.39999,0.90563,0.39694,0.80684,0.44047,-0.74548,-0.81617,-0.78485,-0.86842,1
-0.75165,-0.47412,-0.92849,-0.85362,-0.61581,-0.78903,-0.57431,-0.94114,-0.86137,-0.65702,0.72145,-0.41385,0.51515,0.8,0.75,0.58892,-0.51608,0.49998,0.44447,0.39999,0.73875,0.53729,0.86114,-0.17192,0.058578,-0.78185,-1.201,-0.45272,1
-0.67673,-0.31531,-0.9221,-0.72542,-0.4872,-0.71469,-0.41984,-0.93513,-0.75104,-0.52887,0.66747,-0.38586,0.66667,0.57143,0.61111,0.50826,-0.33349,0.49998,0.33333,0.39999,0.82437,0.67324,0.72434,0.93083,-0.35142,-0.011635,-0.34966,0.53316,1
-0.86783,-0.62435,-0.93378,-0.93643,-0.87975,-0.89993,-0.72542,-0.94657,-0.9413,-0.9304,0.78788,-0.48674,0.84848,0.74286,0.69444,0.51707,-0.46706,0.49998,0.33333,0.39999,0.73215,0.37499,0.69618,0.47508,-0.64134,-0.82548,-0.83502,-0.80593,1
-0.20894,-0.37275,-0.30131,-0.26808,-0.24825,-0.34537,-0.69262,-0.45407,-0.31179,-0.31101,0.58335,0.14334,0.72727,0.62857,0.58333,0.46269,0.034277,0.49998,0.44447,0.39999,0.70583,0.91447,0.84307,-0.009154,0.37224,-0.91332,-1.2525,-0.2935,1
-0.71664,-0.089366,-0.93247,-0.90438,-0.5022,-0.76721,-0.23098,-0.94703,-0.92443,-0.71083,0.72727,-1,0.72727,0.62857,0.58333,0.70147,-0.53872,0.625,0.55553,0.60004,0.74536,0.76974,0.68811,0.18005,-0.20589,-0.84293,-1.469,-0.59493,1
-0.7447,-0.37254,-0.94851,-0.88351,-0.57894,-0.79414,-0.51252,-0.95727,-0.88975,-0.62827,0.72727,-1,0.72727,0.62857,0.58333,0.60526,-0.52715,0.49998,0.55553,0.39999,0.77388,0.54386,0.79276,-0.04577,-0.16528,-0.83653,-1.2574,-0.57196,1
-0.20414,-0.33643,-0.38031,-0.20027,-0.15678,-0.29253,-0.41527,-0.56826,-0.24501,-0.19915,0.45076,0.050073,0.18182,0.45714,0.59722,0.23882,-0.084123,-3.75e-05,0.11113,0.20001,0.85729,-0.13816,0.96982,0.9593,1,-0.86911,-0.61039,0.054282,1
-0.53619,0.028398,-0.89493,-0.69058,-0.23276,-0.61659,-0.17796,-0.92638,-0.70472,-0.32077,0.44276,-0.23151,0.36364,0.28571,0.63889,0.40631,-0.32334,0.49998,0.33333,0.39999,0.72559,0.18422,0.82895,0.97151,0.51261,-0.83421,-0.68293,-0.22417,1
-0.3807,0.3623,-0.78222,-0.57593,0.032956,-0.43513,0.19224,-0.86731,-0.59837,-0.043411,0.62259,-0.28379,0.69697,0.6,0.55556,0.44371,-0.3763,0.49998,0.33333,0.39999,0.74095,0.53069,0.91548,-0.3245,0.31428,-0.70332,-1.2093,0.19688,1
-0.7653,-0.51592,-0.87786,-0.83576,-0.66343,-0.80286,-0.60162,-0.92614,-0.83952,-0.69628,0.6176,-0.75859,0.63636,0.54286,0.5,0.6375,-0.4792,0.49998,0.55553,0.60004,0.78048,0.6535,0.73842,0.035613,-0.14153,-0.78127,-1.4202,-0.56124,1
-0.79568,-0.48063,-0.93154,-0.87618,-0.67073,-0.84201,-0.57594,-0.94875,-0.89856,-0.79566,0.61212,-0.6053,0.54545,0.45714,0.41667,0.50446,-0.61383,0.49998,0.33333,0.20001,0.83753,0.42105,0.74246,0.092569,-0.60958,-0.89529,-1.348,-0.80127,1
-0.63636,-0.23732,-0.81899,-0.71553,-0.61184,-0.69262,-0.35882,-0.85267,-0.75256,-0.65917,0.68015,-0.31654,0.78788,0.68571,0.63889,0.53892,-0.31392,0.49998,0.44447,0.39999,0.76072,0.61622,0.86316,-0.19635,0.21621,-0.83421,-1.2507,-0.36829,1
0.10125,0.1886,-0.23659,0.24576,0.27166,-0.056372,0.035821,-0.40039,0.049492,0.15707,0.3,0.26888,-0.030303,0.28571,0.25,0.074614,0.21371,-3.75e-05,-0.11113,0.20001,0.75632,-0.11843,0.97184,0.92268,0.92381,-0.91332,-0.72576,0.004647,1
0.10786,0.048833,-0.16284,0.070518,0.23221,-0.037556,0.008991,-0.36954,-0.13933,0.22457,0.37229,0.25813,-0.0075879,0.25714,0.47222,0.023462,-0.14404,-3.75e-05,-0.11113,-0.050011,0.6663,0.12062,0.95772,0.94711,0.61273,-0.93019,-0.81054,-0.15326,1
-0.17243,0.01876,-0.42362,-0.14657,-0.020815,-0.3,-0.19114,-0.56272,-0.2134,-0.17674,0.55944,-0.21878,0.45455,0.37143,0.63889,0.34098,-0.31747,0.25001,0.33333,0.24999,0.67726,0.065796,0.81487,1,0.75079,-0.88656,-0.6726,-0.096207,1
-0.45172,0.1215,-0.91755,-0.3538,-0.20772,-0.5436,-0.061681,-0.96141,-0.5101,-0.27721,0.66434,-0.24642,0.42424,0.65714,0.61111,0.57975,-0.62786,0.49998,0.55553,0.39999,0.70803,0.024112,0.59557,0.60936,0.12627,-0.78243,0.96362,-0.40381,1
0.041872,-0.72747,0.074765,-0.012425,-0.00457,0.0081434,-0.93632,-0.0040995,0.012122,-0.044311,0.66061,-0.58136,0.64395,0.62857,0.58333,0.6716,0.070391,0.56246,0.55553,0.65002,0.52359,0.69738,0.69417,-0.023399,0.067206,-0.94823,-1.1806,-0.45304,1
-0.46286,-0.52126,-0.50729,-0.52648,-0.40907,-0.53936,-0.6385,-0.61232,-0.53579,-0.46851,0.59673,-0.077305,0.45455,0.68571,0.63889,0.52466,-0.27861,0.49998,0.33333,0.39999,0.73215,0.76536,0.82895,-0.033582,0.17369,-0.88656,-1.25,-0.39499,1
-0.88139,-0.61695,-0.93668,-0.93235,-0.88629,-0.93414,-0.89942,-0.95585,-0.94597,-0.9201,0.63636,-1,0.63636,0.54286,0.5,0.56306,-0.4655,0.49998,0.33333,0.39999,0.77828,0.57019,0.6861,0.32656,-0.77008,-0.89529,-1.2078,-0.88278,1
-0.54146,-0.45178,-0.67329,-0.62299,-0.50313,-0.64742,-0.71094,-0.74315,-0.66997,-0.59312,0.52381,-0.61402,0.57576,0.48571,0.44444,0.50102,-0.56749,0.49998,0.33333,0.39999,0.87486,0.56797,0.88531,0.033582,-0.2602,-0.93019,-1.2267,-0.61429,1
-0.85872,-0.67559,-0.94258,-0.93494,-0.81282,-0.8886,-0.74615,-0.95831,-0.93827,-0.84445,0.56276,-0.44877,0.63636,0.54286,0.5,0.43282,-0.45029,0.49998,0.33333,0.39999,0.8683,0.56578,0.83904,0.24515,-0.62201,-0.87725,-1.1472,-0.80591,1
0.39153,0.5953,-0.058956,0.54547,0.63826,0.14967,0.47881,-0.32719,0.13799,0.51911,0.34344,0.32348,0.12121,0.42857,0.38889,0.27363,-0.2183,0.25001,0.2222,0.20001,0.73435,0.32236,0.7143,0.90843,0.17124,-0.95637,-0.5088,-0.39275,1
-0.091604,-0.38338,-0.1294,-0.088621,-0.10156,-0.18968,-0.42214,-0.29983,-0.11531,-0.1365,0.45455,0.15873,0.18182,0.37143,0.63889,0.34599,0.12329,0.12499,0.33333,0.39999,0.79585,-0.037277,0.75048,0.80671,0.56398,-0.91274,-0.21504,-0.20041,1
-0.033187,-0.37396,-0.040604,-0.021852,-0.024126,-0.10624,-0.4361,-0.13161,-0.038411,-0.074752,0.61212,0.40511,0.21212,0.48571,0.91667,0.40896,0.093924,-3.75e-05,0.33333,0.39999,0.73,0.0021895,0.68811,0.80874,0.50491,-0.92147,-0.22993,-0.23222,1
-0.4488,-0.34955,-0.55226,-0.57875,-0.41304,-0.55427,-0.66441,-0.63074,-0.59982,-0.52655,0.71862,-0.19999,0.81818,0.71429,0.66667,0.58635,-0.42315,0.49998,0.55553,0.39999,0.69922,0.55702,0.84504,-0.25127,0.22524,-0.88656,-1.2174,-0.37009,1
-0.9225,-0.73382,-0.97426,-0.96117,-0.94319,-0.95172,-0.87812,-0.97809,-0.96333,-0.95571,0.52165,-0.11298,0.60606,0.51429,0.47222,0.44987,-0.11749,0.49998,0.33333,0.39999,0.8661,0.57895,0.77667,0.57274,-0.8034,-0.83421,-0.85399,-0.8987,1
0.13027,-0.25267,0.038951,0.13211,0.15215,0.043097,-0.24374,-0.13296,0.102,0.1409,0.42928,0.38523,0.39394,0.5,0.61111,0.35323,0.43227,0.25001,0.44447,0.39999,0.65534,0.58771,0.81487,-0.068167,-0.02553,-0.95637,-1.1634,-0.50123,1
0.14595,-0.46692,0.081165,0.01039,0.18037,0.076749,-0.52392,-0.066809,0.081062,0.14239,0.23232,-0.096708,0.36364,0.28571,0.25,0.31339,-0.21135,0.25001,0.33333,0.20001,0.77828,0.65569,0.85513,-0.023399,-0.016279,-0.95637,-1.2232,-0.49431,1
-0.86844,-0.60838,-0.95406,-0.90635,-0.84891,-0.88045,-0.64551,-0.96634,-0.91525,-0.86256,0.71549,-0.77936,0.69697,0.6,0.55556,0.60526,-0.56981,0.49998,0.55553,0.39999,0.83537,0.27851,0.77465,0.015248,-0.69276,-0.7993,-1.166,-0.77825,1
-0.49284,-0.655,-0.58116,-0.53072,-0.44184,-0.55137,-0.68815,-0.66655,-0.54769,-0.5304,0.41874,-0.085952,0.54545,0.45714,0.41667,0.41111,-0.21323,0.49998,0.33333,0.35001,0.8639,0.79166,0.94566,0.117,-0.036783,-0.9046,-1.2065,-0.49919,1
-0.73514,-0.18488,-0.95079,-0.92478,-0.51927,-0.77047,-0.3111,-0.95866,-0.92337,-0.72144,0.58524,-0.76978,0.60606,0.51429,0.47222,0.46269,-0.46112,0.49998,0.33333,0.39999,0.8683,0.20615,0.76456,0.97354,0.46044,-0.60675,0.46851,-0.2538,1
0.062165,0.51851,-0.28503,0.3041,0.29015,-0.12535,0.4143,-0.56017,-0.0053174,0.22235,0.23738,0.31443,-0.030303,0.31429,0.27778,-0.004979,-0.23953,-3.75e-05,-0.11113,3e-05,0.85949,0.26316,0.77868,0.79043,0.059156,-0.94764,-0.25306,-0.46104,1
0.25702,0.6526,-0.10346,0.4541,0.4574,-0.012977,1,-0.56272,-0.012977,0.43402,0.32577,0.36052,0.030303,0.28571,0.48611,0.25372,-0.14178,-3.75e-05,0.11113,0.30003,0.81561,0.28289,0.74246,0.87997,0.18076,-0.95579,-0.20981,-0.38852,1
-0.75132,-0.34922,-0.95153,-0.84956,-0.53779,-0.80308,-0.4802,-0.96015,-0.85238,-0.69043,0.7601,-0.72977,0.78788,0.68571,0.63889,0.55224,-0.61426,0.49998,0.55553,0.39999,0.77168,0.71273,0.78671,0.95117,-0.35885,-0.8249,-0.80022,-0.67171,1
0.11128,-0.19664,-0.01814,0.041454,0.19341,0.037965,0.038771,-0.24397,0.037965,0.23406,0.29547,0.17793,0.075758,0.41429,0.38889,0.37314,0.083059,0.12499,0.44447,0.39999,0.72339,0.76314,0.83298,-0.11088,0.30205,-0.94764,-1.2648,-0.33525,1
0.14687,-0.73778,0.18242,0.084086,0.09628,0.041014,-0.71009,-0.036933,0.093073,0.036103,0.58788,-0.50525,0.56819,0.57143,0.52778,0.62389,-0.05987,0.56246,0.55553,0.60004,0.76292,0.63596,0.85311,0.076292,-0.20682,-0.9651,-1.1672,-0.59512,1
-0.75621,-0.45986,-0.91519,-0.84532,-0.64868,-0.79551,-0.55683,-0.94437,-0.85915,-0.68233,0.5679,-0.60253,0.48485,0.51429,0.47222,0.57431,-0.46754,0.49998,0.55553,0.39999,0.76948,0.70394,0.76658,0.12309,-0.20389,0.90111,-1.2841,-0.22035,1
0.35141,-0.19068,0.19496,0.32952,0.40918,0.29,-0.40223,0.2935,0.35307,0.3277,0.23486,0.4864,-0.12121,0.25714,0.375,-0.014937,0.12108,-0.25001,-0.11113,0.099991,0.77608,-0.021923,0.84504,0.85757,0.6383,-0.93892,-0.60691,-0.16626,1
0.15317,0.15858,-0.049631,0.22819,0.32544,0.0060982,0.16655,-0.34621,0.11367,0.26924,0.27273,0.26909,0.090909,0.2,0.33333,0.11445,-0.065688,-0.25001,0,0.20001,0.69267,0.12719,0.6821,0.77619,0.25481,-0.94764,-0.49791,-0.3591,1
-0.18949,-0.017033,-0.41176,-0.13936,-0.092866,-0.3373,-0.29446,-0.54044,-0.2443,-0.19593,0.32121,-0.031215,0.21212,0.31429,0.44444,0.1224,-0.063749,-3.75e-05,0.11113,0.20001,0.65314,0.21931,0.78873,0.9532,0.43219,-0.90401,-0.72995,-0.27005,1
-0.89863,-0.67488,-0.98284,-0.94225,-0.86522,-0.94611,-0.84618,-0.98985,-0.9827,-0.90035,0.65801,0.19011,0.81818,0.71429,0.66667,0.39872,0.11672,0.31248,0.33333,0.39999,0.63558,0.31141,0.58149,0.38352,-0.70252,-0.81675,-0.81819,-0.84085,1
-0.6403,0.41444,-0.97716,-0.9159,-0.42504,-0.66386,0.21307,-0.98056,-0.90962,-0.44555,0.66863,-0.32563,0.72727,0.62857,0.58333,0.64853,-0.24161,0.49998,0.55553,0.60004,0.77608,0.79385,0.93561,-0.4181,0.87595,-0.60675,-1.3161,-0.0238,1
1,-0.16872,0.95618,0.84918,1,1,-0.46654,0.86526,1,1,0.57576,-1,0.57576,0.48571,0.44444,0.4925,-0.71392,0.49998,0.33333,0.30003,0.80681,0.76536,0.8189,-0.1638,0.37949,-0.9651,-1.4422,-0.29479,1
0.10909,-0.12557,0.086124,-0.03367,0.072792,-0.10133,-0.53989,-0.1233,-0.1001,-0.050579,0.80681,0.7464,0.69697,1,0.94444,1,0.78167,0.87498,1,1,-0.086715,0.2215,1,0.42422,0.30352,-0.93834,-0.97751,-0.30843,-1
-0.54696,-0.57084,-0.60192,-0.61681,-0.55038,-0.63198,-0.79779,-0.70199,-0.64643,-0.58297,0.54269,-0.13762,0.42424,0.6,0.55556,0.47623,-0.33187,0.49998,0.55553,0.39999,0.71239,0.7522,0.71026,0.17801,-0.22172,-0.91216,-1.2857,-0.59803,1
-0.45045,-0.68159,-0.50195,-0.4958,-0.42729,-0.53304,-0.7656,-0.62138,-0.53222,-0.50674,0.34092,-0.12884,0.13636,0.45714,0.41667,0.31339,-0.47029,0.25001,0.2222,0.20001,0.68827,0.59211,-0.070438,0.56256,-0.3435,-0.93892,-1.0124,-0.66049,-1
-0.32466,-0.54686,-0.32466,-0.3592,-0.28946,-0.37579,-0.55687,-0.46909,-0.32596,-0.31035,0.28572,-0.039861,0.15152,0.11429,0.47222,0.22814,-0.30484,-3.75e-05,0.11113,0.20001,0.76072,0.57895,-0.022149,0.54628,-0.32665,-0.94823,-1.0115,-0.64751,-1
0.075501,0.1531,-0.14203,-0.00082122,0.23217,0.27985,-1,0.28859,0.27985,0.19198,0.24242,0.03176,-0.022715,0.37143,0.33333,0.19404,-0.0090113,-0.062512,0.33333,0.20001,0.68827,0.42543,0.17706,0.36115,-0.61074,-0.98197,-1.0094,-0.80208,-1
0.023732,0.072313,-0.12211,-0.17096,0.17661,-0.052467,0.091956,-0.37463,-0.073848,0.18651,0.34344,0.35916,-0.030303,0.44286,0.58333,0.2338,0.46615,-0.25001,0.11113,0.60004,0.48627,0.37061,-0.46478,0.36724,-0.1277,-0.95695,-1.0104,-0.55552,-1
0.47416,0.41718,0.19132,0.43453,0.66072,0.61194,-0.35694,0.44404,0.61194,0.66678,0.60606,-0.3192,0.48485,0.62857,0.58333,0.6716,-0.53284,0.625,0.55553,0.50002,0.46215,0.24342,-0.37829,0.24924,-0.238,-0.97382,-1.012,-0.6097,-1
0.18915,0.35545,-0.33627,0.25844,0.37355,-0.0016361,0.23248,-0.48346,0.049827,0.31253,0.48485,0.65749,0.27273,0.2,0.88889,0.33044,0.54435,-0.12499,0.11113,0.39999,-0.39625,0.45614,0.7143,0.27771,0.20949,-0.94823,-1.0057,-0.38043,-1
0.1848,0.61437,-0.35772,0.23651,0.49668,-0.043208,0.47719,-0.50637,-0.16964,0.32555,0.31818,0.58273,0,0.25714,0.55556,0.15421,0.59451,-3.75e-05,-0.11113,0.39999,-0.18769,0.3728,0.71228,0.21466,0.0078726,-0.95637,-1.0055,-0.47717,-1
-0.48308,-0.42466,-0.65492,-0.53883,-0.42622,-0.56204,-0.52067,-0.71913,-0.56844,-0.51824,0.52342,0.16438,0.30303,0.57143,0.52778,0.32428,0.06622,0.062512,0.33333,0.35001,-0.25354,0.46052,0.53118,0.28586,-0.11435,-0.91332,-1.0073,-0.54557,-1
0.22781,0.0066045,0.069467,0.22919,0.3334,0.03421,0.020123,-0.26433,0.085041,0.23409,0.29697,0.82959,-0.18941,0.17143,0.61111,0.24175,0.36598,-0.12499,0.11113,0.45003,-0.14161,0.46931,0.58351,0.32247,-0.17146,-0.96568,-1.0046,-0.57492,-1
0.40183,0.68547,-0.0076714,0.38619,0.70856,0.51709,0.0088007,0.23304,0.70736,0.64094,0.30909,0.29401,0.25758,0.42857,0.38889,0.24175,0.58764,-0.18754,0.33333,0.45003,0.68166,0.32458,-0.31991,0.40792,-0.05671,-0.96568,-1.0187,-0.51669,-1
0.21997,-0.62062,0.229,0.15321,0.18478,0.17387,-0.7838,0.12173,0.17387,0.14893,0.28788,0.27651,0.060606,0.42857,0.38889,0.19404,0.54938,-0.12499,0.33333,0.30003,0.3326,0.39913,-0.38228,0.36318,-0.36472,-0.97382,-1.0097,-0.677,-1
-0.046523,-0.030979,-0.21853,-0.099368,0.079656,-0.098204,-0.093744,-0.32405,-0.018555,0.054354,0.29869,0.038091,-0.053042,0.42857,0.38889,0.15987,0.21049,-0.12499,0.33333,0.20001,0.42922,0.38159,-0.61368,0.41404,-0.016724,-0.94764,-1.0129,-0.4951,-1
0.30979,0.095065,0.14817,0.30678,0.41656,0.36824,-0.60658,0.27085,0.32362,0.38346,0.47879,0.17983,0.43181,0.57143,0.52778,0.28954,0.11533,0.25001,0.33333,0.24999,0.44018,0.36623,-0.5332,0.38961,-0.091758,-0.9651,-1.0129,-0.53644,-1
0.1378,-0.11766,0.0061032,0.035955,0.18658,0.062619,-0.12605,-0.17448,0.044956,0.2157,0.54041,0.077033,0.69697,0.6,0.55556,0.592,0.065276,0.74995,0.55553,0.60004,0.57848,0.25218,-0.40645,0.3469,-0.061157,-0.95695,-1.0195,-0.50747,-1
-0.15118,-0.62906,-0.19196,-0.20263,-0.13401,-0.27189,-0.66613,-0.35572,-0.31547,-0.22955,0.60606,0.40355,0.34848,0.8,0.75,0.52832,0.11533,0.49998,0.55553,0.45003,0.27335,0.3136,0.72434,0.27567,-0.41436,-0.9651,-0.99081,-0.70033,-1
0.49188,-0.24546,0.48559,0.26754,0.46878,0.21136,-0.90367,0.19114,0.2272,0.15084,0.52727,-0.50525,0.50756,0.51429,0.47222,0.52832,-0.23239,0.56246,0.55553,0.39999,-0.11744,0.33333,0.73842,0.44253,0.025175,-0.9651,-0.98013,-0.47332,-1
-0.35026,0.15626,-0.74817,-0.42339,-0.0939,-0.46083,-0.001665,-0.82317,-0.52999,-0.18,0.23636,-0.40795,0.30303,0.22857,0.19444,0.02683,-0.39389,-3.75e-05,-0.11113,-0.20001,-0.36112,0.79385,0.55531,0.69074,0.0059601,-0.92147,-0.99755,-0.48388,-1
-0.054824,-0.47881,-0.12673,-0.095762,-0.014158,-0.12903,-0.42894,-0.29166,-0.033763,-0.055081,0.11515,0.32165,-0.20456,0.17143,0.25,-0.092524,-0.25402,-0.31251,-0.11113,3e-05,0.027469,0.6601,-0.67606,0.59511,-0.35311,-0.96568,-1.008,-0.67051,-1
-0.68017,0.25991,-0.98088,-0.94421,-0.46812,-0.69639,0.090148,-0.98542,-0.95169,-0.47073,0.58126,-0.53268,0.66667,0.57143,0.52778,0.58477,-0.58421,0.49998,0.55553,0.39999,0.83317,0.33333,-0.40039,0.46287,0.18418,-0.17161,-1.0188,-0.39196,-1
0.25687,0.45363,-0.059973,0.2439,0.4725,0.42245,-0.37366,0.25789,0.42245,0.486,0.46211,-0.53195,0.37879,0.45714,0.41667,0.4925,-0.022863,0.25001,0.44447,0.50002,0.47751,0.43203,-0.22535,0.45269,-0.36325,-0.9744,-1.0193,-0.6751,-1
-0.24122,0.23253,-0.5356,-0.26775,0.041164,-0.43472,0.0078493,-0.72633,-0.42836,-0.20022,0.19193,0.33656,0.18182,0.11429,0.5,0.074614,0.18642,-3.75e-05,0,0.20001,0.075756,0.77412,0.62776,0.63988,-0.33483,-0.95637,-1.0009,-0.66128,-1
0.45122,0.17723,0.24811,0.53587,0.54373,0.19685,0.38385,-0.17999,0.19685,0.47087,0.26516,0.79235,-0.22727,0.17143,0.61111,0.19404,0.47727,-0.25001,0.11113,0.39999,-0.01206,0.58552,0.62978,0.46896,-0.24943,-0.97382,-1.0003,-0.61576,-1
0.26486,-0.37396,0.21158,0.29228,0.25597,0.27416,-0.97442,0.27575,0.27416,0.19326,0.31062,0.6551,-0.13636,0.4,0.61111,0.19404,0.61828,-0.25001,0.33333,0.39999,0.52579,0.52413,-0.17504,0.56866,-0.34978,-0.97382,-1.0242,-0.6651,-1
-0.067161,-0.24547,-0.18594,-0.13336,0.011882,0.044807,-1,0.051946,0.044807,-0.026926,0.66667,-1,0.66667,0.57143,0.52778,0.51241,-0.33934,0.37496,0.55553,0.39999,0.63117,0.54167,0.18307,0.48524,-0.6635,-0.98197,-1.0158,-0.8287,-1
0.44914,-0.41961,0.43299,0.34631,0.43487,0.46023,-1,0.47021,0.46023,0.35998,0.52526,0.19243,0.20456,0.45714,0.68751,0.43282,0.1443,0.12499,0.33333,0.50002,0.25359,0.45176,-0.29175,0.43641,-0.51848,-0.98313,-1.0183,-0.75361,-1
0.57247,-0.89951,0.70556,0.46088,0.43446,0.44328,-1,0.45314,0.44328,0.34418,0.28284,0.73639,-0.18938,0.34286,0.5764,0.19404,0.51377,-0.25001,0.33333,0.35001,0.27551,0.61622,-0.32193,0.56662,-0.47854,-0.98313,-1.0123,-0.73154,-1
-0.10775,-0.1169,-0.23417,-0.20245,0.0097436,-0.12691,-0.36153,-0.35052,-0.10378,-0.013489,0.64984,0.59329,0.52274,0.54286,0.91667,0.69818,0.77377,0.37496,0.7778,0.85,-0.59824,0.66667,0.49496,0.38961,0.19779,-0.93019,-1.0125,-0.37003,-1
0.15725,0.2122,-0.11363,0.14686,0.35575,-0.097721,0.017459,-0.38863,-0.12037,0.1204,0.62424,0.12353,0.21212,0.68571,0.71529,0.52832,0.18642,0.18746,0.33333,0.65002,-0.14161,0.67105,0.52513,0.45881,-0.21901,-0.96568,-1.0111,-0.60063,-1
0.10006,-0.15188,-0.038993,0.11326,0.19244,-0.090879,-0.21122,-0.32102,-0.05124,0.056051,0.4303,0.33526,0,0.25714,0.66667,0.4806,0.24039,0.18746,0.11113,0.65002,-0.11744,0.73027,0.52513,0.56459,-0.25455,-0.96568,-1.0051,-0.61947,-1
-0.060435,-0.0066045,-0.37187,-0.048666,0.14043,-0.24367,-0.17676,-0.50705,-0.29803,-0.047151,0.48485,0.065596,0.060606,0.4,0.75,0.51241,-0.065688,0.25001,0.44447,0.60004,-0.091118,0.81799,0.57947,0.63785,-0.22203,-0.95695,-1.0059,-0.59297,-1
0.23515,-0.12316,0.093753,0.17121,0.32685,-0.0053917,-0.36761,-0.18777,0.021381,0.095081,0.4,0.75688,-0.083345,0.6,0.63889,0.43282,0.56689,0.062512,0.33333,0.65002,-0.21842,0.86403,0.50904,0.63785,-0.16381,-0.9651,-1.0104,-0.56396,-1
0.012702,-0.44346,0.014919,0.016567,0.012054,-0.11085,-0.44237,-0.25494,-0.053843,-0.032952,0.49496,-0.23566,0.60606,0.51429,0.47222,0.47265,-0.15783,0.25001,0.44447,0.39999,0.36332,0.69956,-0.49096,0.83317,-0.11662,-0.95579,-1.0311,-0.54865,-1
0.076692,0.044799,-0.11795,0.0087478,0.25894,0.0097423,0.040198,-0.28908,0.11122,0.22318,0.20708,0.11666,-0.12121,0.37143,0.33333,0.2338,0.049811,-3.75e-05,0.11113,0.20001,0.4731,0.65788,-0.4286,0.77822,-0.094916,-0.95695,-1.0277,-0.53008,-1
0.31697,-0.67592,0.37552,0.16271,0.25908,0.22151,-0.6223,0.12476,0.22151,0.23485,0.49241,-0.021343,0.31818,0.57143,0.52778,0.4925,-0.14178,0.37496,0.55553,0.39999,0.34796,0.71273,-0.32798,0.79653,-0.31704,-0.97382,-1.0331,-0.65131,-1
0.67086,-0.11305,0.59028,0.55229,0.70483,0.74175,-1,0.75365,0.74175,0.62217,0.37375,0.19243,0.053042,0.31429,0.54862,0.43282,-0.0090113,0.18746,0.55553,0.39999,0.27771,0.66229,-0.26561,0.73142,-0.44402,-0.98313,-1.039,-0.71625,-1
0.28054,-0.41231,0.26659,0.091049,0.29146,0.22214,-0.33266,0.044795,0.22214,0.31,0.32577,0.40756,-0.045455,0.4,0.55556,0.19404,0.61828,-0.25001,0.33333,0.39999,0.32384,0.65131,-0.37224,0.71108,-0.3206,-0.97324,-1.0275,-0.65425,-1
-0.10263,-0.050277,-0.33191,-0.090549,0.013951,-0.30279,-0.34001,-0.51319,-0.27587,-0.1516,0.31818,0.29258,0.12121,0.32857,0.55556,0.27363,0.28786,-0.25001,0.2222,0.20001,0.027469,0.66229,0.6861,0.53407,-0.22844,-0.95637,-1.001,-0.60353,-1
-0.047176,-0.4283,-0.13813,-0.12308,0.0088468,-0.22128,-0.6125,-0.3209,-0.26602,-0.16729,0.44848,0.15029,0.030303,0.51429,0.55556,0.28954,0.49198,-0.12499,0.33333,0.35001,0.082313,0.74563,0.61167,0.66428,-0.35333,-0.96568,-0.99351,-0.66795,-1
0.34318,-0.84734,0.43494,0.24979,0.24266,0.18466,-0.90329,0.16583,0.18466,0.12822,0.46213,0.44814,0.045455,0.48571,0.72222,0.4925,0.57558,-3.75e-05,0.44447,0.7,-0.042784,0.80483,0.53921,0.61954,-0.3077,-0.97382,-1.0075,-0.64437,-1
0.21747,0.061884,0.00818,0.21023,0.36479,-0.019001,-0.074221,-0.28571,-0.017477,0.16618,0.20606,0.15029,-0.21212,0.28571,0.33333,0.0029731,0.10055,-0.31251,-0.11113,0.099991,-0.0055031,0.82018,0.69417,0.71311,-0.18792,-0.9651,-0.9972,-0.5702,-1
0.24015,-0.21455,0.12024,0.12558,0.31429,0.1619,-0.16286,-0.079875,0.18752,0.30713,0.22424,0.4107,-0.18182,0.2,0.55556,0.050758,0.54586,-0.37501,-0.11113,0.30003,-0.19209,0.95615,0.55531,0.75585,-0.14962,-0.9651,-1.0065,-0.56133,-1
-0.088222,-0.022005,-0.43125,-0.12365,0.12094,-0.26074,-0.23151,-0.54726,-0.27267,-0.075722,0.12121,-0.17058,-0.090909,-0.14286,0.16667,0.057563,-0.016907,-0.18754,-0.11113,0.15003,-0.044985,1,0.75048,0.93489,-0.082996,-0.94764,-0.99185,-0.51717,-1
0.11924,-0.94522,0.21874,0.039811,0.017125,-0.0038672,-1,0.0029389,-0.0038672,-0.072258,0.35353,0.32478,0.0075879,0.22857,0.56944,0.11445,-0.12602,-0.12499,0.11113,0.15003,0.16357,0.78509,0.44061,0.64394,-0.61165,-0.98255,-1.0029,-0.80244,-1
0.3242,0.071259,0.17949,0.26968,0.41687,0.36325,-0.44784,0.24472,0.24359,0.41584,0.34545,0.065596,0.30303,0.42857,0.38889,0.28954,0.039358,0.12499,0.11113,0.30003,0.62462,0.57019,-0.31991,0.64394,-0.10297,-0.96568,-1.0208,-0.53729,-1
0.31367,0.95892,-0.14042,0.3818,0.65834,-0.034656,0.70582,-0.53962,0.060127,0.35018,0.10909,0.27453,-0.1288,-0.057143,0.3264,0.050758,0.18642,-0.31251,-0.11113,0.24999,0.44458,0.48466,-0.45474,0.60936,-0.10114,-0.9651,-1.0268,-0.53623,-1
0.75457,0.50977,0.50543,0.63006,0.92416,0.98643,-1,1,0.98643,0.85005,0.29292,0.33022,-0.06817,0.28571,0.5,0.034782,0.43987,-0.37501,-0.11113,0.24999,0.49727,0.49561,-0.14285,0.55444,-0.39497,-0.98255,-1.0291,-0.69029,-1
0.18815,-0.62699,0.19967,0.092905,0.15895,0.076786,-0.49839,-0.055428,0.076786,0.13196,0.28788,0.34827,-0.090909,0.32857,0.52778,0.43282,-0.19087,0.25001,0.44447,0.39999,0.35677,0.56359,-0.26763,0.64394,-0.37597,-0.97382,-1.034,-0.68222,-1
0.36052,-0.48338,0.35339,0.26397,0.34058,0.36612,-1,0.37545,0.36612,0.27232,0.42424,0.17922,0.12121,0.57143,0.52778,0.35323,-0.12602,0.12499,0.33333,0.35001,0.38529,0.5614,-0.13482,0.57274,-0.53036,-0.98255,-1.0276,-0.75985,-1
-0.065432,-0.17575,-0.2134,-0.15789,0.043579,-0.31711,-0.58902,-0.42678,-0.31711,-0.25819,0.33333,0.19141,0.12121,0.45714,0.41667,0.13429,-0.14178,-0.12499,0.11113,0.20001,0.22062,0.68202,-0.3018,0.68259,-0.51692,-0.97382,-1.0261,-0.75257,-1
-0.11397,-0.1078,-0.27109,-0.19642,0.059651,-0.2021,-0.084554,-0.49394,-0.14803,0.018095,0.34344,-0.38476,0.060606,0.4,0.36111,0.39299,0.37394,-3.75e-05,0.44447,0.60004,0.50603,0.72368,-0.33601,0.69887,-0.23849,-0.95637,-1.0125,-0.60902,-1
-0.13634,-0.6026,-0.23904,-0.16017,-0.14043,-0.18793,-0.67713,-0.23135,-0.1693,-0.17878,0.42424,-0.099363,0.54545,0.45714,0.41667,0.50102,-0.28277,0.49998,0.33333,0.39999,0.68386,0.57457,-0.2475,0.64191,-0.12423,-0.94764,-1.0206,-0.54268,-1
0.098253,0.15205,-0.088328,-0.14375,0.26891,0.15569,0.13477,-0.15217,0.15569,0.36839,0.56817,0.063757,0.37879,0.65714,0.61111,0.43282,0.044593,0.12499,0.33333,0.50002,0.62462,0.54824,-0.0060523,0.57274,-0.43673,-0.97382,-1.0248,-0.71234,-1
0.16709,0.023374,-0.0041112,0.084265,0.28432,0.3264,-1,0.33547,0.3264,0.23534,0.60606,-0.26303,0.41665,0.65714,0.61111,0.592,-0.66967,0.56246,0.55553,0.39999,0.5302,0.54167,0.030176,0.49949,-0.5966,-0.98255,-1.0167,-0.79399,-1
0.28104,0.56834,-0.15873,0.21909,0.64882,0.13617,0.60373,-0.40001,0.16569,0.56132,0.40405,0.45386,0,0.45714,0.72222,0.43282,0.91469,-3.75e-05,0.11113,0.80002,-0.13065,0.67105,0.80281,0.4181,0.066628,-0.95695,-1.0118,-0.44555,-1
0.14971,-0.057692,0.065822,0.074517,0.25487,0.027479,-0.028495,-0.25041,0.084111,0.22045,0.40405,0.10917,-0.060606,0.37143,0.66667,0.31339,0.64834,-3.75e-05,0,0.80002,-0.24258,0.75876,0.61368,0.54222,-0.035004,-0.95695,-1.0088,-0.49632,-1
0.47878,-0.74677,0.55874,0.37384,0.38572,0.40278,-1,0.41237,0.40278,0.30647,0.48485,0.36957,0.1288,0.34286,0.7014,0.35323,0.43987,-0.062512,0.33333,0.50002,0.17673,0.64474,0.56539,0.47099,-0.48681,-0.98255,-1.0101,-0.73898,-1
0.49657,-0.82337,0.60015,0.39037,0.38397,0.39847,-1,0.40802,0.39847,0.30245,0.37375,0.31926,0.022739,0.28571,0.58333,0.35323,0.19102,0.062512,0.11113,0.45003,0.18769,0.6206,0.56741,0.41404,-0.48076,-0.98255,-1.0168,-0.73584,-1
0.20256,-0.16349,0.088412,0.052094,0.28839,0.22445,-0.31504,0.042212,0.22445,0.31669,0.37122,-0.19154,0.22727,0.42857,0.38889,0.4925,-0.14178,0.37496,0.55553,0.39999,0.47531,0.71492,-0.19719,0.71515,-0.39265,-0.9744,-1.0203,-0.6895,-1
0.86322,-0.587,0.93727,0.731,0.76774,0.78857,-1,0.80079,0.78857,0.66577,0.44444,0.3757,0.090909,0.62857,0.58333,0.35323,-0.12602,0.12499,0.33333,0.35001,0.44018,0.51534,-0.21531,0.56866,-0.37966,-0.98313,-1.0273,-0.68145,-1
0.75687,-0.96022,0.92617,0.6322,0.58587,0.57591,-1,0.58668,0.57591,0.46771,0.33333,0.33744,-0.030303,0.34286,0.53473,0.27363,-0.12602,0.062512,0.11113,0.30003,0.32164,0.56359,-0.29175,0.63376,-0.39216,-0.98255,-1.0327,-0.68989,-1
0.745,-0.3311,0.73408,0.62117,0.72087,0.75388,-1,0.76586,0.75388,0.63346,0.52526,-0.017326,0.27273,0.62857,0.58333,0.35323,-0.33934,0.25001,0.11113,0.30003,0.54336,0.53288,-0.096579,0.59105,-0.39697,-0.98255,-1.0297,-0.69199,-1
0.013163,0.36925,-0.3631,0.1595,0.21086,-0.15446,0.32953,-0.5805,-0.15208,0.18689,0.25758,0.42983,-0.030303,0.25714,0.55556,0.31339,0.60814,-3.75e-05,0.33333,0.39999,0.30188,0.64255,-0.48693,0.81281,-0.13971,-0.95695,-1.0382,-0.56199,-1
0.83897,-0.84366,0.98351,0.70847,0.68652,0.70223,-1,0.71386,0.70223,0.58536,0.23232,1,-0.30303,0.17143,0.61807,0.034782,0.74803,-0.5,0.11113,0.30003,0.18113,0.49123,-0.46882,0.53407,-0.37353,-0.98255,-1.0246,-0.67539,-1
0.41571,0.43846,0.12995,0.40429,0.62143,0.17339,0.46444,-0.24958,0.16421,0.49362,0.27879,0.85805,-0.23486,0.2,0.66667,0.19404,0.66809,-0.37501,0.33333,0.45003,-0.082313,0.64693,0.7364,0.42422,-0.055464,-0.96568,-1.0104,-0.50444,-1
0.72044,-0.81441,0.84449,0.59835,0.58694,0.60302,-1,0.61397,0.60302,0.49296,0.32322,0.81788,-0.14395,0.6,0.55556,0.27363,0.74803,-0.25001,0.33333,0.50002,-0.0076575,0.66886,0.48088,0.50764,-0.40382,-0.98255,-1.0064,-0.69631,-1
0.075347,-0.73002,0.10346,0.0069625,0.030196,-0.036404,-0.64614,-0.12828,-0.036404,-0.01148,0.6288,0.37815,0.22727,0.62857,0.86111,0.4925,-0.45221,0.37496,0.44447,0.39999,-0.10868,0.64912,0.35614,0.5117,-0.44038,-0.97382,-1.0031,-0.71528,-1
0.83762,-0.90675,1,0.70722,0.67072,0.68423,-1,0.69574,0.68423,0.5686,0.39394,0.32662,0.053018,0.57143,0.52778,0.35323,-0.12602,0.12499,0.33333,0.35001,0.29747,0.64912,-0.32798,0.73142,-0.36325,-0.98255,-1.035,-0.67564,-1
-0.73457,-0.1112,-0.95454,-0.94996,-0.47405,-0.74657,-0.23509,-0.96282,-0.94626,-0.49511,0.77425,0.038772,0.63636,0.88571,0.83333,0.88652,0.031874,1,0.88887,0.80002,-0.31724,0.66448,0.44868,0.41607,-0.1196,-0.79988,-1.014,-0.54869,-1
0.00055727,-0.57234,-0.013054,-0.11851,0.0043286,-0.18659,-0.90549,-0.20732,-0.18659,-0.21813,0.31818,-0.066481,0.060606,0.15714,0.44444,0.19404,0.23598,-0.12499,0.2222,0.30003,0.034026,0.74122,0.43662,0.60733,-0.49317,-0.9744,-1.0015,-0.74201,-1
-0.19284,-0.045652,-0.43316,-0.20506,-0.012537,-0.37504,-0.16348,-0.59566,-0.47689,-0.1862,0.23636,0.1844,0,0.028571,0.40278,0.24175,0.023481,-3.75e-05,-0.11113,0.30003,0.26675,0.71273,0.69417,0.57274,-0.44678,-0.9651,-1.0027,-0.71505,-1
-0.075309,-0.69018,-0.083242,-0.15582,-0.086312,-0.1413,-0.69236,-0.22776,-0.10836,-0.12247,0.42424,-0.063894,0.090909,0.34286,0.61111,0.33732,0.11533,0.12499,0.11113,0.45003,0.051589,0.73246,0.56136,0.56662,-0.37691,-0.96568,-1.0061,-0.67978,-1
0.10083,0.046453,-0.19717,0.10205,0.21413,0.058751,-0.07855,-0.15427,0.20314,0.17792,0.25973,0.13313,0.053042,0.4,0.36111,0.36462,0.3903,0.12499,0.55553,0.39999,0.73,0.60306,-0.37022,0.80671,0.13068,-0.94764,-1.03,-0.41914,-1
-0.011049,0.061884,-0.15678,-0.158,0.22393,-0.097646,0.013653,-0.35475,-0.083962,0.21279,0.34092,-0.57877,0.39394,0.31429,0.27778,0.37314,-0.20544,0.12499,0.33333,0.39999,0.75632,0.50877,-0.29175,0.83111,0.18957,-0.93892,-1.043,-0.38902,-1
-0.47478,-0.82412,-0.45698,-0.51741,-0.48833,-0.50664,-0.87745,-0.54422,-0.5108,-0.50695,0.47185,-0.044899,0.36364,0.6,0.55556,0.39872,0.014315,0.49998,0.33333,0.39999,0.63998,0.46271,-0.016096,0.38149,-0.46048,-0.94764,-1.0042,-0.72186,-1
-0.13426,-0.61694,-0.16271,-0.15739,-0.13677,-0.13922,-0.89478,-0.16261,-0.13922,-0.17124,0.25001,0.31906,0.015152,0.4,0.36111,0.19404,0.54938,-0.12499,0.33333,0.30003,0.78704,0.33333,0.22333,0.1638,-0.55264,-0.97382,-0.98411,-0.77077,-1
-0.072042,-0.59604,-0.099008,-0.12643,-0.067653,-0.15353,-0.55253,-0.28223,-0.11297,-0.096708,0.51515,-0.067774,0.15152,0.65714,0.61111,0.38503,-0.05987,-3.75e-05,0.55553,0.39999,0.10208,0.51315,0.62575,0.31841,-0.34555,-0.96451,-1.0125,-0.66716,-1
-0.6742,-0.69722,-0.71628,-0.65997,-0.65792,-0.71574,-0.71563,-0.78618,-0.69576,-0.68878,0.66061,0.21204,0.84848,0.74286,0.69444,0.5761,0.2122,0.49998,0.55553,0.60004,0.34576,0.25218,0.71829,0.13124,-0.49486,-0.92147,-1.0057,-0.74117,-1
-0.14218,-0.56186,-0.17233,-0.2504,-0.1107,-0.20258,-0.57538,-0.32854,-0.19098,-0.13581,0.43939,-0.47886,0.51515,0.42857,0.38889,0.39299,-0.33114,0.25001,0.33333,0.39999,0.93855,0.41448,0.12474,0.47303,-0.27083,-0.95637,-1.0222,-0.62146,-1
0.22662,-0.49442,0.19751,0.18595,0.21589,0.033429,-0.51724,-0.093802,0.033429,0.086734,0.36364,0.66035,-0.090909,0.44286,0.66667,0.13429,0.64337,-0.37501,0.2222,0.39999,0.6729,0.46931,-0.0020174,0.51982,-0.38425,-0.9744,-1.0263,-0.68274,-1
-0.0089356,-0.20838,-0.13427,-0.0071411,0.074344,-0.11055,-0.11743,-0.36474,0.038709,0.034406,0.37576,0.67478,-0.10606,0.68571,0.63889,0.33732,0.74476,-0.18754,0.55553,0.60004,0.49947,0.46712,-0.17303,0.5829,-0.31806,-0.9651,-1.0364,-0.65013,-1
-0.11701,-0.73878,-0.10456,-0.13872,-0.15378,-0.14762,-0.98084,-0.14715,-0.14762,-0.20123,0.3712,-0.021343,0.19697,0.45714,0.41667,0.31339,-0.42786,0.25001,0.33333,0.20001,0.49067,0.63596,-0.016096,0.65413,-0.5405,-0.97382,-1.0321,-0.7662,-1
0.036607,-0.50076,0.025176,0.033313,0.026265,-0.10032,-0.48648,-0.24606,-0.016956,-0.040986,0.41212,0.26453,0.030303,0.62857,0.58333,0.38503,0.53524,-0.12499,0.55553,0.60004,-0.036227,0.76755,0.57342,0.62361,-0.28435,-0.9651,-1.0021,-0.63406,-1
0.13799,-0.6989,0.16932,0.057236,0.090969,-0.052542,-1,-0.046068,-0.052542,-0.11759,0.28284,0.41464,-0.083321,0.14286,0.52778,0.27363,0.19102,-0.062512,0.33333,0.35001,0.29087,0.73684,0.56136,0.62157,-0.60765,-0.98255,-0.99758,-0.79913,-1
0.03238,-0.20911,-0.1032,0.049023,0.10149,-0.18838,-0.27789,-0.38376,-0.18838,-0.058233,0.17425,0.48599,-0.22727,0.085714,0.44444,0.014937,0.43036,-0.37501,0,0.20001,0.20525,0.73027,0.6157,0.59715,-0.47027,-0.97382,-1.0014,-0.72665,-1
0.14287,-0.99853,0.25994,0.06177,0.025989,0.032425,-1,0.039479,0.032425,-0.038458,0.20201,0.57457,-0.21968,0.14286,0.48611,0.19404,0.51377,-0.25001,0.33333,0.35001,0.23382,0.74782,0.50702,0.61545,-0.60998,-0.98255,-1.0015,-0.79827,-1
0.26171,-0.43938,0.24731,0.088764,0.2697,0.021976,-0.86486,-0.0086296,0.021976,-0.01342,0.34092,-0.19154,0.19697,0.4,0.36111,0.31339,-0.26136,0.12499,0.2222,0.30003,0.43137,0.69956,-0.24952,0.72939,-0.36259,-0.9744,-1.0244,-0.67284,-1
-0.23454,-0.86393,-0.1973,-0.2775,-0.27929,-0.28688,-0.92619,-0.30409,-0.27799,-0.31745,0.4,0.27705,0.098473,0.6,0.55556,0.28954,0.31718,0.062512,0.11113,0.45003,0.48191,0.60528,-0.11873,0.60121,-0.47022,-0.9651,-1.0211,-0.72953,-1
-0.25644,0.13499,-0.6753,-0.296,-0.076034,-0.4474,-0.23484,-0.74127,-0.42535,-0.24784,0.30303,0.10522,-0.060606,0.25714,0.55556,0.12577,0.22331,-0.18754,-0.11113,0.099991,0.040629,0.61185,0.67605,0.40998,-0.23742,-0.94764,-1.0106,-0.60287,-1
-0.42393,-0.6764,-0.40688,-0.43903,-0.40849,-0.47577,-0.67826,-0.51899,-0.44424,-0.43914,0.40259,0.02679,0.21971,0.51429,0.47222,0.29634,-0.27199,0.25001,0.33333,0.20001,0.43578,0.5351,-0.19518,0.57274,-0.4128,-0.94823,-1.0261,-0.69848,-1
0.10206,-0.66244,0.1188,-0.00032135,0.073447,0.046629,-0.69139,-0.032103,0.046629,0.054181,0.26514,0.52766,-0.13636,0.35714,0.52778,0.37314,0.89032,-0.12499,0.55553,0.60004,0.4709,0.5614,-0.11469,0.6297,-0.42939,-0.97382,-1.0352,-0.7082,-1
0.064894,-0.50878,0.040604,-0.066019,0.077862,-0.14041,-0.88637,-0.16613,-0.14041,-0.17016,0.37879,0.36426,0.030303,0.45714,0.58333,0.37314,0.50472,-3.75e-05,0.44447,0.50002,0.28872,0.63815,-0.22132,0.72127,-0.45941,-0.9744,-1.045,-0.72503,-1
-0.066085,-0.77262,-0.039671,-0.10783,-0.11118,-0.1735,-0.71999,-0.24576,-0.1735,-0.15818,0.39394,0.2488,0.060606,0.44286,0.58333,0.25372,0.35194,-0.12499,0.33333,0.39999,0.3326,0.6535,-0.15895,0.68871,-0.52564,-0.9744,-1.0366,-0.75838,-1
-0.22643,-0.0029073,-0.51263,-0.24569,-0.01947,-0.34585,-0.069017,-0.64397,-0.43826,-0.062458,0.38095,-0.4532,0.45455,0.37143,0.33333,0.22814,-0.38835,-3.75e-05,0.33333,0.20001,0.57628,0.57676,-0.19114,0.72736,-0.20117,-0.94823,-1.0374,-0.59211,-1
-0.1923,0.37968,-0.65904,-0.2745,0.21258,-0.38255,0.11098,-0.73903,-0.55535,-0.077349,0.44589,-0.13116,0.1591,0.37143,0.58333,0.33044,0.22966,-3.75e-05,0.11113,0.39999,-0.0011006,0.63596,0.71627,0.47711,-0.16728,-0.94764,-1.0046,-0.57203,-1
-0.14449,-0.46997,-0.17449,-0.21213,-0.11804,-0.23013,-0.45402,-0.38324,-0.2205,-0.1365,0.39394,0.042244,0.24242,0.38571,0.55556,0.31339,0.1299,-3.75e-05,0,0.60004,-0.11304,0.69956,0.52114,0.54019,-0.26344,-0.95637,-1.0046,-0.62248,-1
-0.26251,0.1411,-0.51136,-0.31485,-0.073965,-0.60458,-1,-0.60188,-0.60458,-0.63173,0.17171,0.7112,-0.24999,-0.057143,0.5,0.11445,0.19102,-0.18754,-0.11113,0.24999,0.14161,0.6864,0.6318,0.54222,-0.39207,-0.9651,-1.0034,-0.68769,-1
0.041527,-0.96837,0.13957,-0.032385,-0.057996,-0.067899,-1,-0.06153,-0.067899,-0.13189,0.24242,0.23614,-0.083321,0.14286,0.44444,0.11445,-0.12602,-0.12499,0.11113,0.15003,0.21186,0.71273,0.45675,0.61545,-0.63856,-0.98255,-0.99313,-0.81616,-1
0.22174,-0.64655,0.2468,0.13504,0.17826,0.0091474,-1,0.016042,0.0091474,-0.060137,0.19193,0.61991,-0.23484,0.085714,0.49307,0.11445,0.19102,-0.18754,-0.11113,0.24999,0.20525,0.71492,0.51307,0.58699,-0.57671,-0.98255,-1.0009,-0.78435,-1
0.15187,0.19081,-0.047343,0.1796,0.29215,-0.037928,0.23638,-0.40278,0.052133,0.21861,0.30303,0.32246,0.045455,0.11429,0.61111,0.19404,0.1443,-0.062512,-0.11113,0.30003,-0.016463,0.74122,0.64386,0.55647,-0.22408,-0.96568,-1.0071,-0.6024,-1
-0.051058,-0.0093011,-0.26528,-0.020566,0.11228,-0.21757,-0.09715,-0.48904,-0.20589,-0.015221,0.22223,-0.12442,-0.12121,0.14286,0.44444,-0.004979,-0.083368,-0.25001,-0.2222,3e-05,-0.034026,0.71054,0.64991,0.53204,-0.2022,-0.95637,-1.0065,-0.58315,-1
-0.082534,0.1747,-0.37264,-0.10201,0.13619,-0.31633,-0.059198,-0.58177,-0.36292,-0.10256,0.12121,0.36426,-0.12121,-0.028571,0.35418,0.09847,0.49198,-0.37501,0.11113,0.39999,0.10868,0.65569,0.60763,0.50967,-0.38536,-0.9651,-1.004,-0.67415,-1
0.25779,-0.44799,0.19992,0.1485,0.28108,0.19116,-0.49503,0.048389,0.25806,0.23336,0.26061,-0.16275,0.22727,0.31429,0.27778,0.19404,-0.095348,-0.062512,0.11113,0.24999,0.64874,0.59868,-0.23544,0.70499,-0.13873,-0.9651,-1.0267,-0.55597,-1
0.30479,-0.5394,0.30787,0.2122,0.27756,0.30086,-1,0.30975,0.30086,0.21155,0.43435,-0.31211,0.25758,0.48571,0.44444,0.27363,-0.33934,0.12499,0.33333,0.20001,0.44238,0.60966,-0.072456,0.60733,-0.54739,-0.98255,-1.026,-0.76969,-1
0.034647,-0.86216,0.10181,-0.038776,-0.039543,-0.10237,-1,-0.096236,-0.10237,-0.164,0.43435,-0.31211,0.25758,0.48571,0.44444,0.43282,-0.42786,0.31248,0.33333,0.35001,0.24698,0.76974,-0.17504,0.72127,-0.6438,-0.98255,-1.0224,-0.81737,-1
-0.075463,-0.59068,-0.10426,-0.13889,-0.070067,-0.24166,-0.74942,-0.30619,-0.24166,-0.22921,0.29547,0.23396,0.075758,0.42857,0.38889,0.19404,0.044593,-0.12499,0.11113,0.30003,0.20746,0.78947,-0.29175,0.80468,-0.5191,-0.97382,-1.0326,-0.75522,-1
0.1943,0.092432,0.033102,-0.046096,0.34047,-0.15275,-0.86923,-0.18335,-0.15275,-0.17726,0.4697,0.086496,0.18182,0.5,0.61111,0.43282,-0.19087,0.25001,0.44447,0.39999,0.35677,0.58114,-0.29781,0.58902,-0.40168,-0.9744,-1.0203,-0.69348,-1
0.13553,-0.72562,0.1689,0.09087,0.078207,-0.013312,-0.74194,-0.078377,-0.013312,-0.014666,0.35607,0.40756,-0.015152,0.42857,0.58333,0.13429,0.083059,-0.12499,0.2222,0.20001,0.23603,0.68421,-0.34807,0.75585,-0.40226,-0.97324,-1.0361,-0.69335,-1
-0.26463,-0.63541,-0.29274,-0.31681,-0.25563,-0.43487,-1,-0.43101,-0.43487,-0.47367,0.25253,0.27746,-0.090909,0.2,0.45833,0.27363,0.19102,-0.062512,0.33333,0.35001,-0.11524,0.80264,-0.40241,0.73551,-0.75414,-0.98313,-1.0266,-0.87397,-1
0.12458,-0.72779,0.16135,0.028707,0.077241,0.022273,-0.64641,-0.06913,0.022273,0.043064,0.40909,0.10631,0.21212,0.51429,0.47222,0.4925,-0.14178,0.37496,0.55553,0.39999,0.27551,0.74563,-0.38228,0.71923,-0.40391,-0.97324,-1.0163,-0.69615,-1
0.53185,-0.85914,0.64928,0.42314,0.40735,0.41747,-1,0.42715,0.41747,0.32015,0.54545,0.4911,0.14395,0.48571,0.77778,0.51241,-0.12602,0.31248,0.33333,0.50002,0.4731,0.3728,-0.10465,0.38961,-0.48886,-0.98313,-1.0229,-0.73884,-1
-0.15648,-0.051003,-0.33695,-0.29607,0.043096,-0.18856,-0.08383,-0.46669,-0.12356,0.01813,0.5,0.032168,0.21212,0.62857,0.58333,0.55224,-0.21135,0.49998,0.55553,0.39999,0.85509,0.49561,0.0040349,0.43844,-0.27341,-0.95637,-1.0066,-0.62777,-1
0.20975,-0.46254,0.17466,0.2162,0.1931,0.20489,-0.91136,0.18848,0.20489,0.14498,0.39394,0.53181,0.12121,0.57143,0.52778,0.31339,0.36198,-3.75e-05,0.44447,0.39999,0.51263,0.52194,-0.15895,0.56866,-0.37482,-0.97382,-1.0258,-0.67969,-1
0.015469,-0.68948,0.031491,-0.056593,-0.016814,-0.00033466,-1,0.0064956,-0.00033466,-0.068969,0.40405,-0.16472,0.18941,0.48571,0.44444,0.35323,-0.12602,0.12499,0.33333,0.35001,0.44458,0.5022,-0.010087,0.43235,-0.64766,-0.98255,-1.0104,-0.82076,-1
0.0044005,-0.19972,-0.1205,0.047381,0.084278,-0.13003,-0.2105,-0.36931,-0.080876,0.037108,0.44444,0.22579,0.30303,0.45714,0.63889,0.51241,0.23598,0.25001,0.44447,0.60004,-0.11088,0.69738,0.64184,0.51373,-0.13677,-0.95637,-1.0066,-0.55679,-1
0.059974,-0.22555,-0.056497,0.13439,0.098591,-0.13327,-0.14743,-0.36456,-0.13327,0.026684,0.20453,0.12551,-0.090909,0.014286,0.375,0.13429,-0.022863,-0.12499,0,0.20001,0.21846,0.60747,0.63781,0.43844,-0.45252,-0.97382,-1.0091,-0.71935,-1
0.12004,-0.54585,0.095618,0.073125,0.11087,-0.060239,-0.58345,-0.16969,-0.060239,-0.017541,0.30303,0.68206,-0.15152,0.28571,0.61111,0.19404,0.61828,-0.25001,0.33333,0.39999,-0.031824,0.65131,0.42855,0.51576,-0.43846,-0.9744,-1.0027,-0.70897,-1
0.14126,-0.12274,0.0038569,0.049559,0.23152,0.0019336,-0.04153,-0.25823,-0.081768,0.1996,0.31515,-0.12469,0.28029,0.37143,0.33333,0.19404,-0.095348,-0.062512,0.11113,0.24999,0.41166,0.54824,-0.3964,0.64598,-0.20033,-0.96451,-1.0273,-0.59001,-1
0.49323,-0.5765,0.52624,0.38726,0.43812,0.23564,-1,0.24408,0.23564,0.1508,0.24242,0.91619,-0.24999,0.54286,0.5,0.11445,0.83917,-0.43751,0.33333,0.35001,0.337,0.57676,-0.22333,0.59715,-0.48156,-0.98255,-1.0269,-0.73642,-1
0.52639,-0.96401,0.67305,0.41807,0.37814,0.38794,-1,0.39743,0.38794,0.29265,0.30303,0.6214,-0.11362,0.54286,0.5,0.11445,0.43987,-0.31251,0.11113,0.30003,0.30188,0.57238,-0.25553,0.6053,-0.47205,-0.98255,-1.0294,-0.73057,-1
0.074925,0.26329,-0.22099,0.049345,0.29539,-0.18968,-0.00052329,-0.47586,-0.21243,0.029835,0.29697,0.50608,0,0.085714,0.66667,0.14625,0.3047,-0.31251,0.11113,0.39999,0.044985,0.6272,0.65794,0.48321,-0.27305,-0.96568,-1.0034,-0.62352,-1
-0.17677,0.015674,-0.35899,-0.16628,0.012848,-0.30506,-0.12197,-0.55254,-0.33533,-0.098267,0.21212,-0.0047997,-0.12121,0.14286,0.22222,0.11445,0.21371,-0.25001,-0.11113,0.15003,0.15697,0.63596,0.62978,0.5117,-0.40987,-0.78767,-1.001,-0.17546,-1
-0.27231,0.42919,-0.70384,-0.42707,-0.056513,-0.51326,-0.21011,-0.77253,-0.61853,-0.30297,0.19481,0.075195,0,-0.057143,0.33333,0.091665,-0.35125,-3.75e-05,-0.11113,0.15003,0.080111,0.55484,0.7143,0.43438,-0.2493,-0.94764,-1.001,-0.61309,-1
-0.16589,-0.60766,-0.19174,-0.22509,-0.1606,-0.1423,-1,-0.13644,-0.1423,-0.20119,0.51515,-1,0.51515,0.42857,0.38889,0.592,-0.66967,0.56246,0.55553,0.39999,0.59605,0.46931,0.18509,0.37945,-0.71094,-0.98255,-1.0053,-0.85277,-1
-0.0064759,-0.86707,0.060736,-0.095083,-0.075586,-0.094523,-0.83211,-0.13506,-0.094523,-0.1135,0.36364,0.36161,0.12121,0.51429,0.47222,0.31339,-0.0090113,0.12499,0.33333,0.30003,0.28651,0.64036,-0.27768,0.63785,-0.48695,-0.97382,-1.0228,-0.73694,-1
0.026153,-0.46613,-0.0054675,-0.11943,0.032438,-0.16804,-0.84621,-0.20368,-0.18681,-0.18256,0.26667,-0.2008,0.23484,0.31429,0.27778,0.38503,-0.05987,0.31248,0.33333,0.39999,0.60045,0.55484,-0.1489,0.62361,-0.29102,-0.9651,-1.0264,-0.63774,-1
0.23419,-0.4512,0.20492,0.14661,0.23466,-0.031644,-1,-0.025028,-0.031644,-0.098128,0.16162,0.91871,-0.35607,0.14286,0.52778,-0.1244,0.43987,-0.56251,-0.11113,0.099991,0.23382,0.57238,-0.19921,0.60936,-0.57217,-0.98255,-1.041,-0.78215,-1
0.28657,-0.8034,0.36289,0.19527,0.20013,0.1065,-1,0.11406,0.1065,0.030528,0.32322,0.5231,-0.06817,0.54286,0.5,0.35323,0.32132,-3.75e-05,0.55553,0.39999,0.26455,0.56578,-0.20325,0.57681,-0.56899,-0.98313,-1.0308,-0.78077,-1
0.0564,-0.73432,0.08943,-0.018567,0.0095711,-0.1168,-1,-0.11076,-0.1168,-0.17743,0.51515,0.03176,0.25001,0.62857,0.58333,0.35323,-0.12602,0.12499,0.33333,0.35001,0.26895,0.60087,-0.12075,0.61342,-0.63347,-0.98255,-1.0406,-0.81353,-1
-0.11586,-0.62696,-0.12656,-0.151,-0.12387,-0.2475,-0.69058,-0.33427,-0.20042,-0.22512,0.27879,0.79562,-0.22727,0.17143,0.75,0.24175,0.36598,-0.12499,0.11113,0.45003,0.11744,0.66667,0.61368,0.54019,-0.38905,-0.9651,-1.0009,-0.68787,-1
0.09637,-0.86089,0.16695,0.019602,0.017952,-0.035883,-0.91396,-0.053219,-0.035883,-0.079912,0.27273,0.15853,-0.060606,0.28571,0.47222,0.25372,0.50472,-0.12499,0,0.39999,0.027469,0.66886,0.48895,0.51576,-0.43019,-0.97382,-1.0053,-0.70972,-1
-0.089798,-0.2069,-0.25672,-0.11811,0.028817,-0.27278,-0.3405,-0.45621,-0.31019,-0.13976,0.22424,0.5039,-0.053018,0.028571,0.45138,0.050758,0.49198,-0.37501,-0.11113,0.39999,0.049388,0.62279,0.56939,0.49339,-0.37001,-0.9651,-1.0018,-0.67503,-1
0.10728,-0.54398,0.08286,0.033027,0.10511,0.080579,-0.68609,0.00061773,0.080579,0.087185,0.28029,0.31906,0.045455,0.42857,0.38889,0.37314,0.083059,0.12499,0.44447,0.39999,0.35457,0.67545,-0.28171,0.64598,-0.43584,-0.9744,-1.0157,-0.71234,-1
0.10798,-0.26561,0.012969,0.02935,0.16436,-0.19499,-1,-0.18949,-0.19499,-0.25026,0.28284,0.42486,-0.083321,0.48571,0.44444,0.19404,-0.42786,0.062512,0.11113,0.15003,0.21406,0.5943,-0.22737,0.56866,-0.61591,-0.98255,-1.0237,-0.80443,-1
-0.036377,-0.53598,-0.06934,-0.10476,-0.027782,-0.25337,-1,-0.24827,-0.25337,-0.30464,0.090909,0.70201,-0.36364,0.028571,0.41667,-0.044811,0.71644,-0.56251,-0.11113,0.24999,0.055991,0.63377,-0.29579,0.62564,-0.66863,-0.98255,-1.0375,-0.82991,-1
0.24837,-0.13,0.12919,0.15978,0.32178,0.35898,-1,0.36826,0.35898,0.26568,0.59595,0.22831,0.28032,0.74286,0.69444,0.75119,-0.12604,0.56246,0.55553,0.7,0.31944,0.44957,-0.16903,0.44862,-0.56983,-0.98255,-1.0247,-0.77964,-1
-0.074271,0.23969,-0.44291,-0.065948,0.13187,-0.23683,0.11146,-0.6021,-0.27806,0.045454,0.22943,0.62719,-0.12121,0.22857,0.63196,-0.010639,0.37904,-0.43751,-0.11113,0.15003,-0.16793,0.50877,0.6539,0.51576,-0.055375,-0.94764,-0.9883,-0.5098,-1
0.16866,-0.53056,0.15097,0.17217,0.14005,-0.0016733,-0.49243,-0.13607,-0.0016733,0.060415,0.52274,0.34084,0.15152,0.31429,0.73611,0.43282,0.40148,-3.75e-05,0.44447,0.60004,0.075756,0.59868,0.5714,0.49949,-0.39265,-0.97382,-0.9975,-0.69059,-1
-0.011933,-0.087786,-0.19793,-0.0040704,0.1207,-0.20306,-0.17582,-0.44015,-0.20846,-0.03219,0.19394,0.46366,-0.098497,-0.028571,0.47222,0.09847,0.43608,-0.18754,-0.11113,0.39999,0.047186,0.3794,0.58149,0.24515,-0.35307,-0.9651,-1.005,-0.6512,-1
0.023578,0.10139,-0.18454,-0.049059,0.17361,-0.32678,-1,-0.32218,-0.32678,-0.373,0.090909,0.81128,-0.3712,-0.085714,0.4514,-0.044811,0.71644,-0.56251,-0.11113,0.24999,0.1965,0.47587,0.77868,0.36724,-0.2932,-0.9651,-1.0003,-0.63865,-1
0.15659,-1,0.27549,0.074517,0.037957,0.044435,-1,0.051571,0.044435,-0.027272,0.0808,0.53494,-0.33333,0.057143,0.36111,-0.204,0.19102,-0.56251,-0.11113,-0.050011,0.45334,0.41008,-0.014079,0.41404,-0.59844,-0.98255,-1.0275,-0.79585,-1
-0.38546,-0.88363,-0.35348,-0.44357,-0.4187,-0.43874,-0.88578,-0.47058,-0.43874,-0.44427,0.45455,-1,0.45455,0.37143,0.33333,0.6716,-0.11363,0.74995,0.66667,0.60004,0.48411,0.4978,-0.088552,0.5361,-0.47205,-0.95637,-1.0294,-0.7288,-1
-0.11997,-0.65312,-0.13567,-0.14486,-0.13291,-0.22943,-0.56706,-0.34464,-0.22943,-0.17092,0.16667,0.34827,-0.21212,0.21429,0.41667,0.014937,0.17951,-0.25001,-0.11113,0.099991,0.36993,0.62939,-0.17303,0.57681,-0.54219,-0.97382,-1.0137,-0.767,-1
0.47908,-0.34389,0.42977,0.43525,0.47647,0.46614,-0.71152,0.39589,0.46614,0.43973,0.28788,0.32662,-0.060606,0.35714,0.5,0.13429,0.26866,-0.25001,0.11113,0.30003,0.28211,0.2807,-0.48491,0.38961,-0.23449,-0.97382,-1.0274,-0.60839,-1
-0.65389,-0.44986,-0.77484,-0.67845,-0.56201,-0.83502,-1,-0.8339,-0.83502,-0.84635,-0.33333,-0.063894,-0.58332,-0.37143,-0.15973,-0.36319,-0.12602,-0.625,-0.33333,-0.24999,0.61141,0.44298,0.56741,0.36724,-0.89432,-0.98313,-0.97172,-0.94178,-1
-0.11447,-0.49096,-0.21641,-0.1239,-0.06517,-0.23787,-0.56522,-0.38792,-0.1918,-0.1605,0.35498,0.19515,-0.060606,0.37143,0.625,0.22814,0.16456,-3.75e-05,0.11113,0.35001,-0.20525,0.85746,0.60965,0.67853,-0.083619,-0.94764,-1.0046,-0.52854,-1
-0.21305,0.37336,-0.64411,-0.36155,0.17413,-0.42323,0.10356,-0.72748,-0.57175,-0.17775,0.045455,-0.21864,-0.27273,0.057143,0.027778,-0.044811,-0.042619,-0.25001,-0.33333,3e-05,0.12624,0.59649,0.65996,0.56053,-0.33554,-0.95695,-0.98864,-0.65447,-1
-0.14664,0.31669,-0.64655,-0.11215,0.050891,-0.29279,0.2125,-0.74149,-0.32841,0.033402,0.14718,0.28161,-0.21212,0,0.24304,-0.010639,0.66574,-0.5,-0.55555,0.30003,-0.10648,0.61404,0.65794,0.51982,-0.12974,-0.94823,-0.9976,-0.55131,-1
-0.3355,-0.59357,-0.37124,-0.36284,-0.29119,-0.39114,-0.6059,-0.52536,-0.29279,-0.33051,0.22943,0.2409,-0.053042,0.17143,0.47222,0.15987,0.16456,-3.75e-05,-0.11113,0.30003,-0.01206,0.55921,0.55934,0.44253,-0.32238,-0.94823,-1.0006,-0.65289,-1
-0.31897,-0.40708,-0.4466,-0.34109,-0.228,-0.45469,-0.50122,-0.59042,-0.49619,-0.35347,0.21818,-0.0068421,0.090909,0.14286,0.22918,0.0029731,-0.37324,-0.062512,-0.11113,-0.099991,0.28431,0.42984,0.62776,0.31841,-0.53276,-0.96568,-1.0016,-0.76209,-1
-0.44776,-0.74268,-0.40404,-0.47367,-0.45381,-0.47031,-0.90103,-0.48986,-0.47432,-0.48371,0.29166,-0.024475,0.090909,0.42857,0.38889,0.19404,-0.032887,-3.75e-05,0.11113,0.30003,0.6707,0.44079,-0.026141,0.5117,-0.34973,-0.93892,-1.0282,-0.66033,-1
-0.45641,-0.47985,-0.5387,-0.51805,-0.48185,-0.46495,-0.56908,-0.55347,-0.51835,-0.44233,0.26839,-0.51753,0.33333,0.25714,0.22222,0.33044,-0.35125,0.12499,0.33333,0.20001,0.64433,0.47149,0.026141,0.46287,-0.47454,-0.94764,-1.0183,-0.71492,-1
-0.33857,-0.31128,-0.52746,-0.39612,-0.17592,-0.36541,-0.40547,-0.56957,-0.37255,-0.17466,0.23105,-0.18766,0.33333,0.25714,0.22222,0.25372,-0.14861,0.25001,0.33333,0.20001,0.70143,0.57019,-0.13886,0.65004,-0.20478,-0.9395,-1.0249,-0.59423,-1
-0.088338,-0.35013,-0.15716,-0.25911,-0.023988,-0.31153,-0.86939,-0.34318,-0.31153,-0.32517,0.43181,-0.021343,0.25758,0.51429,0.47222,0.31339,-0.26136,0.12499,0.2222,0.30003,0.0098588,0.55702,-0.44868,0.59918,-0.53085,-0.97382,-1.0371,-0.76116,-1
0.023578,-0.84395,0.081461,-0.047381,-0.043303,-0.078422,-0.79441,-0.12933,-0.078422,-0.088778,0.4697,0.27651,0.24242,0.6,0.55556,0.37314,0.083059,0.12499,0.44447,0.39999,0.22062,0.61404,-0.3843,0.56256,-0.46706,-0.97382,-1.0116,-0.72898,-1
-0.44234,-0.21911,-0.61786,-0.61706,-0.27925,-0.59097,-0.50606,-0.70153,-0.66436,-0.51422,0.34848,0.15778,0.30303,0.38571,0.5,0.2338,0.27509,0.25001,0.2222,0.39999,0.15697,0.60747,-0.58149,0.73754,-0.21314,-0.9395,-1.0345,-0.5886,-1
0.55395,0.52378,0.28016,0.44367,0.74736,0.80895,-1,0.82131,0.80895,0.68475,0.60606,0.03176,0.3409,0.71429,0.66667,0.592,-0.12602,0.37496,0.55553,0.55,0.37213,0.39913,-0.2193,0.39979,-0.47623,-0.98255,-1.0192,-0.73034,-1
-0.23092,0.70411,-0.6449,-0.46756,0.091417,-0.58472,-0.37509,-0.73164,-0.70936,-0.44569,0.20606,0.25997,0.075758,0.2,0.27084,0.09847,0.18642,-0.31251,0.11113,0.24999,-0.029623,0.35966,0.66399,0.29401,-0.19539,-0.95637,-0.99622,-0.58381,-1
-0.28715,0.47691,-0.6738,-0.45599,0.013986,-0.59633,-0.30973,-0.76075,-0.73002,-0.43828,0.41212,-0.096164,0.30303,0.34286,0.40278,0.38503,0.10055,0.12499,0.33333,0.45003,-0.12845,0.46712,-0.57143,0.52391,-0.52626,-0.96568,-1.0395,-0.75673,-1
0.033571,-0.228,-0.085657,0.0048202,0.095832,-0.10419,-0.2429,-0.31679,-0.12267,0.036623,0.43435,0.52582,0,0.48571,0.77778,0.27363,0.76038,-0.25001,0.33333,0.60004,-0.16577,0.74341,0.61772,0.62767,-0.11582,-0.95637,-0.99893,-0.54132,-1
0.27082,0.13952,0.07006,0.29664,0.41018,0.047633,0.10861,-0.27748,0.10542,0.26959,0.41212,-0.019301,0.24242,0.28571,0.58333,0.43282,0.34181,-3.75e-05,0.11113,0.65002,-0.17013,0.75876,0.59759,0.5829,-0.12867,-0.9651,-1.0052,-0.55136,-1
0.22689,-0.20648,0.12579,0.083765,0.29946,-0.054401,-0.70993,-0.12866,-0.054401,-0.044657,0.40153,0.21823,0.13636,0.34286,0.52778,0.25372,0.083059,-3.75e-05,0,0.30003,-0.042784,0.84429,0.46276,0.70702,-0.39323,-0.9744,-1.0006,-0.68423,-1
0.37858,-0.41707,0.34716,0.26504,0.3819,0.13301,-0.70589,0.058909,0.13301,0.13092,0.1288,0.55428,-0.30303,0.1,0.43056,0.13429,0.50472,-0.25001,0.2222,0.30003,0.0077044,0.76095,0.59557,0.68871,-0.29734,-0.97382,-0.99265,-0.63638,-1
-0.30091,-0.21127,-0.47381,-0.37937,-0.12639,-0.44993,-0.37776,-0.62213,-0.47577,-0.32493,0.54041,-0.021684,0.48485,0.4,0.75,0.27363,-0.30709,-3.75e-05,0.2222,0.20001,0.20746,0.57019,0.68009,0.42013,-0.40253,-0.95637,-1.0057,-0.69265,-1
-0.23965,0.43646,-0.64171,-0.40186,-0.072654,-0.49414,-0.30082,-0.7327,-0.5114,-0.34287,0.42858,-0.17868,0.33333,0.25714,0.55556,0.36462,-0.21037,0.062512,0.33333,0.39999,-0.1372,0.69738,0.54526,0.52391,-0.21336,-0.94764,-1.0061,-0.59735,-1
-0.35848,-0.70155,-0.38217,-0.42289,-0.33592,-0.4194,-0.71892,-0.50364,-0.43814,-0.36102,0.66667,0.4348,0.42424,0.65714,0.94444,0.51241,0.21371,0.18746,0.33333,0.65002,-0.27331,0.62501,0.49899,0.44047,-0.12925,-0.93019,-1.0072,-0.54749,-1
-0.21044,-0.33512,-0.34776,-0.25811,-0.14343,-0.28171,-0.3468,-0.50746,-0.22928,-0.16296,0.4935,-0.61402,0.54545,0.45714,0.41667,0.56929,-0.27199,0.31248,0.55553,0.55,0.45334,0.55484,-0.40443,0.59918,-0.19139,-0.94823,-1.0191,-0.58799,-1
-0.062165,0.07937,-0.42663,-0.11451,0.16612,-0.24705,-0.15925,-0.5407,-0.33964,-0.011411,0.44155,0.24383,0.21212,0.45714,0.68751,0.39872,0.33889,0.062512,0.11113,0.65002,-0.31284,0.63596,0.53522,0.46084,-0.056754,-0.94764,-1.0057,-0.50337,-1
-0.057438,-0.30557,-0.15334,-0.080337,0.0038112,-0.1883,-0.33143,-0.37444,-0.19024,-0.066717,0.68182,0.20918,0.51515,0.67143,0.86111,0.51241,0.33773,-3.75e-05,0.55553,0.60004,-0.12624,0.50439,0.57342,0.3469,-0.19508,-0.95695,-1.0057,-0.59041,-1
-0.12412,-0.3035,-0.29465,-0.17824,-0.028161,-0.21779,-0.31923,-0.45183,-0.23058,-0.06083,0.4632,-0.1637,0.57576,0.48571,0.44444,0.46692,-0.16246,0.25001,0.55553,0.39999,0.42922,0.43203,-0.48693,0.56256,-0.082774,-0.94706,-1.0264,-0.52981,-1
0.072542,0.22452,-0.21048,0.23091,0.22717,0.019819,0.21945,-0.24172,0.21098,0.19818,0.39394,-0.47265,0.15152,0.42857,0.38889,0.39299,-0.33114,0.25001,0.33333,0.39999,0.50383,0.4057,-0.41246,0.51779,-0.10306,-0.95637,-1.0243,-0.52581,-1
-0.14925,-0.19044,-0.46469,-0.12597,0.010226,-0.25442,-0.21908,-0.5668,-0.16328,-0.04812,0.54545,-0.54969,0.60606,0.51429,0.47222,0.6375,-0.78375,0.74995,0.55553,0.39999,0.54556,0.47587,-0.36421,0.52188,-0.15011,-0.94823,-1.0176,-0.55394,-1
0.075347,0.014937,-0.046198,-0.027672,0.21807,-0.032239,0.068931,-0.34221,0.018295,0.19416,0.36364,-0.47265,0.12121,0.4,0.36111,0.31339,0.0073635,-3.75e-05,0.11113,0.39999,0.6619,0.50001,-0.32193,0.50558,-0.10297,-0.95695,-1.0121,-0.53313,-1
-0.051711,0.1945,-0.37658,-0.10737,0.17568,-0.15498,0.2204,-0.55212,-0.18834,0.1597,0.41413,0.058379,0.21212,0.54286,0.5,0.2338,-0.014538,-3.75e-05,0.11113,0.39999,0.45994,0.49123,-0.36219,0.56662,-0.20994,-0.95637,-1.0235,-0.58153,-1
0.38757,0.076315,0.224,0.28911,0.49444,-0.033578,-1,-0.026974,-0.033578,-0.099929,0.21212,0.44671,-0.17425,0.14286,0.46529,0.19404,-0.0090113,-0.062512,0.33333,0.20001,0.17893,0.54167,-0.3179,0.57274,-0.52084,-0.98255,-1.0321,-0.75508,-1
-0.30333,-0.56657,-0.33504,-0.43307,-0.27132,-0.46395,-0.98449,-0.46459,-0.46395,-0.49677,0.5303,0.10631,0.33333,0.62857,0.58333,0.25372,-0.14178,-3.75e-05,0.11113,0.30003,-0.0055031,0.55702,-0.34004,0.58493,-0.64587,-0.9744,-1.0502,-0.81913,-1
0.13957,-0.25409,0.044503,0.0587,0.19541,-0.16952,-1,-0.16385,-0.16952,-0.22654,0.34344,0.15539,0.030303,0.31429,0.50696,0.43282,0.51377,-3.75e-05,0.55553,0.55,0.16577,0.64255,-0.27768,0.61342,-0.61016,-0.98255,-1.0233,-0.80111,-1
-0.13849,-0.68078,-0.14508,-0.14693,-0.16216,-0.26371,-0.66854,-0.35093,-0.26371,-0.22897,0.31818,0.54515,-0.090909,0.27143,0.58333,0.13429,0.57558,-0.37501,0,0.39999,0.15477,0.60306,0.48895,0.48118,-0.55371,-0.97382,-1.0013,-0.7719,-1
0.19426,-0.34677,0.11664,0.17292,0.21948,-0.025323,-0.43159,-0.1768,-0.025323,0.054077,0.26516,0.13408,-0.045455,0.3,0.44444,0.19404,-0.33934,-3.75e-05,0.11113,0.20001,0.23603,0.61622,-0.41048,0.65413,-0.3782,-0.97382,-1.0256,-0.6838,-1
-0.1006,-0.10487,-0.31555,-0.10844,0.044648,-0.24597,-0.20835,-0.49642,-0.23612,-0.074925,0.37229,0.26963,0.15152,0.42857,0.61804,0.22814,0.45602,-3.75e-05,0.11113,0.35001,-0.23818,0.72587,0.58553,0.59715,-0.08055,-0.94823,-1.0004,-0.52879,-1
-0.17839,0.38116,-0.59859,-0.29828,0.15333,-0.41386,-0.01527,-0.70398,-0.5098,-0.18204,0.24747,0.14477,-0.060606,0.31429,0.27778,-0.004979,0.049811,-0.25001,0.11113,3e-05,-0.014261,0.66667,0.5875,0.48524,-0.2835,-0.95637,-1.008,-0.63473,-1
0.12285,0.10728,-0.090786,0.12568,0.25256,-0.113,-0.192,-0.35385,-0.053137,0.054493,0.45959,0.058039,0.33333,0.45714,0.61111,0.55224,0.18642,0.49998,0.44447,0.60004,-0.38089,0.75001,0.4668,0.50558,-0.046524,-0.95637,-1.0118,-0.50451,-1
-0.29741,0.071365,-0.5937,-0.40904,-0.0293,-0.47269,-0.24179,-0.69648,-0.56349,-0.30332,0.21646,0.0013956,0.090909,0.028571,0.30556,0.22814,-0.16246,-3.75e-05,0.11113,0.15003,-0.11524,0.69956,0.49899,0.57884,-0.28697,-0.94823,-0.99973,-0.62951,-1
-0.29122,-0.19076,-0.51988,-0.35648,-0.089175,-0.42271,-0.33711,-0.61996,-0.50351,-0.27309,0.35498,0.23294,0.075758,0.31429,0.59027,0.19404,-0.19087,-3.75e-05,0.11113,0.20001,-0.23382,0.71054,0.39434,0.56459,-0.28177,-0.94764,-1.0029,-0.62467,-1
-0.0094352,-0.03553,-0.19081,-0.1526,0.11942,-0.26684,-0.61651,-0.371,-0.29052,-0.21071,0.45455,0.14648,0.28788,0.37143,0.63889,0.38503,-0.05987,0.18746,0.11113,0.45003,-0.27551,0.75876,0.3018,0.57478,-0.33194,-0.9651,-1.008,-0.65425,-1
-0.3119,-0.10319,-0.46075,-0.38705,-0.20624,-0.49931,-0.47979,-0.63677,-0.45421,-0.40337,0.15152,0.25881,-0.18182,0.25714,0.22222,-0.044811,0.023481,-0.25001,-0.2222,3e-05,-0.0055031,0.70832,0.48491,0.59715,-0.40542,-0.95637,-0.99809,-0.69579,-1
-0.20179,0.040838,-0.50352,-0.2965,0.044234,-0.35816,-0.11508,-0.61124,-0.4496,-0.16407,0.25758,0.30599,0.15152,0.3,0.47222,0.19404,0.44743,-3.75e-05,0.11113,0.39999,-0.24919,0.73684,0.45675,0.55035,-0.19677,-0.94764,-1.0071,-0.58094,-1
0.084225,-0.81971,0.1444,0.0072839,0.014779,-0.06894,-1,-0.062578,-0.06894,-0.13286,0.41413,0.1074,0.12121,0.31429,0.56944,0.35323,-0.12602,0.12499,0.33333,0.35001,-0.049388,0.69078,0.22939,0.53407,-0.62421,-0.98255,-1.0087,-0.80862,-1
0.064894,0.21251,-0.15351,0.064555,0.21872,-0.004834,0.23467,-0.30731,0.092887,0.2129,0.20201,0.16765,-0.30303,0.28571,0.41667,0.19404,0.3047,-3.75e-05,0.2222,0.39999,0.60701,0.58333,-0.3179,0.7009,-0.08989,-0.95637,-1.0264,-0.53008,-1
0.34611,-0.42504,0.30783,0.29878,0.34013,0.32767,-0.73425,0.2628,0.32767,0.30491,0.45455,0.021207,0.27273,0.54286,0.5,0.37314,-0.28005,0.25001,0.33333,0.30003,0.43137,0.57676,-0.25956,0.66428,-0.31522,-0.9744,-1.0317,-0.65016,-1
0.27624,-0.76163,0.34331,0.19085,0.19754,0.1178,-0.83233,0.07542,0.14111,0.081886,0.55758,-0.31497,0.5303,0.57143,0.52778,0.38503,-0.5213,0.25001,0.33333,0.24999,0.45554,0.56359,-0.39439,0.71108,-0.12396,-0.9651,-1.0321,-0.54946,-1
0.61168,-0.74815,0.70573,0.4973,0.50468,0.3846,-1,0.39406,0.3846,0.28954,0.50504,-0.21387,0.30303,0.57143,0.52778,0.6716,-0.42786,0.56246,0.55553,0.55,0.39625,0.55262,-0.17908,0.58699,-0.46284,-0.98313,-1.0287,-0.72539,-1
0.56517,-0.87361,0.69458,0.43332,0.43532,0.42323,-0.84472,0.38975,0.42323,0.36548,0.33333,0.6487,-0.060606,0.47143,0.58333,0.31339,0.71644,-3.75e-05,0.55553,0.39999,0.44678,0.55921,-0.3964,0.62361,-0.19277,-0.97382,-1.022,-0.5856,-1
0.28934,-0.78256,0.36725,0.16285,0.21,0.18079,-0.73179,0.11424,0.18079,0.16874,0.32577,0.64632,-0.075758,0.45714,0.58333,0.37314,0.83179,-3.75e-05,0.55553,0.50002,0.28872,0.5943,-0.38026,0.67447,-0.32945,-0.97382,-1.0313,-0.65861,-1
0.0050155,-0.072587,-0.16682,0.092905,0.087347,-0.18793,0.070073,-0.48013,-0.18793,0.031705,0.32577,0.20428,0.015152,0.38571,0.5,0.43282,-0.065688,0.25001,0.33333,0.39999,0.27771,0.57019,-0.21732,0.64598,-0.48392,-0.97382,-1.0438,-0.73391,-1
-0.1418,-0.091505,-0.39162,-0.21541,0.066204,-0.3128,-0.26481,-0.52824,-0.38025,-0.15631,0.47981,0.21599,0.30303,0.62857,0.58333,0.43282,-0.11363,0.49998,0.44447,0.39999,0.26235,0.6206,-0.46276,0.73345,-0.2473,-0.95579,-1.0334,-0.61425,-1
0.074117,-0.63415,0.075994,0.0037848,0.05227,-0.082735,-0.75224,-0.15093,-0.06366,-0.081297,0.33939,0.19352,0.1288,0.2,0.58333,0.24175,-0.15137,0.12499,0.11113,0.24999,-0.07791,0.67764,0.55732,0.59511,-0.259,-0.9651,-0.99512,-0.6208,-1
0.12988,-0.33089,0.05565,0.049702,0.16892,-0.15785,-1,-0.15209,-0.15785,-0.21567,0.070715,0.46741,-0.30303,-0.085714,0.34722,0.034782,0.32132,-0.25001,-0.33333,0.20001,0.26895,0.60087,0.53719,0.47508,-0.61182,-0.98255,-1.0024,-0.80259,-1
0.12135,-0.75091,0.16576,0.041775,0.063997,-0.053731,-1,-0.047266,-0.053731,-0.1187,0.25253,0.8298,-0.23486,0.17143,0.59722,0.19404,0.51377,-0.25001,0.33333,0.35001,0.0055031,0.63377,0.29377,0.49136,-0.61204,-0.98255,-1.0059,-0.80207,-1
0.020004,-0.4764,-0.024074,-0.05238,0.036612,-0.21831,-1,-0.21297,-0.21831,-0.27198,0.14141,0.22831,-0.17423,0.31429,0.27778,0.11445,-0.12602,-0.12499,0.11113,0.15003,0.12404,0.67545,0.3682,0.54832,-0.64958,-0.98255,-1.0016,-0.81995,-1
-0.031611,-0.13542,-0.20268,-0.027529,0.089279,-0.21764,-0.226,-0.44116,-0.21414,-0.060484,0.17576,0.57191,-0.10606,0,0.43749,0.14625,0.42463,-0.18754,0.11113,0.39999,-0.099876,0.65569,0.44061,0.56256,-0.36041,-0.9651,-0.99614,-0.65814,-1
0.074579,-0.074219,-0.055862,-0.0053915,0.17478,-0.14461,-0.37358,-0.31383,-0.10378,-0.041437,0.34344,0.53147,0.090909,0.2,0.77778,0.15421,0.32544,-0.25001,0,0.39999,-0.31504,0.63596,0.48491,0.48933,-0.11048,-0.95695,-1.003,-0.53132,-1
-0.089836,-0.41912,-0.21929,-0.1289,-0.01709,-0.22132,-0.48122,-0.37489,-0.25575,-0.12777,0.35353,-0.060558,0.27273,0.35714,0.47222,0.47265,0.27509,-3.75e-05,0.55553,0.60004,-0.23818,0.70394,0.43864,0.54628,-0.23049,-0.95637,-1.0042,-0.59869,-1
0.074117,-0.73038,0.11333,-0.037991,0.030541,-0.013721,-0.65857,-0.102,-0.013721,0.0064241,0.47728,-0.10644,0.31818,0.54286,0.5,0.31339,-0.0090113,-3.75e-05,0.2222,0.39999,0.40285,0.58333,-0.21329,0.59105,-0.44251,-0.97382,-1.022,-0.7156,-1
0.25621,-0.58283,0.25731,0.20581,0.2222,0.21734,-0.8162,0.17452,0.21734,0.18107,0.42424,0.19141,0.21212,0.54286,0.5,0.19404,0.40148,-0.25001,0.2222,0.39999,0.45774,0.58771,-0.25351,0.60936,-0.34626,-0.97382,-1.0208,-0.66739,-1
0.15744,-0.61182,0.15847,0.12583,0.12253,0.12472,-0.87774,0.09837,0.12472,0.078977,0.22727,0.10631,0.030303,0.34286,0.30556,0.13429,0.26866,-0.25001,0.11113,0.30003,0.39625,0.57457,-0.2636,0.58699,-0.39728,-0.97382,-1.0209,-0.69355,-1
0.29468,-0.60998,0.32343,0.15425,0.25856,0.087718,-0.92606,0.074559,0.087718,0.032086,0.39394,0.53181,0.12121,0.57143,0.52778,0.43282,0.61828,-3.75e-05,0.55553,0.60004,0.45334,0.61185,-0.2857,0.61749,-0.32682,-0.97382,-1.0178,-0.65721,-1
0.12681,-0.8966,0.21323,0.046845,0.035163,0.045067,-1,0.052208,0.045067,-0.026684,0.56565,0.080914,0.28788,0.68571,0.63889,0.51241,-0.33934,0.37496,0.55553,0.39999,0.080111,0.61841,-0.35412,0.58902,-0.61344,-0.98255,-1.0229,-0.8011,-1
-0.24491,0.21683,-0.51161,-0.41997,-0.042165,-0.51772,-0.56985,-0.63001,-0.57033,-0.43166,0.26061,0.52779,-0.037867,0.028571,0.50696,0.09847,0.25352,-0.12499,-0.11113,0.15003,0.077957,0.44957,0.70018,0.37945,-0.25957,-0.95637,-0.99563,-0.6116,-1
0.029574,-0.68443,0.040604,0.0048916,-0.010571,-0.11319,-0.68103,-0.19586,-0.11319,-0.091964,0.29547,0.86105,-0.21212,0.25714,0.65278,0.19404,0.68436,-0.37501,0.11113,0.50002,0.080111,0.60528,0.49899,0.5117,-0.47116,-0.97382,-0.99605,-0.7274,-1
0.16174,-0.63253,0.17661,0.079302,0.12767,0.14692,-1,0.15475,0.14692,0.068172,0.41413,0.3757,0.060606,0.6,0.55556,0.43282,-0.0090113,0.18746,0.55553,0.39999,0.13285,0.80921,-0.30785,0.78434,-0.59844,-0.98255,-1.0275,-0.79494,-1
0.093295,-0.92613,0.18467,0.01571,-0.0017418,0.0069163,-1,0.013796,0.0069163,-0.062215,0.44444,-0.36128,0.28032,0.48571,0.44444,0.27363,-0.66967,0.25001,0.11113,0.15003,0.22282,0.73684,-0.20123,0.7172,-0.62062,-0.98255,-1.0295,-0.80702,-1
0.073041,-0.81381,0.12647,0.0030707,0.0078121,0.0023054,-0.87858,-0.024653,0.0023054,-0.035272,0.5,0.10631,0.30303,0.6,0.55556,0.43282,-0.065688,0.25001,0.33333,0.39999,0.17013,0.76314,-0.42254,0.74364,-0.45505,-0.9744,-1.0196,-0.72225,-1
0.065009,-0.74502,0.096126,0.0099975,0.014538,0.011825,-0.8775,-0.015331,0.011825,-0.026129,0.41665,-0.44685,0.31818,0.42857,0.38889,0.4925,-0.71392,0.49998,0.33333,0.30003,0.6729,0.64912,0.04022,0.65616,-0.44563,-0.97382,-1.023,-0.71802,-1
-0.027037,0.5795,-0.51674,-0.13282,0.37803,-0.28271,0.23229,-0.64685,-0.40137,0.0094371,0.015152,0.30599,-0.33333,-0.15714,0.027778,-0.24376,-0.083368,-0.5,-0.44445,-0.20001,0.09552,0.4386,0.77061,0.43641,-0.18685,-0.95637,-0.98807,-0.57065,-1
-0.33707,0.25265,-0.70384,-0.46599,-0.028472,-0.36299,0.089767,-0.73502,-0.44911,-0.055809,0.49312,0.48626,0.12121,0.37143,0.86111,0.49794,1,-0.18754,0.55553,0.80002,-0.27991,0.55484,0.75855,0.36724,0.14558,-0.91216,-1.0062,-0.41193,-1
0.276,0.22073,0.16208,0.23994,0.45122,0.12572,0.25351,-0.2294,0.25817,0.38405,0.36364,0.95473,-0.030303,0.11429,1,0.15421,0.71327,-0.5,-0.11113,0.60004,-0.28867,0.61841,0.69013,0.47711,0.076636,-0.95695,-1.0021,-0.44017,-1
0.23138,0.22589,-0.029372,0.24198,0.42028,-0.0076228,0.14181,-0.33479,-0.029115,0.23821,0.1697,0.73946,-0.19697,-0.14286,0.47916,0.050758,0.43608,-0.31251,-0.33333,0.30003,0.044985,0.5943,0.76254,0.54425,-0.15865,-0.9651,-0.99273,-0.56529,-1
-0.040681,0.67483,-0.49093,-0.084872,0.30757,-0.35846,0.23124,-0.70315,-0.44037,-0.060484,0.060606,-0.033462,-0.27273,0.085714,0.14582,-0.14031,0.11533,-0.37501,-0.33333,0.050011,0.23382,0.58333,0.76658,0.50355,-0.33852,-0.9651,-0.99511,-0.66133,-1
0.03703,0.90941,-0.39497,-0.19813,0.40797,-0.45291,-0.37908,-0.62191,-0.45291,-0.33064,-0.06817,-0.13109,-0.25758,-0.11429,0.027778,-0.22391,-0.28005,-0.37501,-0.33333,-0.20001,0.38969,0.58333,0.77465,0.52595,-0.47182,-0.97382,-0.98978,-0.73097,-1
-0.085916,0.65987,-0.61044,-0.13975,0.31212,-0.25248,0.48214,-0.74215,-0.38359,0.25414,0.20834,0.31246,0.060606,0,0.47222,0.10449,0.39938,-0.12499,-0.11113,0.20001,-0.16577,0.57238,0.78873,0.47915,0.06178,-0.9395,-0.99821,-0.44074,-1
-0.027268,0.26223,-0.37348,0.025922,0.064652,-0.17187,0.20223,-0.57477,-0.046183,0.041956,0.42424,0.23028,0,0.42857,0.70138,0.33044,0.18447,-3.75e-05,0.11113,0.45003,-0.22502,0.62279,0.67404,0.45881,0.0018681,-0.94764,-1.0044,-0.48377,-1
0.12831,-0.20145,0.047088,0.16507,0.17306,-0.048117,-0.20412,-0.27744,0.077864,0.075341,0.48485,0.47891,0.19697,0.25714,0.72918,0.28954,0.31718,-0.062512,0.11113,0.35001,-0.073555,0.60306,0.59961,0.44862,-0.21954,-0.9651,-1.0046,-0.60167,-1
0.2167,0.10444,0.078579,0.23244,0.30609,0.052542,0.19861,-0.29979,0.18704,0.28157,0.38182,0.28161,0.13636,0.2,0.66667,0.28954,0.25352,-3.75e-05,-0.11113,0.35001,-0.062548,0.57019,0.66197,0.42828,-0.1667,-0.9651,-1.0032,-0.57198,-1
0.16078,-0.56027,0.16928,0.018995,0.13187,-0.030937,-0.9353,-0.042773,-0.034693,-0.079531,0.44848,0.17983,0.40153,0.54286,0.5,0.38503,-0.05987,0.31248,0.33333,0.39999,0.59825,0.54386,-0.22535,0.63173,-0.20793,-0.96568,-1.026,-0.59692,-1
-0.07431,0.25159,-0.4627,-0.1641,0.24138,-0.28115,0.028971,-0.58163,-0.39776,-0.048016,0.23232,0.4638,0.090909,0.028571,0.41667,0.11445,0.43227,-0.25001,-0.11113,0.20001,0.088916,0.61185,0.73237,0.52188,-0.23769,-0.95637,-0.99676,-0.5915,-1
-0.82963,-0.47366,-0.96027,-0.92596,-0.73744,-0.85701,-0.58019,-0.97152,-0.93988,-0.84,0.68223,-0.21422,0.57576,0.48571,0.75,0.6587,-0.27446,0.49998,0.55553,0.60004,0.72339,0.56359,-0.45675,0.56459,0.091224,-0.39674,-1.0099,-0.43854,-1
-0.16666,-0.31586,-0.26041,-0.23248,-0.10618,-0.24497,-0.24161,-0.46231,-0.25471,-0.088708,0.32727,0.29401,-0.0075636,0.54286,0.5,0.24175,0.10055,0.062512,0.33333,0.24999,0.37213,0.60306,-0.29377,0.53001,-0.4241,-0.9651,-1.007,-0.70581,-1
-0.16901,-0.46777,-0.26146,-0.19809,-0.10949,-0.30439,-0.52618,-0.43079,-0.34912,-0.22045,0.47273,-0.48727,0.27273,0.51429,0.47222,0.5761,0.11533,0.18746,0.7778,0.60004,0.29527,0.57238,-0.3461,0.56662,-0.4176,-0.96451,-1.0182,-0.7023,-1
-0.24526,-0.14605,-0.51725,-0.27047,-0.11935,-0.35935,-0.21267,-0.62195,-0.45536,-0.1446,0.55411,0.28658,0.72727,0.62857,0.58333,0.70577,0.33889,0.8125,0.7778,0.60004,0.34361,0.62279,-0.46882,0.66632,-0.22426,-0.94764,-1.0206,-0.60032,-1
-0.37497,-0.6197,-0.40498,-0.48309,-0.34699,-0.51452,-0.92951,-0.53082,-0.51452,-0.52971,0.55302,-0.19154,0.40909,0.6,0.55556,0.61192,-0.28005,0.49998,0.55553,0.50002,-0.051589,0.66886,-0.40443,0.63785,-0.67786,-0.97382,-1.0294,-0.83599,-1
-0.30544,-0.68166,-0.35293,-0.35477,-0.28401,-0.39687,-0.71382,-0.48215,-0.46306,-0.32756,0.45888,0.33696,0.21971,0.68571,0.63889,0.46692,0.11672,0.49998,0.55553,0.39999,0.46215,0.64474,-0.31991,0.55647,-0.31415,-0.94823,-1.0042,-0.6369,-1
0.53358,-0.66302,0.59536,0.42475,0.45429,0.29852,-1,0.30739,0.29852,0.20936,0.54545,-0.11563,0.31818,0.62857,0.58333,0.35323,-0.12602,0.12499,0.33333,0.35001,0.30188,0.66886,-0.29175,0.68056,-0.44909,-0.98197,-1.0245,-0.71976,-1
0.013432,-0.14368,-0.14555,0.0047845,0.10839,-0.22779,-0.30805,-0.41506,-0.22779,-0.10273,0.34092,0.40416,-0.015152,0.42857,0.55556,0.31339,0.36198,-3.75e-05,0.44447,0.39999,0.45114,0.60528,-0.11873,0.63173,-0.47529,-0.97382,-1.0285,-0.73168,-1
