-0.71422,-0.71969,-0.78585,-0.75082,-0.72029,-0.73887,-0.736,-0.81985,-0.76642,-0.74207,0.2091,-0.29079,0.23509,0.023256,0.27907,0.12912,-0.60357,0.33333,0.090899,-0.2,0.96452,0.97014,0.99804,0.2199,-0.24113,-0.82435,-1.2138,-0.55215,1
-0.76046,-0.77818,-0.86453,-0.77428,-0.72243,-0.7777,-0.78787,-0.88919,-0.77984,-0.75043,0.24212,-0.7279,0.34738,0.11628,0.11628,0.17432,-0.79499,0.33333,0.090899,-0.2,0.9665,0.86683,0.98434,0.2776,-0.47045,-0.86928,-1.2238,-0.69055,1
-0.83416,-0.80164,-0.89861,-0.86432,-0.83892,-0.85722,-0.80092,-0.91896,-0.87931,-0.87017,0.28002,0.14224,0.066673,0.13953,0.39535,0.060496,-0.29409,0.2222,0.090899,-0.16668,0.91525,0.60275,0.98046,0.28359,-0.8201,-0.92402,-1.0277,-0.89129,1
-0.6447,-0.64068,-0.80312,-0.72841,-0.5415,-0.70109,-0.64142,-0.86038,-0.74333,-0.62997,0.69501,0.35145,0.74036,0.69767,0.69767,0.45632,-0.11863,0.55553,0.45455,0.06668,0.90147,0.5109,0.88457,0.59402,-0.55783,-0.92239,-2.4974,-0.73037,1
-0.53723,-0.6483,-0.68319,-0.57175,-0.44544,-0.62366,-0.69618,-0.77215,-0.60066,-0.52897,0.78267,0.28441,0.85264,0.7907,0.7907,0.53846,-0.11863,0.55553,0.63635,0.2,0.86994,0.43513,0.87672,0.58408,-0.47092,-0.92892,-0.64189,-0.67036,1
-0.52817,-0.53738,-0.74334,-0.58958,-0.4901,-0.58816,-0.54279,-0.78902,-0.61127,-0.47015,0.63454,0.58355,0.71229,0.48837,0.7907,0.49792,-0.094092,0.55553,0.54542,0.2,0.8601,0.4535,0.87475,0.60994,-0.45517,-0.9183,-0.73673,-0.65874,1
-0.59355,-0.43656,-0.91005,-0.70647,-0.40482,-0.64968,-0.48724,-0.93513,-0.75505,-0.47011,0.81382,-0.41889,0.88071,0.55814,0.68605,0.5352,-0.47303,0.55553,0.45455,0.2,0.89361,0.43283,0.95892,0.27164,-0.91249,-0.43873,-0.99215,-0.22867,-1
-0.28227,-0.050301,-0.50956,-0.42982,-0.38818,-0.5731,-0.74036,-0.62201,-0.47193,-0.5704,0.93416,0.83954,0.80353,1,1,0.81231,0.070362,0.83333,1,0.46668,0.76947,0.69918,0.98827,0.19204,-0.51216,-0.95098,-1.025,-0.68259,1
-0.55438,-0.51067,-0.79234,-0.4913,-0.46561,-0.61134,-0.53537,-0.86478,-0.61072,-0.50051,0.62844,0.36336,0.23509,0.60465,0.74419,0.55343,-0.00080336,0.33333,0.45455,0.33332,0.97045,0.91044,0.98827,0.30348,-0.45192,-0.87582,-1.2317,-0.51656,1
-0.51418,-0.81633,-0.54097,-0.51396,-0.49184,-0.55018,-0.8154,-0.60818,-0.47652,-0.53438,0.15742,0.33526,-0.14385,0.13953,0.32558,-0.0048641,-0.28856,-0.11113,0.090899,-0.2,0.91723,0.7015,0.96869,0.18009,-0.53828,-0.93873,-1.0939,-0.7241,1
-0.87683,-0.86567,-0.94587,-0.8622,-0.83736,-0.89856,-0.88443,-0.96523,-0.87376,-0.862,0.91198,-0.55016,0.93685,0.60465,0.88372,0.70343,-0.54279,0.7778,0.63635,0.33332,0.73795,0.89666,0.82975,0.46268,-0.70194,-0.65441,-1.036,-0.82486,1
-0.2881,-0.50659,-0.30177,-0.32432,-0.38926,-0.35544,-0.50879,-0.41278,-0.34994,-0.41382,0.83983,-0.038618,0.78247,0.74419,0.74419,0.80054,-0.38642,1,0.63635,0.43332,0.79112,0.65556,0.74559,1,-0.12129,-0.92075,-1.3499,-0.49338,1
-0.27121,-0.49989,-0.38347,-0.24903,-0.35099,-0.32975,-0.52101,-0.38119,-0.30514,-0.40565,0.60895,0.47467,0.41755,0.67442,0.67442,0.50048,-0.041033,0.2778,0.63635,0.2,0.59015,0.68084,0.46967,0.92437,-0.26598,-0.93709,-1.0879,-0.57764,1
-0.60552,-0.74111,-0.62426,-0.58905,-0.56151,-0.67551,-0.79713,-0.70224,-0.61825,-0.6161,0.83202,0.43151,0.86668,0.67442,0.84884,0.54126,-0.19734,0.55553,0.54542,0.2,0.76947,0.18944,0.81606,0.43283,-0.37292,-0.90523,-0.85899,-0.62365,1
-0.12229,-0.60622,-0.17832,-0.091753,-0.12783,-0.22676,-0.59649,-0.35878,-0.12376,-0.17489,1,0.21375,0.93685,0.93023,0.93023,0.92235,-0.12175,1,0.72728,0.6,0.72807,-0.12975,0.65165,0.33929,-0.088873,-0.93709,-1.1866,-0.45549,1
0.052743,0.10712,-0.36207,-0.075783,0.28175,0.031603,-0.013979,-0.30978,-0.077791,0.15996,0.064825,-0.16566,0.010532,-0.011628,0.11628,-0.029097,-0.44448,-0.11113,-0.090899,-0.2,0.78129,0.74053,0.96284,-0.37113,0.37898,-0.92484,-1.0935,-0.19333,1
0.34131,1,-0.5686,0.16578,0.44464,0.1558,1,-0.67346,-0.22443,0.25067,0.13228,-0.22974,0.15088,-0.046512,0.2093,-0.067952,-0.67502,-0.11113,-0.090899,-0.33332,0.53693,0.3846,0.43055,0.96217,0.18774,-0.94118,-1.1637,-0.31525,1
0.13234,-0.46144,0.12796,0.23836,0.082977,0.021579,-0.47757,-0.08715,0.23326,-0.020004,0.026942,-0.40491,0.15088,-0.046512,-0.046512,-0.011447,-0.37643,0.11113,0.090899,-0.2,0.57438,0.155,0.32681,0.78904,0.24485,-0.93464,-1.0685,-0.28338,1
0.40558,0.3425,0.081543,0.3038,0.27939,0.30068,0.31304,-0.052895,0.28777,0.21856,0.047619,-0.19033,0.23509,0.023256,0.023256,-0.22331,-0.56574,-0.33333,-0.27275,-0.33332,0.64925,0.037871,0.47556,0.66366,0.19728,-0.94281,-1.0969,-0.31097,1
-0.00058325,-0.49283,-0.093352,0.12767,0.045179,-0.14018,-0.32096,-0.36514,-0.046792,0.0062019,-0.060847,0.069079,-0.18596,-0.023256,-0.023256,-0.36895,-0.2964,-0.55555,-0.36362,-0.4,0.59015,0.28588,0.49902,0.45471,-0.46581,-0.96732,-1.0873,-0.69296,1
-0.17067,-0.30316,-0.28114,-0.30057,-0.29166,-0.23351,-0.27177,-0.45868,-0.25297,-0.17634,-0.16099,-0.19184,-0.21403,-0.34884,-0.046512,-0.33423,-0.42435,-0.44445,-0.27275,-0.46668,0.78326,0.21698,0.82583,-0.22986,-0.55479,-0.96324,-1.107,-0.74047,1
0.24972,0.68625,-0.24911,0.033467,0.050726,0.16577,0.73161,-0.44488,-0.042873,-0.055908,-0.22618,-0.23388,-0.49473,-0.16279,-0.16279,-0.22331,-0.37715,-0.2222,-0.27275,-0.33332,0.77145,0.44433,0.93738,-0.30547,-0.11792,-0.94526,-1.0644,-0.48383,1
-0.054187,-0.55926,0.010146,-0.012597,-0.12905,-0.13512,-0.53083,-0.15584,-0.038018,-0.13854,-0.14588,-0.14309,-0.27017,-0.069767,-0.069767,-0.38974,-0.49944,-0.5,-0.27275,-0.46668,0.63349,0.60275,0.74951,-0.072648,-0.27259,-0.9567,-1.0747,-0.58178,1
-0.70485,-0.69726,-0.85351,-0.74608,-0.59523,-0.77338,-0.77172,-0.88648,-0.77671,-0.7112,-0.098328,-0.73886,-0.017538,-0.18605,-0.18605,-0.1424,-0.58958,-0.2222,-0.090899,-0.33332,0.69654,0.58438,0.72212,0.068648,-0.52562,-0.91585,-1.1686,-0.72508,1
-0.0040828,-0.60833,0.058265,0.1441,0.0051714,-0.14519,-0.60809,-0.20899,0.096918,-0.12907,-0.058963,-0.060132,-0.17893,-0.023256,-0.023256,-0.3065,-0.47579,-0.2778,-0.27275,-0.46668,0.81084,0.24684,0.70254,0.54824,-0.26773,-0.9567,-1.1004,-0.56413,1
0.056909,-0.84236,0.20079,0.096942,-0.042781,0.039675,-1,0.21627,0.1526,-0.11116,-0.065249,0.092039,-0.27718,0,0,-0.28803,-0.76214,-0.2778,-0.27275,-0.46668,0.79507,0.34557,0.77105,0.42287,-0.60097,-0.97794,-1.4502,-0.77058,1
-0.24683,-0.54357,-0.25739,-0.083855,-0.19167,-0.35634,-0.54244,-0.48545,-0.12716,-0.2693,0.035534,0.020987,-0.073679,0.11628,0.11628,-0.27877,-0.48355,-0.44445,-0.27275,-0.36668,0.68078,0.31574,0.64188,0.48856,-0.45826,-0.9567,-1.2618,-0.68646,1
-0.15512,-0.65148,-0.20825,-0.13586,-0.11833,-0.32943,-0.73274,-0.3428,-0.35328,-0.31508,-0.079365,-0.081645,-0.207,-0.27907,0.069767,-0.30096,-0.53027,-0.38889,-0.27275,-0.43332,0.79705,0.4604,0.80629,0.50647,-0.62531,-0.97386,-0.76964,-0.78084,1
-0.56232,0.0564,-0.99,-0.95635,-0.40854,-0.6137,-0.034348,-0.99101,-0.96067,-0.4434,0.13113,-0.63253,0.17895,-0.023256,-0.023256,-0.039641,-0.63737,-0.11113,-0.090899,-0.2,0.75371,0.019531,0.90999,-0.45871,-0.44476,-0.019608,-1.0419,0.0012735,1
-0.75032,-0.52241,-0.97497,-0.83506,-0.75102,-0.77911,-0.56613,-0.9777,-0.87894,-0.78312,0.18635,-0.65014,0.29124,0.069767,0.069767,-0.013194,-0.59113,-0.11113,-0.090899,-0.2,0.77342,0.29737,0.37966,0.67759,-0.067382,0.92565,-1.0299,1,1
-0.53746,-0.60577,-0.69721,-0.55347,-0.43736,-0.58526,-0.62165,-0.75023,-0.58192,-0.48062,0.067894,-0.54418,0.17895,-0.023256,-0.023256,-0.080884,-0.48188,-0.11113,-0.090899,-0.2,0.60986,-0.051655,0.38747,0.76517,0.47927,-0.80392,-1.0919,-0.14364,1
-0.46347,-0.51562,-0.62059,-0.48629,-0.36082,-0.55049,-0.56687,-0.71358,-0.55472,-0.49929,-0.062942,-0.44609,-0.13685,-0.093023,-0.093023,-0.25395,-0.58204,-0.11113,-0.27275,-0.46668,0.6611,0.12513,0.46186,0.67561,0.10288,-0.87908,-1.0768,-0.36435,1
-0.06974,-0.026237,-0.4217,0.092041,-0.030135,-0.31972,-0.41749,-0.66592,-0.07902,-0.14729,-0.0079365,-0.26993,-0.045609,-0.081395,0.046512,-0.25564,-0.50833,-0.2222,-0.27275,-0.46668,0.72218,0.049363,0.50294,0.65373,0.17302,-0.91585,-1.0739,-0.32537,1
0.42341,0.0039271,0.027792,0.40907,0.53232,0.33893,-0.094416,0.011542,0.44171,0.4342,-0.0035344,-0.038289,-0.087714,0.069767,0.069767,-0.13698,-0.37822,-0.11113,-0.090899,-0.3,0.70444,0.55222,0.91195,-0.36915,0.12932,-0.95098,-1.0671,-0.34115,1
-0.039578,-0.49149,-0.02562,-0.033409,-0.025575,-0.174,-0.51395,-0.17918,-0.13418,-0.20394,-0.15344,-0.47989,-0.017538,-0.18605,-0.18605,-0.33982,-0.37974,-0.55555,-0.27275,-0.46668,0.67489,0.69001,0.77498,-0.22388,0.07506,-0.93056,-1.1271,-0.37735,1
-0.027635,-0.32794,-0.10543,-0.15586,-0.11433,-0.2285,-0.66532,-0.25589,-0.22214,-0.27336,0.23511,-0.10684,0.20702,0.25581,0.25581,0.067952,-0.36176,0,0.090899,-0.2,0.46601,0.99771,0.74755,-0.24976,0.54925,-0.90196,-1.0693,-0.1068,1
0.22961,-0.31375,0.042316,0.28863,0.25377,0.1444,-0.38674,-0.038699,0.27514,0.13773,0.18859,-0.04125,0.094743,0.23256,0.23256,0.012495,-0.39153,-0.11113,-0.090899,-0.2,0.92908,-0.34328,0.47359,0.8169,0.98354,-0.90196,-1.0581,0.14746,1
0.87679,-0.49984,0.86257,0.9461,0.78736,0.75367,-0.53261,0.86286,0.86372,0.69184,0.031746,0.0071711,-0.2421,-0.16279,0.18605,-0.11234,-0.33327,-0.11113,-0.27275,-0.23332,0.64534,-0.35477,0.51664,0.55023,0.54386,-0.95098,-1.1738,-0.11271,1
0.64816,-0.86959,0.93878,0.71059,0.44676,0.458,-1,0.70565,0.61637,0.24648,-0.021164,-0.32684,-0.12281,-0.18605,0.0058047,-0.22331,-0.58802,-0.2778,-0.27275,-0.36668,0.51133,0.59587,0.57926,-0.1025,-0.24192,-0.97304,-1.1278,-0.5632,1
-0.0021941,-0.37766,-0.045302,-0.080914,0.085186,-0.10969,-0.40629,-0.24003,-0.097269,-0.0048488,0.03909,-0.23592,0.20702,0,0,-0.061486,-0.31864,-0.11113,-0.090899,-0.2,0.50149,0.76349,0.96088,-0.55026,0.73404,-0.88971,-1.0473,0.019512,1
-0.66103,-0.55033,-0.89435,-0.76747,-0.54475,-0.73274,-0.65523,-0.91167,-0.78792,-0.60279,0.32876,-0.50662,0.23509,0.27907,0.27907,0.10325,-0.53483,0.11113,0.090899,-0.2,0.19803,0.84846,0.46575,-0.016914,-0.0034235,-0.7835,-1.0462,-0.40705,1
-0.45532,-0.68548,-0.49888,-0.37402,-0.4358,-0.51152,-0.68112,-0.59957,-0.39557,-0.48147,0.30097,-0.38169,0.43159,0.18605,0.18605,0.16506,-0.43587,0.2778,0.090899,-0.06668,0.62167,0.279,0.76517,-0.57611,0.073714,-0.88235,-1.0912,-0.37346,1
-0.80294,-0.81466,-0.88798,-0.79023,-0.76013,-0.82707,-0.82843,-0.90668,-0.81011,-0.78553,0.13297,-0.53052,-0.017538,0.069767,0.069767,-0.062884,-0.63871,-0.11113,-0.090899,-0.2,0.67094,0.96097,0.69081,0.10049,-0.068807,-0.67729,-1.394,-0.45806,1
-0.84211,-0.84213,-0.89861,-0.85925,-0.81361,-0.86418,-0.8628,-0.91459,-0.87264,-0.83234,-0.26944,-0.57979,-0.43859,-0.27907,-0.27907,-0.25314,-0.72562,-0.11113,-0.27275,-0.46668,0.97638,0.77498,1,-0.30947,0.31767,0.6732,-1.4695,-0.20215,1
-0.7756,-0.72833,-0.88413,-0.78484,-0.7524,-0.79728,-0.74582,-0.90755,-0.79088,-0.76713,-0.21517,-0.82881,-0.15789,-0.30233,-0.30233,-0.21335,-0.68726,-0.11113,-0.27275,-0.36668,0.93892,0.44662,0.98827,-0.31741,-0.1106,-0.74918,-1.1878,-0.48199,1
-0.62526,-0.36078,-0.89045,-0.77151,-0.60995,-0.66551,-0.41586,-0.91974,-0.78056,-0.62538,0.0074286,-0.44938,-0.18596,-0.023256,-0.023256,-0.038534,-0.59533,0.11113,-0.090899,-0.33332,0.86405,0.64868,0.7632,0.61193,-0.70354,-0.25245,-1.0428,0.40041,1
-0.28327,-0.12057,-0.7814,-0.2134,-0.12077,-0.35887,-0.1711,-0.83173,-0.22887,-0.20281,-0.074074,-0.52479,-0.2421,-0.093023,-0.093023,-0.19902,-0.57371,-0.11113,-0.27275,-0.4,0.7675,-0.14812,0.64777,0.74925,0.57406,-0.84477,-1.1934,-0.085964,1
0.86402,-0.12224,0.80922,0.83915,0.89074,0.75694,-0.17102,0.63375,0.78236,0.83613,-0.15014,-0.56387,-0.045609,-0.2093,-0.2093,-0.19902,-0.4865,-0.2222,-0.27275,-0.33332,0.47585,0.69459,0.70058,-0.34528,0.28407,-0.95752,-1.0714,-0.2475,1
-0.5932,-0.36787,-0.86745,-0.744,-0.53205,-0.62831,-0.40691,-0.87735,-0.71949,-0.5835,0.16705,-0.28757,0.23509,0.023256,0.023256,-0.018029,-0.51107,0.11113,-0.090899,-0.2,0.71626,-0.086102,0.60665,0.78109,0.53955,-0.72876,-1.2082,-0.10709,1
-0.45599,-0.25359,-0.87158,-0.70366,-0.24291,-0.50347,-0.30879,-0.90351,-0.60764,-0.29095,0.48313,-0.52142,0.62808,0.34884,0.34884,0.20753,-0.72844,0.33333,0.090899,-0.06668,0.87389,0.43054,0.56164,0.85073,-0.0092019,-0.69935,-1.042,0.05483,1
-0.33543,-0.067179,-0.64551,-0.33568,-0.32448,-0.5186,-0.54276,-0.70423,-0.37913,-0.42211,0.48148,-0.51682,0.62808,0.34884,0.34884,0.17316,-0.60674,0.33333,0.090899,-0.06668,0.77536,-0.2193,0.5421,0.56814,0.40103,-0.85294,-1.083,-0.19083,1
-0.1259,-0.21809,-0.29058,-0.16047,-0.10023,-0.22586,-0.21472,-0.40801,-0.20337,-0.18004,0.26375,-0.21322,0.38248,0.2093,0.2093,0.030612,-0.51299,0.11113,0.090899,-0.2,0.70839,0.024116,0.54795,0.62586,0.15576,-0.91422,-1.1022,-0.33369,1
-0.72215,-0.42808,-0.98504,-0.90157,-0.66817,-0.75366,-0.47431,-0.9876,-0.91346,-0.69451,0.43687,-0.33414,0.37545,0.39535,0.39535,0.14479,-0.43925,0.11113,0.090899,-0.06668,0.69456,0.30195,0.92172,-0.71542,0.33042,1,-1.0728,0.1999,1
-0.26316,-0.74592,-0.16604,-0.2458,-0.28334,-0.35132,-0.75221,-0.29453,-0.27695,-0.37629,0.38176,-0.47541,0.5158,0.25581,0.25581,0.17997,-0.68708,0.2778,0.090899,-0.06668,0.82462,-0.16878,0.73385,0.39701,0.053925,-0.91585,-1.178,-0.39207,1
-0.73374,-0.66429,-0.8675,-0.72366,-0.64109,-0.92069,-1,-0.90722,-0.91207,-0.93219,-0.24163,0.073289,-0.47367,-0.30233,-0.11047,-0.28803,-0.37068,-0.44445,-0.27275,-0.36668,0.85615,0.035578,0.89826,-0.12041,-0.94107,-0.98611,-1.0067,-0.95906,-1
-0.67239,-0.87639,-0.65971,-0.69624,-0.68118,-0.69657,-0.85867,-0.70827,-0.72299,-0.68293,0.19048,-1,0.26316,0.046512,0.046512,0.0096991,-0.81576,0.11113,-0.090899,-0.3,0.81281,0.15041,0.77105,0.11641,-0.8124,-0.96732,-1.0838,-0.89168,1
-0.84161,-0.68228,-0.97805,-0.91555,-0.82509,-0.86159,-0.70358,-0.98133,-0.95869,-0.85377,0.34127,-0.18586,0.45966,0.2093,0.2093,0.080943,-0.39101,0.11113,0.090899,-0.06668,0.7931,0.44662,0.74755,-0.014927,-0.58138,-0.54493,-0.8337,-0.68676,1
-0.32537,-0.57772,-0.369,-0.35119,-0.38766,-0.39427,-0.5859,-0.47995,-0.39674,-0.44782,0.22783,-0.37434,0.37545,0.13953,0.13953,0.016573,-0.44479,-0.11113,-0.090899,-0.2,0.73795,-0.026408,0.50491,0.56615,0.14183,-0.89379,-1.0673,-0.33726,1
0.11623,0.42112,-0.19271,-0.096653,0.10122,0.023689,0.40922,-0.38199,-0.15734,0.038181,-0.0026455,-0.34434,0.038602,-0.13953,-0.13953,-0.32036,-0.70869,-0.33333,-0.27275,-0.46668,0.66304,0.25372,0.54795,0.66167,-0.10102,-0.94281,-1.1142,-0.48185,1
-0.20633,-0.34777,-0.3015,-0.23363,-0.24996,-0.29403,-0.36039,-0.44025,-0.34035,-0.28933,0.25926,-0.39425,0.26316,0.046512,0.30233,-0.042088,-0.4502,-0.11113,-0.090899,-0.2,0.75762,-0.0034535,0.63211,0.54626,0.065996,-0.91013,-1.1238,-0.3867,1
-0.81726,-0.63853,-0.93372,-0.86987,-0.81636,-0.83836,-0.65396,-0.96281,-0.88031,-0.83392,0.19299,-0.50378,0.15088,-0.046512,0.2093,-0.019893,-0.54731,-0.11113,-0.090899,-0.2,0.75762,-0.05627,0.55772,0.68159,0.35373,-0.22222,-1.0947,-0.20054,1
-0.26288,-0.41984,-0.50263,-0.20031,-0.19096,-0.37201,-0.45075,-0.65371,-0.28654,-0.35667,0.38889,-0.1573,0.40352,0.16279,0.4186,0.13267,-0.57571,0.2222,0.090899,-0.13332,0.78721,0.41217,0.93934,-0.37315,-0.059387,-0.92075,-1.0748,-0.45192,1
-0.7635,-0.60773,-0.92269,-0.86168,-0.69303,-0.82316,-0.69212,-0.94599,-0.89322,-0.85782,0.26984,-1,0.34738,0.11628,0.11628,0.22215,-0.8065,0.33333,0.090899,-0.06668,0.73597,0.55454,0.76517,0.10446,-0.62077,-0.79167,-1.1217,-0.7664,1
-0.69065,-0.63599,-0.76655,-0.76747,-0.60201,-0.72659,-0.6552,-0.81064,-0.77711,-0.61754,0.61376,-0.37136,0.76843,0.46512,0.46512,0.31069,-0.59252,0.33333,0.2727,0,0.70642,0.32262,0.8004,-0.38308,-0.17143,-0.7982,-1.1032,-0.52195,1
-0.71393,-0.59941,-0.88709,-0.80295,-0.69884,-0.74852,-0.619,-0.91376,-0.82816,-0.74197,0.36904,-0.24974,0.57194,0.30233,0.30233,0.14426,-0.42455,0.33333,0.090899,-0.06668,0.67292,0.29275,0.73582,-0.34925,-0.26689,-0.81209,-1.1301,-0.57664,1
-0.90036,-0.85769,-0.96935,-0.93282,-0.83461,-0.9169,-0.87184,-0.97694,-0.94473,-0.87302,0.34332,-0.57357,0.45966,0.2093,0.2093,0.219,-0.69024,0.33333,0.090899,-0.06668,0.73795,-0.0080386,0.74755,-0.2816,-0.77952,-0.66748,-1.1352,-0.87181,1
-0.8089,-0.66806,-0.94234,-0.87132,-0.79603,-0.84034,-0.69235,-0.9611,-0.90138,-0.85242,0.054603,-0.54297,0.010532,-0.16279,0.093023,0.085603,-0.69755,0.11113,0.090899,-0.2,0.77342,0.53847,0.73778,0.056702,-0.56963,-0.7116,-0.75742,-0.74923,1
-0.8965,-0.78844,-0.98381,-0.97351,-0.84953,-0.91695,-0.81689,-0.98584,-0.97574,-0.90243,0.16686,-0.61147,0.26316,0.046512,0.046512,-0.042962,-0.59684,-0.11113,-0.090899,-0.2,0.64139,0.54764,0.62426,0.12038,-0.65674,-0.46895,-0.22514,-0.79878,1
-0.7838,-0.64286,-0.97879,-0.84092,-0.73577,-0.8403,-0.68035,-0.9836,-0.89674,-0.80989,0.19048,-1,0.26316,0.046512,0.046512,-0.15271,-0.66669,-0.11113,-0.27275,-0.46668,0.64925,0.38002,0.66146,0.066662,-0.79779,-0.87582,-1.1134,-0.88361,1
-0.73309,-0.61972,-0.9308,-0.78402,-0.71099,-0.76399,-0.63873,-0.94407,-0.81375,-0.73616,0.56425,-0.45751,0.74036,0.44186,0.44186,0.38427,-0.53949,0.55553,0.2727,0.06668,0.49359,0.40297,0.57145,-0.34925,-0.11788,-0.7549,-1.1322,-0.49024,1
-0.61958,-0.4424,-0.84641,-0.71397,-0.55412,-0.67242,-0.4851,-0.903,-0.75129,-0.60581,0.35619,-0.35689,0.31931,0.093023,0.37209,0.17048,-0.43838,0.11113,0.090899,-0.06668,0.61772,-0.12743,0.67516,-0.56218,-0.50104,-0.35621,-1.0957,0.51685,1
-0.58257,-0.40856,-0.89344,-0.71745,-0.35541,-0.62555,-0.42476,-0.93319,-0.82168,-0.38702,0.38176,-0.56724,0.45966,0.27907,0.27907,0.12026,-0.61817,0.2778,0.090899,-0.2,0.41477,0.42825,0.47163,-0.078608,-0.50432,-0.85948,-1.0979,-0.7069,1
-0.60957,-0.34591,-0.92662,-0.80223,-0.42471,-0.65642,-0.39233,-0.95333,-0.84117,-0.48062,0.56512,-0.39053,0.74036,0.44186,0.44186,0.29974,-0.51892,0.33333,0.2727,-0.06668,0.54878,0.48565,0.37181,0.66965,-0.38575,-0.36275,-1.0473,0.5284,1
-0.71622,-0.51794,-0.90697,-0.84242,-0.59042,-0.75259,-0.55634,-0.93987,-0.8611,-0.68752,0.28307,-0.22454,0.19299,0.11628,0.18605,0.12026,-0.46741,0,0.090899,-0.06668,0.54878,0.028701,0.27399,0.86069,0.52653,-0.18546,-1.0755,-0.030315,1
-0.59603,-0.43558,-0.88965,-0.61677,-0.44784,-0.63773,-0.47942,-0.92544,-0.65185,-0.49618,0.36703,-0.46247,0.29124,0.32558,0.32558,0.22448,-0.61275,0.33333,0.090899,-0.06668,0.41675,0.54305,0.56753,-0.45275,0.23693,0.084967,-1.1014,0.15476,1
-0.32909,-0.50948,-0.37608,-0.33216,-0.27455,-0.37533,-0.57462,-0.45777,-0.33608,-0.361,0.28385,-0.24513,0.26316,0.046512,0.30233,0.16506,-0.43587,0.33333,0.090899,-0.06668,0.50935,0.57521,0.59884,-0.32539,0.077118,-0.90196,-1.1425,-0.37708,1
-0.6054,-0.46914,-0.9225,-0.59973,-0.48963,-0.6608,-0.50609,-0.95579,-0.62425,-0.51296,0.48294,-0.25987,0.68422,0.39535,0.39535,0.20823,-0.56319,0.33333,0.090899,-0.06668,0.54878,0.42366,0.63015,-0.23582,-0.26507,-0.81781,-1.1052,-0.57543,1
-0.50671,-0.28877,-0.84035,-0.6287,-0.33054,-0.57281,-0.3452,-0.87732,-0.70597,-0.45116,0.56356,-0.19336,0.5158,0.51163,0.51163,0.2483,-0.40535,0.33333,0.2727,-0.06668,0.54681,0.52239,0.41097,0.70745,-0.38547,-0.46732,-1.0638,0.50996,1
-0.35537,-0.41994,-0.5468,-0.3208,-0.33943,-0.45262,-0.46081,-0.73919,-0.37802,-0.42157,0.3673,-0.22368,0.31931,0.37209,0.37209,0.093525,-0.46442,-0.11113,0.090899,-0.1,0.67884,-0.17566,0.47359,0.49254,0.22284,-0.88562,-1.0827,-0.29571,1
-0.52203,-0.66504,-0.6828,-0.52509,-0.44587,-0.56682,-0.67819,-0.7389,-0.50956,-0.47119,0.28622,-0.12717,0.42458,0.25581,0.25581,0.035622,-0.30654,-0.11113,0.090899,-0.16668,0.62365,-0.11826,0.48336,0.4368,0.052263,-0.86683,-1.1072,-0.39309,1
-0.71141,-0.44107,-0.93226,-0.85393,-0.69332,-0.758,-0.49855,-0.95491,-0.87307,-0.77488,0.28516,-0.48833,0.40352,0.16279,0.16279,0.11735,-0.48191,0.11113,0.090899,-0.06668,0.65715,-0.14121,0.61057,-0.19802,-0.90432,-0.46078,-1.0337,0.0012281,1
-0.25505,-0.264,-0.43984,-0.27935,-0.26242,-0.34995,-0.27914,-0.53935,-0.42775,-0.36465,0.27551,0.011382,0.31931,0.11628,0.39535,0.067952,-0.423,0.11113,0.090899,-0.2,0.57043,0.49023,0.67516,-0.34727,-0.0014446,-0.91422,-1.1139,-0.42434,1
-0.26021,-0.67714,-0.29825,-0.26788,-0.2108,-0.38551,-0.7225,-0.42642,-0.35989,-0.35554,0.24339,0.12625,0.15088,0.11628,0.37209,0.16506,-0.48617,0.33333,0.090899,-0.06668,0.57636,0.35706,0.61842,-0.27164,-0.30248,-0.94444,-1.1745,-0.59679,1
-0.56976,-0.7172,-0.65839,-0.5848,-0.44906,-0.64339,-0.73403,-0.72165,-0.7179,-0.577,0.22895,-0.036513,0.14388,0.25581,0.25581,0.059156,-0.2547,0.33333,0.090899,-0.2,0.54878,0.24455,0.58122,-0.22189,-0.53132,-0.93873,-1.1437,-0.72876,1
-0.63477,-0.50196,-0.96686,-0.6662,-0.42777,-0.69276,-0.5465,-0.97114,-0.83091,-0.50046,0.61503,-0.27625,0.7965,0.48837,0.48837,0.31302,-0.63372,0.55553,0.2727,-0.06668,0.76157,0.442,0.80433,-0.26965,-0.1913,-0.7549,-1.1952,-0.50327,1
-0.65152,-0.40778,-0.96591,-0.82157,-0.51385,-0.69113,-0.45519,-0.97015,-0.83965,-0.56464,0.37166,-0.28875,0.37545,0.13953,0.4186,0.15621,-0.45234,0.11113,0.090899,-0.06668,0.79112,-0.13204,0.53229,0.50446,0.19193,0.26471,-1.0628,0.70097,1
-0.15456,-0.19152,-0.29098,-0.25981,-0.24197,-0.23605,-0.22205,-0.39406,-0.32298,-0.32324,0.18883,-0.32553,0.20702,0.13953,0.13953,-0.065505,-0.39417,-0.11113,-0.090899,-0.26668,0.72609,-0.097594,0.54014,0.5781,0.24778,-0.90523,-1.0941,-0.28213,1
0.081017,-0.39372,-0.040415,0.25485,0.09205,-0.062414,-0.41215,-0.20775,0.0020471,-0.020861,0.13757,0.13355,0.17895,-0.023256,0.27907,-0.22331,-0.4507,-0.11113,-0.27275,-0.33332,0.65123,0.10676,0.58318,0.6199,0.027962,-0.94118,-1.2397,-0.40899,1
-0.32071,-0.51733,-0.49229,-0.20867,-0.21612,-0.41094,-0.5461,-0.57449,-0.34556,-0.28238,0.22751,-0.019145,0.34738,0.11628,0.11628,-0.016165,-0.38762,-0.055533,0.090899,-0.2,0.73004,-0.17107,0.58515,0.44676,0.1387,-0.90196,-1.1127,-0.33424,1
-0.83232,-0.69759,-0.96604,-0.90001,-0.77669,-0.85413,-0.71238,-0.97654,-0.9218,-0.78816,0.42857,-1,0.5158,0.25581,0.25581,0.23199,-0.703,0.33333,0.090899,-0.06668,0.84236,-0.25604,0.7632,-0.084569,-0.57477,-0.56863,-1.0838,-0.68064,1
-0.047188,-0.43189,-0.20316,-0.063215,-0.024729,-0.12836,-0.46111,-0.22405,-0.06235,-0.090052,0.23236,0.17322,0.26316,0.093023,0.39535,0.035622,-0.24783,-0.11113,0.090899,-0.06668,0.81479,0.32949,0.92172,-0.53831,0.078899,-0.9281,-1.1191,-0.36159,1
-0.32232,-0.60508,-0.36867,-0.34294,-0.35471,-0.4917,-0.85961,-0.48888,-0.41247,-0.50439,0.071429,0.57737,-0.35438,0.11628,0.30233,0.067952,0.097751,-0.11113,0.090899,0.06668,0.74976,0.10906,0.89826,-0.50448,-0.26064,-0.94444,-1.0598,-0.55917,1
-0.13045,-0.54254,-0.198,-0.17512,-0.16953,-0.24422,-0.56393,-0.34311,-0.2439,-0.27597,0.17285,-0.18638,0.094743,0.16279,0.16279,0.019427,-0.33978,-0.11113,0.090899,-0.2,0.66699,0.43513,0.77498,-0.37911,-0.025587,-0.93219,-1.1075,-0.43403,1
-0.089515,-0.56345,-0.12444,-0.12657,-0.035635,-0.27714,-0.70311,-0.31039,-0.19483,-0.26804,0.005291,-0.39568,0.15088,-0.046512,-0.046512,-0.061486,-0.39359,-0.11113,-0.18183,-0.2,0.52121,0.57291,0.58903,-0.042794,-0.36489,-0.95915,-1.1068,-0.63149,1
-0.72664,-0.58006,-0.91607,-0.82571,-0.65774,-0.76475,-0.60574,-0.93876,-0.85376,-0.71179,0.34097,-0.12322,0.54387,0.27907,0.27907,0.087409,-0.44867,0.11113,0.090899,-0.2,0.68473,0.19174,0.63604,0.31341,-0.56258,-0.54248,-1.1554,-0.26169,1
0.28665,-0.11539,0.00084835,0.1656,0.39946,0.17959,-0.17461,-0.10215,0.1109,0.25121,0.23524,0.058158,0.23509,0.046512,0.32558,0.015699,-0.24494,0.055533,-0.090899,-0.16668,0.72609,-0.37772,0.41878,0.58408,0.64732,-0.92075,-1.0728,-0.046575,1
0.054909,-0.085979,-0.15016,-0.14087,0.24592,-0.035771,-0.12924,-0.27737,-0.16278,0.13859,0.17623,-0.0025658,0.094743,0.25581,0.25581,-0.10378,-0.33702,-0.11113,-0.090899,-0.3,0.72021,-0.26063,0.51664,0.50048,0.34807,-0.9183,-1.0923,-0.22316,1
0.083127,-0.23724,-0.11758,-0.13049,0.1723,0.0045373,-0.25393,-0.20405,-0.0005849,0.085542,0.066138,0.2448,-0.32631,0,0.34884,-0.30096,-0.17147,-0.55555,-0.36362,-0.33332,0.72807,-0.30195,0.58903,0.39103,0.22728,-0.92484,-1.1273,-0.29385,1
0.36442,0.31534,0.087176,0.16451,0.43642,0.20982,0.28804,-0.13356,0.022636,0.24621,0.15384,-0.060263,0.066673,0.18605,0.18605,0.030612,-0.31921,-0.11113,0.090899,-0.16668,0.57636,0.77036,0.87475,-0.52438,0.67087,-0.9183,-1.0705,-0.025857,1
-0.45881,-0.36146,-0.86596,-0.39713,-0.24917,-0.53357,-0.41364,-0.89504,-0.52657,-0.32144,0.1873,-0.29322,0.29824,0.13953,0.13953,-0.0057962,-0.49097,-0.11113,-0.090899,-0.2,0.45815,0.88978,0.66146,-0.29752,0.46728,-0.82353,-1.0903,-0.15417,1
-0.20867,-0.20329,-0.46472,-0.25929,-0.1085,-0.32948,-0.24632,-0.54162,-0.34556,-0.26519,0.32275,-0.13263,0.12281,0.18605,0.48837,0.13081,-0.51177,0.11113,0.090899,-0.06668,0.54681,0.62802,0.78671,-0.35124,0.20784,-0.89788,-1.0627,-0.3041,1
-0.42958,-0.30609,-0.85862,-0.32824,-0.33929,-0.52069,-0.36919,-0.89758,-0.46046,-0.40556,0.19488,0.19947,-0.045609,0.093023,0.39535,-0.039932,-0.25935,-0.11113,-0.090899,-0.2,0.63349,0.74053,0.76128,-0.28756,0.24382,-0.85539,-1.118,-0.2744,1
-0.66727,-0.4579,-0.88799,-0.75918,-0.5701,-0.71151,-0.49013,-0.9033,-0.78407,-0.61255,0.36603,-0.34895,0.26316,0.30233,0.30233,0.2239,-0.42209,0.33333,0.2727,-0.06668,0.47585,0.91274,0.57926,0.022874,-0.0077771,-0.71814,-1.1152,-0.3943,1
-0.68817,-0.63796,-0.84662,-0.73737,-0.68579,-0.73363,-0.66722,-0.86637,-0.77898,-0.74035,0.45238,-0.082763,0.43159,0.44186,0.44186,0.26217,-0.33374,0.33333,0.2727,0.06668,0.92513,0.43971,0.77105,-0.49452,0.16102,-0.72876,-0.89151,-0.23319,1
-0.76653,-0.66076,-0.9184,-0.7748,-0.76921,-0.79356,-0.6713,-0.93696,-0.8147,-0.79068,-0.091259,-0.46353,-0.073679,-0.13953,-0.13953,-0.20386,-0.51992,-0.2222,-0.27275,-0.33332,0.63349,0.74741,0.61253,0.24973,-0.58866,-0.67892,-0.44295,-0.69778,1
0.34903,-0.16977,0.23771,0.27866,0.21786,0.24259,-0.17597,0.098259,0.26303,0.17093,0.26984,-0.63407,0.40352,0.16279,0.16279,0.076807,-0.50004,0.11113,0.090899,-0.2,0.66501,-0.1435,0.33269,0.69153,0.50595,-0.9281,-1.0609,-0.13172,1
0.15745,-0.56756,0.13848,0.24407,0.094965,0.080141,-0.60778,0.12005,0.20261,0.021944,0.20106,-0.2025,0.40352,0.16279,0.16279,-0.029097,-0.52429,-0.11113,-2.7272e-05,-0.2,0.59015,-0.08381,0.33073,0.76517,0.5272,-0.92484,-1.0805,-0.12174,1
-0.15667,-0.66298,-0.16075,-0.1494,-0.21184,-0.23721,-0.6835,-0.30867,-0.165,-0.2813,0.27479,-0.22553,0.45966,0.2093,0.2093,-0.029097,-0.47888,-0.11113,-0.090899,-0.2,0.66501,-0.18715,0.47359,0.53034,0.29448,-0.90768,-1.0945,-0.25432,1
0.17506,-0.90969,0.38098,0.21795,0.032768,0.10309,-0.92414,0.24898,0.2229,-0.02668,0.084656,-0.081776,-0.10175,0.011628,0.16279,-0.17473,-0.4816,-0.2222,-0.27275,-0.33332,0.62167,0.55222,0.71427,-0.080595,-0.33105,-0.96732,-1.0846,-0.61507,1
0.11646,0.0051805,0.06349,0.010003,-0.13069,0.027382,-0.047608,-0.082644,-0.014973,-0.12952,0.1552,-0.061513,0.15088,0.2093,0.2093,0.035622,-0.40366,0.11113,0.090899,-0.2,0.535,0.73363,0.77105,-0.46268,0.51774,-0.91258,-1.0806,-0.12494,1
-0.35659,-0.20198,-0.77071,-0.39713,-0.21428,-0.43669,-0.25357,-0.84501,-0.43336,-0.31228,0.22243,-0.18303,-0.045609,0.11628,0.24419,-0.0048641,-0.48013,-0.11113,-0.090899,-0.2,0.40691,0.90815,0.64384,-0.29951,0.49942,-0.81046,-1.0796,-0.12326,1
-0.43219,-0.32003,-0.73489,-0.44493,-0.40511,-0.53695,-0.39592,-0.7724,-0.52086,-0.52292,0.11528,-0.43804,0.15088,-0.046512,-0.046512,-0.03935,-0.60025,-0.11113,-0.090899,-0.33332,0.39703,0.78644,0.6223,-0.12637,0.071577,-0.87908,-1.0592,-0.38165,1
-0.63866,-0.5107,-0.888,-0.74262,-0.48921,-0.68374,-0.53749,-0.90973,-0.76499,-0.52085,0.54006,-0.19072,0.74036,0.44186,0.44186,0.25524,-0.36096,0.33333,0.2727,-0.06668,0.65518,0.46728,0.71235,-0.50846,0.21382,-0.77369,-1.2346,-0.2986,1
-0.81124,-0.85872,-0.87996,-0.81782,-0.77405,-0.83487,-0.86532,-0.90588,-0.83807,-0.81716,-0.2139,-0.68917,-0.12982,-0.27907,-0.27907,-0.21638,-0.54479,-0.11113,-0.27275,-0.33332,0.9744,-0.15958,0.95696,-0.65174,-0.40942,-0.80392,1,-0.65512,1
-0.93163,-0.90277,-0.9795,-0.95073,-0.89292,-0.94395,-0.91273,-0.98256,-0.96738,-0.93366,0.19223,-0.38423,0.31931,0.093023,0.093023,0.12621,-0.5541,0.33333,0.090899,-0.2,0.70247,0.32949,0.71624,0.072622,-0.87399,-0.71405,-1.0644,-0.91656,1
-0.63336,-0.50526,-0.94698,-0.61388,-0.56038,-0.69974,-0.55245,-0.97213,-0.6885,-0.64815,0.31299,-0.66291,0.43159,0.18605,0.18605,0.20595,-0.74021,0.33333,0.090899,-0.06668,0.71626,0.41217,0.81606,-0.18608,-0.35432,-0.83905,-1.0757,-0.62397,1
-0.7087,-0.55494,-0.91382,-0.81534,-0.5443,-0.7501,-0.59447,-0.93243,-0.83781,-0.59512,0.5197,-0.5135,0.65615,0.37209,0.37209,0.34308,-0.50391,0.44447,0.2727,0,0.57043,0.60965,0.63796,-0.38507,0.21434,-0.69771,-1.2052,-0.29755,1
-0.54671,-0.59127,-0.72804,-0.5688,-0.472,-0.59294,-0.60098,-0.78434,-0.59928,-0.4992,0.33084,-0.48406,0.45966,0.2093,0.2093,0.15428,-0.47016,0.2222,0.090899,-0.06668,0.77536,-0.26063,0.40508,0.74527,0.74935,-0.7549,-1.0635,0.01244,1
-0.3792,-0.25027,-0.60776,-0.42118,-0.39241,-0.45194,-0.28896,-0.70149,-0.46867,-0.45107,0.28186,-0.10053,0.31931,0.13953,0.4186,0.065039,-0.3558,0.11113,0.090899,-0.06668,0.78326,0.74512,1,-0.76717,1,-0.76307,-1.1151,0.16536,1
-0.31987,-0.28885,-0.45182,-0.30772,-0.23125,-0.39997,-0.32203,-0.59057,-0.35392,-0.29357,0.55668,-0.48332,0.74036,0.44186,0.44186,0.38992,-0.58204,0.55553,0.2727,0.06668,0.48968,0.74512,0.67123,-0.30348,0.28071,-0.8268,-1.0876,-0.25944,1
-0.44358,-0.57091,-0.66337,-0.3645,-0.37398,-0.49076,-0.58851,-0.72029,-0.37603,-0.43601,0.34525,-0.075658,0.29124,0.32558,0.32558,0.097079,-0.30193,0,0.090899,-0.06668,0.78524,-0.12513,0.57926,0.55423,0.25039,-0.86601,-1.0846,-0.27963,1
-0.47547,-0.64181,-0.62831,-0.45347,-0.37826,-0.50255,-0.69766,-0.63281,-0.4551,-0.44255,0.12434,-0.33526,0.29124,0.069767,0.069767,-0.053389,-0.40062,-0.11113,0.090899,-0.2,0.68275,0.14121,0.54991,0.61593,-0.019255,-0.89379,-1.1064,-0.43587,1
0.38564,-0.35212,0.42163,0.31389,0.34747,0.30068,-0.45511,0.21565,0.28584,0.28878,0.29924,-0.082895,0.43862,0.25581,0.25581,0.14351,-0.43797,0.11113,0.090899,-0.06668,0.4128,0.77266,0.66539,-0.28359,0.29796,-0.93873,-1.0644,-0.24854,1
-0.60278,-0.62366,-0.77709,-0.54596,-0.5328,-0.655,-0.63098,-0.83298,-0.62613,-0.57789,0.31342,-0.7806,0.37545,0.13953,0.13953,0.1879,-0.56589,0.2778,0.090899,-0.06668,0.41675,0.86221,0.54599,0.15821,-0.27976,-0.87908,-1.0675,-0.5833,1
-0.72123,-0.61762,-0.93678,-0.80007,-0.56298,-0.75168,-0.64387,-0.95304,-0.83847,-0.61293,0.6174,-0.23809,0.7965,0.48837,0.48837,0.38601,-0.511,0.55553,0.2727,0.06668,0.68868,0.52239,0.76909,-0.33333,0.017949,-0.74673,-1.1461,-0.41099,1
-0.73801,-0.59373,-0.93103,-0.84326,-0.58168,-0.79871,-0.64956,-0.95,-0.87877,-0.73952,-0.23092,-0.2698,-0.29824,-0.40698,-0.11628,-0.36201,-0.43032,-0.33333,-0.45455,-0.46668,0.48968,0.82318,0.5186,0.35323,-0.64556,-0.85049,-1.1194,-0.77038,1
-0.066352,-0.42658,-0.10849,-0.059871,-0.036529,-0.12092,-0.55047,-0.21423,-0.086799,-0.13732,0.31945,-0.17112,0.26316,0.30233,0.30233,0.092244,-0.40062,0,-2.7272e-05,-0.06668,0.77342,-0.23077,0.44228,0.65174,0.56013,-0.88971,-1.0636,-0.095493,1
-0.29804,-0.51847,-0.4239,-0.15886,-0.19985,-0.39939,-0.54837,-0.52113,-0.30497,-0.29194,0.16023,-0.11967,-0.017538,0.16279,0.16279,-0.015233,-0.30564,-0.11113,-2.7272e-05,-0.2,0.60789,0.13204,0.45009,0.65373,0.054321,-0.91176,-1.0944,-0.38552,1
-0.087182,-0.82638,0.05236,-0.095904,-0.17851,-0.1797,-0.82621,-0.10696,-0.1378,-0.22167,0.31746,-0.068947,0.31931,0.23256,0.37209,-0.029097,-0.38586,-0.11113,-2.7272e-05,-0.2,0.57438,0.22389,0.43055,0.67561,-0.036273,-0.93873,-1.0952,-0.4434,1
-0.15345,-0.26965,-0.25752,-0.32288,-0.13361,-0.23251,-0.2696,-0.39366,-0.30309,-0.25496,-0.12919,-0.40651,-0.017538,-0.18605,-0.18605,-0.27184,-0.56525,-0.2222,-0.27275,-0.46668,1,0.59358,0.99804,-0.54827,0.44401,-0.90523,-2.63,-0.16995,1
-0.26605,-0.48449,-0.42481,-0.18567,-0.19049,-0.34716,-0.5192,-0.53514,-0.21717,-0.29045,0.46889,-0.43226,0.42458,0.2093,0.46512,0.2483,-0.59695,0.33333,0.2727,-0.06668,0.6197,0.83238,0.85714,-0.43084,0.60058,-0.86928,-1.0844,-0.069089,1
-0.53671,-0.45891,-0.83312,-0.57496,-0.39307,-0.56897,-0.51523,-0.82839,-0.52653,-0.42893,0.36876,-0.58568,0.5158,0.25581,0.25581,0.24102,-0.63279,0.33333,0.2727,-0.06668,0.56846,0.79106,0.69277,-0.19604,0.16965,-0.81781,-1.1141,-0.32054,1
-0.20017,-0.68982,-0.23011,-0.25249,-0.16017,-0.2906,-0.66481,-0.37588,-0.31421,-0.18477,0.37236,0.094934,0.38948,0.2907,0.4186,0.16506,-0.23716,0.2222,0.18183,-0.06668,0.63941,0.54764,0.77105,-0.26568,-0.047236,-0.93709,-1.0875,-0.44626,1
-0.16606,-0.50725,-0.21708,-0.20625,-0.2156,-0.30574,-0.58546,-0.40499,-0.25683,-0.32739,0.22938,-0.32303,0.40352,0.16279,0.16279,0.11939,-0.30864,0.055533,0.090899,-0.06668,0.86994,-0.30883,0.52252,0.42687,0.32484,-0.89869,-1.0509,-0.23333,1
-0.68553,-0.58102,-0.87051,-0.77842,-0.60552,-0.73537,-0.63521,-0.9051,-0.804,-0.66966,0.18254,-0.49736,0.31931,0.093023,0.093023,-0.052399,-0.60397,-0.11113,-0.090899,-0.2,0.67489,-0.08381,0.26615,0.85272,0.68753,-0.57516,-1.0549,-0.023219,1
-0.40969,-0.093332,-0.87807,-0.45817,-0.35551,-0.46882,-0.16902,-0.90704,-0.45476,-0.43204,0.22855,-0.70461,0.31931,0.093023,0.093023,0.079836,-0.53894,0.11113,-0.090899,-0.16668,0.58817,0.2101,0.63604,-0.24976,-0.53286,-0.49101,-1.1047,0.4514,1
-0.21694,-0.39083,-0.41951,-0.27624,-0.079968,-0.33782,-0.46378,-0.56769,-0.29777,-0.26957,0.35416,-0.32908,0.5158,0.25581,0.25581,0.20147,-0.43275,0.2222,0.18183,-0.06668,0.8522,-0.22389,0.54402,0.48456,0.29226,-0.89379,-1.0566,-0.25084,1
0.089349,-0.45203,-0.064441,0.069845,0.12139,-0.033027,-0.44512,-0.27231,-0.025736,0.059877,0.21033,-0.13954,0.12281,0.2093,0.2093,0.084146,-0.4319,0.2222,0.090899,-0.2,0.76947,-0.17107,0.54991,0.55423,0.31348,-0.92484,-1.083,-0.2429,1
-0.45771,-0.36786,-0.61856,-0.59351,-0.44634,-0.51782,-0.38335,-0.68171,-0.63721,-0.48296,0.41289,-0.14072,0.34738,0.39535,0.39535,0.20823,-0.46002,0.33333,0.090899,-0.06668,0.60789,0.78186,0.77105,-0.36716,0.42576,-0.83415,-1.1078,-0.16604,1
-0.41853,-0.28593,-0.68889,-0.46488,-0.32462,-0.4831,-0.31304,-0.7898,-0.49083,-0.37701,0.32804,-0.0036184,0.31931,0.34884,0.34884,0.019427,-0.33336,-0.11113,-2.7272e-05,-0.2,0.68078,0.65327,0.74366,-0.33135,0.18944,-0.85866,-1.2116,-0.30692,1
-0.20333,0.046123,-0.41396,-0.34098,-0.21701,-0.29002,-0.010624,-0.51021,-0.36778,-0.24999,0.45251,0.013158,0.094743,0.25581,0.53488,0.26677,-0.43784,0.33333,0.090899,0.06668,0.51923,1,0.69277,-0.27363,0.57426,-0.86111,-1.1127,-0.084395,1
-0.38359,-0.39693,-0.65377,-0.4642,-0.19082,-0.45426,-0.42142,-0.72159,-0.54038,-0.24332,0.42997,0.11092,0.37545,0.44186,0.44186,0.1957,-0.19616,0.33333,0.2727,-0.06668,0.65715,0.8186,0.74559,-0.33731,0.4224,-0.87337,-1.1885,-0.17259,1
-0.64995,-0.50629,-0.95145,-0.74608,-0.48385,-0.69978,-0.5462,-0.96422,-0.81512,-0.53745,0.68042,-0.3989,0.60001,0.5814,0.5814,0.39807,-0.73406,0.55553,0.2727,0.06668,0.73399,0.64178,0.66735,-0.22986,0.015534,-0.67892,-0.75468,-0.40912,1
-0.68795,-0.50018,-0.90974,-0.76581,-0.62259,-0.74501,-0.54312,-0.92724,-0.84857,-0.72199,0.39471,-0.46995,0.31931,0.34884,0.34884,0.14176,-0.59986,0.11113,0.090899,-0.06668,0.67687,0.64639,0.60861,-0.064675,-0.23436,-0.71895,-0.82164,-0.55706,1
-0.65052,-0.43412,-0.93489,-0.89605,-0.45503,-0.7481,-0.57366,-0.9566,-0.90787,-0.6107,0.51676,-0.22513,0.5579,0.44186,0.44186,0.42394,-0.63431,0.55553,0.36362,0.06668,0.78129,0.6923,0.79063,-0.20994,0.051511,-0.78758,-1.6473,-0.38679,1
1,-0.13453,1,1,1,1,-0.31441,1,1,1,0.90476,-0.44834,1,0.74419,0.74419,0.78644,-0.5487,0.94447,0.63635,0.26668,0.76552,0.51548,-0.35031,0.33929,0.047118,-0.96732,-1.0005,-0.39052,-1
-0.54202,-0.51019,-0.72656,-0.61589,-0.50101,-0.60328,-0.50998,-0.77548,-0.6847,-0.57385,-0.0042328,-0.33961,-0.12982,0,0,-0.13011,-0.62167,-0.11113,-0.27275,-0.33332,0.95468,0.77036,0.9041,-0.092542,-0.025389,-0.85294,-0.6528,-0.40849,1
-0.55862,-0.34497,-0.88412,-0.62197,-0.47266,-0.60591,-0.37574,-0.93242,-0.63768,-0.52085,0.39109,-0.47641,0.54387,0.27907,0.27907,0.35386,-0.57657,0.33333,0.2727,0.06668,0.39312,0.80481,0.42663,-0.3612,0.43839,-0.77696,-1.4426,-0.16667,1
0.85685,-0.13344,0.82877,0.81482,0.87687,0.77915,-0.25844,0.54617,0.94555,0.74552,0.47156,-0.44757,0.62808,0.34884,0.34884,0.31069,-0.63482,0.33333,0.18183,0,0.73004,0.11826,-0.56164,0.26168,0.29567,-0.95752,-1.0047,-0.25111,-1
0.093348,-0.67685,0.14018,0.20216,0.061163,0.050702,-0.82138,0.12931,0.18693,-0.028754,0.46825,0.10789,0.71229,0.4186,0.4186,0.22978,-0.5745,0.33333,0.090899,-0.06668,0.8345,-0.026408,0.19572,-0.098502,-0.3996,-0.96732,-1.0019,-0.64803,-1
0.15584,-0.5237,0.16136,0.22153,0.12961,0.080089,-0.51667,0.072337,0.21571,0.084459,0.26984,-0.56484,0.40352,0.16279,0.16279,-0.029097,-0.58802,-0.11113,-0.090899,-0.2,0.77536,0.35018,-0.34639,0.20796,0.053569,-0.95098,-1.0007,-0.39359,-1
-0.32415,-0.56088,-0.41929,-0.36981,-0.36105,-0.3938,-0.57549,-0.51428,-0.38504,-0.40678,0.42701,-0.12079,0.34738,0.39535,0.39535,0.3478,-0.40886,0.33333,0.2727,0.06668,0.84829,0.27671,-0.26418,0.17612,0.048226,-0.90196,-1.0013,-0.38875,-1
0.1835,-0.48933,0.20832,0.26471,0.16341,0.11475,-0.61705,0.096223,0.23367,0.029657,0.30688,-0.32388,0.45966,0.2093,0.2093,0.24271,-0.41094,0.33333,0.2727,-0.06668,0.47387,0.46499,-0.69863,0.34525,0.10827,-0.94281,-1.0013,-0.35286,-1
-0.035078,-0.77286,0.063355,-0.072267,-0.088336,-0.094017,-0.74182,-0.081225,0.0043867,-0.12239,0.078053,0.18105,-0.17193,0.034884,0.2093,0.019427,0.029947,-0.2222,-2.7272e-05,-0.06668,0.39901,0.55222,0.74366,0.32139,-0.66216,-0.97958,-1.0014,-0.80506,-1
-0.55715,-0.37315,-0.97044,-0.48892,-0.43627,-0.61086,-0.41195,-0.97607,-0.48926,-0.49979,0.17395,0.45224,-0.35438,0.37209,0.37209,0.0073108,-0.15947,-0.33333,0.090899,-0.06668,0.29261,0.36394,0.99219,0.088542,-0.31288,-0.58578,-1.0027,-0.60122,-1
-0.72562,-0.85882,-0.75103,-0.67521,-0.71618,-0.78742,-0.83877,-0.83941,-0.76433,-0.75389,-0.37831,-0.28783,-0.55087,-0.45349,-0.27907,-0.5631,-0.60556,-0.66667,-0.54546,-0.6,-0.39115,0.3364,-0.49313,0.17612,-0.90316,-0.97958,-1.0038,-0.94232,-1
-0.10751,-0.70994,-0.041026,-0.11666,-0.097974,-0.16303,-0.77655,-0.12745,-0.16202,-0.15388,0.41975,-0.25191,0.45966,0.2093,0.46512,0.31611,-0.54975,0.33333,0.2727,0.06668,0.86405,0.42366,0.013693,0.31143,-0.19684,-0.9469,-1.0019,-0.53341,-1
-0.11812,-0.37761,-0.17792,-0.24441,-0.21771,-0.23816,-0.39222,-0.31601,-0.29841,-0.30011,0.3426,-0.07375,0.37545,0.13953,0.39535,0.12865,-0.34051,0.11113,0.090899,-0.06668,0.95666,0.37314,-0.43051,0.25771,0.30659,-0.90768,-1.001,-0.24613,-1
-0.24011,-0.60405,-0.28759,-0.26021,-0.20361,-0.29086,-0.60693,-0.3286,-0.26414,-0.2283,0.018519,-0.11099,0.010532,-0.16279,0.13953,-0.07768,-0.27799,-0.11113,-2.7272e-05,-0.2,0.79902,0.72904,0.21329,0.4786,-0.45552,-0.95752,-0.99929,-0.67827,-1
0.067018,-0.24539,-0.1769,0.077398,0.021861,-0.0035349,-0.28611,-0.16825,0.03755,-0.10976,0.082011,-0.45388,0.20702,0,0,-0.048554,-0.59031,-0.11113,-0.090899,-0.2,0.83841,0.43054,-0.14286,0.39503,-0.050521,-0.94444,-1.0033,-0.45172,-1
0.093237,-0.38112,-0.095117,0.23156,0.13281,-0.086684,-0.42837,-0.29509,0.017664,-0.051126,0.56878,0.61013,0.34738,0.56977,0.72093,1,1,0.33333,1,1,0.22561,0.3938,-0.75147,-0.074634,0.017909,-0.94281,-0.99399,-0.394,-1
-0.13723,-0.80399,-0.045641,-0.11574,-0.20732,-0.21732,-0.80339,-0.20535,-0.090542,-0.25987,0.46637,0.57243,0.22809,0.27907,0.69185,0.66435,0.57521,0.44447,0.45455,0.56668,0.052209,0.38002,-0.48533,0.038795,-0.44104,-0.9616,-0.9939,-0.67084,-1
0.074906,-0.85343,0.26343,0.12271,-0.043157,-0.0010552,-0.93193,0.13869,0.088554,-0.12406,0.49031,1,0.038602,0.46512,0.60465,0.7152,0.97442,0.33333,0.72728,0.73332,0.28278,0.71067,-0.29353,0.24576,-0.34819,-0.96487,-0.99141,-0.6216,-1
0.39208,-0.63207,0.4895,0.44481,0.32457,0.40931,-1,0.64869,0.56238,0.20484,0.42857,0.97882,0.0035032,0.30233,0.66861,0.68287,0.66506,0.2778,0.45455,0.56668,0.29854,0.58438,0.078278,0.23384,-0.70505,-0.98775,-0.98643,-0.83044,1
0.31482,-0.060411,-0.061794,0.15505,0.48061,0.21346,-0.1473,-0.12684,0.1495,0.29172,0.48758,-0.055066,0.44562,0.46512,0.46512,0.28454,-0.31602,0.33333,0.2727,0.06668,0.68275,0.38692,-0.97456,0.52835,0.64059,-0.92647,-1.0041,-0.053489,-1
-0.93886,-0.89154,-0.97948,-0.97374,-0.90315,-0.92009,-0.87981,-0.97218,-0.91141,-0.8837,-0.11376,0.24809,-0.38245,-0.11628,0.046512,-0.17473,-0.026523,-0.44445,-0.090899,-0.2,-0.87783,0.57979,-0.88258,0.38109,-0.98108,-0.95098,-1.0628,-0.98276,1
-0.97781,-0.98394,-0.98275,-0.97272,-0.97527,-0.9815,-0.97985,-0.98937,-0.97949,-0.97614,0.084656,-0.34211,0.038602,0.046512,0.046512,0.067952,-0.58802,0.11113,0.090899,-0.2,-0.87389,0.57521,-0.86888,0.37511,-0.98357,-0.93709,-0.9651,-0.98892,1
-0.80311,-0.81878,-0.86352,-0.79565,-0.76127,-0.74092,-1,-0.69691,-0.71278,-0.77851,0.26102,0.32941,0.010532,0.32558,0.32558,0.35922,-0.17604,0.2222,0.2727,0.13332,-0.74187,0.53388,-0.78082,0.33929,-0.96151,-0.9902,-1.0055,-0.97786,-1
0.23822,-0.23908,0.12362,0.13303,0.44389,0.13607,-0.28112,-0.06709,0.087969,0.36506,0.27812,0.090066,0.5158,0.25581,0.25581,0.080127,-0.2635,0,0.090899,-0.06668,0.78915,0.57291,-0.95303,0.81492,0.7839,-0.90768,-1.0054,0.057082,-1
0.49424,0.067848,0.31895,0.80888,0.66297,0.45468,-0.11814,0.31447,0.7427,0.53867,0.43122,0.095461,0.31931,0.4186,0.4186,0.12621,-0.36176,0.11113,0.090899,-0.06668,0.801,0.54534,-0.50098,0.66965,0.32598,-0.94526,-1.0053,-0.2369,-1
0.33937,0.56367,-0.017137,-0.12098,0.30003,0.25446,0.5804,-0.14208,0.057671,0.022936,0.24008,0.1475,0.23509,0.25581,0.25581,0.019427,-0.24515,0.11113,0.090899,-0.2,0.87587,0.58208,-0.0039244,0.4607,-0.16645,-0.9567,-1.0021,-0.51519,-1
0.2696,-0.18408,0.21932,0.24885,0.40459,0.27867,-0.40407,0.10283,0.31351,0.35504,0.16402,0.21974,0.080708,0.2093,0.2093,-0.029097,-0.32724,-0.055533,-0.090899,-0.2,0.81281,0.12975,-0.007807,0.068648,-0.22126,-0.96487,-1.0023,-0.55124,-1
-0.23772,-0.10854,-0.57978,-0.31048,-0.23784,-0.38219,-0.15121,-0.69257,-0.44795,-0.47205,0.029545,-0.14507,0.010532,-0.034884,0.093023,-0.12621,-0.40428,-0.11113,-0.090899,-0.26668,0.93695,0.22847,0.12525,0.13233,-0.23579,-0.93219,-1.0017,-0.55235,-1
-0.1019,0.21917,-0.78563,-0.19414,-0.077946,-0.18909,0.16567,-0.82871,-0.2687,-0.10999,0.58377,0.39974,0.62808,0.46512,0.6221,0.8641,0.21416,0.88887,1,0.46668,0.13103,0.37085,-0.96673,-0.1403,0.15244,-0.91422,-0.9938,-0.3245,-1
-0.088515,-0.58844,-0.17011,-0.017613,-0.049739,-0.18524,-0.60224,-0.30114,-0.069661,-0.13886,0.64197,-0.063684,0.88071,0.55814,0.55814,0.50165,-0.47271,0.55553,0.45455,0.16668,0.94678,0.22389,-0.42466,0.18208,0.30125,-0.91422,-1.0018,-0.24147,-1
-0.3001,-0.47981,-0.38692,-0.33182,-0.36562,-0.38451,-0.49667,-0.47344,-0.39756,-0.41954,0.53572,-0.22329,0.74036,0.44186,0.44186,0.38834,-0.4286,0.33333,0.45455,0.06668,0.86994,0.25601,-0.49117,0.18009,0.28613,-0.88317,-1.0014,-0.24891,-1
-0.17206,-0.56995,-0.33344,-0.093828,-0.15923,-0.24169,-0.6191,-0.22516,-0.14488,-0.23209,0.23016,-0.37659,0.37545,0.13953,0.13953,0.14077,-0.32934,0.11113,0.090899,-0.06668,0.79507,0.61653,-0.55576,0.59998,0.30612,-0.90768,-1.0031,-0.2447,-1
0.041522,-0.48698,0.036615,0.073766,-0.024634,-0.031603,-0.56548,-0.023824,0.040767,-0.14364,0.35361,-0.19283,0.5158,0.25581,0.25581,0.19745,-0.30099,0.11113,0.2727,-0.06668,0.66501,0.59816,-0.54991,0.59998,0.18885,-0.93056,-1.0037,-0.30867,-1
0.039744,-0.25765,-0.034443,0.065579,-0.085233,-0.0094967,-0.34368,-0.13116,-0.038603,-0.14215,0.36772,-0.66193,0.48773,0.23256,0.23256,0.24271,-0.71194,0.33333,0.090899,-0.06668,0.78915,0.69001,-0.18198,0.58207,-0.072804,-0.94281,-1.0025,-0.45531,-1
0.055465,-0.12617,-0.14609,-0.0053328,-0.025434,-0.015353,-0.16982,-0.25114,-0.021524,-0.077152,0.31312,-0.30776,0.28421,0.25581,0.25581,0.14741,-0.53191,0.16667,0.090899,-0.06668,0.8345,0.48794,-0.20549,0.45272,0.006471,-0.93791,-1.0033,-0.41777,-1
0.57506,0.48864,0.22875,0.31279,0.25979,0.1826,0.14011,-0.019257,0.19711,-0.0093142,0.2941,-0.18704,0.31931,0.25581,0.25581,0.22978,-0.22759,0.2222,0.2727,0.06668,0.96452,0.75432,-0.55968,0.7612,0.4803,-0.93464,-1.0033,-0.14816,-1
0.33948,-0.048212,-0.17317,0.46338,0.67232,0.27118,-0.17997,-0.17177,0.41054,0.52829,0.15996,-0.65787,0.26316,0.046512,0.046512,0.16506,-0.49543,0.11113,0.090899,-0.06668,0.81084,0.88978,-0.94716,0.87264,0.69462,-0.92402,-1.0028,-0.020081,-1
