0.32318,0.13632,0.36325,0.46898,0.2711,0.30668,0.11181,0.47612,0.37431,0.2186,0.19869,0.15409,0.20693,0.18914,0.14736,1,0,1,1,1,0.080925,0.48663,0.021155,0.29832,0.63587,0.055491,0.40769,0.34751,1,0
0.28587,0.14008,0.2851,0.30926,0.23255,0.26737,0.12249,0.31847,0.23823,0.19033,0.51406,0.28226,0.695,0.39705,0.43877,1,0,1,1,1,0.86705,0.4176,0.88692,0.24338,0.57942,0.061545,0.29594,0.32388,1,0
0.02414,0.016194,0.01216,0.035678,0.023825,0.023293,0.02232,0.0029645,0.026213,0.02396,0.51127,0.050719,0.73566,0.39705,0.35242,1,0,1,1,1,0.60694,0.36324,0.61043,0.36535,0.0070584,0.017145,0.39457,0.0038087,1,0
0.14072,0.08767,0.10049,0.13359,0.11916,0.13088,0.074264,0.10944,0.11746,0.099224,0.25136,0.12658,0.28828,0.18914,0.17973,1,0,1,1,1,0.55636,0.18637,0.61994,0.3988,0.68518,0.14126,0.40994,0.37228,1,0
0.018852,0.020153,0,0.023441,0.022652,0.0022806,0,0.0043687,0.0025665,0.0012132,0.3949,0.058567,0.55262,0.3139,0.26608,1,0,1,1,1,0.81069,0.30112,0.82208,0.30532,0.00022019,0.020172,0.3916,0.00011881,0,0
0.042804,0.026363,0.027165,0.041378,0.036169,0.042374,0.02429,0.030769,0.038027,0.03045,0.48477,0.19076,0.61365,0.39705,0.39559,1,0,1,1,1,0.76879,0.41156,0.81167,0.3589,0.19381,0.33703,0.3831,0.21762,1,0
0.074429,0.081588,0.034153,0.044095,0.035292,0.07125,0.071014,0.043203,0.039767,0.031632,0.39829,0.073745,0.5323,0.3139,0.26608,1,0,1,1,1,0.044798,0.31579,0.3155,0.38921,0.56478,0.25832,0.39289,0.31693,0,0
0.056553,0.05546,0.028644,0.032181,0.032079,0.054416,0.048183,0.035309,0.030668,0.028536,0.2106,0.13069,0.20693,0.16836,0.13655,1,0,1,1,1,0.92341,0.2692,0.96214,0.36405,0.29745,0.64985,0.40816,0.30313,1,0
0.009409,0.0098578,0,0.011466,0.0111,0.0028354,0,0.0054316,0.0031909,0.0015083,0.59972,0.11713,0.81701,0.48022,0.43877,1,0,1,1,1,0.65173,0.13287,0.65726,0.1369,0.001327,0.026227,0.3916,0.00071607,0,0
0.014221,0.010614,0.0058221,0.01567,0.014999,0.017298,0.016418,0.0024924,0.019466,0.017711,0.37163,0.050719,0.5323,0.27231,0.24448,1,0,1,1,1,0.53757,0.35807,0.54237,0.36103,0.0021796,0.014118,0.39605,0.0015753,1,0
0.16098,0.12874,0.038751,0.15761,0.15854,0.14948,0.11889,0.028414,0.10603,0.14598,0.14821,0.076461,0.20693,0.10599,0.0718,1,0,1,1,1,0.83092,0.30802,0.90535,0.16259,0.50041,0.066591,0.37993,0.27189,1,0
0.06288,0.041513,0.034217,0.060234,0.057903,0.061431,0.037378,0.04228,0.052513,0.047523,0.1203,0.14245,0.044223,0.10599,0.093399,1,0,1,1,1,0.92486,0.4176,0.97267,0.34918,0.24447,0.17355,0.38162,0.14092,1,0
0.11586,0.10178,0.035547,0.061881,0.10823,0.10676,0.088895,0.042719,0.045401,0.087871,0.23356,0.074263,0.28828,0.18914,0.13655,1,0,1,1,1,0.7341,0.36238,0.80143,0.27034,0.33065,0.093836,0.38334,0.18201,1,0
0.41251,0.2043,0.43591,0.57484,0.37487,0.40492,0.16006,0.61224,0.45348,0.28837,0.49731,0.22043,0.5323,0.39705,0.39559,1,0,1,1,1,0.87572,0.35979,0.93124,0.1837,0.59139,0.040354,0.37143,0.33095,1,0
0.058174,0.048783,0.037005,0.044552,0.040021,0.057104,0.044332,0.043871,0.040659,0.033712,0.094602,0.11769,0.044223,0.064405,0.050222,1,0,1,1,1,0.92197,0.40725,0.97267,0.31636,0.31663,0.17557,0.3795,0.17403,1,0
0.030811,0.018285,0.035839,0.028821,0.024789,0.032256,0.020189,0.027762,0.025762,0.027099,0.34969,0.07,0.47127,0.27231,0.22291,1,0,1,1,1,0.083815,0.41242,0.087178,0.4094,0.02169,0.038336,0.37901,0.012486,1,0
0.12205,0.14066,0.030262,0.061942,0.07324,0.1131,0.12245,0.03625,0.053832,0.060587,0.31608,0.11482,0.45094,0.27231,0.22291,1,0,1,1,1,0.81936,0.26833,0.82485,0.39598,0.39975,0.3007,0.25033,0.50078,1,0
0.010734,0.0079738,0.0043881,0.011144,0.011293,0.0076532,0.0048417,0.0056236,0.0086126,0.0065806,0.49731,0.058567,0.695,0.37627,0.35242,1,0,1,1,1,0.78035,0.40811,0.78666,0.41061,0.0054284,0.022191,0.39457,0.0029292,1,0
0.31925,0.15116,0.35203,0.44014,0.27017,0.3069,0.13071,0.38271,0.40208,0.22702,0.26626,0.19392,0.28828,0.18914,0.22291,1,0,1,1,1,0.8526,0.70319,0.75566,0.56067,0.51928,0.0454,0.3985,0.28414,1,0
0.53965,0.26532,0.48786,0.74976,0.475,0.50365,0.26141,0.70652,0.58923,0.39117,0.22202,0.33055,0.064551,0.23073,0.21212,1,0,1,1,1,0.6922,0.67386,0.64088,0.81992,0.47234,0.022191,0.37967,0.25579,1,0
0.012203,0.012904,0,0.01501,0.014518,0.0023111,0,0.0044272,0.0026008,0.0012294,0.19012,2.1982e-16,0.28828,0.14758,0.093399,1,0,1,1,1,0.6922,0.26833,0.69824,0.2725,0.001327,0.014118,0.3916,0.00071607,0,0
0.0075531,0.0078346,0,0.0091129,0.0088294,0.0028225,0,0.0054069,0.0031764,0.0015015,0.46939,0,0.695,0.35549,0.30926,1,0,1,1,1,0.75145,0.084556,0.75834,0.087666,0.0020346,0.021181,0.39367,0.0010979,0,0
0.026874,0.014786,0.017512,0.023674,0.022714,0.028835,0.014453,0.024868,0.024727,0.021656,0.5516,0.1124,0.77631,0.43864,0.39559,1,0,1,1,1,0.096821,0.45039,0.12962,0.50771,0.18056,0.24015,0.39987,0.10772,1,0
0.069565,0.029784,0.044245,0.10949,0.056773,0.063844,0.027992,0.043088,0.088868,0.048472,0.59704,0.23682,0.695,0.48022,0.48195,1,0,1,1,1,0.79913,0.41674,0.79298,0.37528,0.14938,0.068861,0.4062,0.083106,1,0
0.017008,0.010357,0.010304,0.029817,0.015423,0.0165,0.014344,0.0048354,0.018568,0.016212,0.52522,0.14346,0.695,0.41786,0.39559,1,0,1,1,1,0.69942,0.099223,0.70994,0.1002,0.0077812,0.026227,0.38466,0.0047029,1,0
0.46943,0.29264,0.18917,0.60107,0.42426,0.45113,0.24628,0.42272,0.52369,0.32766,0.37798,0.13048,0.47127,0.3139,0.26608,1,0,1,1,1,0.84538,0.45815,0.91755,0.25269,0.69146,0.042372,0.37459,0.38741,1,0
0.13421,0.079114,0.085445,0.14367,0.12336,0.12425,0.068706,0.093499,0.11438,0.099663,0.46683,0.20161,0.61365,0.39705,0.35242,1,0,1,1,1,0.81069,0.54789,0.78387,0.41125,0.4624,0.10494,0.41097,0.25068,1,0
0.015327,0.01631,0,0.018971,0.018339,0.0027391,0,0.0052471,0.0030825,0.0014571,0.41353,2.1982e-16,0.61365,0.3139,0.26608,1,0,1,1,1,0.63584,0.24504,0.64526,0.2503,0.0022714,0.032282,0.39457,0.0012257,1,0
0.017565,0.017236,0.0039887,0.0098835,0.020997,0.024302,0.023524,0.0026501,0.027349,0.02512,0.53921,0.097118,0.73566,0.41786,0.39559,1,0,1,1,1,0.9104,0.25971,0.91843,0.26478,0.0036393,0.022191,0.39008,0.002422,0,0
0.0093759,0.0031346,0.010056,0.0093328,0.0081174,0.013307,0.0048347,0.015802,0.01506,0.010215,0.40422,0.10446,0.5323,0.3139,0.30926,1,0,1,1,1,0.72832,0.3201,0.73557,0.33474,0.031165,0.14328,0.35587,0.01924,1,0
0.057191,0.040622,0.043493,0.050138,0.036254,0.056564,0.037939,0.042827,0.050237,0.037593,0.70024,0.17928,0.85766,0.56338,0.56828,1,0,1,1,1,0.85405,0.43141,0.85266,0.38881,0.15172,0.080718,0.41174,0.084223,1,0
0.06437,0.048898,0.025324,0.052111,0.063489,0.061725,0.04313,0.032527,0.045179,0.052348,0.48403,0.11551,0.61365,0.39705,0.35242,1,0,1,1,1,0.28179,0.21657,0.58188,0.2107,0.56962,0.52472,0.39144,0.42682,0,0
0.038027,0.02745,0.023506,0.0319,0.030473,0.03824,0.024951,0.029744,0.030807,0.0266,0.23094,0.17451,0.20693,0.18914,0.17973,1,0,1,1,1,0.68497,0.31924,0.72333,0.35887,0.12636,0.79314,0.39749,0.34078,1,0
0.020322,0.021756,0,0.025305,0.02445,0.0017758,0,0.0034018,0.0019984,0.00094466,0.41353,2.1982e-16,0.61365,0.3139,0.26608,1,0,1,1,1,0.93064,0,0.93974,0,0.010459,0.014118,0.4005,0.005644,1,0
0.0031648,0.0030503,0,0.0035479,0.0034607,0.0030501,0,0.0058428,0.0034325,0.0016225,0.41353,0.1757,0.51197,0.35549,0.30926,1,0,1,1,1,0.23555,0.24504,0.23647,0.25039,0.0019496,0.025218,0.38745,0.001052,1,0
0.083454,0.051161,0.051559,0.061749,0.084082,0.07911,0.044915,0.060904,0.070986,0.06834,0.47583,0.1527,0.61365,0.39705,0.35242,1,0,1,1,1,0.85405,0.20017,0.84095,0.30371,0.3244,0.14025,0.37027,0.17635,1,0
0.023161,0.017123,0.0097763,0.028152,0.024293,0.024744,0.024071,0.0024747,0.027846,0.025638,0.46939,0,0.695,0.35549,0.30926,1,0,1,1,1,0.66908,0.36238,0.67336,0.36578,0.004685,0.017145,0.39279,0.0029755,0,0
0.0079283,0.0082436,0,0.0095887,0.0092883,0.002888,0,0.0055323,0.00325,0.0015363,0.61832,0.058567,0.87799,0.48022,0.43877,1,0,1,1,1,0.69653,0.32701,0.70123,0.32997,0.0051643,0.026227,0.39336,0.0027867,0,0
0.010735,0.0086199,0.0038432,0.0094243,0.011708,0.0071132,0.0041343,0.0059098,0.0080048,0.0059267,0.66486,0.058567,0.93902,0.50101,0.48195,1,0,1,1,1,0.78902,0.43054,0.79512,0.43401,0.0041788,0.0343,0.39289,0.0026668,0,0
0.090645,0.049771,0.055458,0.10993,0.079339,0.083374,0.044537,0.062844,0.08519,0.068712,0.53588,0.19144,0.77631,0.39705,0.43877,1,0,1,1,1,0.75,0.48835,0.77381,0.40281,0.29168,0.0898,0.36112,0.16139,1,0
0.010717,0.0030751,0.012434,0.012715,0.0087525,0.013122,0.0041113,0.018948,0.014596,0.009338,0.51964,0.17537,0.695,0.43864,0.39559,1,0,1,1,1,0.66185,0.5824,0.65783,0.58862,0.020617,0.32164,0.39087,0.012223,0,0
0.15374,0.098919,0.087681,0.12975,0.16586,0.1422,0.084047,0.11042,0.10875,0.13381,0.24421,0.12749,0.28828,0.18914,0.17973,1,0,1,1,1,0.84682,0.27437,0.83948,0.50669,0.7416,0.14328,0.32635,0.40602,1,0
0.011788,0.006757,0.0077609,0.02179,0.010175,0.012534,0.010142,0.0050813,0.014105,0.011924,0.39957,0.050719,0.57295,0.3139,0.26608,1,0,1,1,1,0.72832,0.35893,0.73849,0.36708,0.010083,0.024209,0.40494,0.0055479,1,0
0.0091232,0.0095463,0,0.011104,0.01075,0.0028972,0,0.0055498,0.0032603,0.0015412,0.3763,0.11713,0.49164,0.3139,0.26608,1,0,1,1,1,0.092486,0.35979,0.094496,0.36313,0.0012192,0.030263,0.38844,0.00065788,1,0
0.03873,0.031105,0.021006,0.035678,0.025475,0.039981,0.028305,0.030855,0.032793,0.024039,0.24224,0.23059,0.20693,0.18914,0.13655,1,0,1,1,1,0,0.74633,0,0.75766,0.018871,0.40464,0.44395,0.14982,1,0
0.0088767,0.0092777,0,0.010791,0.010449,0.0025772,0,0.0049369,0.0029003,0.001371,0.41353,2.1982e-16,0.61365,0.3139,0.26608,1,0,1,1,1,0.70376,0.36842,0.71434,0.37269,0.001327,0.015127,0.3916,0.00071607,0,0
0.14697,0.08225,0.11218,0.20496,0.11711,0.13753,0.073879,0.11297,0.16723,0.094308,0.23797,0.15844,0.20693,0.18914,0.17973,1,0,1,1,1,0.85838,0.33995,0.87315,0.24997,0.30435,0.0676,0.28382,0.16648,1,0
0.76965,0.32478,1,0.89236,0.65015,0.67859,0.31328,1,0.81904,0.51836,0.42749,0.3287,0.36959,0.35549,0.39559,1,0,1,1,1,0.87572,0.10699,0.81822,0.36605,0.83886,0.030263,0.37279,0.45324,1,0
0.0078723,0.0047455,0.0042809,0.010806,0.0074352,0.011238,0.0087937,0.0051152,0.012647,0.010536,0.45541,0.050719,0.6543,0.35549,0.30926,1,0,1,1,1,0.61127,0.48145,0.61628,0.48368,0.0053127,0.027488,0.39655,0.0029609,1,0
0.39772,0.21908,0.39073,0.42933,0.3018,0.37485,0.18516,0.44098,0.37363,0.25204,0.46566,0.21162,0.5323,0.35549,0.39559,1,0,1,1,1,0.75867,0.42364,0.90516,0.16095,0.90683,0.0676,0.38184,0.50639,1,0
0.0059917,0.0031978,0.003675,0.0088933,0.005308,0.0094796,0.0067466,0.005567,0.010668,0.0085395,0.42749,0.15216,0.57295,0.35549,0.30926,1,0,1,1,1,0.86127,0.33132,0.86842,0.33449,0.004288,0.031272,0.39324,0.002794,0,0
0.23276,0.16173,0.055984,0.20969,0.21063,0.21576,0.13613,0.076034,0.19852,0.17653,0.30688,0.088039,0.45094,0.23073,0.22291,1,0,1,1,1,0.82948,0.35116,0.93462,0.11501,0.80192,0.095854,0.37891,0.43486,1,0
0.23875,0.18064,0.071263,0.12586,0.28097,0.21987,0.15552,0.067855,0.15031,0.22332,0.46939,0.16781,0.61365,0.35549,0.35242,1,0,1,1,1,0.73844,0.4245,0.78533,0.23004,0.64928,0.084754,0.36536,0.3545,1,0
0.0063234,0.0033379,0.0039861,0.0098752,0.0055275,0.0095589,0.0067889,0.0056401,0.010757,0.0086035,0.39957,0.050719,0.57295,0.3139,0.26608,1,0,1,1,1,0.86561,0.33132,0.87272,0.33555,0.0035644,0.033291,0.3916,0.0019234,0,0
0.0060471,0.0061925,0,0.0072031,0.0069867,0.0028079,0,0.0053789,0.0031599,0.0014937,0.28321,0.058567,0.38996,0.23073,0.17973,1,0,1,1,1,0.65462,0.64193,0.66044,0.64534,0.002419,0.017145,0.39457,0.0013053,1,0
0.0071385,0.0073826,0,0.0085871,0.0083221,0.0029386,0,0.0056293,0.003307,0.0015632,0.46939,0,0.695,0.35549,0.30926,1,0,1,1,1,0.26734,0.28041,0.27189,0.28459,0.0004691,0.028245,0.3916,0.00025313,0,0
0.42103,0.26792,0.10282,0.67413,0.36073,0.42252,0.22998,0.33527,0.58809,0.28973,0.23356,0.23119,0.20693,0.23073,0.22291,1,0,1,1,1,0.60405,0.37187,0.68211,0.17354,0.67155,0.040354,0.37726,0.36345,1,0
0.33105,0.15944,0.28532,0.42627,0.30981,0.31823,0.12984,0.38142,0.37936,0.24127,0.32719,0.20471,0.32894,0.23073,0.2553,1,0,1,1,1,0.73555,0.49094,0.79708,0.66125,0.5474,0.049436,0.40741,0.29927,1,0
0.10315,0.091353,0.036476,0.070045,0.077532,0.096461,0.078998,0.046799,0.061918,0.067168,0.16217,0.15546,0.12558,0.10599,0.13655,1,0,1,1,1,0.84682,0.23814,0.88486,0.32821,0.28233,0.22098,0.40713,0.42498,1,0
0.0044055,0.0044029,0,0.0051213,0.0049786,0.0029609,0,0.0056719,0.0033321,0.0015751,0.41353,2.1982e-16,0.61365,0.3139,0.26608,1,0,1,1,1,0.77023,0.091458,0.77582,0.094576,0.004685,0.021181,0.39279,0.0025281,0,0
0.25643,0.11934,0.28711,0.29842,0.2075,0.24075,0.098916,0.3289,0.24786,0.16198,0.40655,0.28421,0.5323,0.3139,0.35242,1,0,1,1,1,0.88006,0.25022,0.89987,0.44293,0.61208,0.0676,0.49492,0.33141,1,0
0.00036703,0,0,0,3.8102e-05,0.00318,0,0.0060917,0.0035787,0.0016916,0.33904,0.058567,0.47127,0.27231,0.22291,1,0,1,1,1,0.1474,0.2528,0.1503,0.25695,0.00028974,0.038084,0.3916,0.00015634,0,0
0.59845,0.37595,0.32791,0.84028,0.60689,0.56874,0.40504,0.28536,0.89892,0.49524,0.40236,0.28148,0.51197,0.35549,0.32005,1,0,1,1,1,0.88439,0.41329,0.88516,0.28218,0.439,0.017145,0.46009,0.23803,1,0
0.014704,0.010283,0.0095541,0.014331,0.01394,0.017794,0.013501,0.0097634,0.013456,0.016996,0.35767,0.12424,0.49164,0.27231,0.26608,1,0,1,1,1,0.83815,0.30544,0.84973,0.30662,0.0073529,0.024209,0.38123,0.0044797,1,0
0.086836,0.048935,0.068825,0.106,0.062386,0.082837,0.045592,0.079523,0.082252,0.048229,0.40655,0.11035,0.5323,0.3139,0.28766,1,0,1,1,1,0.8396,0.44262,0.8468,0.3769,0.2256,0.0787,0.51185,0.12459,1,0
0.0034771,0.0033906,0,0.003944,0.0038426,0.0029556,0,0.0056618,0.0033261,0.0015723,0.41353,2.1982e-16,0.61365,0.3139,0.26608,1,0,1,1,1,0.57514,0.36497,0.57992,0.36923,0.00086893,0.01765,0.3916,0.00046887,0,0
0.020492,0.0094174,0.016398,0.026623,0.017387,0.022505,0.01016,0.022034,0.023057,0.01665,0.25105,0.082281,0.28828,0.18914,0.17973,1,0,1,1,1,0.46387,0.33563,0.4926,0.35122,0.055403,0.15337,0.39404,0.042728,0,0
0.0154,0.010537,0.0073011,0.020339,0.015496,0.010748,0.0082883,0.0051206,0.012096,0.010014,0.58109,0,0.85766,0.43864,0.39559,1,0,1,1,1,0.81358,0.32097,0.82485,0.32907,0.010083,0.0232,0.40494,0.0057271,1,0
0.37474,0.1995,0.31345,0.54272,0.29701,0.35787,0.17252,0.43574,0.41905,0.24673,0.17892,0.15714,0.20693,0.12677,0.13655,1,0,1,1,1,0.86272,0.42537,0.89684,0.26854,0.52443,0.036318,0.35745,0.28552,1,0
0.12669,0.094749,0.038081,0.10756,0.10789,0.11284,0.083375,0.041699,0.077593,0.088316,0.50224,0.14813,0.61365,0.39705,0.36323,1,0,1,1,1,0.82081,0.37015,0.82338,0.27916,0.30796,0.069618,0.45699,0.1675,1,0
0.14177,0.087757,0.071402,0.16961,0.1191,0.13479,0.074861,0.098653,0.13847,0.095044,0.31497,0.16249,0.43062,0.23073,0.26608,1,0,1,1,1,0.86561,0.44176,0.84827,0.34142,0.34253,0.082736,0.41052,0.18647,1,0
0.014051,0.0096416,0.0065971,0.018117,0.014175,0.0099605,0.007315,0.0054276,0.011209,0.00909,0.39957,0.19202,0.49164,0.33468,0.30926,1,0,1,1,1,0.22977,0.3503,0.23681,0.35369,0.0066135,0.026227,0.39069,0.004206,0,0
0.0027305,0.0025768,0,0.0029972,0.0029293,0.0031334,0,0.0060023,0.0035262,0.0016668,0.26458,0.11713,0.32894,0.23073,0.17973,1,0,1,1,1,0.17197,0.23469,0.1753,0.23881,0.00050288,0.042372,0.3916,0.00027136,0,0
0.024794,0.010619,0.02071,0.023348,0.02585,0.026773,0.011069,0.0273,0.024578,0.023485,0.30474,0.10407,0.45094,0.23073,0.22291,1,0,1,1,1,0.25,0.30371,0.27599,0.3254,0.069765,0.14934,0.39536,0.04485,1,0
0.15978,0.090487,0.094741,0.18831,0.13539,0.13675,0.081939,0.075081,0.13695,0.097391,0.46472,0.23871,0.57295,0.35549,0.37401,1,0,1,1,1,0.80202,0.41329,0.80761,0.30925,0.35042,0.052463,0.52554,0.19228,1,0
0.032593,0.026926,0.020125,0.024405,0.023037,0.033365,0.024654,0.026731,0.024651,0.02169,0.55362,0.21508,0.695,0.39705,0.47113,1,0,1,1,1,0.25,0.31493,0.26701,0.41599,0.31404,0.5449,0.42528,0.18561,1,0
0.015881,0.0096669,0.008964,0.01917,0.015605,0.020355,0.012316,0.014225,0.025546,0.017394,0.4582,0.045364,0.67463,0.35549,0.30926,1,0,1,1,1,0.66763,0.36411,0.6719,0.36751,0.004685,0.022191,0.39279,0.0046176,0,0
0.15789,0.092343,0.093644,0.216,0.13349,0.14932,0.081356,0.11513,0.16879,0.10723,0.40037,0.17023,0.51197,0.3139,0.30926,1,0,1,1,1,0.92341,0.35548,0.88339,0.50833,0.49143,0.088791,0.37703,0.26961,1,0
0.0070014,0.0072331,0,0.0084133,0.0081544,0.0029085,0,0.0055715,0.003273,0.0015472,0.56248,0.11713,0.77631,0.39705,0.41719,1,0,1,1,1,0.90607,0.23814,0.91511,0.24342,0.0024055,0.025218,0.38864,0.001298,0,0
0.14438,0.13589,0.037306,0.089627,0.1176,0.13764,0.11668,0.04564,0.086599,0.099206,0.43524,0.18125,0.5323,0.35549,0.35242,1,0,1,1,1,0.74277,0.37015,0.77947,0.25333,0.39544,0.083745,0.36973,0.21862,1,0
0.27543,0.10249,0.37298,0.37944,0.21658,0.25924,0.083546,0.39413,0.32465,0.16684,0.34907,0.17978,0.43062,0.27231,0.27687,1,0,1,1,1,0.93931,0.45039,0.94352,0.29162,0.52905,0.053472,0.50535,0.28747,1,0
0.027591,0.012684,0.029741,0.02891,0.026847,0.025577,0.011382,0.031474,0.025519,0.017545,0.20533,0.10235,0.22726,0.14758,0.13655,1,0,1,1,1,1,0.032787,0.9917,0.036276,0.036549,0.060536,0.39171,0.024614,0,0
0.11641,0.097026,0.042655,0.083368,0.10299,0.10712,0.083774,0.050373,0.067243,0.085492,0.36912,0.12132,0.47127,0.27231,0.26608,1,0,1,1,1,0.86127,0.28645,0.90242,0.47859,0.61267,0.20887,0.42232,0.37876,1,0
0.015542,0.0067478,0.016951,0.024492,0.012151,0.015703,0.0081582,0.014379,0.024575,0.011898,0.38,0.15384,0.45094,0.27231,0.30926,1,0,1,1,1,0.093931,0.25539,0.10075,0.25671,0.012267,0.0343,0.38933,0.0068797,0,0
0.0096877,0.0069495,0.0041669,0.010446,0.01002,0.0073646,0.0045743,0.00557,0.0082878,0.0062886,0.45541,0.050719,0.6543,0.35549,0.30926,1,0,1,1,1,0.78613,0.38395,0.79192,0.38737,0.004685,0.021434,0.39279,0.0026218,0,0
0.012203,0.012904,0,0.01501,0.014518,0.0019427,0,0.0037214,0.0021862,0.0010334,0.30181,2.1982e-16,0.45094,0.23073,0.17973,1,0,1,1,1,0.73844,0.34685,0.74508,0.3511,0.001327,0.010081,0.3916,0.00071607,0,0
0.085671,0.052726,0.05405,0.077094,0.082673,0.077861,0.045733,0.061468,0.058438,0.056881,0.41114,0.11768,0.5323,0.3139,0.30926,1,0,1,1,1,0.84827,0.31665,0.82777,0.41372,0.30551,0.24217,0.37643,0.35483,1,0
0.19375,0.13798,0.12667,0.16354,0.16541,0.18279,0.12465,0.16218,0.14577,0.13645,0.42843,0.12983,0.5323,0.3139,0.30926,1,0,1,1,1,0.66908,0.66091,0.66982,0.68453,0.060721,0.062807,0.37831,0.28238,1,0
0.027215,0.023268,0.010492,0.0085361,0.032344,0.016887,0.016024,0.0069449,0.0096822,0.016038,0.24595,0,0.36959,0.18914,0.13655,1,0,1,1,1,0.87283,1,0.88047,1,0.014017,0.0232,0.4,0.0090449,1,0
0.0414,0.038678,0.019379,0.031525,0.031498,0.042369,0.035287,0.028516,0.028045,0.028038,0.091098,0.11684,0.044223,0.064405,0.050222,1,0,1,1,1,0.94942,0.42019,0.96243,0.38463,0.12716,0.15135,0.25471,0.071734,1,0
0.18622,0.11614,0.15088,0.20275,0.13944,0.17183,0.10501,0.15966,0.14919,0.13301,0.32975,0.13638,0.36959,0.25153,0.22291,1,0,1,1,1,0.84393,0.22088,0.8146,0.34789,0.40487,0.063563,0.37598,0.22057,1,0
0.024493,0.0095332,0.028549,0.033822,0.018877,0.025376,0.011105,0.030518,0.02867,0.019108,0.28087,0.075473,0.41029,0.23073,0.17973,1,0,1,1,1,0.059249,0.29163,0.072713,0.29236,0.025136,0.042372,0.3903,0.016625,0,0
0.0062158,0.0063765,0,0.007417,0.0071931,0.0027717,0,0.0053094,0.0031191,0.0014744,0.48799,0.058567,0.695,0.35549,0.34163,1,0,1,1,1,0.47399,0.43313,0.48163,0.43747,0.001327,0.016136,0.3916,0.00071607,0,0
0.13989,0.043882,0.17303,0.1804,0.099642,0.12287,0.041547,0.17586,0.14428,0.071813,0.57451,0.2178,0.75598,0.43864,0.41719,1,0,1,1,1,0.84249,0.40897,0.89658,0.3079,0.35087,0.067852,0.37955,0.19257,1,0
0.13321,0.11287,0.051391,0.098981,0.10326,0.12154,0.095422,0.057952,0.08302,0.0842,0.31745,0.11043,0.45094,0.23073,0.22291,1,0,1,1,1,0.54624,0.80759,0.47782,0.5558,0.84564,0.26235,0.40884,0.63253,1,0
0.10834,0.055768,0.080411,0.13722,0.090667,0.10396,0.047786,0.092782,0.10982,0.071888,0.33138,0.15265,0.43062,0.27231,0.26608,1,0,1,1,1,0.88006,0.4176,0.85705,0.34548,0.25457,0.073654,0.40301,0.14016,1,0
0.026715,0.025412,0.010148,0.018191,0.02841,0.032292,0.028942,0.011256,0.019497,0.033219,0.25714,0.084868,0.34926,0.18914,0.17973,1,0,1,1,1,0.38006,0.31061,0.39161,0.31568,0.011461,0.020172,0.3922,0.006802,0,0
0.0041689,0.0041449,0,0.0048212,0.0046891,0.003061,0,0.0058636,0.0034447,0.0016283,0.35767,0,0.5323,0.27231,0.22291,1,0,1,1,1,0.12283,0.25798,0.12542,0.26116,0.00159,0.032282,0.38864,0.00085798,1,0
0.08517,0.055568,0.050429,0.083508,0.073107,0.081398,0.049609,0.050318,0.071249,0.059077,0.33468,0.17953,0.45094,0.27231,0.26608,1,0,1,1,1,0.92197,0.32097,0.93023,0.25779,0.21689,0.073654,0.50727,0.12035,1,0
0.017471,0.0076526,0.021421,0.020572,0.014063,0.016037,0.0067676,0.020217,0.020772,0.011447,0.32044,0.05238,0.45094,0.23073,0.22291,1,0,1,1,1,0.037572,0.18119,0.043269,0.1826,0.011323,0.030263,0.38932,0.0084552,0,0
0.25099,0.16226,0.10813,0.26858,0.21667,0.23276,0.1405,0.14391,0.21266,0.1688,0.43911,0.22579,0.5323,0.3139,0.35242,1,0,1,1,1,0.80202,0.2761,0.89393,0.16346,0.40952,0.12209,0.38447,0.54021,1,0
0.017034,0.0080784,0.014928,0.025471,0.014746,0.016032,0.0088142,0.012945,0.021338,0.013072,0.27948,0.055561,0.36959,0.23073,0.17973,1,0,1,1,1,0.056358,0.28991,0.063273,0.29122,0.013252,0.032282,0.38949,0.0076869,0,0
0.038143,0.022237,0.026573,0.033889,0.033808,0.038666,0.020812,0.03455,0.03163,0.028054,0.44145,0.083306,0.61365,0.35549,0.30926,1,0,1,1,1,0.85694,0.28818,0.92925,0.37211,0.28309,0.26235,0.39807,0.16213,1,0
0.04532,0.02856,0.028437,0.042814,0.039155,0.045555,0.026153,0.035183,0.036426,0.033734,0.20798,0.13647,0.20693,0.14758,0.17973,1,0,1,1,1,0.94653,0.41674,0.96243,0.37171,0.15818,0.12714,0.33515,0.08773,1,0
0.022896,0.010966,0.017195,0.024456,0.023323,0.025033,0.011171,0.023559,0.024503,0.020326,0.41043,0.1781,0.49164,0.3139,0.30926,1,0,1,1,1,0.26734,0.30112,0.22476,0.33472,0.12675,0.28556,0.38835,0.082031,1,0
0.18639,0.10205,0.1611,0.18428,0.14729,0.16893,0.092637,0.14425,0.15603,0.11445,0.35767,0.24847,0.49164,0.3139,0.27687,1,0,1,1,1,0.7659,0.45902,0.77125,0.35433,0.35267,0.052463,0.53425,0.19308,1,0
0.009409,0.0098578,0,0.011466,0.0111,0.0026254,0,0.0050292,0.0029545,0.0013966,0.22735,0.058567,0.30861,0.18914,0.13655,1,0,1,1,1,0.78757,0.31061,0.79484,0.31482,0.001327,0.017145,0.3916,0.00071607,0,0
0.22334,0.1524,0.10065,0.2089,0.21844,0.20521,0.13078,0.09528,0.1746,0.17445,0.41646,0.17397,0.5323,0.27231,0.29845,1,0,1,1,1,0.88006,0.24763,0.90681,0.4474,0.63562,0.085763,0.45265,0.349,1,0
0.15483,0.12443,0.051458,0.10849,0.14237,0.14506,0.10793,0.055105,0.093429,0.12224,0.56867,0.14988,0.77631,0.43864,0.43877,1,0,1,1,1,0.83237,0.35116,0.88778,0.22456,0.43252,0.0898,0.37712,0.2347,1,0
0.014888,0.0098581,0.011202,0.010873,0.011676,0.017978,0.01069,0.017266,0.012668,0.012763,0.48477,0.18957,0.61365,0.39705,0.39559,1,0,1,1,1,0.33815,0.31924,0.34907,0.34851,0.07993,0.30877,0.40905,0.059679,1,0
0.019693,0.014799,0.0080435,0.022682,0.02084,0.010873,0.0087907,0.0044216,0.012236,0.01034,0.66486,0.1757,0.85766,0.50101,0.5251,1,0,1,1,1,0.85694,0.34426,0.86221,0.34764,0.0072772,0.014118,0.39246,0.0040968,0,0
0.032221,0.023438,0.034393,0.032672,0.025066,0.033043,0.021761,0.040376,0.031044,0.022424,0.15365,0.14562,0.12558,0.10599,0.093399,1,0,1,1,1,0.92197,0.33132,0.93169,0.44965,0.36906,1,0,0.20817,1,0
0.13035,0.091893,0.063437,0.094219,0.14398,0.12388,0.079871,0.073447,0.077612,0.11468,0.60342,0.14117,0.81701,0.45944,0.43877,1,0,1,1,1,0.80202,0.46074,0.80582,0.34563,0.38674,0.090809,0.49412,0.21221,1,0
0.028564,0.010274,0.025809,0.034551,0.023114,0.030056,0.010602,0.034561,0.031099,0.02267,0.4241,0.1583,0.61365,0.3139,0.30926,1,0,1,1,1,0.24855,0.30371,0.30819,0.35201,0.17802,0.24722,0.39549,0.09849,1,0
0.27363,0.12505,0.28704,0.36266,0.21481,0.23563,0.12125,0.29095,0.24385,0.1724,0.39117,0.18019,0.45094,0.2931,0.30926,1,0,1,1,1,0.84538,0.69629,0.80613,0.56999,0.43435,0.040354,0.4049,0.24021,1,0
0.0041009,0.0016122,0.003323,0.0077821,0.0029736,0.0073418,0.0044188,0.0058166,0.0082621,0.0061957,0.34371,0.19202,0.41029,0.2931,0.26608,1,0,1,1,1,0.80058,0.29681,0.80696,0.301,0.0033636,0.033291,0.3916,0.001815,0,0
0.009409,0.0098578,0,0.011466,0.0111,0.0027633,0,0.0052934,0.0031097,0.00147,0.46939,0,0.695,0.35549,0.30926,1,0,1,1,1,0.60405,0.32787,0.60896,0.3321,0.001327,0.022191,0.3916,0.00071607,0,0
0.018042,0.0074052,0.025585,0.023344,0.011239,0.021127,0.009197,0.028644,0.025294,0.01433,0.35767,0.058567,0.5323,0.27231,0.22291,1,0,1,1,1,0.6763,0.25884,0.67995,0.25998,0.010083,0.040354,0.39506,0.009603,1,0
0.35665,0.244,0.14237,0.35242,0.34986,0.33972,0.20367,0.20494,0.28096,0.26694,0.26315,0.11991,0.28828,0.23073,0.17973,1,0,1,1,1,0.84104,0.38913,0.85705,0.18094,0.68988,0.052463,0.20928,0.37259,1,0
0.015923,0.0078792,0.013655,0.014503,0.013108,0.019103,0.0088671,0.019702,0.016647,0.014018,0.45968,0.11707,0.695,0.35549,0.30926,1,0,1,1,1,0.41185,0.30198,0.38713,0.31914,0.067626,0.27043,0.38939,0.049079,0,0
0.010913,0.008533,0.0059423,0.008696,0.010677,0.0082053,0.0036062,0.0084655,0.010012,0.0062869,0.65928,0.090729,0.91869,0.52181,0.48195,1,0,1,1,1,0.72399,0.1786,0.72801,0.18267,0.0060104,0.029254,0.3916,0.0032432,0,0
0.06969,0.069613,0.024622,0.031417,0.061117,0.064928,0.060704,0.032,0.030067,0.049276,0.46848,0.12921,0.61365,0.35549,0.35242,1,0,1,1,1,0.75145,0.37964,0.76191,0.31204,0.23145,0.37335,0.14489,0.41359,1,0
0.19951,0.1529,0.056411,0.15219,0.20956,0.1888,0.1307,0.056545,0.15006,0.16794,0.15286,0.14174,0.20693,0.10599,0.093399,1,0,1,1,1,0.76156,0.37964,0.81021,0.24052,0.47073,0.084754,0.37338,0.25471,1,0
0.21042,0.15102,0.065975,0.22465,0.18431,0.19724,0.13314,0.075297,0.20193,0.15266,0.20325,0.15849,0.20693,0.14758,0.17973,1,0,1,1,1,0.85116,0.37187,0.86737,0.21968,0.50734,0.073654,0.2589,0.27858,1,0
0.70461,0.72489,0.033404,0.56297,0.48901,0.68731,0.71553,0.2236,0.59923,0.59126,0.42151,0.28347,0.41029,0.39705,0.35242,1,0,1,1,1,0.9104,0.42105,0.90281,0.25733,0.54611,0.026227,0.43692,0.29933,1,0
0.025335,0.015404,0.0099157,0.034511,0.025655,0.020447,0.012601,0.012003,0.021266,0.01842,0.40422,0.18612,0.5323,0.3139,0.30926,1,0,1,1,1,0.69364,0.26402,0.70044,0.26021,0.023256,0.038336,0.41898,0.013367,1,0
0.025393,0.011666,0.019331,0.027834,0.021416,0.027064,0.011967,0.025864,0.028355,0.020283,0.39427,0.092214,0.5323,0.3139,0.26608,1,0,1,1,1,0.86994,0.29336,0.93901,0.32255,0.13613,0.48032,0.39375,0.16046,0,0
0.071723,0.04541,0.047593,0.063609,0.067481,0.068614,0.040009,0.049573,0.06255,0.054155,0.1957,0.1182,0.20693,0.16836,0.13655,1,0,1,1,1,0.044798,0.40293,0.037415,0.3389,0.22033,0.097872,0.43851,0.1202,1,0
0.075866,0.057456,0.033443,0.06286,0.066351,0.070405,0.049663,0.040218,0.0516,0.05474,0.30181,0.2175,0.36959,0.23073,0.22291,1,0,1,1,1,0.8815,0.23296,0.93316,0.38927,0.49945,0.39858,0.41026,0.51835,1,0
0.0032035,0.0030926,0,0.003597,0.0035083,0.0029263,0,0.0056057,0.0032931,0.0015567,0.3949,0.058567,0.55262,0.3139,0.26608,1,0,1,1,1,0.74566,0.34944,0.75654,0.35369,0.00086048,0.015127,0.3916,0.00046432,0,0
0.1488,0.094514,0.13195,0.13333,0.10626,0.1426,0.083247,0.14571,0.10999,0.086617,0.30944,0.17512,0.36959,0.27231,0.22291,1,0,1,1,1,0.68064,0.52545,0.69205,0.36104,0.54757,0.1231,0.1364,0.29854,1,0
0.081582,0.048884,0.044483,0.073246,0.088108,0.07892,0.042525,0.058238,0.072965,0.06995,0.34092,0.093668,0.45094,0.25153,0.24448,1,0,1,1,1,0.85405,0.4409,0.86583,0.37005,0.24224,0.087782,0.13353,0.1333,1,0
0.020225,0.0087984,0.018157,0.033991,0.016859,0.023705,0.010527,0.02911,0.033156,0.017137,0.34835,0.041412,0.5323,0.27231,0.22291,1,0,1,1,1,0.73266,0.37791,0.73483,0.38435,0.011598,0.030263,0.38996,0.0065769,0,0
0.16749,0.095994,0.05198,0.20494,0.16978,0.15404,0.081154,0.059676,0.18041,0.13326,0.13998,0.14307,0.12558,0.10599,0.093399,1,0,1,1,1,0.85405,0.22778,0.87022,0.28096,0.15739,0.20887,0.43369,0.56938,1,0
0.023032,0.01146,0.023116,0.027262,0.019768,0.023089,0.013372,0.021688,0.023689,0.018542,0.36698,0.31701,0.36959,0.3139,0.35242,1,0,1,1,1,0.09104,0.23641,0.099619,0.24443,0.017113,0.040354,0.39403,0.009874,0,0
0.0074893,0.007765,0,0.009032,0.0087512,0.0028253,0,0.0054122,0.0031795,0.001503,0.43213,0.11713,0.57295,0.35549,0.30926,1,0,1,1,1,0.67197,0.16997,0.67841,0.17494,0.0013011,0.021181,0.38864,0.0007021,1,0
0.026702,0.034719,0.0049911,0.0058432,0.030355,0.035068,0.03812,0.0075465,0.0071934,0.039027,0.32417,0.090729,0.43062,0.27231,0.22291,1,0,1,1,1,0.021676,0.25022,0.027469,0.25159,0.011992,0.042372,0.38935,0.0066343,0,0
0.17232,0.087624,0.13532,0.24342,0.15951,0.16369,0.072771,0.17145,0.20596,0.12577,0.55006,0.30968,0.61365,0.41786,0.48195,1,0,1,1,1,0.81214,0.42192,0.8692,0.2826,0.47411,0.079709,0.37634,0.2581,1,0
0.0052975,0.002418,0.0039885,0.0098828,0.0041141,0.0082139,0.0053266,0.0057932,0.0092435,0.0071302,0.51127,0.050719,0.73566,0.39705,0.35242,1,0,1,1,1,0.7659,0.26747,0.77183,0.27269,0.0042458,0.035309,0.38997,0.002759,0,0
0.1619,0.11228,0.072384,0.15122,0.14813,0.15186,0.095721,0.094274,0.13168,0.11976,0.18744,0.12205,0.20693,0.14758,0.13655,1,0,1,1,1,0.86994,0.39689,0.93901,0.24184,0.52868,0.088791,0.37793,0.29316,1,0
0.022472,0.013298,0.013304,0.019881,0.021796,0.025109,0.013557,0.020326,0.021374,0.020579,0.32639,0.083238,0.45094,0.23073,0.22291,1,0,1,1,1,0.20954,0.39776,0.24232,0.43507,0.1199,0.1897,0.397,0.07032,1,0
0.11978,0.08829,0.042489,0.086622,0.12517,0.11437,0.075456,0.051356,0.079689,0.10472,0.24301,0.11453,0.28828,0.18914,0.17973,1,0,1,1,1,0.80202,0.31838,0.84244,0.22154,0.33181,0.086772,0.3751,0.18172,1,0
0.48445,0.19921,0.55424,0.75463,0.37841,0.46305,0.16539,0.93186,0.58883,0.29589,0.28321,0.16822,0.32894,0.23073,0.22291,1,0,1,1,1,0.90318,0.42623,0.92679,0.24087,0.61597,0.032282,0.31634,0.33779,1,0
0.14741,0.10496,0.053393,0.14841,0.1289,0.13714,0.08933,0.072482,0.12565,0.10483,0.3949,0.21532,0.45094,0.27231,0.35242,1,0,1,1,1,0.85983,0.26057,0.94047,0.47392,0.69233,0.13319,0.40656,0.37768,1,0
0.25851,0.15391,0.18798,0.27343,0.23603,0.23733,0.13162,0.1988,0.22651,0.19127,0.40177,0.28806,0.38996,0.3139,0.34163,1,0,1,1,1,0.89595,0.24245,0.92314,0.47589,0.74529,0.082736,0.46212,0.4116,1,0
0.001744,0.0015015,0,0.0017462,0.0017228,0.0030849,0,0.0059094,0.0034716,0.001641,0.22735,0.11713,0.28828,0.14758,0.15815,1,0,1,1,1,0.79046,0.34599,0.80162,0.34926,0.0016154,0.022191,0.38864,0.00087166,1,0
0.23207,0.14477,0.20054,0.23847,0.19455,0.21853,0.12565,0.23859,0.1893,0.15418,0.19012,0.16039,0.20693,0.14758,0.13655,1,0,1,1,1,0.75578,0.18292,0.77947,0.46254,0.89582,0.11503,0.48618,0.487,1,0
0.0024909,0.0023155,0,0.0026934,0.0026361,0.0030254,0,0.0057954,0.0034046,0.0016094,0.54385,0.11713,0.73566,0.43864,0.39559,1,0,1,1,1,0.50578,0.41329,0.51314,0.4176,0,0.019163,0.3916,0,0,0
0.10979,0.054316,0.09806,0.10878,0.10845,0.10514,0.047127,0.11394,0.085491,0.084604,0.15724,0.11375,0.20693,0.14758,0.093399,1,0,1,1,1,0.23699,0.38395,0.21744,0.30572,0.2694,0.072645,0.41049,0.1474,1,0
0.014027,0.0067223,0.01208,0.019792,0.012152,0.013371,0.0067877,0.011974,0.018289,0.010518,0.53639,0.13226,0.73566,0.43864,0.39559,1,0,1,1,1,0.59249,0.15962,0.59327,0.16559,0.010518,0.033291,0.39005,0.0062045,0,0
0.19264,0.10662,0.14675,0.16985,0.18243,0.17653,0.093759,0.15353,0.16594,0.13895,0.32135,0.14449,0.45094,0.25153,0.22291,1,0,1,1,1,0.89451,0.21657,0.90684,0.40212,0.5886,0.081727,1,0.3198,1,0
0.021556,0.011244,0.01478,0.027801,0.021435,0.020037,0.011576,0.015609,0.020787,0.016983,0.57177,0.13483,0.77631,0.43864,0.43877,1,0,1,1,1,0.67052,0.43313,0.66812,0.43926,0.017888,0.031272,0.39073,0.011109,0,0
0.046437,0.038269,0.017338,0.034817,0.042717,0.045373,0.033854,0.024726,0.033134,0.036655,0.15234,0.16069,0.12558,0.10599,0.093399,1,0,1,1,1,0.83671,0.22433,0.75752,0.26626,0.20851,0.80726,0.38948,0.4949,0,0
0.00092437,0.00060771,0,0.00070677,0.00071993,0.0031494,0,0.006033,0.0035442,0.0016754,0.13425,0,0.20693,0.10599,0.050222,1,0,1,1,1,0.90318,0.27006,0.91243,0.27423,0.00035872,0.030263,0.3916,0.00019357,0,0
0.0034572,0.0018571,0.0019442,0.00343,0.0031373,0.0053161,0.0022407,0.0060015,0.0059825,0.0039892,0.37163,0.097118,0.49164,0.2931,0.26608,1,0,1,1,1,0.73988,0.29422,0.74728,0.29939,0.0013586,0.030263,0.38825,0.001821,1,0
0.084622,0.092566,0.044955,0.050826,0.034293,0.079013,0.081646,0.052236,0.043287,0.030522,0.48853,0.091862,0.695,0.35549,0.35242,1,0,1,1,1,0.89017,0.36324,0.92291,0.25165,0.37717,0.14631,0.36509,0.22859,1,0
0.012564,0.0074936,0.0074836,0.020915,0.011454,0.013832,0.011323,0.0053631,0.015566,0.013227,0.56713,0.050719,0.81701,0.43864,0.39559,1,0,1,1,1,0.27023,0.40811,0.27129,0.41156,0.0015208,0.032282,0.39406,0.0027036,0,0
0.15056,0.085625,0.10317,0.16231,0.15411,0.14285,0.073959,0.15302,0.12488,0.12778,0.44968,0.31662,0.5323,0.39705,0.39559,1,0,1,1,1,0.79624,0.35289,0.84095,0.24308,0.37503,0.077691,0.37529,0.20589,1,0
0.0046991,0.0047229,0,0.0054936,0.0053376,0.0030264,0,0.0057974,0.0034058,0.0016099,0.3949,0.058567,0.55262,0.3139,0.26608,1,0,1,1,1,0.86994,0.26661,0.87849,0.26961,0.0024795,0.029254,0.39457,0.0013379,0,0
0.24043,0.12899,0.19261,0.26353,0.19866,0.21927,0.11039,0.22719,0.21481,0.15731,0.19738,0.15078,0.20693,0.18914,0.13655,1,0,1,1,1,0.50434,0.20362,0.54969,0.45406,0.80375,0.095854,0.42292,0.4365,1,0
0.015875,0.006802,0.017923,0.0259,0.012187,0.016838,0.0091157,0.014289,0.02534,0.01319,0.3465,0.045364,0.51197,0.27231,0.22291,1,0,1,1,1,0.46387,0.19845,0.46553,0.2047,0.0070584,0.022191,0.38864,0.004712,1,0
0.12291,0.082234,0.061923,0.11739,0.10623,0.11176,0.071086,0.06736,0.086376,0.085322,0.43059,0.15492,0.61365,0.35549,0.30926,1,0,1,1,1,0.83526,0.26316,0.88632,0.32413,0.1984,0.15741,0.39857,0.35379,1,0
0.019479,0.0086868,0.017101,0.020332,0.013879,0.021979,0.0094689,0.023239,0.021917,0.01446,0.74773,0.26996,1,0.60496,0.61145,1,0,1,1,1,0.60549,0.34599,0.58963,0.29384,0.1862,0.40615,0.40393,0.13291,1,0
0.0096897,0.0061426,0.0050093,0.013104,0.009382,0.012849,0.010389,0.0052234,0.01446,0.01222,0.56713,0.097118,0.77631,0.41786,0.41719,1,0,1,1,1,0.93064,0.047455,0.94047,0.052367,0.0013439,0.028245,0.38827,0.0022576,1,0
0.029562,0.018166,0.014502,0.031838,0.030962,0.030748,0.019157,0.016692,0.028098,0.028413,0.46939,0.15495,0.63398,0.39705,0.35242,1,0,1,1,1,0.91329,0.20362,0.91218,0.21204,0.024459,0.035309,0.38983,0.014196,0,0
0.26755,0.1738,0.10982,0.29973,0.31675,0.24973,0.14934,0.10094,0.28229,0.2527,0.20872,0.18253,0.20693,0.18914,0.17973,1,0,1,1,1,0.73121,0.38568,0.82558,0.19908,0.6408,0.071636,0.38041,0.35031,1,0
0.014944,0.0071419,0.0099267,0.014096,0.013621,0.018485,0.0080999,0.015963,0.017424,0.014149,0.39117,0.12424,0.5323,0.3139,0.27687,1,0,1,1,1,0.35116,0.37619,0.35652,0.40292,0.070368,0.28153,0.46748,0.052165,1,0
0.0028647,0.0027229,0,0.0031673,0.0030934,0.0029268,0,0.0056067,0.0032937,0.001557,0.33904,0.058567,0.47127,0.27231,0.22291,1,0,1,1,1,0.69653,0.065574,0.70319,0.069528,0.00025426,0.014118,0.3916,0.0001372,0,0
0.0011379,0.00084046,0,0.00097761,0.00098117,0.0031428,0,0.0060204,0.0035368,0.0016719,0.35767,0,0.5323,0.27231,0.22291,1,0,1,1,1,0.39884,0.20966,0.40171,0.21472,0.0014951,0.030263,0.38864,0.00080678,1,0
0.01028,0.0083635,0.0035899,0.0086246,0.011274,0.0068392,0.003843,0.0059283,0.0076965,0.0056299,0.35767,0.24847,0.36959,0.2931,0.30926,1,0,1,1,1,0.78902,0.19931,0.79688,0.20427,0.0013045,0.0343,0.38893,0.0024782,0,0
0.0022239,0.0020244,0,0.0023547,0.0023096,0.0030648,0,0.0058709,0.003449,0.0016303,0.48799,0.11713,0.6543,0.39705,0.35242,1,0,1,1,1,0.82659,0.15186,0.83812,0.1559,0.00012023,0.022191,0.3916,6.4877e-05,0,0
0.0055747,0.0041766,0.002197,0.0042278,0.0058591,0.0054452,0.0024412,0.0058746,0.0061278,0.0041619,0.38559,0.058567,0.5323,0.2931,0.26608,1,0,1,1,1,0.18064,0.48663,0.18558,0.49102,0.0033935,0.022191,0.3916,0.0018311,0,0
0.091766,0.072347,0.053092,0.064773,0.072356,0.087082,0.062884,0.066338,0.05764,0.062918,0.34693,0.14351,0.5323,0.27231,0.22291,1,0,1,1,1,0.83526,0.42882,0.85412,0.32316,0.35605,0.11503,0.32869,0.1953,1,0
0.014168,0.0075196,0.0091058,0.020272,0.013456,0.018118,0.0099503,0.014961,0.02679,0.014364,0.29064,0.11112,0.36959,0.18914,0.22291,1,0,1,1,1,0.69942,0.31148,0.7041,0.31655,0.004685,0.024966,0.39042,0.002809,0,0
0.083007,0.050256,0.041699,0.10403,0.073503,0.08111,0.0443,0.052993,0.086565,0.064903,0.26768,0.18781,0.28828,0.23073,0.22291,1,0,1,1,1,0.8815,0.41588,0.87315,0.33857,0.26569,0.082736,0.41315,0.14618,1,0
0.01829,0.017005,0.0048216,0.012512,0.021362,0.0079327,0.0052033,0.0054843,0.0089271,0.0069167,0.48335,0.050719,0.695,0.35549,0.33084,1,0,1,1,1,0.98844,0.88352,0.99902,0.8935,0.014299,0.022191,0.37375,0.0077604,1,0
0.04025,0.043482,0,0.050577,0.048832,0,0,0,0,0,0.45076,0.11713,0.61365,0.3139,0.33084,1,0,1,1,1,0.69942,0.33046,0.7041,0.33145,0.0098065,0.0121,0.39605,0.0052916,1,0
0.32816,0.29436,0.04475,0.20119,0.26709,0.3048,0.24757,0.081826,0.18156,0.20703,0.24595,0.12314,0.32894,0.18914,0.13655,1,0,1,1,1,0.85405,0.38481,0.94926,0.085567,1,0.084754,0.37364,0.5407,1,0
0.019641,0.0097659,0.016394,0.02855,0.017376,0.017266,0.0098189,0.01328,0.022944,0.014266,0.52522,0.071728,0.75598,0.39705,0.36323,1,0,1,1,1,0.72688,0.37015,0.73059,0.37062,0.012773,0.027236,0.39544,0.0071679,1,0
0.017354,0.012048,0.0080785,0.022792,0.017593,0.011081,0.0087883,0.0048242,0.01247,0.01045,0.37163,0.097118,0.49164,0.2931,0.26608,1,0,1,1,1,0.75145,0.079379,0.76216,0.081473,0.0040481,0.016136,0.38611,0.0027661,1,0
0.50877,0.22277,0.5336,0.60391,0.42747,0.47078,0.20147,0.6877,0.5257,0.33766,0.32975,0.18674,0.36959,0.20995,0.26608,1,0,1,1,1,0.74855,0.4107,0.73627,0.20107,0.69574,0.036318,0.44216,0.37939,1,0
0.098385,0.10594,0.02824,0.044515,0.10015,0.094097,0.091417,0.031487,0.040234,0.075808,0.45763,0.17757,0.61365,0.39705,0.35242,1,0,1,1,1,0.82225,0.40811,0.82909,0.32691,0.27592,0.094845,0.53163,0.15133,1,0
0.015007,0.0092917,0.0084966,0.024112,0.014046,0.015594,0.01384,0.0040421,0.017549,0.015469,0.62299,0.050719,0.89836,0.48022,0.43877,1,0,1,1,1,0.91474,0.24245,0.92437,0.24443,0.004685,0.019163,0.39902,0.0026457,1,0
0.066561,0.036342,0.044964,0.066697,0.060935,0.064135,0.032538,0.05708,0.057671,0.049937,0.46261,0.18593,0.5323,0.35549,0.35242,1,0,1,1,1,0.69653,0.40984,0.71215,0.31477,0.32136,0.15337,0.32339,0.18073,1,0
0.026737,0.014468,0.018169,0.024058,0.023261,0.028112,0.014134,0.023812,0.023476,0.021466,0.53454,0.14243,0.695,0.39705,0.39559,1,0,1,1,1,0.65462,0.18637,0.65653,0.24071,0.16133,0.25529,0.34848,0.10009,1,0
0.013952,0.0047946,0.020227,0.018621,0.011183,0.016703,0.0069576,0.019694,0.022835,0.012302,0.46008,0.2827,0.61365,0.37627,0.39559,1,0,1,1,1,0.6604,0.30544,0.66383,0.30705,0.009073,0.038336,0.39456,0.0073613,0,0
0.30861,0.1304,0.31348,0.41519,0.24451,0.27757,0.12238,0.31619,0.33617,0.19735,0.35767,0.18854,0.36959,0.27231,0.30926,1,0,1,1,1,0.85405,0.77826,0.76484,0.61926,0.56404,0.050445,0.39987,0.31047,1,0
0.011682,0.012336,0,0.014349,0.013881,0.0025019,0,0.0047927,0.0028156,0.0013309,0.35767,0,0.5323,0.27231,0.22291,1,0,1,1,1,0.80491,0.2623,0.81282,0.26454,0.0042193,0.017145,0.39701,0.0022768,1,0
0.026563,0.017955,0.013571,0.021603,0.022056,0.027996,0.017074,0.020355,0.021868,0.020378,0.38621,0.12907,0.5323,0.3139,0.26608,1,0,1,1,1,0.31358,0.34513,0.34773,0.40378,0.18411,0.32492,0.40049,0.12211,1,0
0.02349,0.016141,0.011296,0.032949,0.023589,0.014794,0.01289,0.0042795,0.016648,0.014551,0.48335,0.050719,0.695,0.35549,0.33084,1,0,1,1,1,0.72254,0.3736,0.72459,0.37399,0.015023,0.020172,0.39457,0.0081062,1,0
0.13044,0.079033,0.11516,0.12882,0.11684,0.13093,0.067218,0.16677,0.11944,0.10455,0.59225,0.16426,0.695,0.48022,0.43877,1,0,1,1,1,0.78035,0.44262,0.8015,0.38818,0.19009,0.048427,0.36652,0.10401,1,0
0.019607,0.0096189,0.015043,0.026645,0.018368,0.019285,0.010577,0.016189,0.020715,0.016022,0.41353,0.064154,0.61365,0.3139,0.26608,1,0,1,1,1,0.51012,0.26575,0.50971,0.26359,0.020979,0.036318,0.39664,0.011795,1,0
0.084661,0.065358,0.043141,0.061783,0.073594,0.080548,0.056413,0.052787,0.051891,0.059573,0.44495,0.10604,0.61365,0.35549,0.30926,1,0,1,1,1,0.75867,0.34858,0.82924,0.22912,0.41735,0.15539,0.3815,0.22792,1,0
0.0049539,0.0021648,0.0039452,0.0097459,0.0036738,0.0077875,0.0048794,0.0058106,0.0087636,0.0066716,0.55317,0.058567,0.77631,0.41786,0.39559,1,0,1,1,1,0.71243,0.32787,0.71916,0.33123,0.0015196,0.0343,0.39406,0.0023378,0,0
0.0052224,0.003042,0.0019069,0.0043182,0.0060456,0.0079195,0.0040448,0.0077534,0.005097,0.0067363,0.72471,0.2978,0.85766,0.56338,0.61145,1,0,1,1,1,0.78468,0.4107,0.78676,0.41501,0.011244,0.32038,0.3916,0.0075717,0,0
0.080491,0.045695,0.052512,0.083651,0.080474,0.076947,0.039642,0.060788,0.07989,0.064706,0.26757,0.12195,0.28828,0.23073,0.17973,1,0,1,1,1,0.78902,0.70147,0.79265,0.7249,0.059477,0.15539,0.37546,0.22719,1,0
0.047185,0.049546,0.013185,0.010696,0.035926,0.04969,0.046149,0.018899,0.013778,0.034777,1,1,0.81701,1,1,1,0,1,1,1,0.98266,0.69284,0.99316,0.71144,0.042839,0.19878,0.34354,0.12004,1,0
0.16265,0.094969,0.10156,0.17651,0.13814,0.14655,0.081384,0.10238,0.14497,0.10884,0.34391,0.13181,0.45094,0.27231,0.26608,1,0,1,1,1,0.91908,0.14323,0.9295,0.17361,0.082994,0.3451,0.21077,1,1,0
0.11672,0.072791,0.067542,0.11796,0.10266,0.10939,0.064353,0.064762,0.095116,0.075543,0.27737,0.11695,0.36959,0.23073,0.17973,1,0,1,1,1,0.78613,0.75841,0.75606,0.67801,0.28467,0.077691,0.40242,0.15508,1,0
0.032069,0.023211,0.010153,0.038131,0.034954,0.021273,0.018577,0.0083022,0.013079,0.021611,0.40236,0.045364,0.59332,0.3139,0.26608,1,0,1,1,1,0.023121,0.42623,0.030828,0.43272,0.014115,0.028245,0.39295,0.00788,0,0
0.13001,0.079543,0.041171,0.13867,0.15257,0.12492,0.067694,0.068525,0.15082,0.12053,0.4247,0.11629,0.55262,0.3139,0.30926,1,0,1,1,1,0.84104,0.38913,0.87461,0.29904,0.30804,0.070627,0.37136,0.16763,1,0
0.54406,0.3237,0.20187,0.49116,0.50254,0.62847,0.40866,0.2111,0.54889,0.46394,0.19501,0.24533,0.24621,0.26436,0.15489,0.90942,0,0.8877,0.95098,0.92188,0.83068,0.26115,0.87007,0.2366,0.6716,0.029875,0.39173,0.40892,1,1
0.67165,0.59045,0.41895,0.82176,0.72144,0.70861,0.58467,0.38048,0.86533,0.71185,0.39382,0.26667,0.3291,0.42479,0.26236,0.73551,0,0.90374,0.80065,0.83482,0.86688,0.29613,0.8723,0.23228,0.57807,0.0021996,0.39182,0.35831,1,1
0.19825,0.11255,0.04311,0.059292,0.1267,0.13236,0.13927,0.046064,0.068017,0.14978,0.19704,0.19028,0.37191,0.12444,0.2379,0.89493,0,0.84225,0.93137,0.90402,0.77844,0.16039,0.86985,0.18798,0.72215,0.3341,0.39174,0.50663,1,1
0.095459,0.079435,0.024958,0.068537,0.088365,0.083627,0.1057,0.042448,0.073742,0.04818,0.57633,0.22056,0.77926,0.43798,0.48906,0.82609,0,0.93583,0.87908,0.95089,0.74247,0.41683,0.80645,0.41602,0.4399,0.37724,0.39171,0.3177,1,1
0.051358,0.054557,0.046651,0.11273,0.067113,0.067313,0.023895,0.039652,0.025918,0.044732,0.2846,0.11348,0.40257,0.18547,0.2477,0.91667,0,0.91979,0.86275,0.90402,0.18855,0.3188,0.28339,0.30383,0.14683,0.14121,0.39206,0.12535,1,1
0.17326,0.16848,0.088922,0.20255,0.16752,0.19263,0.12239,0.073905,0.096187,0.15257,0.20675,0.1877,0.2402,0.18931,0.14254,0.87319,0,0.86631,0.95098,0.90402,0.8661,0.40392,0.91129,0.33733,0.52325,0.1537,0.3918,0.42035,1,1
0.030364,0.019421,0.023239,0.036271,0.017834,0.02066,0.01569,0.027361,0.024895,0.016901,0.44555,0.10654,0.69235,0.25895,0.37862,0.72101,0,0.56952,0.50654,0.79688,0.49646,0.33284,0.64337,0.30959,0.027727,0.088039,0.39215,0.030058,0,1
0.0033961,0.0096017,0.009944,0.015477,0.0032924,0.010464,0.0022787,0.010539,0.0076565,0.007024,0.45703,0.092954,0.70989,0.26807,0.42188,0.8913,0,0.81818,0.71895,0.94196,0.12098,0.35997,0.15748,0.37385,0.0071662,0.10283,0.39187,0.0083981,0,1
0.12186,0.11553,0.055175,0.095965,0.13155,0.11389,0.050847,0.038723,0.050129,0.050808,0.15981,0.11492,0.36586,0.14153,0.17132,0.88043,0,0.89037,0.84641,0.92634,0.95789,0.21164,0.9803,0.19855,0.42512,0.19191,0.39195,0.36421,1,1
0.0095717,0.021403,0.023742,0.049976,0.017564,0.018654,0.0086958,0.014982,0.01275,0.01352,0.43282,0.10538,0.59967,0.26175,0.34205,0.92029,0,0.87968,0.91503,0.95089,0.31868,0.32895,0.40588,0.3363,0.033527,0.097441,0.39213,0.03674,0,1
0.0074071,0.015077,0.015167,0.012035,0.0049888,0.0067687,0.0026121,0.0095444,0.0096571,0.005388,0.4041,0.048725,0.66314,0.21434,0.33832,0.89493,0,0.80749,0.79739,0.87277,0.80276,0.53196,0.8334,0.49082,0.00058398,0.025311,0.39237,0.0023845,0,1
0.0080157,0.0070888,0.010727,0.016652,0.0050687,0.011041,0.0032674,0.011366,0.012046,0.007557,0.51708,0.098184,0.79133,0.34013,0.45011,0.91667,0,0.79679,0.87255,0.93973,0.54572,0.40245,0.60265,0.38166,0.009891,0.065718,0.39196,0.013635,0,1
0.0092466,0.012919,0.016543,0.026933,0.0052479,0.016508,0.015456,0.01035,0.010297,0.0052823,0.64615,0.15552,0.86028,0.47967,0.60199,0.9058,0,0.93316,0.97059,0.96429,0.93429,0.26017,0.96764,0.25332,0.089884,0.14506,0.39166,0.10526,0,1
0.051665,0.09683,0.042552,0.067649,0.12769,0.079607,0.038318,0.025083,0.030326,0.032996,0.32548,0.17574,0.50546,0.20221,0.24512,0.78623,0,0.89305,0.84967,0.89063,0.67575,0.42017,0.73274,0.40932,0.22753,0.14954,0.39186,0.17687,1,1
0.14725,0.072009,0.049892,0.14378,0.10708,0.12994,0.10595,0.092155,0.074286,0.13155,0.50734,0.22577,0.70479,0.39052,0.46374,0.91667,0,0.90642,0.85294,0.96429,0.82361,0.42594,0.871,0.41613,0.43756,0.1627,0.39181,0.30787,1,1
0.002521,0.014892,0.018062,0.020637,0.0020358,0.0073393,0.0049339,0.012568,0.0075386,0.0037773,0.39017,0.088981,0.69537,0.25789,0.41222,0.73913,0,0.85027,0.31373,0.80134,0.098882,0.46746,0.16561,0.4281,0.007193,0.12499,0.39206,0.0083153,0,1
0.18387,0.16739,0.086513,0.17414,0.25039,0.20704,0.10319,0.13589,0.14188,0.14525,0.40054,0.19804,0.26758,0.27819,0.26377,0.78623,0,0.83422,0.88889,0.91518,0.77325,0.40293,0.81926,0.41147,0.71122,0.32706,0.39176,0.57715,1,1
0.032382,0.028465,0.028828,0.061643,0.041328,0.029392,0.0266,0.04265,0.038163,0.019133,0.1851,0.068158,0.248,0.10393,0.13614,0.94928,0,0.83957,0.65686,0.86607,0.67178,0.37501,0.73769,0.35991,0.061876,0.050912,0.39206,0.045988,0,1
0.098594,0.15105,0.05439,0.097484,0.09812,0.13066,0.063199,0.083397,0.080633,0.073364,0.50013,0.17318,0.59382,0.2917,0.33451,0.75,0,0.89037,0.77124,0.89509,0.879,0.26519,0.92951,0.2837,0.46749,0.22665,0.39202,0.30029,1,1
0.023592,0.053587,0.025658,0.069354,0.025017,0.030655,0.022238,0.031038,0.021911,0.029685,0.052329,0.079891,0.065256,0,0.045885,0.84783,0,0.78075,0.77124,0,0.091702,0.28717,0.16475,0.32674,0.11326,0.17119,0.39225,0.10695,0,1
0.02981,0.045261,0.014269,0.050131,0.049114,0.047263,0.027135,0.026102,0.023097,0.043924,0.36995,0.12455,0.59614,0.21139,0.32333,0.92391,0,0.71658,0.84314,0.94643,0.79311,0.23366,0.84891,0.24182,0.13533,0.16206,0.39192,0.13596,1,1
0.05249,0.051338,0.028561,0.011684,0.020038,0.03896,0.033638,0.017414,0.020372,0.017112,0.59088,0.19684,0.82597,0.39003,0.47549,0.74638,0,0.96791,0.9085,0.91518,0.98233,0.11915,0.99369,0.21132,0.17996,0.31283,0.39172,0.19725,1,1
0.21031,0.13017,0.088888,0.21543,0.2778,0.1772,0.17071,0.11953,0.15541,0.15746,0.44318,0.21443,0.54648,0.39304,0.38936,0.86957,0,0.93316,0.85294,0.94866,0.90191,0.25132,0.95006,0.26507,0.63579,0.16903,0.39178,0.43392,1,1
0.10195,0.072492,0.059184,0.10327,0.075636,0.14202,0.03961,0.11936,0.081085,0.10394,0.5428,0.21263,0.63916,0.36465,0.3869,0.88406,0,0.91444,0.95098,0.95089,0.42991,0.5183,0.54835,0.49501,0.34065,0.12497,0.39178,0.16143,1,1
0.071312,0.025651,0.034162,0.068152,0.049615,0.058438,0.025628,0.04135,0.056689,0.029585,0.46828,0.13356,0.70371,0.32359,0.41801,0.91304,0,0.94118,0.95752,0.95089,0.67831,0.53984,0.7441,0.42854,0.10314,0.067532,0.39187,0.05622,1,1
0.026126,0.039021,0.012478,0.036691,0.03261,0.03874,0.022384,0.014011,0.011466,0.025784,0.41957,0.1135,0.57951,0.19493,0.32428,0.80797,0,0.6738,0.49673,0.91964,0.26228,0.29802,0.42068,0.30089,0.16929,0.39699,0.39168,0.23312,0,1
0.034152,0.051517,0.025427,0.091702,0.055901,0.028405,0.035189,0.023494,0.015958,0.027077,0.10104,0.097972,0.1642,0.076726,0.071536,0.77174,0,0.88503,0.62092,0.64509,0.14883,0.7154,0.18741,0.65426,0.13933,0.25083,0.39198,0.12262,1,1
0.039863,0.03102,0.03215,0.041306,0.03545,0.036864,0.015369,0.025365,0.033319,0.015874,0.30161,0.096668,0.42132,0.16355,0.23053,0.89855,0,0.78075,0.90196,0.88616,0.78873,0.40651,0.84462,0.38207,0.027705,0.057784,0.39203,0.025264,0,1
0.3892,0.23858,0.23705,0.40499,0.28893,0.35149,0.16936,0.32904,0.37366,0.32983,0.33377,0.19399,0.27679,0.25408,0.19856,0.59058,0,0.68984,0.78105,0.82589,0.80928,0.41156,0.8008,0.34767,0.61867,0.060322,0.39209,0.34084,1,1
0.016999,0.028197,0.015655,0.016575,0.010366,0.016271,0.0064451,0.011043,0.010312,0.012635,0.4774,0.088696,0.71018,0.29424,0.39357,0.86594,0,0.86631,0.80392,0.95536,0.90257,0.15232,0.9492,0.13711,0.031244,0.071576,0.39193,0.046864,0,1
0.017072,0.025897,0.036122,0.057323,0.020983,0.019663,0.0077347,0.021449,0.023429,0.026155,0.23974,0.073207,0.36225,0.11496,0.19442,0.97826,0,0.97861,0.90523,0.95089,0.19364,0.52512,0.19499,0.48546,0.023624,0.042471,0.39199,0.011068,0,1
0.084059,0.094427,0.075545,0.084559,0.132,0.11791,0.04633,0.095407,0.11504,0.066141,0.57658,0.22465,0.83057,0.47558,0.46114,0.73551,0,0.90909,0.89869,0.93973,0.90519,0.34492,0.94014,0.28729,0.27722,0.082744,0.39187,0.17022,1,1
0.16175,0.13826,0.13441,0.2334,0.19023,0.19641,0.12118,0.1499,0.15367,0.14995,0.36211,0.20514,0.43904,0.33197,0.29847,0.73188,0,0.80749,0.5719,0.87723,0.88579,0.33252,0.92953,0.35148,0.67414,0.17643,0.39196,0.49542,1,1
0.044828,0.024736,0.022389,0.12568,0.03795,0.039508,0.022823,0.030851,0.038727,0.016549,0.075288,0.10732,0.1133,0.027484,0.13248,0.88768,0,0.92781,0.70261,0.77232,0.71571,0.44798,0.7911,0.41489,0.077506,0.080102,0.39186,0.046678,0,1
0.094037,0.049417,0.0603,0.06068,0.087889,0.11594,0.050166,0.055217,0.053714,0.044831,0.34599,0.20436,0.39083,0.1381,0.24869,0.63043,0,0.76471,0.56209,0.76339,0.70429,0.26052,0.78575,0.31155,0.39102,0.25431,0.39207,0.35778,1,1
0.20433,0.14829,0.15025,0.32316,0.29149,0.26332,0.14146,0.18054,0.18107,0.1557,0.29511,0.26255,0.2239,0.19642,0.17392,0.87319,0,0.53209,0.73856,0.91741,0.84444,0.35426,0.91723,0.35782,0.68799,0.2345,0.39199,0.51637,1,1
0.1112,0.068016,0.054385,0.10209,0.091531,0.099547,0.051004,0.064203,0.12054,0.055616,0.41564,0.11554,0.58299,0.26404,0.30975,0.94928,0,0.97059,0.94444,0.95982,0.97738,0.37433,0.99018,0.34984,0.15764,0.063528,0.39179,0.11053,1,1
0.78604,0.71452,0.318,0.87063,0.84723,0.79546,0.70119,0.27448,0.95641,0.74738,0.41661,0.26132,0.41348,0.52783,0.2488,0.94565,0,0.94652,0.89869,0.94866,0.95302,0.18064,0.9459,0.14439,0.49261,0.00036952,0.39169,0.3787,1,1
0.049939,0.030255,0.035074,0.042024,0.042642,0.090983,0.021403,0.039297,0.060191,0.030053,0.57225,0.16646,0.74088,0.37767,0.42212,0.92754,0,0.87433,0.85948,0.93973,0.3729,0.35625,0.44574,0.33729,0.23799,0.22136,0.39173,0.18164,1,1
0.31883,0.13428,0.15643,0.49094,0.33079,0.29286,0.099074,0.33274,0.35543,0.28998,0.22564,0.20202,0.31649,0.28582,0.19684,0.61957,0,0.79144,0.88889,0.85491,0.7185,0.40613,0.74407,0.31467,0.53397,0.052632,0.39214,0.36084,1,1
0.85119,0.72406,0.30966,0.93518,0.85324,0.82077,0.82652,0.28537,0.94991,0.84395,0.36872,0.3155,0.38137,0.52648,0.20697,0.83696,0,0.91176,0.87255,0.84598,0.88078,0.25482,0.75164,0.16219,0.44807,0.00022459,0.3917,0.3206,1,1
0.042026,0.062909,0.018111,0.045074,0.027064,0.074119,0.02416,0.017726,0.036727,0.02171,0.40464,0.15974,0.59598,0.25295,0.36719,0.86232,0,0.86096,0.89216,0.9442,0.661,0.22037,0.75407,0.24625,0.23845,0.21459,0.39175,0.23398,1,1
0.16891,0.12411,0.067173,0.11972,0.18905,0.16449,0.097003,0.1652,0.14906,0.10411,0.33383,0.22702,0.40299,0.18592,0.33619,0.83333,0,0.78075,0.88235,0.92188,0.87834,0.27056,0.93276,0.25923,0.67572,0.24676,0.39189,0.53953,1,1
0.027681,0.026018,0.014901,0.025538,0.022527,0.030531,0.018577,0.021644,0.019837,0.023389,0.2513,0.12425,0.35179,0.14281,0.20943,0.88043,0,0.81551,0.84314,0.84375,0.3461,0.43009,0.40454,0.4306,0.1056,0.15103,0.3923,0.097744,0,1
0.065032,0.018005,0.036491,0.094193,0.040013,0.040352,0.010368,0.060404,0.039959,0.024459,0.27318,0.065835,0.43746,0.17585,0.25279,0.95652,0,0.95455,0.94771,0.9375,0.68734,0.42483,0.69744,0.36979,0.05313,0.030006,0.3918,0.027428,1,1
0.28166,0.13068,0.2196,0.32861,0.18668,0.25035,0.13818,0.30571,0.2731,0.24007,0.26549,0.19247,0.34387,0.21451,0.2538,0.60145,0,0.8262,0.79085,0.8683,0.59376,0.58014,0.58225,0.55915,0.7427,0.16056,0.39264,0.41377,1,1
0.020772,0.03307,0.020446,0.0362,0.01567,0.020535,0.014385,0.016646,0.024749,0.013995,0.41755,0.085965,0.56096,0.27376,0.35576,0.92391,0,0.95187,0.88235,0.95312,0.79384,0.42515,0.83047,0.34739,0.048735,0.069207,0.39199,0.047988,0,1
0.024922,0.013966,0.024451,0.041128,0.016498,0.022466,0.014426,0.023363,0.013601,0.012695,0.41473,0.090967,0.67368,0.26078,0.36611,0.96014,0,0.88235,0.97059,0.93973,0.85059,0.341,0.87463,0.29615,0.037157,0.059151,0.39168,0.034419,0,1
0.0099914,0.0084664,0.0095335,0.019707,0.0095096,0.017955,0.0040215,0.010254,0.010805,0.01114,0.41316,0.10403,0.62058,0.22606,0.38262,0.76812,0,0.79947,0.88235,0.94866,0.37374,0.3545,0.53755,0.32386,0.060099,0.16917,0.39196,0.052874,0,1
0.02075,0.015194,0.01033,0.024643,0.016631,0.020012,0.018176,0.01412,0.01052,0.012857,0.67435,0.13614,0.87372,0.47484,0.53739,0.95652,0,0.90374,0.85621,0.97321,0.88221,0.17242,0.93254,0.15472,0.17565,0.15578,0.3917,0.18196,0,1
0.45095,0.27596,0.28637,0.49543,0.4004,0.4362,0.21453,0.34087,0.49657,0.37568,0.35374,0.24497,0.26712,0.33557,0.21943,0.5942,0,0.63369,0.15033,0.79464,0.91824,0.29746,0.95447,0.29949,0.65874,0.084714,0.39202,0.41777,1,1
0.086127,0.054562,0.032401,0.073439,0.075884,0.076138,0.059248,0.033448,0.059587,0.031209,0.54927,0.17866,0.67762,0.37137,0.40178,0.87319,0,0.86898,0.81046,0.96652,0.64056,0.4288,0.73545,0.47087,0.31677,0.28965,0.39184,0.24096,1,1
0.34238,0.32848,0.252,0.46554,0.42477,0.3352,0.28433,0.238,0.46564,0.29819,0.23225,0.20549,0.20859,0.22078,0.16419,0.77174,0,0.81818,0.84314,0.92857,0.91876,0.33082,0.93806,0.27809,0.63914,0.038326,0.39204,0.41103,1,1
0.41841,0.29009,0.30593,0.59363,0.4583,0.50701,0.33203,0.32324,0.4731,0.43338,0.35964,0.21207,0.32595,0.29121,0.24563,0.88043,0,0.90374,0.79085,0.87277,0.70452,0.50728,0.59411,0.47032,0.54785,0.027635,0.39177,0.32315,1,1
0.13835,0.062771,0.04454,0.094986,0.15395,0.11536,0.07079,0.060852,0.047631,0.07816,0.54764,0.22231,0.75291,0.47077,0.49846,0.68478,0,0.67112,0.78105,0.90402,0.75983,0.31097,0.82536,0.25054,0.4254,0.19244,0.39184,0.27811,1,1
0.0017807,0.0042634,0.0060932,0.0068297,0.0011905,0.0077668,0.0013937,0.0087087,0.0053694,0.0046605,0.50879,0.095391,0.72508,0.29208,0.455,0.76087,0,0.6631,0,0.82589,0.017104,0.43602,0.040313,0.40568,0.0039242,0.16217,0.39219,0.0068186,0,1
0.26096,0.15385,0.074596,0.16466,0.11125,0.11359,0.14547,0.10681,0.12634,0.19917,0.43202,0.16666,0.55648,0.29,0.30785,0.77174,0,0.89305,0.87908,0.93527,0.9022,0.33344,0.9385,0.35588,0.29002,0.18295,0.39179,0.20047,1,1
0.092982,0.094514,0.03425,0.064266,0.068497,0.061607,0.082131,0.029966,0.041962,0.045156,0.19855,0.14762,0.19436,0.10412,0.19041,0.90942,0,0.84492,0.64706,0.93973,0.85342,0.2245,0.89316,0.28005,0.3213,0.22611,0.39195,0.32835,1,1
0.01188,0.012463,0.026359,0.031798,0.015012,0.015423,0.0067536,0.016672,0.012554,0.011587,0.60279,0.13242,0.85646,0.42664,0.54694,0.90942,0,0.92513,0.87908,0.9375,0.59366,0.38113,0.67764,0.33495,0.035453,0.086709,0.39185,0.033894,0,1
0.018179,0.011343,0.018957,0.026443,0.01426,0.014951,0.0090371,0.0093549,0.0097125,0.010159,0.26056,0.05672,0.43057,0.15911,0.22614,0.91304,0,0.96791,0.96732,0.91741,0.77556,0.33603,0.81216,0.34266,0.058004,0.085423,0.39176,0.053898,0,1
0.098517,0.10056,0.048182,0.11443,0.10989,0.10366,0.070379,0.087428,0.14241,0.094526,0.15801,0.1204,0.25808,0.076111,0.059316,0.80797,0,0.81551,0.92157,0.76563,0.91421,0.27142,0.90838,0.2871,0.22674,0.095539,0.39206,0.12079,1,1
0.8719,0.80055,0.30261,0.88786,0.89413,0.90751,0.77379,0.26422,0.96372,0.9072,0.31229,0.35019,0.25074,0.50947,0.21027,0.66304,0,0.98396,0.82026,0.92634,0.84688,0.40516,0.75822,0.30471,0.57534,0.00065416,0.39179,0.48285,1,1
7.2632e-05,0.0069103,0.0088481,0.0038877,0,0.0044445,0.003041,0.0078968,0.0062121,0.0032394,0.58439,0.12204,0.87185,0.35218,0.5303,0.30072,0,0.67112,0.12745,0.49107,0.5302,0.27461,0.7219,0.24758,0.0024581,0.061664,0.39259,0.01067,0,1
0.18349,0.14083,0.14158,0.30866,0.29338,0.21065,0.16903,0.22873,0.1828,0.20703,0.3152,0.20541,0.22916,0.16755,0.21318,0.70652,0,0.86631,0.84314,0.93973,0.89522,0.57703,0.9271,0.56217,0.56509,0.096775,0.39203,0.38065,1,1
0.35028,0.24053,0.32495,0.55043,0.35469,0.41443,0.27121,0.27541,0.38763,0.40095,0.28583,0.30565,0.20917,0.2172,0.15958,0.86594,0,0.86364,0.87582,0.79018,0.86824,0.44192,0.89007,0.41246,0.63435,0.024087,0.39185,0.40541,1,1
0.10417,0.062275,0.053982,0.13229,0.10038,0.094089,0.10088,0.063877,0.063401,0.053305,0.39245,0.15976,0.59129,0.29986,0.35283,0.86232,0,0.90642,0.83333,0.97545,0.91665,0.28321,0.93862,0.20899,0.49807,0.16998,0.39173,0.32753,1,1
0.080777,0.049649,0.09066,0.11361,0.051008,0.064961,0.020185,0.15326,0.087097,0.068406,0.54115,0.16998,0.68977,0.3902,0.45273,0.89493,0,0.94652,0.9281,0.91518,0.79184,0.41129,0.78164,0.43321,0.23199,0.091016,0.39194,0.13442,1,1
0.80356,0.76188,0.27597,0.92842,0.86322,0.85722,0.77736,0.23221,0.95173,0.78846,0.18006,0.24402,0.10131,0.39729,0.082897,0.9529,0,0.95187,0.98039,0.9442,0.94117,0.14316,0.76763,0.11956,0.44474,0.00021812,0.39168,0.29096,1,1
0.028391,0.020658,0.035991,0.046117,0.035919,0.026677,0.010773,0.038786,0.021827,0.026764,0.48785,0.12241,0.74586,0.30565,0.42554,0.9058,0,0.90642,0.8268,0.97098,0.5826,0.48515,0.67992,0.4123,0.052038,0.059762,0.39202,0.027502,0,1
0.0083316,0.0122,0.016638,0.017583,0.0059344,0.014084,0.003276,0.013277,0.010894,0.0086533,0.58399,0.18019,0.86928,0.43251,0.54355,0.81522,0,0.82086,0.88889,0.87277,0.94305,0.37677,0.96844,0.32063,0.025458,0.093977,0.39192,0.042363,0,1
0.0050582,0.0087849,0.019023,0.025343,0.0067411,0.014097,0.0046205,0.014238,0.012686,0.008463,0.70258,0.15759,0.94263,0.5184,0.60749,0.92391,0,0.87166,0.84314,0.96429,0.54779,0.4116,0.59547,0.40801,0.013549,0.062166,0.39201,0.010719,0,1
0.061977,0.023615,0.034209,0.071701,0.048795,0.04512,0.019745,0.068472,0.059711,0.031521,0.53713,0.14757,0.72334,0.32684,0.42041,0.88768,0,0.91711,0.88889,0.9375,0.54819,0.37355,0.56236,0.33395,0.07315,0.052246,0.39191,0.052096,1,1
0.14308,0.054481,0.18224,0.23242,0.16903,0.20669,0.061105,0.33467,0.18466,0.12121,0.37015,0.19436,0.45219,0.28385,0.36298,0.48551,0,0.74332,0.83987,0.875,0.13935,0.76989,0.15789,0.73348,0.6441,0.30118,0.3922,0.26455,1,1
0.11131,0.030747,0.044781,0.10608,0.056264,0.075096,0.029409,0.10147,0.051767,0.050154,0.52024,0.1559,0.66687,0.3803,0.45161,0.91667,0,0.75936,0.87255,0.96429,0.16382,0.38389,0.21033,0.34588,0.25252,0.29876,0.39185,0.15685,1,1
0.98096,1,0.27837,0.98322,0.98715,0.98583,1,0.15708,1,1,0.43817,0.29296,0.29604,0.68408,0.29596,0.93478,0,0.98396,0.86928,0.96429,0.97303,0.14921,0.8844,0.13413,0.31821,1.3676e-05,0.39165,0.29164,1,1
0.1782,0.10511,0.069275,0.17416,0.19007,0.20634,0.12933,0.19087,0.15054,0.13635,0.36029,0.21694,0.4307,0.27543,0.30173,0.86957,0,0.71925,0.78758,0.95089,0.85997,0.38306,0.92241,0.30265,0.55616,0.18485,0.39183,0.36796,1,1
0.38294,0.41933,0.25472,0.53236,0.40557,0.38148,0.34381,0.18622,0.49515,0.47048,0.27643,0.21023,0.24414,0.21287,0.13314,0.91667,0,0.81818,0.76797,0.92188,0.81591,0.33726,0.77997,0.32496,0.69072,0.014056,0.39174,0.44876,1,1
0.30339,0.22569,0.18758,0.37838,0.36275,0.39056,0.27057,0.21558,0.27813,0.25122,0.32924,0.31093,0.28036,0.32459,0.27756,0.65942,0,0.54278,0.61111,0.86607,0.82842,0.38288,0.913,0.29622,0.83565,0.16647,0.39192,0.61001,1,1
0.020019,0.016218,0.014815,0.025089,0.01534,0.020791,0.014824,0.0086645,0.010819,0.011365,0.49318,0.17114,0.69865,0.33593,0.43291,0.77536,0,0.87166,0.74183,0.80357,0.82559,0.17613,0.88809,0.18917,0.075535,0.23364,0.39182,0.11873,0,1
0.30235,0.157,0.14135,0.27989,0.29112,0.21414,0.18993,0.16449,0.3002,0.19358,0.27996,0.20276,0.28197,0.19977,0.21932,0.93478,0,0.61765,0.8366,0.79911,0.88702,0.33289,0.95259,0.30766,0.82453,0.28072,0.39171,0.68096,1,1
0.17341,0.086795,0.038597,0.12716,0.13744,0.11049,0.081304,0.064409,0.089311,0.084169,0.27498,0.18206,0.34234,0.17652,0.20322,0.86232,0,0.9385,0.91176,0.96205,0.77156,0.36773,0.84431,0.28971,0.80721,0.35302,0.39168,0.57567,1,1
0.052985,0.037346,0.019553,0.042595,0.044513,0.040482,0.025598,0.024024,0.037919,0.030583,0.51406,0.12936,0.70081,0.35916,0.43712,0.87681,0,0.84225,0.82026,0.96652,0.44158,0.32303,0.5412,0.28487,0.10933,0.16666,0.39192,0.098172,1,1
0.27198,0.10745,0.14748,0.32573,0.33664,0.22442,0.080845,0.19676,0.15799,0.19541,0.17143,0.10396,0.16005,0.1529,0.15833,0.77899,0,0.92246,0.9183,0.93304,0.85053,0.39927,0.861,0.28172,0.50691,0.055634,0.39172,0.32179,1,1
0.02944,0.041608,0.014408,0.039798,0.029888,0.025201,0.010536,0.029607,0.017735,0.040568,0.42057,0.14452,0.54429,0.25073,0.33273,0.95652,0,0.85294,0.89542,0.97545,0.10493,0.59152,0.16201,0.59076,0.11661,0.19306,0.39198,0.11649,0,1
0.32533,0.24485,0.24975,0.43957,0.37589,0.36051,0.18489,0.30173,0.401,0.3419,0.315,0.23332,0.27567,0.26725,0.21126,0.76449,0,0.90642,0.84967,0.86607,0.77143,0.2769,0.78676,0.27097,0.592,0.031192,0.39182,0.32311,1,1
0.081543,0.053585,0.073605,0.13559,0.081488,0.097899,0.029429,0.081357,0.093042,0.059087,0.45059,0.13162,0.51168,0.27651,0.33542,0.94203,0,0.83155,0.89216,0.9375,0.33929,0.42239,0.40126,0.43626,0.15548,0.11214,0.3919,0.10581,1,1
0.0014508,0.0055161,0.01097,0.013273,0.0010851,0.0087998,0.0019399,0.014615,0.0081534,0.004482,0.68301,0.16646,0.95167,0.48345,0.60632,0.84783,0,0.1016,0.88889,0.90848,0.71471,0.43088,0.77454,0.43735,0.0053859,0.066883,0.3923,0.0074888,0,1
0.056115,0.029913,0.034362,0.082986,0.045446,0.054661,0.016434,0.042778,0.09215,0.043399,0.35314,0.10517,0.56851,0.20199,0.28876,0.96014,0,0.8877,0.84314,0.91741,0.83604,0.505,0.84913,0.45497,0.057362,0.046515,0.39202,0.034276,1,1
1,0.93578,0.27542,1,1,1,0.97059,0.2446,0.99935,0.98736,0.35118,0.2655,0.27289,0.6197,0.25739,0.88768,0,0.9893,0.96405,0.97991,0.95483,0.37154,0.79594,0.22397,0.30413,0,0.39164,0.26846,1,1
0.12198,0.066527,0.04415,0.046846,0.11033,0.1727,0.06167,0.030493,0.078838,0.063283,0.32126,0.22517,0.38606,0.17937,0.23297,0.73188,0,0.85829,0.82353,0.86384,0.84809,0.22082,0.89984,0.15085,0.73034,0.54737,0.39169,0.70146,1,1
0.06539,0.045075,0.039781,0.096116,0.037461,0.050006,0.042986,0.01882,0.043745,0.053741,0.29104,0.10489,0.47106,0.20874,0.22993,0.90217,0,0.87433,0.84967,0.87054,0.81236,0.25248,0.82637,0.22634,0.24481,0.16404,0.39203,0.20931,1,1
0.0088046,0.016256,0.010497,0.023561,0.0068463,0.013926,0.014444,0.010674,0.0098478,0.0059091,0.54807,0.093797,0.81639,0.34177,0.50114,0.68116,0,0.96257,0.82026,0.92857,0.73311,0.2775,0.80939,0.22482,0.088912,0.14409,0.3918,0.075633,0,1
0.0065416,0.013892,0.014863,0.028754,0.0061605,0.0095421,0.0033311,0.011482,0.010899,0.0086884,0.58052,0.11778,0.82286,0.39389,0.51524,0.86957,0,0.89037,0.83333,0.90402,0.83172,0.35009,0.88262,0.31685,0.019344,0.073669,0.392,0.021319,0,1
0.046691,0.084977,0.024742,0.056885,0.027496,0.053731,0.02541,0.017768,0.02817,0.053054,0,0.11236,0,0.0037748,0,0.92391,0,0.87166,0.86928,0.88839,0.98803,0.090181,1,0.13957,0.18469,0.11926,0.39321,0.25524,1,1
0.093435,0.054079,0.041378,0.10204,0.071047,0.084513,0.041271,0.066332,0.066225,0.050227,0.31047,0.12158,0.46082,0.22004,0.27009,0.92391,0,0.86364,0.88235,0.94196,0.65665,0.32513,0.69287,0.31153,0.16171,0.059123,0.39213,0.11996,1,1
0.51393,0.40908,0.25668,0.509,0.54848,0.53042,0.45811,0.18219,0.61936,0.46174,0.34274,0.31439,0.19917,0.43378,0.17123,0.82246,0,0.78877,0.69281,0.82589,0.81134,0.17222,0.74587,0.16495,0.64184,0.011933,0.39188,0.42272,1,1
0.3129,0.21731,0.2439,0.30342,0.33531,0.33716,0.17766,0.35595,0.35691,0.28556,0.33827,0.2018,0.37303,0.34533,0.27998,0.75362,0,0.90642,0.94118,0.93527,0.88484,0.45609,0.89548,0.39518,0.51105,0.016494,0.39187,0.22652,1,1
0.028355,0.039613,0.011835,0.01882,0.014279,0.022197,0.019053,0.011209,0.014345,0.021994,0.47452,0.18747,0.63613,0.30001,0.44223,0.9058,0,0.93316,0.84641,0.9308,0.791,0.27124,0.86454,0.32709,0.22632,0.32948,0.39182,0.29474,0,1
0.66772,0.47943,0.27152,0.7332,0.69619,0.63653,0.55241,0.26361,0.71923,0.65948,0.16553,0.25158,0.16038,0.25728,0.11608,0.93478,0,0.77005,0.85294,0.9308,0.84629,0.29461,0.80844,0.26531,0.76545,0.0086256,0.3917,0.54705,1,1
0.4024,0.25204,0.28588,0.55194,0.37837,0.51083,0.16623,0.33011,0.46694,0.34903,0.28238,0.25892,0.15839,0.23966,0.15203,0.5942,0,0.29144,0.66993,0.58705,0.81571,0.40789,0.83827,0.36316,0.66845,0.061048,0.39239,0.39769,1,1
0.066501,0.049764,0.034544,0.084831,0.081049,0.064295,0.027932,0.068409,0.044922,0.066924,0.35679,0.11639,0.53292,0.24642,0.22385,0.90942,0,0.82086,0.78758,0.89509,0.59406,0.29921,0.64485,0.24378,0.19301,0.085456,0.39183,0.14017,1,1
0.035851,0.04399,0.03091,0.056836,0.032626,0.050842,0.025023,0.028157,0.029574,0.021442,0.52582,0.12141,0.73346,0.38079,0.42565,0.92754,0,0.94385,0.87255,0.97991,0.95762,0.34091,0.97237,0.30674,0.080538,0.046051,0.39174,0.055114,1,1
0.50555,0.23175,0.18213,0.43882,0.409,0.36538,0.25969,0.28187,0.31784,0.35264,0.4325,0.26865,0.37644,0.34966,0.29929,0.83333,0,0.68984,0.4902,0.95312,0.7085,0.34472,0.78889,0.30685,0.82988,0.17149,0.39181,0.56294,1,1
0.44824,0.32111,0.269,0.50466,0.43319,0.48098,0.30462,0.19389,0.54837,0.38198,0.15753,0.23271,0.11027,0.2236,0.1089,0.63043,0,0.88235,0.79739,0.91964,0.89013,0.46629,0.87767,0.406,0.58192,0.017881,0.39174,0.46345,1,1
0.31058,0.15897,0.18513,0.34394,0.22976,0.30761,0.13668,0.26442,0.23456,0.26429,0.26575,0.16715,0.32885,0.23537,0.2296,0.48551,0,0.3262,0.70588,0.69643,0.65373,0.46991,0.6366,0.37887,0.65387,0.09237,0.39245,0.3412,1,1
0.016607,0.016538,0.0099176,0.035063,0.010472,0.018771,0.0054315,0.019097,0.012496,0.018915,0.57579,0.15053,0.76623,0.38168,0.49764,0.93116,0,0.86898,0.74837,0.97768,0.35704,0.49877,0.43581,0.46551,0.057726,0.13455,0.39203,0.057844,0,1
0.18049,0.11813,0.20203,0.24405,0.15076,0.19117,0.093505,0.28363,0.22148,0.16479,0.48956,0.22011,0.61995,0.34109,0.31794,0.74638,0,0.72193,0.78431,0.89063,0.75027,0.42395,0.80261,0.3891,0.433,0.077673,0.39241,0.29249,1,1
0.15967,0.16299,0.06097,0.16724,0.16766,0.19258,0.073773,0.15278,0.14391,0.13734,0.24384,0.12106,0.24273,0.16062,0.19616,0.76812,0,0.80749,0.77778,0.86161,0.65737,0.24937,0.71377,0.23976,0.36697,0.11089,0.39206,0.24223,1,1
0.65305,0.51826,0.14179,0.53055,0.46444,0.60877,0.48321,0.12112,0.74273,0.66687,0.10893,0.13484,0.18067,0.25465,0.07759,0.9058,0,0.92513,0.94444,0.97991,0.97708,0.39614,0.9596,0.31685,0.36844,0.0014858,0.39164,0.25604,1,1
0.59258,0.46399,0.1655,0.42744,0.52608,0.43405,0.46598,0.15144,0.60892,0.52012,0.39926,0.15331,0.33599,0.37612,0.2639,0.88768,0,0.94652,0.80392,0.95089,0.94435,0.18823,0.95106,0.17354,0.44846,0.012218,0.39177,0.29318,1,1
0.067038,0.083015,0.043311,0.056745,0.07176,0.070405,0.043337,0.049118,0.039448,0.052084,0.28321,0.12806,0.49678,0.23862,0.2765,0.94928,0,0.94652,0.83987,0.95536,0.29955,0.4233,0.32123,0.45605,0.33352,0.14154,0.39193,0.20196,1,1
0.065679,0.032934,0.037867,0.11649,0.042139,0.039189,0.024729,0.041243,0.030157,0.021795,0.3146,0.077051,0.52657,0.23397,0.29902,0.8913,0,0.88235,0.97386,0.88616,0.59436,0.40275,0.57871,0.32536,0.082715,0.055892,0.39174,0.026529,1,1
0.012296,0.020355,0.026392,0.02686,0.0088316,0.015336,0.0074446,0.016985,0.021322,0.0081552,0.54414,0.084159,0.83377,0.38219,0.50872,0.9529,0,0.94118,0.94771,0.97098,0.90152,0.50232,0.92306,0.43053,0.0089874,0.050261,0.39214,0.015041,0,1
0.32488,0.19546,0.15257,0.27866,0.33914,0.36211,0.27235,0.1876,0.30576,0.26151,0.27193,0.34013,0.14611,0.25571,0.19213,0.78986,0,0.68717,0.71242,0.90625,0.6466,0.18881,0.6989,0.21919,0.71201,0.19451,0.39232,0.51254,1,1
0.30837,0.20479,0.12308,0.3184,0.30155,0.34337,0.18746,0.17481,0.21003,0.2507,0.31335,0.18384,0.27094,0.21177,0.1938,0.8587,0,0.88235,0.69935,0.85268,0.81098,0.39434,0.8675,0.2743,0.60569,0.082633,0.39188,0.3511,1,1
0.29767,0.16831,0.15939,0.29674,0.31725,0.20124,0.22655,0.18922,0.24855,0.21944,0.50215,0.27279,0.49094,0.3508,0.3614,0.50362,0,0.52674,0.73529,0.84598,0.35935,0.65382,0.3918,0.59048,0.70337,0.17764,0.39208,0.39824,1,1
0.012419,0.023939,0.021732,0.043804,0.018534,0.020524,0.0071168,0.018426,0.022751,0.015062,0.38245,0.099079,0.62626,0.22878,0.39848,0.9529,0,0.87166,0.96405,0.96205,0.90306,0.30562,0.9481,0.26296,0.022854,0.031911,0.39223,0.017466,0,1
0.034838,0.035213,0.03275,0.051204,0.031077,0.021169,0.0089486,0.023577,0.028063,0.013998,0.5608,0.075618,0.8392,0.3666,0.45909,0.86594,0,0.91979,0.9281,0.91741,0.81014,0.43448,0.87195,0.4002,0.028645,0.059323,0.3918,0.031005,0,1
0.307,0.17376,0.23074,0.46319,0.30394,0.33779,0.083077,0.39861,0.45558,0.29678,0.20988,0.1666,0.18332,0.18984,0.10538,0.64855,0,0.82353,0.83007,0.80134,0.82837,0.64362,0.76837,0.58219,0.3449,0.012351,0.39244,0.16431,1,1
0.16031,0.066295,0.079491,0.15615,0.13312,0.13918,0.084449,0.13662,0.11424,0.093257,0.32622,0.18044,0.48604,0.24884,0.28077,0.74638,0,0.74332,0.62745,0.8058,0.60303,0.48852,0.6798,0.47514,0.53079,0.32164,0.39236,0.31538,1,1
0.38813,0.29039,0.16577,0.44426,0.39726,0.35124,0.20109,0.23936,0.3112,0.33047,0.11067,0.15097,0.095208,0.090192,0.06995,0.51087,0,0.80749,0.86601,0.89955,0.87999,0.35781,0.89512,0.26,0.84246,0.098155,0.39174,0.55984,1,1
0.3436,0.17265,0.23209,0.23749,0.33455,0.32923,0.15699,0.25228,0.23411,0.22193,0.43216,0.28398,0.4636,0.37432,0.32117,0.74275,0,0.85027,0.81373,0.95312,0.79101,0.39489,0.85834,0.38733,0.74994,0.14962,0.39188,0.48346,1,1
0.16153,0.073946,0.065827,0.11068,0.13328,0.14706,0.06518,0.11033,0.11119,0.070616,0.42202,0.21752,0.62033,0.29155,0.40709,0.88768,0,0.76738,0.96405,0.92857,0.82632,0.33956,0.88383,0.36714,0.38835,0.11574,0.39169,0.21841,1,1
0.058448,0.09292,0.037224,0.065086,0.061715,0.045945,0.026456,0.043268,0.047807,0.032952,0.34214,0.12917,0.3503,0.20059,0.25571,0.84783,0,0.92513,0.87255,0.9375,0.855,0.25687,0.92748,0.32522,0.23629,0.11265,0.39174,0.16177,1,1
0.00082214,0.0054784,0.008726,0.020058,0.00079905,0.0061731,0.0012211,0.0078874,0.0052346,0.003028,0.181,0.037546,0.29558,0.027569,0.16531,0.8442,0,0.84492,0.66993,0.35491,0.21238,0.32207,0.28118,0.31044,0.0047366,0.09705,0.39328,0.0076779,0,1
0.13368,0.043816,0.065314,0.14,0.080367,0.091531,0.02675,0.097963,0.094255,0.065437,0.16889,0.090383,0.20133,0.099862,0.17577,0.91667,0,0.88235,0.88235,0.92188,0.72751,0.57619,0.75994,0.49945,0.1511,0.055014,0.39193,0.055433,1,1
0.60924,0.47998,0.25193,0.68199,0.56279,0.66506,0.50373,0.22095,0.76462,0.64397,0.43783,0.23338,0.45825,0.47586,0.32252,0.84783,0,0.90909,0.9085,0.94866,0.87678,0.28338,0.84622,0.23341,0.70565,0.007671,0.39169,0.52686,1,1
0.0008667,0.0055662,0.0050529,0.0063935,0.00095091,0.0084208,0.0031138,0.007471,0.0066758,0.0045386,0.36283,0.070776,0.63609,0.16656,0.3025,0.91667,0,0.77273,0.78431,0.78571,0.25656,0.31178,0.40007,0.27042,0.011205,0.1179,0.39183,0.017377,0,1
0.2461,0.12244,0.1263,0.26746,0.24943,0.20222,0.13041,0.16314,0.15329,0.16314,0.34858,0.22301,0.40137,0.24727,0.33145,0.56884,0,0.69786,0.64052,0.70759,0.48288,0.50202,0.58682,0.43246,0.705,0.2518,0.39246,0.42457,1,1
0.016638,0.016131,0.011902,0.019873,0.0085297,0.0087726,0.0057623,0.0089644,0.0082937,0.0088758,0.32642,0.08672,0.52562,0.19296,0.33859,0.65942,0,0.82888,0.38889,0.77679,0.64721,0.28601,0.74738,0.26055,0.052705,0.25943,0.39205,0.08204,0,1
0.26636,0.17887,0.12938,0.21274,0.23322,0.28703,0.16659,0.1651,0.24387,0.21348,0.26669,0.29139,0.4046,0.2443,0.22194,0.82609,0,0.82353,0.72876,0.8817,0.83516,0.51565,0.89759,0.4378,0.52277,0.18782,0.39198,0.43952,1,1
0.34506,0.29349,0.21406,0.46913,0.31531,0.45405,0.15505,0.31436,0.4158,0.3112,0.21145,0.17475,0.14955,0.27878,0.16412,0,0,0.56417,0.86928,0.91071,0.62402,0.50537,0.53705,0.38265,0.7168,0.054429,0.39198,0.4002,1,1
0.021016,0.013268,0.02059,0.033039,0.028765,0.030784,0.01632,0.025346,0.014868,0.025574,0.35935,0.11182,0.55246,0.22712,0.2399,0.93116,0,0.86898,0.80719,0.95312,0.078991,0.38134,0.10631,0.41245,0.090683,0.18747,0.39169,0.068226,0,1
0.0047098,0.013725,0.0035038,0.0070799,0.0040687,0.0077996,0.0032141,0.0078451,0.0067035,0.0064202,0.40966,0.056565,0.57486,0.22549,0.36629,0.74275,0,0.90909,0.78758,0.92188,0.60968,0.175,0.72067,0.18704,0.032942,0.16669,0.39191,0.069447,0,1
0.18961,0.084518,0.075372,0.15877,0.20414,0.20199,0.12917,0.104,0.17941,0.136,0.0858,0.10578,0.011367,0.059972,0.040336,0.82609,0,0.85561,0.93791,0.89286,0.84866,0.26118,0.92072,0.23741,0.44328,0.080887,0.39179,0.21264,1,1
0.15234,0.091576,0.045219,0.067418,0.15253,0.15693,0.15322,0.03761,0.074045,0.099646,0.29685,0.20001,0.33126,0.18236,0.24783,0.88768,0,0.80214,0.81699,0.92411,0.94926,0.22076,0.98513,0.23309,0.82346,0.78141,0.39176,0.74294,1,1
0.17851,0.065073,0.074453,0.19116,0.14187,0.11352,0.045003,0.1346,0.16113,0.10197,0.44868,0.18813,0.50516,0.29522,0.30818,0.86594,0,0.81016,0.76471,0.8683,0.26945,0.46745,0.38658,0.43545,0.3001,0.097148,0.39186,0.14799,1,1
0.16889,0.079396,0.090977,0.18969,0.16565,0.14715,0.057176,0.18723,0.13888,0.080892,0.21732,0.18085,0.34213,0.15969,0.26318,0.75725,0,0.75401,0.76797,0.85491,0.46373,0.4254,0.50401,0.42849,0.45389,0.21536,0.39213,0.224,1,1
0.12011,0.079504,0.1301,0.30405,0.1355,0.18518,0.047205,0.23038,0.18296,0.13863,0.3136,0.1834,0.44875,0.25085,0.27434,0.8442,0,0.82888,0.84641,0.87723,0.70095,0.40862,0.66721,0.32545,0.39513,0.049991,0.39198,0.18562,1,1
0.011469,0.019225,0.010991,0.010562,0.013151,0.01613,0.018367,0.010222,0.0097153,0.015364,0.34081,0.11853,0.51309,0.18087,0.3125,0.80072,0,0.82353,0.72876,0.88393,0.42532,0.34255,0.60552,0.30741,0.12477,0.29149,0.3917,0.21438,0,1
0.012316,0.012903,0.010421,0.018712,0.0079146,0.016543,0.0091435,0.013338,0.011178,0.0091301,0.29882,0.082023,0.5396,0.14039,0.30834,0.80797,0,0,0.4085,0.63616,0.15671,0.31024,0.27937,0.32219,0.022671,0.18467,0.39208,0.041313,0,1
0.088875,0.085319,0.057326,0.16569,0.13835,0.12157,0.0339,0.17634,0.094676,0.13649,0.26683,0.14865,0.34424,0.15676,0.17819,0.91667,0,0.90909,0.87908,0.91071,0.55457,0.65025,0.60053,0.58506,0.19326,0.047673,0.39187,0.13047,1,1
0.072572,0.061597,0.054591,0.083935,0.048071,0.060303,0.048614,0.051941,0.04625,0.058092,0.49067,0.22374,0.64551,0.3381,0.41175,0.92391,0,0.89305,0.90523,0.95982,0.91795,0.21651,0.9487,0.2612,0.39507,0.29401,0.39189,0.35757,1,1
0.15668,0.080207,0.040841,0.18801,0.11503,0.15303,0.052308,0.083096,0.11999,0.088836,0.19188,0.10048,0.31508,0.12588,0.16762,0.85507,0,0.79412,0.83007,0.9308,0.63945,0.26211,0.71253,0.32691,0.45733,0.20956,0.3918,0.29335,1,1
0.1523,0.12859,0.089454,0.15419,0.095254,0.18492,0.087134,0.12273,0.12503,0.12637,0.342,0.26988,0.23671,0.24152,0.32381,0.84783,0,0.88235,0.87582,0.92857,0.90978,0.48129,0.95455,0.41808,0.60056,0.30368,0.39193,0.55686,1,1
0.062499,0.040443,0.065329,0.10886,0.059391,0.077764,0.032887,0.042612,0.081776,0.048251,0.49811,0.14935,0.73823,0.38946,0.40904,0.7971,0,0.90642,0.91176,0.95089,0.91591,0.38271,0.9386,0.35349,0.12083,0.049688,0.39179,0.089536,1,1
0.00050601,0.0013404,0.0077044,0.012606,0.00094289,0.0061624,0.0015648,0.0088358,0.0061257,0.0039155,0.40476,0.08298,0.68745,0.21419,0.40645,0.8913,0,0.82353,0.83333,0.8683,0.12316,0.50299,0.16667,0.46666,0.0051508,0.10473,0.39207,0.0055721,0,1
0.57774,0.40697,0.30169,0.67655,0.60193,0.5127,0.43226,0.32838,0.70604,0.51186,0.40732,0.2021,0.3761,0.40719,0.26787,0.92391,0,0.94652,0.71895,0.875,0.94684,0.23273,0.95829,0.24137,0.31688,0.0028128,0.39178,0.26156,1,1
0.024989,0.0090682,0.039057,0.05402,0.023899,0.023198,0.010028,0.046347,0.027866,0.015969,0.42154,0.092364,0.55988,0.27921,0.34475,0.89855,0,0.84759,0.81373,0.82143,0.23497,0.45261,0.2992,0.35602,0.01049,0.033366,0.39192,0.0064386,0,1
0.065455,0.061192,0.013618,0.045641,0.027108,0.042451,0.023957,0.015161,0.023801,0.023979,0.16841,0.10933,0.2699,0.079355,0.1624,0.7971,0,0.92781,0.9183,0.95089,0.84581,0.2389,0.89904,0.19882,0.19164,0.18331,0.39178,0.1898,1,1
0.49825,0.44954,0.25328,0.61044,0.56653,0.6077,0.44677,0.18772,0.65288,0.60324,0.25364,0.23549,0.19191,0.34811,0.14472,0.89493,0,0.95989,0.77451,0.96875,0.7914,0.25039,0.76933,0.2057,0.71229,0.0060348,0.39169,0.37759,1,1
0.35665,0.211,0.21728,0.27324,0.45283,0.34494,0.31562,0.2122,0.2987,0.26628,0.19587,0.26827,0.1123,0.14128,0.17108,0.77174,0,0.67647,0.9281,0.74554,0.78673,0.35221,0.89433,0.32233,0.93377,0.14135,0.39178,0.6572,1,1
0.10118,0.04431,0.03302,0.12549,0.079581,0.099938,0.0465,0.075586,0.05707,0.052178,0.19784,0.091769,0.32682,0.097339,0.18002,0.82971,0,0.61765,0.7451,0.66741,0.10238,0.30202,0.13709,0.29333,0.29149,0.16769,0.39235,0.15399,1,1
0.20454,0.1065,0.18545,0.25831,0.24383,0.27682,0.18905,0.14366,0.16841,0.152,0.33237,0.24334,0.38054,0.26805,0.2562,0.53261,0,0.90374,0.86601,0.92634,0.94432,0.32793,0.97172,0.33596,0.61064,0.2066,0.39194,0.43606,1,1
0.10569,0.082344,0.032184,0.065714,0.078591,0.1011,0.053548,0.049025,0.057943,0.062923,0.45569,0.16513,0.66409,0.3245,0.37798,0.90217,0,0.93316,0.9281,0.97545,0.56152,0.28591,0.64738,0.30597,0.54819,0.32033,0.3917,0.3378,1,1
0.39763,0.26353,0.19423,0.36549,0.47656,0.45565,0.3717,0.16916,0.42976,0.45974,0.3514,0.23569,0.24783,0.32111,0.17548,0.93478,0,0.90642,0.8366,0.91518,0.89237,0.16713,0.89402,0.19731,0.66547,0.048018,0.39178,0.4714,1,1
0.21273,0.1194,0.097107,0.29038,0.12937,0.2204,0.072437,0.15673,0.24611,0.14818,0.37935,0.10386,0.32607,0.2183,0.16859,0.85507,0,0.93583,0.92157,0.88616,0.61977,0.35164,0.56214,0.322,0.35318,0.03187,0.39179,0.27719,1,1
0.096833,0.07144,0.049614,0.082548,0.089663,0.083817,0.04058,0.069589,0.066946,0.052836,0.54981,0.15993,0.72172,0.37826,0.43917,0.8587,0,0.81016,0.80719,0.9375,0.4579,0.36882,0.50742,0.36724,0.19134,0.13553,0.39185,0.14756,1,1
0.069029,0.040422,0.057996,0.06029,0.058266,0.063423,0.052114,0.064678,0.060887,0.036798,0.62248,0.15277,0.74014,0.42172,0.41263,0.94203,0,0.91176,0.89869,0.90625,0.75565,0.39915,0.79091,0.37302,0.16111,0.10763,0.39168,0.10373,1,1
0.22,0.1291,0.11473,0.1812,0.27885,0.20377,0.18229,0.14217,0.18791,0.20272,0.31132,0.29034,0.40075,0.24566,0.26498,0.68116,0,0.053476,0.80065,0.58929,0.58199,0.37544,0.75787,0.3509,0.99952,0.71029,0.39204,0.77826,1,1
0.055978,0.05154,0.029558,0.077064,0.04184,0.064094,0.01713,0.022932,0.030477,0.051458,0.087423,0.058769,0.23277,0.024515,0.0969,0.76812,0,0.92246,0.86275,0.87277,0.46335,0.29865,0.52631,0.25085,0.2337,0.14109,0.39248,0.12996,1,1
0.16501,0.11096,0.10033,0.1895,0.18199,0.15176,0.073757,0.13255,0.1705,0.16287,0.31431,0.13366,0.29355,0.2481,0.21729,0.91667,0,0.93583,0.95098,0.93973,0.90319,0.32538,0.91886,0.29683,0.47788,0.065233,0.39178,0.2844,1,1
0.096401,0.091181,0.076675,0.1015,0.099144,0.083759,0.035445,0.097025,0.074488,0.062018,0.48583,0.17652,0.58631,0.34715,0.39207,0.90217,0,0.91176,0.95425,0.94643,0.70283,0.26351,0.83287,0.26277,0.35135,0.17568,0.3919,0.24506,1,1
0.26876,0.20513,0.085411,0.20346,0.27408,0.33801,0.28521,0.087001,0.18125,0.20063,0.20732,0.25551,0.23821,0.17008,0.20441,0.92391,0,0.86631,0.87582,0.92411,0.93712,0.13501,0.96375,0.19141,0.79885,0.27459,0.39181,0.72433,1,1
0.46568,0.37193,0.2624,0.48629,0.46612,0.46932,0.34283,0.28843,0.50035,0.51287,0.22712,0.21964,0.18552,0.25819,0.16597,0.66304,0,0.64706,0.7451,0.89955,0.85922,0.29201,0.87872,0.23251,0.53459,0.02082,0.3918,0.31263,1,1
0.45811,0.41372,0.27211,0.52242,0.47718,0.51047,0.35403,0.27626,0.59778,0.40276,0.36186,0.2205,0.43004,0.37139,0.24695,0.90217,0,0.75668,0.62418,0.77009,0.86645,0.24331,0.83742,0.23968,0.52868,0.01775,0.39228,0.32973,1,1
0.14636,0.083782,0.071785,0.11248,0.08209,0.085022,0.066967,0.06766,0.092048,0.081653,0.36642,0.18321,0.42705,0.24216,0.26914,0.83333,0,0.95187,0.88562,0.89955,0.88788,0.44523,0.94732,0.43007,0.29402,0.2267,0.39216,0.24594,1,1
0.017185,0.040006,0.016638,0.053763,0.018498,0.036083,0.013598,0.040523,0.023241,0.017387,0.27227,0.089845,0.33777,0.16601,0.24197,0.69203,0,0.57487,0.21242,0.73214,0.042406,0.38449,0.072539,0.37713,0.064846,0.15017,0.39231,0.054182,0,1
0.021127,0.028456,0.017622,0.038222,0.020704,0.030064,0.011941,0.018826,0.013307,0.014865,0.49483,0.10622,0.72732,0.32546,0.40882,0.96014,0,0.95187,0.67974,0.96205,0.40574,0.45313,0.49777,0.43625,0.055259,0.094129,0.39198,0.043755,0,1
0.036492,0.018605,0.0546,0.067392,0.027595,0.029658,0.010644,0.025789,0.040436,0.018312,0.51004,0.11996,0.75287,0.36416,0.4389,0.91667,0,0.84759,0.85621,0.91071,0.68637,0.39711,0.70947,0.35471,0.029166,0.056908,0.39213,0.022637,0,1
0.5043,0.34381,0.36692,0.56377,0.50622,0.49094,0.38498,0.32513,0.57208,0.53534,0.36456,0.29958,0.3313,0.33449,0.26029,0.7029,0,0.83422,0.61111,0.87054,0.84267,0.21984,0.88819,0.19832,0.71944,0.028999,0.39184,0.52116,1,1
0.10084,0.048544,0.056071,0.089529,0.075401,0.085068,0.047123,0.12605,0.12282,0.064051,0.32873,0.15252,0.45509,0.22108,0.3492,0.76449,0,0.88235,0.82026,0.91964,0.63266,0.44172,0.6845,0.41999,0.34608,0.25862,0.39192,0.24372,1,1
0.14487,0.079116,0.13225,0.33994,0.17086,0.16011,0.075428,0.27662,0.26768,0.17151,0.44361,0.26231,0.61825,0.36321,0.3448,0.75362,0,0.92513,0.91503,0.94196,0.80069,0.64115,0.75377,0.58828,0.22337,0.053952,0.39171,0.1202,1,1
0.26323,0.098498,0.1726,0.23806,0.23362,0.24031,0.17093,0.12556,0.18112,0.16031,0.381,0.33292,0.35897,0.26421,0.30376,0.77174,0,0.79947,0.79412,0.90179,0.77129,0.36178,0.83539,0.37601,0.78775,0.44021,0.3917,0.68856,1,1
0.030057,0.013149,0.022991,0.035546,0.016337,0.028723,0.0098838,0.030811,0.017972,0.015568,0.52656,0.13217,0.74955,0.33526,0.4361,0.66304,0,0.87433,0.85948,0.95312,0.38185,0.33689,0.41499,0.31076,0.13554,0.33392,0.39178,0.14925,0,1
0.033532,0.050095,0.028968,0.056514,0.055535,0.032707,0.035894,0.027237,0.032383,0.025694,0.31255,0.099767,0.4677,0.1375,0.24345,0.93841,0,0.97326,0.68627,0.9375,0.86017,0.34053,0.89245,0.31512,0.13126,0.052935,0.39216,0.099786,1,1
0.005654,0.01095,0.013458,0.021774,0.0096053,0.0096337,0.0076019,0.014193,0.0074052,0.0097981,0.27144,0.084113,0.48484,0.12461,0.26826,0.94928,0,0.77273,0.63725,0.5067,0.032971,0.55299,0.081754,0.49328,0.0080295,0.06066,0.39198,0.012271,0,1
0.071565,0.044029,0.016617,0.025815,0.039116,0.062292,0.045434,0.026934,0.027771,0.043873,0.57109,0.21305,0.77996,0.43404,0.45711,0.96014,0,0.75936,0.77451,0.96429,0.31679,0.26848,0.42394,0.25135,0.28416,0.33657,0.39168,0.25257,1,1
0.026724,0.030494,0.014076,0.039919,0.03391,0.045932,0.019546,0.031125,0.03123,0.025331,0.34915,0.13339,0.5381,0.20229,0.34969,0.86232,0,0.75134,0.55556,0.87054,0.093142,0.381,0.133,0.37938,0.13458,0.19668,0.39206,0.1003,0,1
0.024266,0.010769,0.020835,0.019353,0.013238,0.018741,0.0077814,0.015944,0.014396,0.015891,0.48495,0.10147,0.7615,0.32213,0.42965,0.94565,0,0.94118,0.89869,0.9375,0.82215,0.35531,0.88136,0.30185,0.035321,0.078248,0.39184,0.030511,0,1
0,0.005352,0.004134,0.0046625,0.00091463,0.0080774,0.0014295,0.0081762,0.0046979,0.0054587,0.4317,0.073487,0.72346,0.25147,0.3856,0.72101,0,0.78877,0.59804,0.82812,0.17426,0.33541,0.29487,0.30292,0.017092,0.19106,0.39222,0.028122,0,1
0.093226,0.087693,0.018727,0.082438,0.074219,0.079839,0.039606,0.04215,0.05507,0.064086,0.25637,0.13864,0.3727,0.17084,0.23167,0.8442,0,0.89305,0.87908,0.95089,0.67811,0.30085,0.80516,0.25849,0.36216,0.10559,0.39213,0.22876,1,1
0.20532,0.19198,0.11719,0.27308,0.20624,0.23262,0.1243,0.15186,0.21327,0.26936,0.11204,0.16211,0.16607,0.12436,0.12257,0.67029,0,0.7754,0.82026,0.875,0.83607,0.32469,0.83139,0.30721,0.4533,0.080511,0.39183,0.25222,1,1
0.024827,0.016041,0.013178,0.027485,0.013863,0.021075,0.011289,0.019332,0.011182,0.017384,0.52719,0.12871,0.81415,0.36348,0.46545,0.84058,0,0.90909,0.86928,0.91518,0.58588,0.258,0.69469,0.24295,0.077985,0.12857,0.39207,0.068872,0,1
0.049158,0.024964,0.025114,0.039817,0.043982,0.06761,0.019776,0.026392,0.046466,0.031729,0.18069,0.086498,0.37295,0.16289,0.24162,0.89493,0,0.91979,0.76471,0.92411,0.6173,0.44819,0.59986,0.40518,0.16025,0.10222,0.39178,0.082661,1,1
0.016044,0.010358,0.039898,0.069811,0.027958,0.029395,0.0066496,0.041551,0.015546,0.010232,0.12483,0.078044,0.28102,0.10139,0.14675,0.93841,0,0.89572,0.79412,0.85937,0.0093642,0.58659,0.018038,0.49997,0.03558,0.1466,0.39189,0.015525,0,1
0.05221,0.068042,0.054131,0.091668,0.049909,0.058664,0.022611,0.066085,0.067085,0.027962,0.30819,0.10113,0.44534,0.24888,0.26668,0.87319,0,0.8984,0.89542,0.89955,0.80194,0.46818,0.81388,0.41573,0.081808,0.056066,0.39186,0.046405,1,1
0.05221,0.045718,0.022602,0.041578,0.040177,0.032971,0.02762,0.019888,0.032258,0.022149,0.30152,0.10964,0.48276,0.19338,0.28579,0.62681,0,0.52406,0.30392,0.76116,0.62916,0.17329,0.79436,0.14766,0.20086,0.19633,0.39204,0.25229,0,1
0.69773,0.58889,0.24437,0.66442,0.76242,0.67947,0.67115,0.22589,0.80585,0.6956,0.41131,0.23658,0.44294,0.51638,0.32335,0.96739,0,0.97326,0.91176,0.97321,0.91753,0.19265,0.91189,0.13628,0.5873,0.0016723,0.39177,0.30485,1,1
0.092857,0.1344,0.03705,0.097779,0.086263,0.072691,0.040305,0.031808,0.050067,0.085354,0.29392,0.10365,0.30969,0.15924,0.1698,0.75725,0,0.86898,0.86275,0.87054,0.8404,0.33039,0.84769,0.32065,0.39896,0.26187,0.39181,0.30892,1,1
0.11854,0.12159,0.070559,0.11839,0.070196,0.082499,0.052496,0.057018,0.055847,0.049242,0.22245,0.10098,0.3106,0.12828,0.1628,0.88043,0,0.92246,0.93791,0.80357,0.57535,0.30473,0.6148,0.36036,0.20948,0.14347,0.39214,0.11083,1,1
0.14743,0.08671,0.096858,0.2103,0.18664,0.24605,0.070607,0.18778,0.12612,0.18999,0.59755,0.45735,0.70707,0.48283,0.41937,0.86232,0,0.94118,0.8366,0.95089,0.7261,0.67456,0.80907,0.6508,0.57607,0.17496,0.39178,0.38153,1,1
0.095989,0.054382,0.027691,0.06684,0.13029,0.093041,0.059933,0.045757,0.056599,0.06672,0.3826,0.15451,0.49214,0.30366,0.30838,0.85507,0,0.86096,0.87255,0.96875,0.80448,0.25986,0.89283,0.23361,0.52181,0.21704,0.39175,0.39976,1,1
0.29294,0.23747,0.19239,0.36779,0.28177,0.36987,0.20237,0.21515,0.26041,0.30467,0.33001,0.18597,0.24066,0.22265,0.18629,0.61232,0,0.8369,0.94444,0.84821,0.63571,0.41099,0.68873,0.33785,0.7217,0.11124,0.39177,0.56931,1,1
0.16494,0.092127,0.14313,0.26869,0.2341,0.29958,0.07911,0.15864,0.14366,0.13816,0.16169,0.12084,0.25551,0.097699,0.061077,0.82609,0,0.90107,0.94118,0.80134,0.6011,0.31292,0.59105,0.34616,0.45649,0.077973,0.39194,0.28993,1,1
0.23536,0.12048,0.12628,0.29316,0.27495,0.24253,0.14306,0.25208,0.24468,0.15992,0.36835,0.23602,0.35067,0.33812,0.3182,0.7029,0,0.88235,0.89216,0.89732,0.81311,0.4539,0.83364,0.49202,0.68585,0.10129,0.39186,0.38244,1,1
0.21823,0.10021,0.059232,0.11675,0.13728,0.20282,0.16611,0.094263,0.11039,0.090929,0.5146,0.23357,0.62439,0.41794,0.43199,0.8913,0,0.80214,0.90523,0.89955,0.67786,0.30049,0.81552,0.30967,0.97108,0.74107,0.39171,0.76021,1,1
0.18422,0.08577,0.077849,0.21387,0.12263,0.12645,0.064253,0.11805,0.12447,0.13682,0.22487,0.13037,0.3284,0.17835,0.18145,0.91667,0,0.9492,0.82353,0.83259,0.47194,0.47634,0.54067,0.41304,0.26634,0.16103,0.3918,0.18632,1,1
0.096833,0.067915,0.079194,0.092087,0.081689,0.050353,0.030677,0.064182,0.062692,0.043857,0.13423,0.10597,0.20058,0.047185,0.17158,0.96014,0,0.94118,0.93791,0.95089,0.74147,0.45218,0.79897,0.49846,0.25858,0.057146,0.39183,0.12148,1,1
0.00078131,0.0019723,0.0062901,0.011534,0.002625,0.0059631,0.0011698,0.010018,0.0065361,0.0032524,0.43757,0.070419,0.74702,0.26638,0.46799,0.93841,0,0.90107,0.71242,0.90625,0.18763,0.59418,0.30296,0.52338,0.00033141,0.037554,0.39204,0.0016652,0,1
0.55506,0.39031,0.32633,0.73797,0.58487,0.61243,0.32384,0.34553,0.55688,0.51211,0.25182,0.25738,0.19423,0.33748,0.19941,0.34783,0,0.85561,0.79739,0.78571,0.84971,0.43754,0.81062,0.35254,0.53023,0.0086415,0.39225,0.31676,1,1
