0.89401,0.75398,0.27067,0.5292,1.45,0.73398,0.61746,0.23042,0.4522,1.0521,0.77969,0.15144,0.75,0.75,0.8875,0.2625,0.066528,0.23333,0.26667,0.31667,368.91,497.66,422.81,297.66,207.14,274,-3.7101,215,1,43
0.25338,0.21432,0.10975,0.19531,0.32669,0.22933,0.203,0.10136,0.16441,0.2632,0.57446,0.074905,0.5375,0.5375,0.675,0.16739,0.035478,0.13333,0.16667,0.2,305.16,535.16,305.62,726.56,191.41,843,408.33,192.69,1,43
0.30301,0.3576,0.065878,0.18989,0.29049,0.23864,0.26708,0.055074,0.17293,0.21996,0.643,0.035,0.65,0.65,0.65,0.21733,0.02742,0.2,0.23333,0.23333,283.12,546.88,273.28,668.75,122.27,647,-12.381,123.33,1,43
1.5268,0.40723,1.2705,1.6293,1.7331,1.3658,0.35132,1.1492,1.4815,1.5706,0.62321,0.10918,0.6625,0.6625,0.6625,0.22143,0.057893,0.2,0.23333,0.26667,326.25,594.53,393.75,307.81,294.56,196,-4.2477,299.37,1,43
0.50597,0.53143,0.1214,0.25107,0.83063,0.39207,0.40823,0.09813,0.21989,0.52559,0.68672,0.13513,0.68125,0.75,0.75,0.22708,0.044253,0.2,0.23333,0.26667,277.97,581.25,302.34,423.44,159.68,271,-6.4744,160,1,43
0.91435,0.7085,0.44334,0.63273,1.2378,0.7357,0.45349,0.40092,0.51415,1.0276,0.65197,0.094764,0.6875,0.6875,0.6875,0.2193,0.047552,0.2,0.23333,0.25833,302.81,669.53,343.12,402.34,270.21,286,-6.6279,271.03,1,43
2.5442,0.91379,1.8344,2.3903,3.254,1.9626,0.51573,1.608,1.8092,2.3555,0.465,0.15772,0.41875,0.4875,0.52813,0.14,0.049441,0.11667,0.13333,0.175,330,499.22,307.03,650,152.52,60,-6.5646,152.65,1,43
2.1752,1.2093,1.0378,2.1067,3.5467,1.7345,1.0589,0.83479,1.8514,2.3113,0.50179,0.10543,0.475,0.475,0.59687,0.15714,0.025198,0.13333,0.16667,0.16667,342.66,500,314.53,689.84,191.92,89,-6.75,192.22,1,43
0.80985,1.0088,0.05772,0.26042,1.7363,0.72767,0.95773,0.043475,0.23507,1.3214,0.6308,0.035434,0.6375,0.6375,0.6375,0.20595,0.022321,0.2,0.2,0.21667,332.81,538.28,372.66,388.28,155.2,1130,-3.7647,358.35,1,43
2.7546,0.59229,2.344,2.8758,3.1615,2.4493,0.5478,2.0381,2.5286,2.9129,0.57857,0.20139,0.5,0.5,0.7,0.16667,0.057735,0.13333,0.2,0.2,378.75,326.56,315.94,611.72,291.99,105,-4.5398,295.33,1,43
2.3724,1.376,1.3545,2.2506,3.1752,1.7717,0.94582,1.0924,1.4824,2.6754,0.525,0.14755,0.45,0.5875,0.5875,0.1619,0.070523,0.13333,0.16667,0.225,360,370.31,326.25,582.03,214.39,90,-6.2731,215.17,1,43
1.7667,0.27439,1.522,1.8144,1.9949,1.6991,0.32035,1.3679,1.9069,1.9436,0.56607,0.1382,0.53438,0.6375,0.6375,0.17143,0.059094,0.14167,0.16667,0.225,321.56,604.69,358.59,357.03,250.41,136,-6.6878,250.54,1,43
1.4548,0.45452,1.0712,1.55,1.8773,1.3357,0.44043,0.9795,1.2474,1.7503,0.685,0.11766,0.725,0.725,0.725,0.21778,0.048578,0.2,0.23333,0.23333,312.66,547.66,375.47,254.69,299.63,211,-4.6642,307.39,1,43
0.69706,0.49725,0.41784,0.42708,0.94605,0.59194,0.40422,0.38213,0.39623,0.77002,0.65438,0.093478,0.6875,0.6875,0.6875,0.22,0.034877,0.2,0.23333,0.23333,294.84,692.19,346.88,410.16,286.79,347,-5.4204,288.83,1,43
3.507,0.12304,3.42,3.507,3.594,3.3002,0,3.3002,3.3002,3.3002,0.5125,0.28146,0.30938,0.675,0.675,0.13333,0.088192,0.066667,0.16667,0.19167,342.19,412.5,295.31,614.06,206.94,60,-4.3,207.81,1,43
2.9148,1.2619,1.9203,2.7676,3.9093,2.1687,0.78839,1.614,1.9795,2.7707,0.4325,0.10954,0.3125,0.5125,0.5125,0.12,0.055777,0.083333,0.13333,0.16667,299.06,497.66,295.78,671.09,173.47,60,-52.857,174.89,1,43
0.25286,0.22285,0.047792,0.15625,0.51196,0.2224,0.20464,0.044699,0.12493,0.45619,0.54464,0.098629,0.5875,0.5875,0.5875,0.14921,0.047864,0.13333,0.13333,0.16667,266.25,529.69,272.81,624.22,94.759,602,14.405,96.989,1,43
4.4289,0.54232,4.0455,4.4289,4.8124,4.6776,0,4.6776,4.6776,4.6776,0.5625,0.097628,0.50313,0.5125,0.63438,0.2,3.3993e-17,0.2,0.2,0.2,307.5,625.78,370.78,356.25,276.86,60,-4.2593,277.24,1,43
1.3616,0.51256,1.053,1.4149,1.7367,1.2256,0.48338,0.81904,1.2939,1.5658,0.53571,0.11745,0.4625,0.55,0.6375,0.16429,0.03572,0.13333,0.16667,0.2,300,432.03,300.47,739.06,307.03,241,655,307.57,1,43
0.67596,0.69025,0.052083,0.54618,1.0435,0.51719,0.53019,0.048334,0.20873,0.91439,0.4875,1.1492e-16,0.4875,0.4875,0.4875,0.13778,0.017213,0.13333,0.13333,0.13333,309.84,560.94,305.16,700.78,139.92,329,-29.833,140.39,1,43
0.92251,0.50976,0.42817,0.90233,1.1803,0.79272,0.43544,0.39818,0.74253,1.0848,0.64712,0.078752,0.65,0.6875,0.6875,0.20769,0.036398,0.2,0.2,0.23333,315.47,628.91,352.97,390.62,241.21,226,-6.3542,242.72,1,43
3.9271,1.4873,2.8755,3.9271,4.9788,2.6542,0,2.6542,2.6542,2.6542,0.425,0.1299,0.33125,0.5,0.5,0.1,0.033333,0.075,0.1,0.125,305.62,511.72,302.81,703.91,192.21,45,-68.333,192.5,1,43
2.413,0.23089,2.32,2.43,2.5746,2.2588,0.24706,2.0831,2.3224,2.4345,0.50208,0.13096,0.4375,0.525,0.6125,0.13333,0.055777,0.13333,0.13333,0.16667,329.06,457.03,298.12,667.97,213.19,91,-6.8182,213.87,1,43
0.74641,1.0161,0.097656,0.21922,0.79119,0.66351,0.93185,0.092598,0.19771,0.75026,0.55595,0.10035,0.5375,0.5375,0.5375,0.16032,0.047465,0.13333,0.13333,0.19167,315.94,453.12,459.84,235.94,260.54,1399,-1.5092,822.38,1,43
3.1883,1.2344,2.2065,3.1112,4.17,3.4761,1.0359,2.6955,3.5073,4.2488,0.5825,0.20684,0.55938,0.675,0.675,0.19333,0.089443,0.18333,0.23333,0.23333,274.69,607.03,336.56,354.69,259.82,75,-4.0783,260.11,1,43
0.3865,0.37061,0.11054,0.21843,0.74543,0.38803,0.39764,0.092994,0.1504,0.74621,0.725,1.1992e-16,0.725,0.725,0.725,0.24762,0.042414,0.23333,0.26667,0.26667,305.16,430.47,325.31,399.22,37.187,120,-1.5504,37.368,1,43
1.3479,0.32266,1.0513,1.374,1.6253,1.2133,0.30489,0.96243,1.0497,1.4884,0.63056,0.12486,0.65,0.6875,0.6875,0.18889,0.044096,0.18333,0.2,0.20833,305.62,551.56,338.44,392.19,162.72,121,-4.8571,163.34,1,43
2.1795,0.12633,2.0956,2.2061,2.2634,2.1143,0.040019,2.0838,2.1204,2.1433,0.5975,0.1733,0.57813,0.675,0.675,0.2,0.04714,0.15833,0.23333,0.23333,316.88,567.19,358.59,381.25,190.56,90,-4.4569,190.7,1,43
1.4314,1.0701,0.80384,1.0661,1.8462,0.86491,0.27668,0.66997,0.91117,1.0599,0.62708,0.14799,0.6875,0.6875,0.6875,0.21111,0.058373,0.2,0.23333,0.23333,347.81,485.16,390.47,391.41,103,75,-2.1978,104.96,1,43
2.1224,1.0473,1.3511,2.164,2.9236,1.6324,0.82028,1.0126,1.7005,2.2522,0.74375,0.10717,0.7875,0.7875,0.7875,0.22222,0.040369,0.2,0.21667,0.26667,330,499.22,373.12,353.12,152.33,74,-3.3877,155.77,1,43
2.9722,1.376,1.7368,3.3118,4.1716,2.4637,1.2684,1.3287,3.0035,3.3193,0.53929,0.12488,0.425,0.575,0.575,0.14762,0.03253,0.13333,0.13333,0.16667,329.06,460.94,308.44,725,264.87,91,-12.803,268.32,1,43
2.9653,0.070165,2.9146,3.0055,3.006,2.7443,0.095129,2.677,2.7443,2.8116,0.5125,0.1633,0.4125,0.5125,0.6125,0.13333,0.027217,0.11667,0.13333,0.15,318.75,496.88,294.38,628.12,133.49,45,-5.3846,133.56,1,43
1.0612,0.72983,0.34198,0.91783,1.6613,0.89115,0.61133,0.25659,0.82383,1.4972,0.52941,0.099701,0.525,0.525,0.525,0.15294,0.040925,0.13333,0.13333,0.175,322.97,469.53,305.62,749.22,280.22,256,-16.126,281.37,1,43
1.3678,0.46591,0.98157,1.5156,1.7891,1.2027,0.42708,0.8843,1.2458,1.5775,0.5875,0.11365,0.6,0.6,0.6,0.17,0.033148,0.13333,0.16667,0.2,348.28,453.12,343.12,636.72,183.67,135,-35.606,184.65,1,43
0.9017,0.79757,0.21066,0.73383,1.3187,0.71738,0.6198,0.19918,0.57628,1.0993,0.57833,0.135,0.55,0.55,0.6875,0.18889,0.043033,0.16667,0.2,0.2,345,432.81,334.69,696.09,263.48,256,-25.53,265.38,1,43
1.3975,0.75189,0.78494,1.3246,1.8785,1.112,0.54215,0.64489,1.0367,1.4179,0.52222,0.11656,0.47187,0.5125,0.65,0.15926,0.059577,0.13333,0.16667,0.2,330.47,539.06,340.78,703.91,165.17,120,15.985,166.06,1,43
0.21581,0.25954,0.070221,0.1578,0.21066,0.16268,0.14198,0.062843,0.1429,0.20403,0.73056,0.10104,0.75,0.75,0.75,0.21358,0.045535,0.2,0.2,0.23333,328.12,487.5,326.72,597.66,110.17,693,-78.333,111.3,1,43
1.6041,1.0235,0.61235,1.7017,2.5285,1.4783,1.0211,0.48399,1.4298,2.4933,0.60521,0.16467,0.525,0.525,0.675,0.18056,0.041337,0.15,0.16667,0.2,369.84,459.38,341.25,721.88,264.05,166,-9.1803,265.48,1,43
0.69968,0.72258,0.21066,0.50668,0.97544,0.55265,0.48919,0.17505,0.43103,0.76769,0.56406,0.10704,0.575,0.575,0.575,0.17778,0.044685,0.16667,0.18333,0.2,365.62,443.75,347.34,744.53,301.34,422,-16.453,304.18,1,43
0.38648,0.43963,0.16927,0.21751,0.42045,0.29491,0.24533,0.14658,0.19791,0.30641,0.61339,0.067093,0.525,0.6625,0.6625,0.20476,0.026781,0.2,0.2,0.2,337.5,496.09,325.78,693.75,198,483,-16.867,200.88,1,43
1.7652,0.24118,1.6194,1.6757,1.988,1.6928,0.20594,1.5431,1.6183,1.8505,0.625,0.20356,0.5875,0.5875,0.7375,0.20303,0.082266,0.16667,0.2,0.25833,352.03,412.5,328.12,699.22,287.71,166,-11.993,290.72,1,43
0.5387,0.66202,0.11282,0.20408,0.81039,0.4574,0.57498,0.095415,0.18664,0.65203,0.62197,0.085868,0.6375,0.6375,0.6375,0.1798,0.039033,0.16667,0.16667,0.2,326.72,462.5,332.34,728.12,265.68,619,47.222,271.87,1,43
0.6349,0.76194,0.15625,0.33657,0.92388,0.499,0.54054,0.14583,0.3048,0.55041,0.57946,0.090537,0.6,0.6,0.6,0.18095,0.029297,0.16667,0.2,0.2,328.59,483.59,346.41,739.06,256.09,528,14.342,263.74,1,43
0.30117,0.54181,0.036251,0.10875,0.26228,0.27249,0.51395,0.035908,0.10473,0.22793,0.725,0.077502,0.65938,0.7625,0.7625,0.22261,0.033524,0.2,0.2,0.23333,339.38,448.44,407.81,343.75,125.07,3065,-1.5297,443.71,1,43
0.30345,0.27405,0.12148,0.15185,0.38823,0.25385,0.23587,0.11338,0.13683,0.34133,0.65556,0.10626,0.6875,0.6875,0.6875,0.20556,0.032839,0.2,0.2,0.23333,331.41,580.47,368.91,497.66,90.907,302,-2.2083,91.234,1,43
1.0919,0.85938,0.38572,0.85292,1.6207,0.88899,0.65239,0.3569,0.72996,1.271,0.68088,0.08818,0.6875,0.725,0.725,0.21569,0.037486,0.2,0.2,0.24167,351.56,680.47,386.25,385.94,296.57,272,-8.491,298.1,1,43
0.32025,0.23657,0.15934,0.31869,0.38997,0.24075,0.12492,0.14872,0.21511,0.34815,0.63438,0.074071,0.6,0.675,0.675,0.22222,0.029588,0.2,0.23333,0.23333,348.75,622.66,363.75,556.25,68.079,182,-4.4271,68.709,1,43
0.346,0.34582,0.078166,0.2426,0.47583,0.25512,0.2478,0.056397,0.10218,0.39267,0.65,0,0.65,0.65,0.65,0.21282,0.016879,0.2,0.2,0.23333,358.59,668.75,371.72,588.28,81.532,271,-6.131,81.692,1,43
0.28057,0.32431,0.10417,0.18225,0.34939,0.26264,0.31824,0.074316,0.17412,0.30838,0.74821,0.1257,0.7,0.775,0.8375,0.24762,0.04223,0.23333,0.26667,0.26667,409.69,345.31,450.94,334.38,42.675,834,-0.26515,157.92,0,43
1.0395,1.0619,0.37207,0.79248,1.1768,0.77507,0.65057,0.29276,0.70287,1.1048,0.53015,0.12383,0.525,0.5625,0.5625,0.16275,0.051211,0.13333,0.16667,0.2,304.22,383.59,335.62,743.75,361.52,391,11.468,382.89,1,43
1.7249,0.88445,1.0258,1.6294,2.6492,1.4825,0.81729,0.78484,1.4224,2.2588,0.48472,0.16498,0.3875,0.5375,0.57812,0.14815,0.052997,0.13333,0.16667,0.16667,328.12,446.88,336.09,717.97,271.21,151,34.02,274.02,1,43
0.1549,0.11084,0.078512,0.13391,0.1822,0.14614,0.10676,0.074431,0.12175,0.17993,0.56776,0.075613,0.5,0.6375,0.6375,0.18068,0.034174,0.16667,0.2,0.2,310.78,510.16,361.41,754.69,249.72,2066,4.8302,252.92,1,43
0.39969,0.62216,0.16382,0.21066,0.28287,0.37017,0.61618,0.14928,0.20025,0.26263,0.65778,0.031678,0.6625,0.6625,0.6625,0.21407,0.034443,0.2,0.2,0.23333,375,674.22,402.19,375.78,299.67,771,-10.977,303.03,1,43
0.1153,0.13081,0.050403,0.078899,0.13927,0.097856,0.077681,0.045884,0.075521,0.13145,0.58198,0.058683,0.55,0.55,0.55,0.22165,0.04318,0.2,0.23333,0.26667,355.31,682.81,390.47,535.16,151.78,2345,-4.2,189.87,1,43
1.5238,0.60824,1.1581,1.3109,2.0053,1.3572,0.57,1.0614,1.1206,1.8028,0.53269,0.13915,0.4125,0.575,0.575,0.1641,0.044015,0.13333,0.16667,0.2,363.28,373.44,343.59,721.09,348.21,210,-17.659,353.8,1,43
2.2668,1.1003,1.5689,2.3525,2.9577,1.8594,0.89066,1.3995,1.9771,2.4869,0.5,0.17886,0.4,0.55,0.59688,0.14815,0.066898,0.11667,0.16667,0.18333,338.44,421.09,337.97,692.97,271.88,121,-580,274.58,1,43
0.89975,0.65651,0.38093,0.6575,1.2116,0.70036,0.44189,0.35782,0.4856,1.0297,0.49038,0.089436,0.4375,0.4375,0.575,0.15385,0.034797,0.125,0.16667,0.16667,331.88,555.47,345,714.84,159.91,180,12.143,161.75,1,43
0.90816,0.54971,0.26228,0.95392,1.3021,0.78765,0.49068,0.20631,0.83393,1.1887,0.48417,0.12252,0.425,0.425,0.575,0.14889,0.0434,0.13333,0.16667,0.16667,329.53,484.38,343.12,727.34,243.35,242,17.874,245.11,1,43
0.7984,0.76855,0.26042,0.54777,1.3036,0.63745,0.53428,0.21843,0.4994,1.0935,0.51957,0.11186,0.4625,0.4625,0.6125,0.17246,0.032802,0.14167,0.16667,0.2,334.69,427.34,338.91,723.44,296.12,392,70.185,297.57,1,43
0.1025,0.087518,0.053811,0.075605,0.13548,0.098287,0.085739,0.048978,0.063231,0.13773,0.71836,0.068611,0.6625,0.6625,0.8,0.225,0.029329,0.2,0.23333,0.23333,323.91,457.81,354.84,461.72,31.183,1072,0.12626,72.993,0,43
0.74038,0.69616,0.15625,0.39481,1.4149,0.60707,0.60952,0.12606,0.22514,1.1906,0.65167,0.071005,0.5875,0.5875,0.725,0.20222,0.026627,0.2,0.2,0.225,340.31,664.06,362.34,507.03,158.57,242,-7.1277,159.33,1,43
0.56762,0.51022,0.15934,0.26953,0.9213,0.45693,0.4313,0.14724,0.19256,0.77602,0.5375,0.090139,0.5625,0.5625,0.5625,0.19744,0.044015,0.2,0.2,0.23333,331.88,632.03,351.09,489.06,144.25,211,-7.439,144.65,1,43
0.37962,0.34069,0.12148,0.30756,0.45691,0.33712,0.30781,0.11449,0.27764,0.41683,0.60581,0.043843,0.6125,0.6125,0.6125,0.21085,0.024903,0.2,0.2,0.23333,379.69,685.94,417.66,609.38,85.46,1647,-2.0165,492.19,1,43
0.33886,0.32386,0.078125,0.25944,0.43501,0.30456,0.30425,0.07311,0.1966,0.40707,0.68701,0.062398,0.5875,0.725,0.725,0.22288,0.031616,0.2,0.23333,0.23333,338.91,532.81,418.59,352.34,197.28,1404,-2.2647,284.88,1,43
1.0686,0.35338,0.79846,0.89,1.3238,0.96586,0.34624,0.72507,0.8007,1.1252,0.53854,0.039693,0.55,0.55,0.55,0.20833,0.037939,0.2,0.2,0.23333,356.72,603.91,399.84,432.81,176.44,166,-3.9674,177.81,1,43
0.86305,0.4554,0.43604,0.90648,1.2146,0.74141,0.41852,0.37269,0.70136,1.0498,0.57692,0.15206,0.49688,0.6625,0.6625,0.18205,0.061787,0.15833,0.16667,0.23333,350.16,671.09,404.53,450.78,226.92,226,-4.0517,228.3,1,43
0.72801,0.74703,0.316,0.39665,0.68354,0.67758,0.73504,0.28468,0.37021,0.61277,0.60921,0.10703,0.55,0.6625,0.6625,0.20526,0.03194,0.2,0.2,0.23333,359.06,623.44,397.97,428.12,199.15,286,-5.0201,201.06,1,43
2.0585,0.40897,1.7884,2.1791,2.3471,2.0137,0.28149,1.8632,2.0889,2.2092,0.56364,0.19497,0.5,0.5,0.7,0.1697,0.064039,0.13333,0.13333,0.2,376.41,401.56,358.12,710.94,309.91,151,-16.923,311.16,1,43
1.8124,0.50063,1.5858,2.0233,2.0921,1.5812,0.47957,1.2699,1.7751,1.8926,0.5,0.11068,0.5,0.5,0.5,0.15556,0.027217,0.13333,0.15,0.16667,333.28,573.44,350.16,722.66,150.17,90,8.8426,150.6,1,43
1.9257,1.0579,1.2357,2.2917,2.5422,1.4914,0.88864,0.84589,1.7868,2.1369,0.42917,0.17133,0.3,0.4875,0.4875,0.12222,0.058373,0.1,0.11667,0.16667,338.91,549.22,346.41,714.06,165.01,90,21.979,167.53,1,43
0.64773,0.44962,0.37527,0.46053,0.84018,0.53726,0.34497,0.34739,0.41827,0.6804,0.49706,0.096979,0.4125,0.55,0.55,0.14902,0.042684,0.13333,0.16667,0.16667,324.84,585.94,343.12,748.44,163.53,272,8.8889,165.38,1,43
0.67819,1.1437,0.12614,0.22846,0.49592,0.66038,1.1213,0.1181,0.20598,0.49947,0.70365,0.043376,0.7125,0.7125,0.7125,0.22639,0.035412,0.2,0.23333,0.25,322.97,534.38,400.31,373.44,178.56,649,-2.0808,241.12,1,43
0.80092,0.68931,0.15934,0.65925,1.4216,0.75775,0.67994,0.15125,0.53945,1.3602,0.78224,0.14739,0.825,0.825,0.825,0.22456,0.039818,0.2,0.23333,0.23333,364.22,387.5,458.44,280.47,142.59,333,-1.136,220.34,1,43
0.8172,0.68244,0.11652,0.75054,1.4852,0.67064,0.62245,0.072749,0.68905,0.93362,0.6625,0.069372,0.6125,0.6125,0.75,0.23939,0.035957,0.2,0.23333,0.26667,350.16,610.94,374.06,489.06,124.2,197,-5.098,124.46,1,43
0.90673,0.97355,0.15282,0.39104,1.5693,0.84228,0.93068,0.11733,0.35897,1.5188,0.60702,0.12896,0.5375,0.625,0.64375,0.20058,0.051752,0.16667,0.2,0.23333,385.78,595.31,386.72,769.53,174.22,1361,185.83,865.07,1,43
0.78531,0.99161,0.25228,0.43567,0.8654,0.58958,0.59608,0.21809,0.40943,0.75121,0.58405,0.10516,0.5125,0.65,0.65,0.18161,0.049269,0.13333,0.2,0.2,356.25,450.78,417.66,538.28,106.9,604,1.4249,336.67,1,43
1.5683,1.0705,0.76372,1.6678,2.6575,1.2686,0.92121,0.52248,1.277,1.9997,0.48,0.10916,0.475,0.475,0.475,0.12667,0.034427,0.1,0.13333,0.16667,379.69,489.06,361.88,699.22,210.91,136,-11.798,212.85,1,43
0.62696,0.43836,0.25404,0.48916,0.97933,0.52394,0.35168,0.23305,0.45067,0.77414,0.47153,0.062984,0.475,0.475,0.475,0.14444,0.039606,0.13333,0.15,0.16667,351.56,578.12,370.78,740.62,163.63,272,8.4553,164.43,1,43
1.7797,1.0302,0.99576,1.6545,2.4521,1.4534,0.73062,0.82349,1.4295,1.99,0.49423,0.10626,0.45937,0.5,0.53438,0.13333,0.049065,0.1,0.13333,0.16667,352.97,430.47,375.94,750.78,321.13,196,13.946,334.07,1,43
0.41282,0.28827,0.16829,0.34939,0.51387,0.36825,0.27291,0.15707,0.29298,0.48076,0.52187,0.083099,0.475,0.475,0.6125,0.15476,0.026001,0.13333,0.16667,0.16667,347.34,572.66,376.88,748.44,178.24,421,5.9524,180.27,1,43
0.42697,0.66709,0.10875,0.15934,0.31869,0.404,0.63746,0.091226,0.14872,0.28409,0.59702,0.071832,0.5,0.65,0.65,0.19524,0.033256,0.16667,0.2,0.225,337.5,491.41,415.78,367.97,146.17,1601,-1.5768,438.67,1,43
1.5236,0.41215,1.1835,1.4427,1.7568,1.4653,0.39761,1.1852,1.383,1.688,0.61635,0.14301,0.575,0.7125,0.7125,0.18974,0.055083,0.19167,0.2,0.23333,360.47,619.53,409.22,347.66,276.21,182,-5.5769,276.95,1,43
1.4184,0.44857,1.2272,1.4319,1.7612,1.2836,0.42657,1.1348,1.3118,1.504,0.60192,0.14187,0.54063,0.6875,0.6875,0.19487,0.054171,0.18333,0.2,0.23333,361.41,617.19,401.25,364.06,256.24,181,-6.3529,257.55,1,43
1.2553,0.28629,1.1097,1.3235,1.4647,1.1583,0.2722,0.99409,1.2008,1.3605,0.58667,0.05164,0.6,0.6,0.6,0.20222,0.04076,0.175,0.2,0.23333,302.81,651.56,357.66,384.38,272.76,225,-4.8718,274.7,1,43
2.1155,1.0059,1.2081,2.014,2.7605,1.6932,0.72468,1.0814,1.5724,2.317,0.43214,0.17808,0.3625,0.3625,0.525,0.11905,0.066269,0.066667,0.13333,0.18333,338.91,447.66,344.53,719.53,271.93,120,48.333,273.21,1,43
2.7779,1.2026,1.9317,3.1652,3.6241,2.3098,1.1795,1.4099,2.629,3.1299,0.48,0.16408,0.40313,0.4625,0.625,0.13333,0.033333,0.1,0.13333,0.16667,340.78,475,345,716.41,241.44,106,57.222,241.86,1,43
0.46642,0.57219,0.052468,0.21066,0.59989,0.43698,0.56624,0.04514,0.18848,0.60406,0.65677,0.11881,0.525,0.6875,0.7,0.2,0.055862,0.13333,0.23333,0.23333,329.06,471.09,371.25,725,257.39,1615,6.0185,353.4,1,43
2.7308,1.375,1.712,2.3196,3.7489,2.0474,0.80246,1.4664,1.953,2.6284,0.47083,0.14634,0.4625,0.4625,0.6125,0.14444,0.054433,0.13333,0.13333,0.16667,347.34,459.38,349.22,698.44,239.07,90,127.5,240.96,1,43
0.8493,0.53174,0.49795,0.64732,1.2512,0.48439,0.18817,0.35133,0.48439,0.61744,0.45,0.1,0.4,0.5,0.5,0.15,0.033333,0.13333,0.16667,0.16667,330.94,573.44,339.84,607.03,34.754,44,3.7719,36.567,1,43
2.3055,0.84348,1.6187,2.2281,2.9923,1.804,0.59435,1.3809,1.6804,2.2579,0.4325,0.14048,0.3,0.4625,0.50625,0.12667,0.064118,0.083333,0.13333,0.175,338.91,526.56,332.81,660.94,134.51,59,-22.051,135.02,1,43
4.6152,0.8727,3.9981,4.6152,5.2323,3.7656,0,3.7656,3.7656,3.7656,0.575,0.1375,0.47187,0.575,0.67813,0.21111,0.03849,0.18333,0.23333,0.23333,354.38,604.69,378.75,407.81,198.38,45,-8.0769,198.43,1,43
0.41648,0.94058,0.10417,0.16504,0.21066,0.39849,0.9004,0.097154,0.1496,0.2013,0.67848,0.072174,0.7,0.7,0.7,0.2153,0.038765,0.2,0.2,0.23333,377.81,517.19,337.97,613.28,104.03,1284,-2.4118,455.33,1,43
2.2727,1.5677,1.2725,1.7974,2.7988,2.2359,1.6536,1.1535,1.5287,3.007,0.62031,0.15468,0.675,0.675,0.675,0.2,0.061721,0.18333,0.21667,0.23333,350.16,557.03,411.09,326.56,238.39,106,-3.7821,239.11,1,43
2.9014,0.42712,2.7848,3.057,3.1501,2.708,0.47208,2.4349,2.9036,2.981,0.52292,0.20131,0.4125,0.6,0.675,0.17778,0.065546,0.13333,0.2,0.23333,341.25,622.66,393.28,360.94,266.84,91,-5.03,267.98,1,43
0.92298,0.89112,0.12148,0.90573,1.4091,0.93961,0.87525,0.11212,1.0024,1.3794,0.69018,0.13029,0.725,0.725,0.725,0.22857,0.04308,0.23333,0.23333,0.26667,362.81,434.38,457.03,284.38,177.14,256,-1.592,197.23,1,43
0.4865,0.9059,0.078125,0.12148,0.26042,0.43307,0.84843,0.07259,0.10695,0.24293,0.70563,0.11513,0.65,0.7875,0.7875,0.21611,0.042737,0.2,0.23333,0.23333,343.59,530.47,367.5,766.41,237.15,1449,9.8693,522.74,1,43
2.5822,0.57084,2.1663,2.507,3.0169,2.0927,0.28542,1.8909,2.0927,2.2946,0.40625,0.079386,0.3375,0.40625,0.475,0.14167,0.041944,0.11667,0.13333,0.16667,336.09,572.66,344.06,690.62,118.24,46,14.804,118.25,1,43
3.2701,1.0654,2.4847,3.1785,4.0784,2.5127,0.66629,2.0416,2.5127,2.9839,0.425,0.16583,0.325,0.45,0.525,0.125,0.041944,0.1,0.13333,0.15,334.22,502.34,344.53,714.84,212.75,60,20.606,212.83,1,43
2.1881,1.5878,0.6823,2.1022,3.778,1.6471,1.4566,0.53085,1.2674,2.7633,0.38958,0.12485,0.35,0.41875,0.4875,0.10556,0.038968,0.1,0.11667,0.13333,352.5,543.75,378.75,762.5,220.32,91,8.3333,221.04,1,43
5.5495,0.082468,5.4912,5.5495,5.6079,5.2647,0,5.2647,5.2647,5.2647,0.65,0.086603,0.5875,0.7,0.7,0.21111,0.019245,0.2,0.2,0.225,352.97,648.44,370.78,471.88,177.46,32,-9.9123,177.47,1,43
0.50107,0.50272,0.098112,0.42708,0.82898,0.47473,0.50691,0.071658,0.28799,0.84685,0.78625,0.058616,0.75,0.7625,0.7625,0.265,0.033289,0.25,0.26667,0.28333,322.97,425.78,412.97,321.09,138.06,531,-1.1632,167.57,1,43
1.6261,0.4379,1.4134,1.6701,1.9457,1.5243,0.45453,1.256,1.5902,1.8546,0.60192,0.038136,0.6125,0.6125,0.6125,0.20769,0.038858,0.2,0.2,0.23333,285.94,636.72,360,326.56,318.88,196,-4.1878,325.57,1,43
1.182,0.49637,0.88914,1.1181,1.6509,1.0077,0.40712,0.7392,0.99208,1.2968,0.55125,0.075104,0.575,0.575,0.575,0.21,0.03865,0.2,0.21667,0.23333,335.62,609.38,375,455.47,158.86,135,-3.9087,159.72,1,43
1.5342,0.47134,1.2852,1.4703,1.891,1.4036,0.49759,1.1767,1.3087,1.7453,0.5925,0.17161,0.6,0.6,0.7625,0.2,0.073703,0.16667,0.21667,0.23333,306.09,432.81,330.47,703.12,271.41,166,11.09,275.39,1,43
1.176,1.3009,0.14476,0.76514,1.6444,1.013,1.127,0.12975,0.68152,1.4907,0.74088,0.12221,0.7,0.7,0.8375,0.24865,0.054769,0.225,0.26667,0.3,330.94,505.47,342.19,646.88,141.85,697,12.569,681.9,1,43
1.7238,0.97607,1.0045,1.6768,2.7263,1.3742,0.85883,0.78234,1.1173,2.0811,0.56071,0.14168,0.5625,0.5625,0.66562,0.15238,0.046576,0.13333,0.16667,0.19167,318.75,461.72,300.47,617.19,156.54,91,-8.5043,157.49,1,43
1.5501,1.1127,0.72489,2.0871,2.2412,1.106,1.2794,0.20126,1.106,2.0107,0.46875,0.19486,0.3,0.46875,0.6375,0.14167,0.078764,0.083333,0.16667,0.2,322.5,501.56,319.69,631.25,129.72,75,-46.111,132.37,1,43
1.4543,1.2877,0.54377,1.4543,2.3649,0.4807,0,0.4807,0.4807,0.4807,0.41667,0.22372,0.25938,0.3625,0.5875,0.14444,0.083887,0.083333,0.13333,0.20833,330.94,485.94,321.56,635.16,149.51,75,-15.917,150.05,1,43
2.2834,0.30403,2.038,2.2977,2.5288,2.0682,0.33989,1.8329,1.9727,2.3274,0.5675,0.14048,0.49375,0.5375,0.7,0.18,0.038006,0.15833,0.16667,0.20833,337.5,484.38,331.41,621.09,136.85,60,-22.436,137,1,43
2.1631,0.96752,1.5117,2.4184,2.5418,1.7458,0.65222,1.4018,1.8482,2.3033,0.59063,0.18646,0.5125,0.6,0.6875,0.1875,0.058926,0.16667,0.2,0.21667,337.5,421.88,325.31,671.09,249.52,120,-20.449,249.88,1,43
1.6529,1.8671,0.081815,0.84779,3.4906,1.5664,1.865,0.066737,0.29479,3.4082,0.70288,0.069626,0.65,0.65,0.7875,0.23333,0.033333,0.2,0.23333,0.26667,328.59,504.69,375.94,351.56,160.28,362,-3.2343,329.18,1,43
1.1576,0.88043,0.32247,1.1052,1.8589,1.0263,0.82237,0.24441,1.0133,1.6899,0.7244,0.12219,0.6625,0.8125,0.8125,0.24921,0.052302,0.23333,0.26667,0.275,333.75,596.09,427.03,273.44,335.87,363,-3.459,350.59,1,43
1.4091,1.6662,0.17113,0.8991,1.726,1.228,1.4974,0.15765,0.82708,1.4827,0.725,0.13814,0.6875,0.725,0.80625,0.23438,0.058954,0.2,0.23333,0.26667,367.03,353.91,334.69,597.66,245.89,757,-7.5362,804,1,43
0.54302,0.54828,0.15934,0.21418,0.86136,0.50451,0.53514,0.14541,0.20004,0.88623,0.60144,0.10772,0.475,0.6625,0.6625,0.18462,0.047358,0.16667,0.2,0.23333,351.56,543.75,367.03,749.22,206.05,423,13.283,207.03,1,43
2.6575,0.51743,2.2917,2.6575,3.0234,2.0901,0,2.0901,2.0901,2.0901,0.38333,0.12269,0.3125,0.3125,0.47188,0.11111,0.03849,0.083333,0.13333,0.13333,355.31,626.56,357.19,706.25,79.71,30,42.5,79.726,1,43
0.43128,0.29562,0.2052,0.3699,0.47418,0.40974,0.30924,0.14023,0.37548,0.45562,0.72917,0.11189,0.7625,0.7625,0.7625,0.22593,0.035342,0.2,0.23333,0.26667,375.94,536.72,415.31,411.72,131.05,317,-3.1746,132.26,1,43
1.2267,1.4565,0.16382,0.33959,2.4401,1.1839,1.4534,0.14261,0.30349,2.5769,0.75,0.061024,0.775,0.775,0.775,0.2359,0.031802,0.2,0.23333,0.26667,351.56,546.09,402.66,328.12,223.88,226,-4.2661,224.25,1,43
0.98226,0.69114,0.27178,0.87003,1.6133,0.86688,0.63499,0.24068,0.73027,1.4536,0.72313,0.077722,0.7125,0.7125,0.7125,0.24833,0.041146,0.2,0.23333,0.3,344.06,579.69,406.41,278.91,307.17,332,-4.8246,310.16,1,43
1.0824,0.79698,0.31406,0.94027,1.9327,0.89976,0.72254,0.23445,0.69685,1.5204,0.725,2.3288e-16,0.725,0.725,0.725,0.23636,0.040701,0.2,0.23333,0.26667,366.09,475.78,390.47,312.5,165.09,167,-6.6987,165.9,1,43
1.7196,0.67676,1.2801,1.5325,1.7469,1.4217,0.31182,1.2029,1.4304,1.5102,0.63409,0.18158,0.6125,0.75,0.75,0.2,0.061464,0.2,0.2,0.23333,337.03,528.12,395.16,260.94,273.44,165,-4.5968,277.14,1,43
1.8069,0.62689,1.4841,1.7689,2.1896,1.609,0.57313,1.3421,1.6175,1.9109,0.61154,0.15211,0.54688,0.7125,0.7125,0.2,0.068041,0.19167,0.2,0.24167,315,646.09,388.12,246.09,406.63,211,-5.4701,410.29,1,43
0.46602,0.40314,0.11288,0.27678,0.754,0.34692,0.30915,0.096912,0.21522,0.61175,0.6925,0.1026,0.6125,0.75,0.75,0.23333,0.044444,0.2,0.25,0.26667,341.72,504.69,352.5,442.19,63.423,151,-5.7971,63.838,1,43
0.44857,0.44999,0.1511,0.27081,0.53286,0.40455,0.44135,0.11765,0.23592,0.48862,0.64023,0.077103,0.6375,0.6375,0.6375,0.22292,0.02601,0.2,0.23333,0.23333,410.62,657.81,414.84,442.97,214.89,573,-50.926,216.86,1,43
0.28052,0.20209,0.1402,0.21066,0.44658,0.25472,0.17999,0.11278,0.19792,0.42161,0.73935,0.060632,0.6375,0.775,0.775,0.23539,0.032637,0.2,0.23333,0.26667,354.38,459.38,362.81,330.47,129.18,2164,-15.278,399.81,1,43
0.70258,0.47622,0.36525,0.55044,1.1408,0.63351,0.45767,0.29807,0.50026,0.99669,0.63869,0.051827,0.65,0.65,0.65,0.22222,0.041276,0.2,0.23333,0.26667,317.34,629.69,352.97,371.88,260.26,347,-7.2368,263.47,1,43
1.7186,1.0054,0.93805,1.4453,2.5697,1.4241,0.7472,0.85087,1.266,2.1051,0.525,0.13975,0.425,0.575,0.60938,0.14872,0.050213,0.13333,0.13333,0.175,351.56,389.06,374.53,744.53,356.21,211,15.476,363.35,1,43
0.39719,0.3873,0.15934,0.26529,0.52177,0.35255,0.31995,0.14782,0.24674,0.4831,0.65237,0.078726,0.575,0.7125,0.7125,0.21719,0.042349,0.2,0.2,0.23333,342.66,504.69,432.19,242.97,276.61,2370,-2.9232,601.55,1,43
0.53659,0.54962,0.185,0.34272,0.56427,0.45913,0.47131,0.16019,0.29067,0.43239,0.675,0.062187,0.6375,0.6375,0.775,0.2202,0.027562,0.2,0.2,0.23333,345,564.84,384.84,302.34,265.51,513,-6.5882,266.95,1,43
1.2795,0.892,0.45691,1.2399,1.8815,1.0926,0.79135,0.38916,1.0563,1.5892,0.65167,0.079038,0.6875,0.6875,0.6875,0.20889,0.026627,0.2,0.2,0.23333,359.06,594.53,379.69,326.56,268.76,211,-12.992,269.87,1,43
0.52452,0.56093,0.10023,0.38646,0.74205,0.32887,0.31268,0.083296,0.096068,0.63938,0.61806,0.15323,0.6125,0.6125,0.75,0.21111,0.057735,0.2,0.23333,0.23333,350.62,563.28,382.03,450,117.55,196,-3.607,117.83,1,43
1.2128,1.0348,0.22257,0.97417,2.2013,1.1524,1.0059,0.15209,1.0466,2.118,0.66625,0.16182,0.6,0.7375,0.7375,0.19167,0.052843,0.15,0.2,0.23333,386.72,299.22,379.69,682.81,383.66,559,-54.556,387.71,1,43
0.70054,0.86892,0.058594,0.185,1.6443,0.56872,0.76691,0.048358,0.1453,1.1735,0.60368,0.091831,0.6125,0.6125,0.6125,0.17843,0.040725,0.15833,0.16667,0.2,358.59,385.94,349.22,567.97,182.27,452,-19.417,183.34,1,43
1.4868,0.88891,0.82025,1.3565,1.7976,1.4534,0.85614,0.91087,1.3178,1.7269,0.65662,0.11719,0.6375,0.6375,0.775,0.21765,0.045822,0.2,0.23333,0.23333,377.34,658.59,390.94,304.69,354.17,241,-26.034,357.82,1,43
0.37495,0.34016,0.1578,0.21066,0.46955,0.3136,0.29592,0.14497,0.19662,0.41744,0.61548,0.11353,0.65,0.65,0.65,0.20317,0.048195,0.2,0.2,0.23333,304.69,496.88,323.91,610.16,114.9,333,5.8943,117.31,1,43
2.5131,0.738,2.1842,2.6054,3.0266,2.4195,0.82295,1.9765,2.5602,2.9783,0.55893,0.21611,0.43438,0.5375,0.6875,0.17619,0.07127,0.16667,0.2,0.2,365.16,355.47,340.78,625.78,271.41,105,-11.09,276.89,1,43
2.074,0.669,1.7258,2.0589,2.617,1.8257,0.68154,1.4363,1.728,2.2369,0.54107,0.17059,0.4375,0.6125,0.6125,0.17619,0.053452,0.14167,0.16667,0.2,351.56,406.25,338.91,633.59,227.7,106,-17.963,228.53,1,43
0.84869,1.2584,0.034345,0.27507,1.4341,0.76123,1.2055,0.033004,0.18394,1.1005,0.70647,0.12561,0.725,0.725,0.725,0.21609,0.04682,0.2,0.23333,0.23333,341.25,381.25,423.75,225.78,176,1856,-1.8845,377.14,1,43
0.48062,0.42238,0.20892,0.31406,0.59573,0.43745,0.42049,0.17934,0.25493,0.5596,0.61302,0.090476,0.55,0.55,0.6875,0.1875,0.032322,0.16667,0.18333,0.2,349.69,354.69,337.97,532.81,178.51,422,-15.2,179.17,1,43
1.7443,0.37318,1.4234,1.801,2.0725,1.6648,0.37371,1.326,1.8218,1.9485,0.53125,0.18071,0.3875,0.525,0.6625,0.15833,0.063763,0.1,0.16667,0.2,363.28,361.72,379.22,696.09,334.75,195,20.98,335.37,1,43
2.19,0.78186,1.7112,2.1629,2.7573,1.9739,0.80548,1.5043,1.919,2.6465,0.4875,0.13496,0.3875,0.475,0.625,0.12917,0.060257,0.1,0.13333,0.15,330.94,404.69,352.03,673.44,269.58,120,12.741,271.8,1,43
2.0878,1.0096,1.1121,2.1965,2.9488,1.7478,0.86545,0.89097,1.7799,2.5241,0.48472,0.16295,0.425,0.425,0.5625,0.14444,0.044096,0.13333,0.13333,0.16667,335.16,389.06,334.22,637.5,248.44,120,-265,250.53,1,43
1.6916,0.64612,0.98051,1.8257,2.2879,1.4495,0.6075,0.88325,1.3178,2.0597,0.46607,0.073497,0.3875,0.525,0.525,0.11905,0.017817,0.1,0.13333,0.13333,344.53,520.31,348.75,671.09,150.84,90,35.741,150.94,1,43
0.15182,0.15584,0.052083,0.11308,0.15934,0.12973,0.15086,0.043188,0.072728,0.14568,0.68583,0.054867,0.7,0.7,0.7,0.20667,0.031371,0.2,0.2,0.23333,297.19,455.47,299.06,494.53,39.107,438,20.833,39.284,1,43
3.0785,0.048076,3.0446,3.0785,3.1125,2.8371,0,2.8371,2.8371,2.8371,0.525,0.23352,0.34688,0.5625,0.69375,0.16667,0.088192,0.1,0.2,0.225,362.81,355.47,389.53,267.19,92.236,30,-3.3041,92.356,1,43
1.4708,0.39235,1.2512,1.4184,1.7457,1.3212,0.34093,1.1101,1.2945,1.5869,0.6,0.10719,0.6375,0.6375,0.6375,0.20952,0.046093,0.2,0.21667,0.23333,344.06,572.66,388.12,257.03,318.69,212,-7.1631,322.15,1,43
0.97277,0.66853,0.41713,0.78125,1.493,0.85305,0.65006,0.33411,0.68012,1.3249,0.51518,0.11085,0.475,0.475,0.6125,0.16429,0.044269,0.13333,0.16667,0.2,393.75,642.19,392.81,451.56,190.63,196,203.33,190.97,1,43
2.6542,0.3322,2.4173,2.7046,2.8912,2.6845,0.21084,2.5448,2.6055,2.844,0.6075,0.26407,0.44375,0.4875,0.825,0.18,0.096032,0.1,0.13333,0.275,334.22,325.78,315.94,570.31,245.21,90,-13.376,249.34,1,43
3.1732,1.6275,1.959,3.125,4.3995,2.1363,1.095,1.362,2.1363,2.9106,0.45,0.21675,0.2875,0.45625,0.6125,0.11667,0.057735,0.083333,0.13333,0.15,349.22,340.62,329.06,553.91,214.23,60,-10.581,215.16,1,43
1.407,1.0412,0.42708,1.6804,2.3459,1.2008,0.97093,0.32708,1.2188,2.0106,0.5125,0.11278,0.45,0.45,0.5875,0.16061,0.035957,0.13333,0.16667,0.16667,339.84,396.09,327.66,617.19,221.43,211,-18.141,237.51,1,43
0.86953,0.84645,0.15625,0.6615,1.5625,0.71102,0.64841,0.14138,0.46812,1.2883,0.70217,0.073048,0.65,0.65,0.8,0.22754,0.027802,0.2,0.23333,0.23333,358.12,634.38,397.5,285.16,351.43,815,-8.869,354.33,1,43
1.7066,0.28179,1.6512,1.761,1.8532,1.5966,0.29699,1.4958,1.6953,1.7915,0.63462,0.07037,0.6625,0.6625,0.6625,0.21538,0.035001,0.2,0.2,0.24167,326.25,568.75,370.78,240.62,331.13,196,-7.3684,333.75,1,43
1.4536,0.38713,1.1574,1.4042,1.7501,1.309,0.34524,1.1007,1.311,1.4889,0.56442,0.083205,0.5875,0.5875,0.5875,0.20769,0.047442,0.19167,0.2,0.24167,340.78,510.94,386.72,214.06,300.41,208,-6.4626,303.97,1,43
1.6584,0.67029,1.4331,1.5262,1.9538,1.4353,0.53706,1.3169,1.4299,1.6682,0.60865,0.15055,0.5375,0.5875,0.7375,0.17436,0.059557,0.15833,0.2,0.2,354.38,543.75,403.12,219.53,327.86,196,-6.6506,332.57,1,43
1.1068,0.60571,0.67491,1.2715,1.5388,0.84251,0.59276,0.38996,0.99051,1.2581,0.3575,0.095851,0.2875,0.2875,0.4625,0.093333,0.043461,0.058333,0.1,0.13333,299.06,569.53,311.25,634.38,65.979,60,5.3205,66.41,1,43
1.7859,0.71042,1.2094,1.7528,2.2102,1.3877,0.39264,1.0654,1.4046,1.7101,0.39167,0.12059,0.35,0.41875,0.4875,0.11111,0.040369,0.1,0.13333,0.13333,311.25,515.62,322.97,648.44,133.33,75,11.333,133.94,1,43
3.1923,0.24608,3.0089,3.1836,3.3779,2.8578,0.18265,2.7286,2.8578,2.9869,0.49375,0.12269,0.3875,0.49375,0.6,0.15,0.057735,0.11667,0.13333,0.18333,318.75,400,301.88,542.19,143.19,45,-8.4259,143.42,1,43
2.9889,0.72676,2.4487,2.9708,3.1795,2.9769,0.648,2.5291,2.9387,3.2671,0.55,1.1992e-16,0.55,0.55,0.55,0.21429,0.017817,0.2,0.2,0.23333,360,650,368.91,381.25,268.9,90,-30.175,269.01,1,43
0.95205,0.55294,0.50878,0.91204,1.4245,0.91937,0.53624,0.45929,1.0058,1.3849,0.67153,0.067764,0.6875,0.6875,0.6875,0.21111,0.0343,0.2,0.2,0.23333,359.06,385.16,417.66,230.47,165.41,301,-2.64,273.6,1,43
1.3899,0.39209,1.1477,1.24,1.5828,1.2425,0.3315,1.0865,1.1497,1.2317,0.64327,0.089066,0.65,0.6875,0.6875,0.19744,0.031802,0.19167,0.2,0.2,337.97,542.97,355.78,280.47,263.1,196,-14.737,264.4,1,43
0.99941,0.65859,0.45282,0.94533,1.3068,0.7949,0.439,0.34296,0.81207,1.2024,0.61058,0.164,0.64688,0.6875,0.6875,0.19487,0.057488,0.2,0.2,0.23333,355.31,553.12,381.09,307.81,246.66,226,-9.5152,247.79,1,43
1.8581,0.43644,1.5634,1.9246,2.0637,1.7845,0.45901,1.5605,1.8985,2.0074,0.58929,0.2219,0.45,0.7375,0.7375,0.18571,0.079015,0.15,0.2,0.23333,316.41,531.25,161.72,587.5,164.6,90,-0.36364,167.23,0,43
0.60424,0.43727,0.3125,0.4729,0.63477,0.53378,0.395,0.22744,0.4485,0.58736,0.63226,0.029186,0.6375,0.6375,0.6375,0.2172,0.037388,0.2,0.2,0.23333,377.81,615.62,391.88,343.75,272.24,453,-19.333,273.49,1,43
2.3176,0.77798,1.7007,2.2812,2.9345,2.4666,0.61536,2.0013,2.5008,2.9233,0.59,0.17928,0.49375,0.7,0.7,0.2,0.062361,0.175,0.2,0.24167,293.91,579.69,157.03,581.25,136.88,60,-0.011416,139.06,0,43
1.2685,0.27502,1.084,1.2368,1.477,1.1069,0.2242,0.95423,1.1227,1.2617,0.60179,0.061419,0.625,0.625,0.625,0.22381,0.03709,0.2,0.23333,0.25833,368.91,610.16,254.06,617.97,115.11,91,-0.068027,116.02,0,43
1.3187,0.52231,1.0521,1.1725,1.3542,1.3405,0.5172,1.0189,1.1809,1.5223,0.6,0.16755,0.55625,0.6875,0.6875,0.18571,0.060422,0.175,0.2,0.2,274.69,626.56,157.97,636.72,117.16,90,-0.087015,118.93,0,43
1.4999,0.32566,1.307,1.3218,1.7372,1.5014,0.40655,1.214,1.5014,1.7889,0.59375,0.0875,0.55,0.6375,0.6375,0.21667,0.043033,0.18333,0.21667,0.25,248.44,577.34,181.88,573.44,66.677,45,0.058685,67.494,0,43
1.1827,0.1724,0.99729,1.1929,1.3478,1.1484,0.14557,1.0667,1.1334,1.2668,0.61607,0.089767,0.65,0.65,0.65,0.19048,0.016265,0.175,0.2,0.2,300.94,599.22,194.53,603.91,106.51,91,-0.044053,107.23,0,43
2.9566,0.29876,2.938,2.9748,3.159,2.7117,0.3132,2.5933,2.7385,2.8733,0.66071,0.12042,0.5875,0.75,0.75,0.22381,0.065868,0.175,0.2,0.29167,73.125,617.97,335.16,592.97,263.22,90,-0.095408,266.09,0,43
0.71854,0.79128,0.11458,0.53179,1.0698,0.56106,0.54567,0.09327,0.49126,0.89133,0.659,0.12766,0.6125,0.625,0.7625,0.192,0.044389,0.16667,0.2,0.23333,196.88,564.84,439.69,512.5,248.39,618,-0.21557,264.61,0,43
2.1743,0.68941,1.5985,2.2504,2.75,2.307,0.50858,1.9324,2.5666,2.6167,0.715,0.13416,0.7,0.775,0.775,0.23333,0.040825,0.21667,0.23333,0.26667,314.06,488.28,183.75,485.16,130.35,60,0.023981,130.46,0,43
2.2986,0.78472,1.8606,2.5363,2.9004,2.0663,0.87957,1.41,2.3348,2.7227,0.57917,0.21602,0.4125,0.7125,0.7125,0.17778,0.083444,0.13333,0.2,0.23333,262.97,511.72,418.59,434.38,173.78,75,-0.49699,174.28,0,43
1.2808,0.6404,0.85465,1.0014,1.7017,0.93541,0.30173,0.74499,0.88125,1.1258,0.6625,0.12247,0.7125,0.7125,0.7125,0.18333,0.018257,0.16667,0.18333,0.2,230.62,510.16,326.25,507.81,95.654,75,-0.02451,96.062,0,43
1.1797,0.32642,0.89897,1.0987,1.4526,1.0129,0.24318,0.79416,0.98236,1.1663,0.61562,0.18465,0.5375,0.68125,0.75,0.18333,0.061721,0.15,0.2,0.21667,214.69,524.22,334.69,503.91,121.71,104,-0.16927,123.01,0,43
2.5245,0.60446,2.1591,2.6504,2.8529,2.5804,0.37992,2.3544,2.4905,2.8065,0.61667,0.11227,0.6625,0.6625,0.6625,0.19444,0.038968,0.16667,0.2,0.23333,360,534.38,180.94,478.91,187.46,75,0.30977,189.34,0,43
2.5812,0.76283,2.0088,2.5539,3.1536,2.7247,0.57024,2.3094,2.6485,3.159,0.625,0.16771,0.60625,0.7,0.7,0.20667,0.049441,0.18333,0.2,0.24167,318.28,539.84,162.66,516.41,157.38,61,0.1506,157.67,0,43
1.956,0.45377,1.514,2.073,2.2994,1.964,0.38075,1.7068,2.0331,2.2212,0.62292,0.096959,0.6625,0.6625,0.6625,0.23333,0.042164,0.2,0.25,0.26667,323.91,568.75,178.12,582.81,146.46,75,-0.096463,146.7,0,43
2.3579,0.67637,1.8349,2.4709,2.8891,2.4441,0.45133,2.1099,2.4727,2.7782,0.64167,0.18902,0.5625,0.75,0.75,0.20556,0.071233,0.2,0.23333,0.23333,320.62,535.94,146.25,550.78,175.01,75,-0.085125,176.85,0,43
3.1836,0.71969,2.6646,3.0629,3.7327,2.5634,0.33349,2.3276,2.5634,2.7992,0.56875,0.17722,0.4625,0.6,0.675,0.175,0.031914,0.15,0.18333,0.2,165,552.34,307.5,542.97,142.81,45,-0.065789,143.26,0,43
2.2274,0.45051,1.8834,2.3183,2.5487,1.8689,0.39606,1.5888,1.8689,2.1489,0.55,0.175,0.4625,0.6375,0.6375,0.18333,0.043033,0.15,0.18333,0.21667,258.75,565.62,360.47,554.69,102.31,46,-0.10753,102.55,0,43
2.6628,0.21791,2.5087,2.6628,2.8168,2.3209,0,2.3209,2.3209,2.3209,0.54583,0.20207,0.4,0.6625,0.6625,0.17778,0.069389,0.125,0.2,0.225,254.53,528.91,334.22,529.69,79.691,30,0.0098039,79.883,0,43
2.2985,0.55077,1.9091,2.2985,2.688,1.7299,0,1.7299,1.7299,1.7299,0.475,0.22913,0.3,0.525,0.6375,0.15556,0.07698,0.1,0.2,0.2,279.84,577.34,348.75,579.69,68.946,30,0.034014,68.956,0,43
1.869,0.51787,1.4825,1.7365,2.2556,1.9063,0.50582,1.5386,1.8359,2.2917,0.5625,0.21121,0.4625,0.6875,0.6875,0.19333,0.076012,0.16667,0.2,0.24167,337.03,562.5,228.28,552.34,109.22,60,0.093391,112.14,0,43
2.4958,0.89058,1.9313,2.349,2.9161,2.3901,1.0095,1.678,2.1944,3.1023,0.58958,0.14799,0.65,0.65,0.65,0.2,0.05164,0.2,0.21667,0.23333,398.91,557.03,212.81,543.75,186.57,75,0.071369,187.18,0,43
2.4184,0.44146,2.1029,2.5562,2.734,2.4713,0.16078,2.3515,2.5452,2.5727,0.65,0.16771,0.63125,0.725,0.725,0.21333,0.050553,0.18333,0.23333,0.24167,305.16,607.81,161.25,601.56,144.04,60,0.043431,145.1,0,43
1.2324,0.47128,0.73517,1.367,1.6258,1.1302,0.47029,0.6534,1.2161,1.5373,0.6125,0.094538,0.5375,0.675,0.675,0.21212,0.040202,0.2,0.2,0.23333,338.44,602.34,157.03,603.91,181.41,151,-0.0086133,185.65,0,43
2.2751,0.95318,1.6011,2.2751,2.9491,2.8458,0,2.8458,2.8458,2.8458,0.525,0.1299,0.43125,0.6,0.6,0.21111,0.03849,0.18333,0.23333,0.23333,307.97,532.03,240.47,514.06,69.851,31,0.2662,69.855,0,43
1.4131,0.35399,1.329,1.4368,1.5971,1.3151,0.38716,1.1885,1.3729,1.524,0.56528,0.17295,0.575,0.65,0.65,0.2037,0.067586,0.18333,0.2,0.26667,264.38,552.34,104.53,596.88,165.93,120,-0.27859,169.58,0,43
2.4693,0.17081,2.3336,2.5075,2.605,2.3779,0.12308,2.2855,2.43,2.4572,0.5875,0.17185,0.49688,0.55,0.75,0.18667,0.038006,0.15833,0.2,0.20833,174.38,588.28,322.5,589.84,148.13,60,0.010549,148.35,0,43
3.3046,0.38406,3.033,3.3046,3.5762,2.7946,0,2.7946,2.7946,2.7946,0.56667,0.15017,0.45312,0.575,0.67813,0.17778,0.03849,0.15,0.2,0.2,261.56,560.16,360.47,557.03,98.956,30,-0.031596,99.138,0,43
1.8606,0.66294,1.3643,1.9012,2.3569,1.4732,0.51603,1.0796,1.5545,1.8464,0.535,0.17884,0.45625,0.525,0.6875,0.13333,0.040825,0.11667,0.13333,0.16667,266.72,600.78,379.22,600.78,112.5,60,0,112.71,0,43
1.8174,0.86594,1.1238,1.8225,2.5111,1.3493,0.65316,0.87212,1.2699,1.8464,0.525,0.16489,0.44375,0.5,0.675,0.18,0.050553,0.13333,0.16667,0.23333,285.47,567.97,389.06,544.53,106.21,59,-0.22624,106.84,0,43
2.3146,0.89919,1.5841,2.1946,3.1644,2.3909,0.76875,1.7028,2.3885,3.0748,0.59464,0.14646,0.65,0.65,0.65,0.19048,0.068622,0.16667,0.2,0.25,375.94,580.47,170.16,573.44,205.9,90,0.034169,207.97,0,43
2.8042,0.41388,2.5248,2.6644,3.1185,2.6996,0.57282,2.2946,2.6996,3.1046,0.6875,0.1,0.6375,0.7375,0.7375,0.24167,0.031914,0.21667,0.25,0.26667,315,568.75,188.44,559.38,126.91,45,0.074074,126.98,0,43
2.78,0.78097,2.2273,2.7883,3.3326,2.6696,0.93355,1.9571,2.8332,3.3412,0.67,0.15093,0.65313,0.7375,0.7375,0.21333,0.055777,0.18333,0.2,0.26667,312.66,538.28,147.19,546.09,165.65,61,-0.047214,167.5,0,43
2.2769,0.80427,1.6421,2.158,2.9116,2.4066,0.71922,1.8664,2.4128,2.9452,0.5975,0.18507,0.49375,0.7125,0.7125,0.19333,0.059628,0.175,0.2,0.21667,225.47,610.16,93.281,632.81,134.12,60,-0.17139,136.61,0,43
1.8298,0.54075,1.3911,1.7222,2.2685,1.8743,0.52758,1.4725,1.9434,2.2588,0.6075,0.12298,0.59375,0.6625,0.6625,0.18,0.050553,0.15,0.2,0.20833,297.66,550.78,189.38,564.06,109.09,60,-0.12266,109.79,0,43
2.6851,0.44652,2.3479,2.7056,3.0172,2.2723,0.30845,2.0541,2.2723,2.4904,0.6375,0.125,0.575,0.7,0.7,0.175,0.031914,0.15,0.18333,0.2,204.84,604.69,323.91,603.91,119.07,45,-0.0065617,119.94,0,43
2.2313,0.10565,2.157,2.2055,2.3119,2.1317,0.10978,2.0541,2.1317,2.2093,0.63125,0.23015,0.4625,0.70625,0.8,0.20833,0.056928,0.16667,0.21667,0.25,279.38,529.69,378.75,505.47,102.28,46,-0.24371,102.75,0,43
1.7538,0.50428,1.376,1.7508,2.1324,1.3672,0.32935,1.1344,1.3672,1.6001,0.61563,0.17302,0.5125,0.65,0.71875,0.175,0.078764,0.11667,0.2,0.23333,319.22,532.81,397.97,531.25,78.765,45,-0.019841,78.922,0,43
1.5191,0.27878,1.3219,1.5191,1.7162,1.2112,0,1.2112,1.2112,1.2112,0.56667,0.18764,0.43125,0.675,0.675,0.15556,0.03849,0.13333,0.13333,0.18333,347.34,596.88,393.28,587.5,46.884,31,-0.20408,46.894,0,43
1.9919,0.86897,1.3308,2.0945,2.6274,1.422,0.68653,0.93657,1.422,1.9075,0.55625,0.10825,0.4625,0.55625,0.65,0.125,0.05,0.083333,0.13333,0.16667,314.06,589.06,401.25,571.09,89.02,45,-0.20609,89.636,0,43
1.7982,0.54603,1.3812,1.9317,2.1817,1.4248,0.50327,1.069,1.4248,1.7807,0.57813,0.15151,0.45625,0.6125,0.7,0.175,0.041944,0.15,0.16667,0.2,307.97,581.25,388.12,570.31,80.899,45,-0.13645,80.917,0,43
1.677,0.28522,1.469,1.8328,1.846,1.7784,0.013383,1.7689,1.7784,1.7878,0.49688,0.18125,0.40625,0.5875,0.5875,0.15,0.088192,0.083333,0.16667,0.21667,321.56,553.91,198.75,563.28,123.17,75,-0.076336,123.17,0,43
2.6568,0.48407,2.2948,2.6781,3.0188,2.51,0.58964,2.0599,2.616,2.9335,0.615,0.16018,0.53438,0.5875,0.7625,0.18667,0.029814,0.16667,0.16667,0.20833,176.25,575,334.22,564.84,158.29,60,-0.064293,159.41,0,43
1.8741,0.95359,1.5274,1.9745,2.3335,1.6493,0.89551,1.2282,1.8041,2.034,0.5875,0.19244,0.46563,0.6125,0.75,0.18485,0.072055,0.10833,0.16667,0.23333,261.09,601.56,401.25,546.09,150.73,1650,-0.39576,420.9,0,43
2.0167,0.91965,1.3373,1.5828,2.8393,2.127,0.85273,1.412,2.0427,2.8421,0.6875,0.15309,0.75,0.75,0.75,0.22222,0.050185,0.2,0.23333,0.26667,355.31,549.22,204.84,564.06,151.2,76,-0.09865,152.83,0,43
1.6737,0.66447,1.2217,1.4967,1.9812,1.7228,0.66149,1.2984,1.514,2.1472,0.65625,0.18093,0.5625,0.7625,0.7625,0.18889,0.054433,0.16667,0.2,0.2,363.28,563.28,240.94,528.91,127.08,76,0.28097,127.24,0,43
2.5073,0.35648,2.2569,2.3841,2.6777,2.3285,0.41965,2.0944,2.1338,2.5627,0.56875,0.18299,0.6125,0.6125,0.6125,0.19444,0.085418,0.16667,0.23333,0.23333,292.97,556.25,111.09,575,182.84,74,-0.10309,184.94,0,43
3.0398,0.36223,2.7684,3.037,3.3118,3.0174,0.29325,2.8101,3.0174,3.2248,0.625,0.25,0.5,0.75,0.75,0.2,0.060858,0.15,0.2,0.25,303.75,553.12,173.44,512.5,136.5,45,0.31175,136.79,0,43
1.3784,0.64776,0.86827,1.2219,1.9623,1.1861,0.62635,0.77126,1.0408,1.8255,0.67813,0.061872,0.7,0.7,0.7,0.225,0.042725,0.21667,0.23333,0.25,298.59,562.5,168.28,587.5,132.69,105,-0.19185,144,0,43
2.1455,0.36572,1.8941,2.0365,2.4241,2.1962,0.313,1.9749,2.1962,2.4176,0.55625,0.1875,0.4625,0.65,0.65,0.20833,0.056928,0.16667,0.21667,0.25,274.69,581.25,126.56,607.81,150.49,75,-0.17932,151.95,0,43
2.0743,0.33604,1.8196,2.0996,2.3226,2.1202,0.18665,1.9882,2.1202,2.2522,0.68438,0.10625,0.63125,0.7375,0.7375,0.225,0.016667,0.21667,0.23333,0.23333,289.22,563.28,198.75,559.38,90.553,45,0.043178,92.672,0,43
1.7388,0.12435,1.6702,1.6864,1.8075,1.6364,0.14973,1.5404,1.5715,1.7486,0.61,0.21495,0.46875,0.75,0.75,0.19333,0.072265,0.125,0.23333,0.24167,253.12,520.31,161.25,558.59,99.531,59,-0.41667,102.38,0,43
2.0626,0.30922,1.8305,1.9859,2.3728,2.0155,0.26128,1.7968,2.0394,2.2343,0.60208,0.14799,0.6625,0.6625,0.6625,0.20556,0.044305,0.2,0.2,0.23333,319.22,529.69,166.88,550,153.69,75,-0.13333,154.69,0,43
1.5149,0.35677,1.2884,1.446,1.7344,1.5278,0.30046,1.3147,1.4556,1.741,0.68958,0.14799,0.75,0.75,0.75,0.22778,0.053403,0.2,0.25,0.26667,314.53,577.34,202.97,592.97,112.65,75,-0.14006,113.62,0,43
1.5823,0.28769,1.3812,1.5123,1.7834,1.5329,0.32725,1.2933,1.4959,1.7818,0.645,0.24361,0.53438,0.7875,0.7875,0.20667,0.086281,0.16667,0.23333,0.25,304.22,539.06,212.34,560.94,94.443,60,-0.2381,94.936,0,43
1.9507,0.51766,1.5605,2.1569,2.2894,2.1294,0.085349,2.069,2.1294,2.1897,0.675,0.175,0.5875,0.7625,0.7625,0.23333,0.072008,0.18333,0.25,0.28333,278.44,583.59,189.84,590.62,88.872,46,-0.079365,89.144,0,43
1.271,0.20956,1.1279,1.231,1.4141,1.2544,0.20784,1.113,1.1877,1.4125,0.665,0.13416,0.65,0.725,0.725,0.2,0.040825,0.18333,0.2,0.23333,278.44,624.22,205.31,635.16,73.938,59,-0.14957,74.991,0,43
1.3566,0.32753,1.125,1.3566,1.5882,1.5106,0,1.5106,1.5106,1.5106,0.62917,0.14434,0.525,0.7125,0.7125,0.23333,0.033333,0.20833,0.23333,0.25833,272.81,526.56,234.84,533.59,38.614,29,-0.18519,39.11,0,43
1.832,0.22226,1.7268,1.806,2.0373,1.723,0.23159,1.6221,1.6861,1.91,0.75139,0.12207,0.675,0.825,0.825,0.24074,0.040062,0.225,0.23333,0.26667,349.22,530.47,153.75,627.34,218.16,121,-0.4956,221.2,0,43
0.18046,0.10613,0.11612,0.13542,0.27843,0.16281,0.10616,0.099907,0.12708,0.23123,0.825,2.2888e-16,0.825,0.825,0.825,0.2902,0.025725,0.26667,0.3,0.3,148.59,565.62,190.78,560.16,42.54,318,-0.12963,47.425,0,43
1.9799,0.72122,1.5108,1.6855,2.5227,2.139,0.77838,1.5886,2.139,2.6894,0.70937,0.10625,0.65625,0.7625,0.7625,0.225,0.031914,0.2,0.21667,0.25,297.19,512.5,210,530.47,89.02,45,-0.20609,89.097,0,43
0.53919,0.46849,0.12598,0.31927,1.0306,0.48198,0.43336,0.10856,0.30848,0.89955,0.62311,0.082035,0.65,0.65,0.65,0.20202,0.051329,0.16667,0.2,0.23333,104.06,607.81,348.75,623.44,245.19,497,0.063857,258.74,0,43
1.7879,0.36568,1.5663,1.8562,2.0095,1.5345,0.32629,1.2953,1.7066,1.7307,0.5625,0.13463,0.49375,0.5375,0.6875,0.18,0.038006,0.15833,0.16667,0.20833,292.5,565.62,399.38,565.62,106.88,60,0,107.27,0,43
0.69993,0.4417,0.32453,0.59164,1.0655,0.61046,0.39271,0.29682,0.47312,0.87724,0.60437,0.1064,0.6375,0.6375,0.6375,0.21333,0.047634,0.2,0.23333,0.23333,127.5,620.31,322.97,596.88,196.87,302,-0.1199,201.96,0,43
1.8215,0.07873,1.7662,1.8154,1.8768,1.6961,0.10203,1.6229,1.6774,1.774,0.635,0.16919,0.50625,0.75,0.75,0.21333,0.038006,0.19167,0.2,0.24167,181.41,642.19,283.12,602.34,109.24,60,-0.39171,109.48,0,43
0.77061,0.39748,0.3294,0.87905,1.0054,0.71687,0.40448,0.30341,0.8591,0.96979,0.6375,0.13863,0.5875,0.725,0.725,0.21778,0.060246,0.175,0.23333,0.26667,142.97,679.69,302.34,672.66,159.53,211,-0.044118,162.06,0,43
1.0497,0.45486,0.78036,1.0521,1.3486,1.0229,0.42044,0.80429,1.1179,1.2808,0.59219,0.096811,0.625,0.625,0.625,0.19792,0.047871,0.16667,0.2,0.23333,397.97,629.69,174.84,697.66,233.25,227,-0.30462,237.48,0,43
0.66736,0.5766,0.17974,0.53125,1.2134,0.64369,0.55926,0.16245,0.5477,1.1445,0.62396,0.06634,0.6375,0.6375,0.6375,0.23333,0.043959,0.23333,0.23333,0.26667,379.69,658.59,154.69,684.38,226.47,423,-0.11458,233.57,0,43
1.4726,0.17641,1.376,1.5161,1.566,1.4402,0.096801,1.3717,1.4404,1.4953,0.62321,0.067093,0.55938,0.6625,0.6625,0.19524,0.048795,0.175,0.2,0.23333,336.09,638.28,187.5,654.69,149.5,105,-0.11041,150.17,0,43
2.2587,0.82767,1.5321,2.2322,2.6973,2.3212,0.72265,1.868,2.2004,2.7642,0.56607,0.18367,0.575,0.575,0.69688,0.19048,0.073822,0.2,0.2,0.225,307.97,645.31,119.53,694.53,194.76,90,-0.26119,203.28,0,43
1.7952,0.14187,1.6947,1.8038,1.9213,1.6923,0.14826,1.5627,1.7582,1.8049,0.66429,0.080178,0.6,0.6,0.75,0.22857,0.029991,0.2,0.23333,0.25833,246.56,648.44,99.844,696.09,154.26,90,-0.32481,161.56,0,43
0.052817,0.052655,0.0071383,0.051893,0.080729,0.0305,0.027382,0.0068449,0.029466,0.054156,0.63958,0.14799,0.7,0.7,0.7,0.23333,0.05164,0.23333,0.25,0.26667,300.47,637.5,298.12,637.5,2.3438,470,-0,8.3274,0,43
2.2029,0.85231,1.5949,2.0312,2.8538,2.4658,0.75113,1.9346,2.4658,2.9969,0.6125,0.175,0.525,0.7,0.7,0.16667,0.060858,0.11667,0.16667,0.21667,315.47,586.72,220.31,614.84,99.226,45,-0.29557,99.711,0,43
3.2635,0.29251,3.0566,3.2635,3.4703,2.8327,0,2.8327,2.8327,2.8327,0.6125,0.1625,0.49063,0.6125,0.73438,0.21111,0.050918,0.175,0.2,0.25,230.62,559.38,331.41,561.72,100.81,31,0.023256,100.96,0,43
2.158,0.59499,1.7037,2.2716,2.5839,1.7277,0.51579,1.363,1.7277,2.0924,0.53125,0.17215,0.4,0.58125,0.6625,0.175,0.031914,0.15,0.18333,0.2,292.97,600,389.53,597.66,96.591,45,-0.024272,97.11,0,43
1.5475,0.76941,0.96926,1.5004,2.1257,1.1075,0.48995,0.73721,1.1333,1.4714,0.555,0.21948,0.4625,0.55,0.7375,0.16667,0.091287,0.10833,0.16667,0.24167,330,528.12,422.34,529.69,92.357,60,0.01692,92.848,0,43
2.1122,0.46845,1.7977,2.1556,2.4266,1.7867,0.37095,1.5092,1.9507,2.0232,0.535,0.12418,0.47187,0.5125,0.65,0.16667,0.033333,0.13333,0.16667,0.2,292.03,607.81,418.59,586.72,128.31,61,-0.16667,128.95,0,43
0.45858,0.50452,0.086378,0.20973,0.67721,0.44839,0.48539,0.078546,0.19986,0.72294,0.57857,0.10125,0.6125,0.6125,0.6125,0.18571,0.048957,0.16667,0.2,0.23333,274.22,602.34,408.28,621.09,135.37,453,0.13986,147.98,0,43
1.2911,0.11784,1.2199,1.3128,1.3923,1.2578,0.062945,1.1998,1.2817,1.3095,0.52857,0.089767,0.5625,0.5625,0.5625,0.19524,0.04484,0.15,0.2,0.23333,197.34,619.53,350.62,609.38,153.62,120,-0.066259,154.66,0,43
1.7549,0.57181,1.3752,1.8757,2.199,1.4802,0.52955,1.0924,1.5713,1.868,0.47083,0.15706,0.4375,0.5125,0.5875,0.13889,0.074287,0.066667,0.16667,0.2,249.38,632.03,373.12,609.38,125.81,74,-0.18308,130.08,0,43
2.789,1.2644,1.897,2.0684,3.8306,2.8149,1.3352,1.7142,2.6417,3.9156,0.58958,0.056134,0.6125,0.6125,0.6125,0.21667,0.040825,0.2,0.2,0.26667,420,645.31,213.28,612.5,209.31,76,0.15873,209.53,0,43
2.7495,0.63516,2.3319,2.5958,3.1275,2.6514,0.69204,2.1817,2.5656,3.1212,0.63333,0.16615,0.4375,0.6875,0.775,0.18889,0.054433,0.13333,0.18333,0.23333,333.28,616.41,133.59,661.72,204.76,75,-0.22692,206.22,0,43
2.506,0.74033,1.9889,2.0366,3.2273,2.5169,0.71102,1.9063,2.4642,3.1275,0.58542,0.23709,0.475,0.65,0.7875,0.18333,0.072265,0.13333,0.2,0.23333,302.34,590.62,130.31,658.59,184.97,75,-0.3951,186.65,0,43
1.2431,0.49197,0.85946,1.1593,1.5729,1.2564,0.43672,0.89722,1.1333,1.5076,0.63194,0.091667,0.6625,0.6625,0.6625,0.2,0.028868,0.2,0.2,0.20833,375,635.94,226.88,657.81,149.73,121,-0.14768,150.37,0,43
2.2622,0.47171,1.893,2.2951,2.6313,2.3358,0.32807,2.094,2.3077,2.5847,0.62,0.15093,0.60313,0.6875,0.6875,0.2,0.062361,0.175,0.2,0.24167,266.25,637.5,106.88,677.34,164.28,75,-0.25,167.2,0,43
2.391,0.97072,1.6671,2.2376,3.1149,2.5831,0.84904,1.9721,2.435,3.2311,0.66,0.1592,0.55938,0.7625,0.7625,0.21333,0.050553,0.18333,0.23333,0.24167,293.44,608.59,152.34,628.91,142.55,60,-0.14396,143.46,0,43
1.572,0.40128,1.3135,1.5973,1.8311,1.4328,0.40745,1.1435,1.4462,1.6222,0.67386,0.13068,0.725,0.725,0.725,0.21515,0.040452,0.2,0.23333,0.23333,352.5,580.47,126.09,625.78,230.9,151,-0.20014,236.3,0,43
1.5924,0.39048,1.3095,1.5321,1.9103,1.5322,0.37313,1.2988,1.5612,1.8114,0.59625,0.1718,0.6,0.6,0.7375,0.19333,0.06246,0.16667,0.2,0.23333,142.03,642.19,355.31,625.78,213.91,136,-0.076923,216.95,0,43
1.5763,0.72126,0.81915,1.685,2.19,1.2927,0.6249,0.69599,1.3177,1.8408,0.59821,0.15266,0.55,0.55,0.7375,0.18571,0.042414,0.14167,0.2,0.225,216.09,616.41,355.78,629.69,140.32,90,0.095078,141.87,0,43
1.7631,1.0999,1.0166,1.6014,2.3521,1.1917,0.53617,0.78029,1.2621,1.6031,0.54167,0.2112,0.4125,0.5875,0.7375,0.15556,0.080737,0.1,0.16667,0.23333,241.41,603.91,373.12,601.56,131.74,75,-0.017794,132.23,0,43
1.5935,0.60271,1.1321,1.6015,2.055,1.24,0.4382,0.90888,1.2626,1.5655,0.5,0.17854,0.37812,0.5625,0.6,0.15333,0.038006,0.125,0.16667,0.175,296.25,594.53,392.34,590.62,96.173,61,-0.04065,96.491,0,43
1.7696,0.57945,1.2376,1.6636,2.2347,1.774,0.50296,1.4148,1.8201,2.079,0.58438,0.15026,0.6375,0.6375,0.6375,0.18333,0.064242,0.18333,0.2,0.21667,385.78,641.41,202.5,614.84,185.2,105,0.14493,185.81,0,43
2.1378,0.64204,1.5163,2.1145,2.7607,2.0986,0.60551,1.5583,2.0988,2.6807,0.60469,0.17525,0.525,0.7125,0.7125,0.18333,0.069007,0.15,0.16667,0.25,344.53,630.47,123.28,655.47,222.66,105,-0.11299,223.59,0,43
2.2329,0.28475,2.047,2.3353,2.4188,2.2242,0.097022,2.1537,2.2781,2.2813,0.655,0.15502,0.52812,0.7625,0.7625,0.2,0.052705,0.15833,0.2,0.24167,276.09,625,142.5,643.75,134.9,61,-0.14035,135.79,0,43
2.2681,0.19775,2.1341,2.2353,2.402,2.1476,0.24315,1.9694,2.1209,2.3325,0.6125,0.18875,0.48125,0.7375,0.7375,0.20667,0.043461,0.18333,0.23333,0.23333,258.28,614.06,124.69,644.53,137.02,61,-0.22807,138.15,0,43
2.0776,0.26986,1.9784,2.1042,2.1975,2.0695,0.16776,1.9818,1.9899,2.1572,0.58333,0.16253,0.525,0.675,0.675,0.19444,0.057413,0.16667,0.2,0.23333,327.66,596.09,139.22,630.47,191.55,90,-0.18242,192.04,0,43
0.73721,0.45753,0.47656,0.69535,0.98368,0.69582,0.44645,0.41457,0.74949,0.92416,0.64886,0.096278,0.6875,0.6875,0.6875,0.22879,0.041526,0.2,0.23333,0.26667,180.47,585.94,408.75,582.81,228.3,452,-0.013689,236.35,0,43
2.0862,0.49102,1.7116,2.2212,2.4269,1.7242,0.46752,1.3937,1.7242,2.0548,0.61562,0.1602,0.51875,0.6375,0.7125,0.18333,0.057735,0.15,0.16667,0.21667,315.47,522.66,407.81,508.59,93.408,45,-0.15228,93.877,0,43
1.7474,0.60619,1.3188,1.7474,2.1761,1.1737,0,1.1737,1.1737,1.1737,0.625,0.15155,0.51563,0.7125,0.7125,0.21111,0.03849,0.18333,0.23333,0.23333,375,492.19,426.09,480.47,52.42,30,-0.22936,52.423,0,43
0.81764,0.64846,0.31461,0.59603,1.3589,0.52838,0.42626,0.23928,0.4336,0.81747,0.63125,0.10717,0.675,0.675,0.675,0.20556,0.044305,0.2,0.2,0.23333,342.19,542.19,397.03,526.56,57.026,75,-0.2849,61.323,0,43
2.747,0.68615,2.2541,2.9055,3.304,2.8288,0.39261,2.53,2.8932,3.1276,0.65625,0.14269,0.6,0.7375,0.7375,0.20556,0.061162,0.16667,0.23333,0.23333,360,516.41,166.88,578.12,202.75,75,-0.31958,206.02,0,43
2.6091,0.4127,2.2529,2.6197,2.9653,2.5285,0.44355,2.1996,2.7429,2.8037,0.6175,0.25181,0.53438,0.65,0.8,0.19333,0.095452,0.15833,0.2,0.26667,275.16,566.41,125.16,593.75,152.47,59,-0.18229,153.56,0,43
1.6802,0.98247,0.84627,1.6045,2.1807,1.2724,0.6398,0.63909,1.2906,1.9464,0.57969,0.12192,0.4875,0.6625,0.6625,0.17917,0.035355,0.15,0.18333,0.2,223.59,542.19,398.91,552.34,175.61,105,0.057932,176.42,0,43
0.99672,0.67807,0.59375,0.86244,1.3254,0.69507,0.38192,0.43546,0.77434,0.93022,0.54464,0.15677,0.5125,0.625,0.625,0.14762,0.042414,0.13333,0.16667,0.16667,348.75,541.41,416.72,546.88,68.188,88,0.08046,85.408,0,43
0.89456,0.61527,0.44107,0.67884,1.3278,0.67129,0.41724,0.39008,0.45339,0.96048,0.63194,0.16478,0.5875,0.7375,0.7375,0.1963,0.056383,0.19167,0.2,0.23333,334.69,523.44,436.88,525.78,102.21,121,0.022936,107.85,0,43
1.4608,0.90951,0.74327,1.8002,2.0848,1.2166,0.96705,0.45629,1.2281,1.9768,0.54375,0.1656,0.4875,0.58125,0.675,0.18333,0.072265,0.13333,0.2,0.23333,255.47,588.28,363.28,571.09,109.17,76,-0.15942,111.52,0,43
1.9044,0.89914,1.279,1.6548,2.3944,1.3986,0.36997,1.1133,1.3757,1.6839,0.48958,0.16853,0.4,0.55,0.55,0.14444,0.045542,0.13333,0.15,0.16667,253.59,596.88,395.62,607.81,142.45,76,0.077008,146.2,0,43
1.4622,0.47287,1.0925,1.3903,1.8454,1.1992,0.33519,0.94872,1.1699,1.4497,0.57292,0.18,0.55,0.625,0.7,0.15,0.058689,0.16667,0.16667,0.16667,304.22,596.88,406.41,565.62,106.86,76,-0.30581,111.06,0,43
2.4422,0.74245,1.8235,2.5599,2.8385,1.9913,0.44966,1.6105,2.0448,2.3721,0.54792,0.22099,0.5,0.60625,0.7125,0.16111,0.068041,0.13333,0.2,0.2,151.88,646.09,329.53,621.88,179.3,74,-0.13632,180.83,0,43
1.0751,0.99034,0.067595,1.0873,2.0614,1.0766,0.92839,0.055162,1.1326,2.0175,0.65147,0.045475,0.6625,0.6625,0.6625,0.21176,0.033211,0.2,0.2,0.21667,402.19,603.12,145.31,669.53,265.32,468,-0.25852,267.7,0,43
2.3683,0.53056,1.9536,2.5646,2.6951,2.4066,0.35383,2.1898,2.426,2.6234,0.59167,0.20336,0.5875,0.65625,0.725,0.17222,0.07722,0.16667,0.18333,0.2,318.75,608.59,142.03,616.41,176.89,75,-0.044209,177.62,0,43
2.4292,0.6427,1.9768,2.4068,2.7799,2.4688,0.54458,2.1145,2.3396,2.823,0.55625,0.18804,0.4875,0.6625,0.6625,0.16111,0.07722,0.13333,0.16667,0.2,313.12,595.31,137.34,619.53,177.44,75,-0.13778,182.19,0,43
2.2277,0.40475,2.0479,2.1812,2.517,2.1246,0.42798,1.8483,2.1557,2.4351,0.61607,0.20675,0.55625,0.725,0.725,0.18571,0.079015,0.15,0.2,0.23333,340.31,575,144.84,615.62,199.65,91,-0.20783,202.78,0,43
1.9288,0.46496,1.6822,2.0365,2.3066,1.9405,0.28953,1.7082,1.9185,2.207,0.64688,0.13275,0.63125,0.7125,0.7125,0.20417,0.045207,0.16667,0.21667,0.23333,322.03,578.12,131.25,630.47,197.83,105,-0.27437,201.96,0,43
1.6123,0.30001,1.4483,1.75,1.8091,1.5334,0.31976,1.436,1.6648,1.7209,0.65,0.12247,0.625,0.7125,0.7125,0.21667,0.04714,0.18333,0.23333,0.25,265.78,603.91,103.59,646.88,167.78,106,-0.26493,171.1,0,43
1.9552,0.31757,1.6682,2.0667,2.1924,1.923,0.26237,1.74,1.9881,2.106,0.59167,0.20336,0.5875,0.65625,0.725,0.17778,0.058373,0.16667,0.2,0.2,281.25,535.16,138.28,563.28,145.71,75,-0.19672,146.05,0,43
1.5293,0.42396,1.2843,1.4441,1.7694,1.5047,0.37147,1.3336,1.4429,1.743,0.63875,0.079156,0.55,0.6875,0.6875,0.20333,0.048305,0.2,0.2,0.23333,403.12,645.31,202.03,631.25,201.58,135,0.06993,206.66,0,43
1.5328,0.41049,1.377,1.5454,1.8178,1.4675,0.38445,1.3603,1.4892,1.6873,0.60859,0.10904,0.625,0.64375,0.6625,0.2125,0.061914,0.2,0.23333,0.26667,335.16,608.59,175.31,588.28,161.13,636,0.12708,511.52,0,43
2.0623,0.20852,2.0338,2.0938,2.2075,1.9192,0.23123,1.874,1.9875,2.0768,0.61719,0.16863,0.6,0.7,0.7,0.20833,0.055635,0.18333,0.21667,0.25,332.81,617.97,119.53,629.69,213.6,105,-0.054945,216.54,0,43
2.3485,1.0389,1.4667,2.5065,2.8821,1.8813,0.79636,1.1945,2.0156,2.583,0.53571,0.19236,0.4625,0.625,0.625,0.14286,0.059982,0.10833,0.16667,0.19167,207.19,582.81,411.09,628.12,208.88,90,0.22222,210.09,0,43
1.7381,0.71986,1.1829,1.7531,2.3869,1.4154,0.63481,0.94144,1.4007,1.8894,0.49792,0.16629,0.4,0.55,0.55,0.16667,0.055777,0.13333,0.16667,0.16667,269.06,604.69,398.91,604.69,129.84,75,0,130.36,0,43
1.8222,0.58102,1.3472,1.7801,2.2972,1.4627,0.41414,1.1821,1.326,1.7774,0.555,0.16144,0.44062,0.6625,0.6625,0.16667,0.057735,0.14167,0.2,0.2,262.03,588.28,372.19,580.47,110.43,61,-0.070922,111.2,0,43
1.8493,1.0437,0.98821,1.9677,2.2907,1.3955,0.74326,0.75786,1.542,2.0453,0.5125,0.14983,0.36875,0.5375,0.64063,0.15714,0.07629,0.13333,0.13333,0.21667,224.06,605.47,389.06,604.69,165,90,-0.0047348,166.44,0,43
1.6943,0.48211,1.4024,1.6766,2.16,1.7028,0.38523,1.3587,1.5955,2.1553,0.56875,0.1591,0.625,0.625,0.625,0.18333,0.07127,0.16667,0.2,0.21667,363.28,583.59,189.38,560.94,175.38,105,0.13028,176.74,0,43
2.5807,0.73473,1.9533,2.6048,3.208,2.6763,0.61906,2.2208,2.9947,3.0522,0.6775,0.082158,0.5875,0.7375,0.7375,0.21333,0.029814,0.2,0.2,0.21667,321.09,575,170.62,577.34,150.49,60,-0.015576,153.63,0,43
2.0708,0.33134,1.9749,2.0073,2.1296,2.0177,0.28997,1.841,1.8837,2.1323,0.62857,0.18565,0.625,0.625,0.7625,0.18095,0.083571,0.14167,0.16667,0.25833,296.25,578.91,115.31,615.62,184.63,90,-0.20294,186.48,0,43
1.926,0.35645,1.8149,1.9403,2.2013,1.9165,0.18116,1.8015,1.8697,2.1136,0.60625,0.19121,0.5875,0.7,0.7,0.2,0.079682,0.16667,0.21667,0.26667,319.69,574.22,124.69,606.25,197.61,105,-0.16426,201.9,0,43
1.5847,0.41876,1.2761,1.6033,1.9702,1.5037,0.4328,1.1459,1.6107,1.8856,0.61806,0.154,0.64375,0.6875,0.6875,0.2037,0.030932,0.2,0.2,0.23333,276.56,595.31,91.875,637.5,189.44,121,-0.22843,191.34,0,43
1.8204,0.97323,1.0593,1.9187,2.6818,1.5591,0.93071,0.89083,1.6777,2.3174,0.49861,0.17382,0.36563,0.6,0.6,0.15185,0.064788,0.1,0.16667,0.2,176.72,613.28,386.25,653.12,213.29,120,0.19016,216.87,0,43
2.1941,0.77973,1.6138,2.2212,2.5439,1.7264,0.38921,1.4055,1.7668,2.0474,0.52708,0.14195,0.4375,0.6125,0.6125,0.16111,0.057413,0.13333,0.16667,0.2,227.81,602.34,390.47,615.62,163.2,75,0.081652,164.56,0,43
2.2211,1.0579,1.448,2.1588,2.7773,1.6406,0.536,1.2058,1.71,2.0755,0.56667,0.1291,0.55,0.55,0.7,0.15556,0.027217,0.13333,0.15,0.16667,242.81,597.66,408.75,598.44,165.94,75,0.0047081,166.58,0,43
1.892,0.72346,1.2585,1.7804,2.6021,1.5608,0.56561,1.1286,1.4889,1.9263,0.60357,0.18565,0.6,0.6,0.7375,0.19524,0.062148,0.2,0.2,0.225,226.88,580.47,393.75,567.19,167.4,89,-0.079588,168.66,0,43
1.6342,0.71972,0.98094,1.7934,2.308,1.3937,0.66687,0.86992,1.3094,2.0955,0.70469,0.11591,0.7,0.7,0.76875,0.225,0.034503,0.2,0.21667,0.23333,232.5,536.72,401.25,528.12,168.97,105,-0.050926,171.59,0,43
2.3782,0.79501,1.7794,2.1974,2.9504,2.451,0.70286,1.9166,2.3386,2.9853,0.6375,1.2162e-16,0.6375,0.6375,0.6375,0.21111,0.017213,0.2,0.2,0.23333,396.56,550,219.38,568.75,178.18,75,-0.10582,178.37,0,43
3.0988,0.91416,2.4606,2.8609,3.7965,3.3117,0.85697,2.7057,3.3117,3.9177,0.65937,0.15824,0.53125,0.69375,0.7875,0.19167,0.056928,0.15,0.18333,0.23333,301.41,547.66,164.06,570.31,139.2,45,-0.16496,139.45,0,43
3.6787,0.47415,3.338,3.5938,4.0406,3.4929,0.67852,3.0131,3.4929,3.9727,0.6375,0.16583,0.5125,0.6875,0.7625,0.21667,0.057735,0.18333,0.23333,0.25,298.59,539.84,138.75,571.88,163.02,45,-0.20039,165.54,0,43
1.6228,0.26103,1.417,1.6467,1.768,1.5088,0.28499,1.2705,1.5256,1.7202,0.58036,0.17851,0.525,0.675,0.675,0.19524,0.070523,0.15,0.23333,0.23333,208.59,589.06,73.594,642.19,145.08,91,-0.39352,147.45,0,43
1.9501,0.44357,1.5099,2.0429,2.3421,1.9538,0.37134,1.6879,2.0618,2.2198,0.6125,0.17048,0.525,0.7125,0.7125,0.2,0.036515,0.2,0.2,0.23333,305.16,570.31,162.19,596.88,145.42,75,-0.18579,146.26,0,43
2.1269,0.60794,1.7195,2.5022,2.5219,1.8609,0.62828,1.3806,2.0413,2.3412,0.54583,0.20474,0.4,0.625,0.625,0.15556,0.050185,0.13333,0.16667,0.2,167.34,603.12,327.19,596.09,160,75,-0.043988,160.88,0,43
2.4172,0.25064,2.2627,2.2935,2.6026,2.3148,0.34337,2.072,2.3148,2.5576,0.52813,0.13783,0.44375,0.525,0.6125,0.16667,0.054433,0.13333,0.16667,0.2,223.12,614.84,333.75,614.84,110.62,46,0,111.07,0,43
2.3136,1.1514,1.3783,2.5334,2.9283,1.7232,0.74103,1.1057,1.8056,2.3407,0.50208,0.10351,0.3875,0.525,0.525,0.14444,0.027217,0.13333,0.15,0.16667,238.12,630.47,411.09,629.69,172.97,75,-0.0045167,173.52,0,43
2.7618,0.41852,2.4457,2.923,3.0375,2.4812,0.56516,2.0816,2.4812,2.8808,0.59375,0.19804,0.4375,0.64375,0.75,0.18333,0.057735,0.15,0.2,0.21667,227.34,548.44,350.62,533.59,124.17,45,-0.12041,124.28,0,43
2.3132,0.2999,2.0221,2.3365,2.5,2.2291,0.27357,2.0709,2.229,2.4037,0.63036,0.20244,0.56875,0.7375,0.7375,0.2,0.060858,0.2,0.23333,0.23333,330.94,610.94,123.75,614.06,207.21,90,-0.015083,207.47,0,43
1.9048,0.24323,1.7081,1.8621,2.1311,1.8202,0.23683,1.7336,1.7458,2.0821,0.60313,0.17875,0.6,0.6875,0.6875,0.17083,0.062836,0.16667,0.16667,0.21667,304.69,598.44,111.09,606.25,193.75,104,-0.040355,197.57,0,43
2.0263,0.31147,1.8805,2.0963,2.221,2.0228,0.1211,1.9339,2.0005,2.1116,0.59583,0.20397,0.575,0.65625,0.7375,0.18333,0.065828,0.16667,0.2,0.2,305.62,561.72,156.56,557.03,149.14,75,0.031447,151.3,0,43
1.3102,0.17597,1.1987,1.2981,1.3635,1.258,0.17246,1.119,1.234,1.2868,0.62969,0.14484,0.61875,0.7,0.7,0.2,0.04714,0.2,0.2,0.21667,275.62,575,138.28,574.22,137.35,106,0.0056883,138.67,0,43
2.1409,0.52862,1.7075,2.1635,2.5743,2.2111,0.39325,1.9114,2.3263,2.482,0.5975,0.14534,0.58125,0.6625,0.6625,0.18,0.044721,0.13333,0.2,0.20833,302.81,560.16,175.31,546.09,128.27,60,0.11029,128.45,0,43
0.85698,0.3782,0.58962,0.95002,1.0987,0.78962,0.36893,0.52881,0.85839,1.0821,0.67697,0.14008,0.6125,0.75,0.75,0.19825,0.056079,0.175,0.2,0.23333,165,612.5,386.72,580.47,224.02,271,-0.14447,231.68,0,43
1.5409,0.59792,1.0676,1.6959,2.0144,1.3887,0.57724,0.87176,1.4262,1.8534,0.5,0.18138,0.38125,0.6125,0.63125,0.15,0.071774,0.1,0.16667,0.2,286.88,635.94,415.78,653.91,130.15,454,0.13939,372.49,0,43
1.7319,0.64476,1.2077,1.8328,2.256,1.4032,0.60056,0.96513,1.3262,1.8604,0.605,0.11096,0.56875,0.6125,0.64688,0.17333,0.043461,0.15,0.2,0.2,303.75,621.88,406.41,607.81,103.61,60,-0.13699,103.91,0,43
1.1845,0.5018,0.78195,1.1413,1.4756,0.98064,0.32978,0.72533,0.94042,1.2763,0.69375,0.15118,0.6125,0.75,0.75,0.21,0.056765,0.2,0.21667,0.26667,215.62,655.47,369.38,628.12,156.16,135,-0.17785,159.78,0,43
1.7604,0.31393,1.5664,1.6366,1.8345,1.6688,0.3283,1.4517,1.5376,1.771,0.58889,0.14583,0.6375,0.6375,0.6375,0.22222,0.072648,0.23333,0.23333,0.26667,418.12,657.81,212.81,689.06,207.68,121,-0.15221,212.81,0,43
2.3329,1.036,1.64,1.9636,3.118,2.6183,1.0658,1.8647,2.6183,3.372,0.67188,0.20625,0.56875,0.775,0.775,0.21667,0.057735,0.18333,0.23333,0.25,332.81,623.44,230.62,636.72,103.05,45,-0.12997,103.44,0,43
2.6726,0.58593,2.2941,2.5645,3.051,2.6829,0.5441,2.3207,2.4839,3.0949,0.5825,0.20283,0.45625,0.7125,0.7125,0.19333,0.054772,0.175,0.2,0.23333,301.88,603.91,165,677.34,155.33,59,-0.53653,156.87,0,43
1.5958,0.32082,1.3303,1.5104,1.9132,1.4998,0.32699,1.1977,1.5142,1.796,0.60625,0.16386,0.5375,0.6875,0.6875,0.19667,0.0693,0.16667,0.2,0.23333,328.59,615.62,129.84,691.41,212.71,135,-0.38129,215.33,0,43
1.8416,0.40958,1.5704,1.6877,2.1513,1.8929,0.42996,1.5889,1.8929,2.1969,0.65937,0.13125,0.59375,0.725,0.725,0.20833,0.041944,0.18333,0.2,0.23333,269.53,610.16,187.03,625,83.825,46,-0.17992,84.559,0,43
2.0087,0.7066,1.5864,1.6707,2.312,2.014,0.73887,1.5348,1.7308,2.4932,0.58333,0.1633,0.65,0.65,0.65,0.2,0.069921,0.2,0.21667,0.23333,355.31,624.22,211.41,662.5,148.91,75,-0.26602,150.32,0,43
2.5398,1.4062,1.0985,3.0319,3.7252,2.1757,1.3819,0.80279,2.1087,3.5012,0.50156,0.18832,0.35,0.51875,0.6,0.14167,0.066069,0.1,0.15,0.18333,157.03,643.75,411.56,649.22,254.59,105,0.021486,267.23,0,43
2.1104,1.2562,1.068,2.1256,2.9457,1.4974,0.79983,0.83686,1.4988,2.1579,0.59375,0.089005,0.5125,0.59375,0.675,0.16667,0.021082,0.16667,0.16667,0.16667,261.09,589.06,418.59,585.94,157.53,75,-0.019841,158.28,0,43
1.7626,0.68145,1.2781,1.5345,2.2471,1.3251,0.31474,1.1303,1.1716,1.5583,0.7175,0.14806,0.625,0.8125,0.8125,0.23333,0.062361,0.20833,0.23333,0.275,330.47,443.75,430.78,418.75,103.38,60,-0.24922,105.76,0,43
1.7519,0.53888,1.4318,1.4595,2.1452,1.355,0.037698,1.3284,1.355,1.3817,0.5875,0.26517,0.43125,0.65,0.74375,0.175,0.11013,0.1,0.18333,0.25,301.41,453.91,438.75,395.31,149.32,76,-0.42662,151.51,0,43
1.3377,0.93525,0.55867,1.1436,2.1216,1.0067,0.72143,0.37973,0.9363,1.5568,0.58594,0.15036,0.51875,0.5875,0.725,0.1625,0.041547,0.13333,0.16667,0.2,298.59,559.38,436.88,537.5,140,106,-0.15819,141.6,0,43
2.0286,0.79567,1.3603,1.9716,2.697,1.582,0.61532,1.1956,1.2953,2.0401,0.6075,0.095033,0.59688,0.65,0.65,0.16,0.014907,0.15833,0.16667,0.16667,304.22,604.69,420.47,573.44,120.38,60,-0.26882,121.72,0,43
2.4133,0.72205,1.7675,2.3409,2.9453,1.9813,0.45747,1.6104,1.8893,2.3522,0.65208,0.086753,0.6875,0.6875,0.6875,0.20556,0.032773,0.16667,0.21667,0.23333,279.84,621.09,453.75,575,179.91,75,-0.26505,180.93,0,43
2.1697,0.33681,1.9455,2.3652,2.4098,2.1283,0.20849,1.9361,2.2226,2.2752,0.59063,0.12225,0.58125,0.65,0.65,0.21667,0.064242,0.18333,0.23333,0.26667,356.25,604.69,136.41,652.34,224.95,105,-0.21677,227.82,0,43
2.0721,0.32546,1.965,2.0122,2.0649,2.0071,0.29655,1.8693,1.9036,1.9429,0.64844,0.14584,0.7,0.7,0.7,0.21667,0.043644,0.2,0.21667,0.25,323.44,595.31,130.78,677.34,209.39,104,-0.42579,215.56,0,43
1.6866,0.55847,1.3898,1.852,2.0172,1.5879,0.57027,1.1853,1.7753,1.8955,0.6625,1.1703e-16,0.6625,0.6625,0.6625,0.21667,0.028328,0.2,0.21667,0.23333,334.69,577.34,122.81,658.59,226.92,136,-0.38348,228.22,0,43
2.109,0.1819,2.0702,2.1635,2.2055,2.0388,0.070834,1.98,2.058,2.078,0.6375,0.19486,0.59688,0.7375,0.7375,0.19524,0.070523,0.15,0.23333,0.23333,300.47,573.44,122.81,638.28,189.12,90,-0.365,189.81,0,43
1.7127,0.10824,1.6238,1.6966,1.8104,1.5678,0.090361,1.5039,1.5519,1.6317,0.63125,0.13778,0.6875,0.6875,0.6875,0.19444,0.038968,0.16667,0.2,0.23333,264.38,597.66,142.97,634.38,126.84,75,-0.30245,128.3,0,43
1.5151,1.0594,0.51244,1.4097,2.4742,1.2106,0.89567,0.41603,0.97404,1.8335,0.55278,0.14084,0.525,0.525,0.6625,0.15556,0.040825,0.13333,0.16667,0.175,262.5,592.19,397.5,567.97,137.16,135,-0.1794,187.53,0,43
1.3013,0.6578,0.73961,1.4101,1.8469,1.1079,0.63622,0.51257,1.1781,1.6395,0.56719,0.18249,0.49375,0.5625,0.7375,0.15417,0.04693,0.13333,0.15,0.2,263.44,593.75,400.31,588.28,136.98,105,-0.039954,137.22,0,43
1.9846,0.71103,1.4352,2.1352,2.5567,1.7077,0.72165,1.1586,1.7028,2.2567,0.54583,0.21515,0.425,0.6,0.7375,0.14444,0.058373,0.13333,0.16667,0.16667,270.47,585.94,419.06,574.22,149.06,75,-0.078864,149.46,0,43
2.3246,0.59583,1.8129,2.3654,2.8363,1.9895,0.58372,1.6234,1.7164,2.4239,0.5825,0.17446,0.5,0.5625,0.7375,0.18667,0.069121,0.16667,0.2,0.23333,303.28,570.31,442.5,575.78,139.33,60,0.039282,139.48,0,43
1.8613,1.3218,0.52568,1.8106,3.1102,1.4699,1.1245,0.43014,1.4591,2.6265,0.55833,0.17963,0.3875,0.575,0.775,0.17778,0.062361,0.13333,0.13333,0.23333,255,563.28,467.81,584.38,213.86,121,0.099119,225.02,0,43
1.4375,0.71849,0.89976,1.4863,2.0632,1.1524,0.61204,0.6776,1.3084,1.55,0.5,0.20691,0.3875,0.5625,0.68437,0.16667,0.07698,0.13333,0.16667,0.225,337.03,616.41,460.31,636.72,124.94,90,0.16477,129.38,0,43
1.6005,0.94299,0.68947,1.5506,2.1352,1.1801,0.60498,0.57782,1.3266,1.6231,0.47321,0.18756,0.375,0.5625,0.5625,0.15238,0.079015,0.10833,0.13333,0.21667,337.03,626.56,471.09,621.09,134.17,90,-0.040793,144.04,0,43
1.6886,1.12,0.6898,1.4917,2.7592,1.3137,0.93038,0.4193,1.2518,1.8977,0.54688,0.15071,0.475,0.55,0.625,0.175,0.038832,0.16667,0.16667,0.2,292.03,613.28,465,613.28,172.97,105,0,177.3,0,43
2.9025,0.61438,2.5365,3.2255,3.2959,2.6004,0.65139,2.1219,2.7687,3.079,0.55625,0.1957,0.4125,0.5875,0.75,0.15556,0.058373,0.13333,0.15,0.2,210,650.78,426.09,644.53,216.18,75,-0.028923,217.69,0,43
2.3062,0.080013,2.2457,2.3102,2.3656,2.153,0.1171,2.0702,2.153,2.2358,0.4,0.075,0.3625,0.4375,0.4375,0.11667,0.043033,0.083333,0.11667,0.15,337.5,494.53,440.62,483.59,103.7,45,-0.10606,103.78,0,43
3.3808,0.59403,2.9123,3.4646,3.8493,3.4198,0.36123,3.1448,3.5319,3.6667,0.3425,0.10062,0.33125,0.3875,0.3875,0.11333,0.044721,0.10833,0.13333,0.13333,404.06,585.16,207.66,549.22,199.67,60,0.18298,202.63,0,43
3.4028,0.22595,3.2567,3.3499,3.5489,3.2018,0.27575,2.9998,3.1713,3.4115,0.375,0,0.375,0.375,0.375,0.12667,0.014907,0.125,0.13333,0.13333,358.12,542.19,162.19,492.19,202.22,60,0.25518,203.64,0,43
2.9814,0.10137,2.9097,2.9814,3.0531,2.808,0,2.808,2.808,2.808,0.3625,0,0.3625,0.3625,0.3625,0.12222,0.019245,0.10833,0.13333,0.13333,330.47,551.56,160.78,504.69,176.04,60,0.27624,176.73,0,43
3.6069,0.87976,2.9802,3.4377,4.2336,3.6827,0.78678,3.1389,3.4585,4.2826,0.3,0,0.3,0.3,0.3,0.11333,0.018257,0.1,0.1,0.13333,404.53,579.69,204.38,501.56,214.86,61,0.39032,219.62,0,43
3.2272,0.40308,2.956,3.2134,3.4692,3.0479,0.45132,2.7257,3.0517,3.3702,0.31042,0.06634,0.3375,0.3375,0.3375,0.11667,0.045947,0.1,0.13333,0.13333,377.34,570.31,161.25,482.03,233.43,74,0.40853,238.83,0,43
2.5035,0.31885,2.3188,2.5197,2.7672,2.3593,0.34859,2.1007,2.4718,2.626,0.325,0,0.325,0.325,0.325,0.12381,0.031706,0.10833,0.13333,0.13333,375,523.44,167.81,445.31,221.43,90,0.37707,224.96,0,43
2.5453,0.50504,2.1502,2.3994,3.0649,2.5249,0.42147,2.1652,2.565,2.8847,0.3375,6.0809e-17,0.3375,0.3375,0.3375,0.12778,0.032773,0.13333,0.13333,0.13333,368.91,526.56,192.19,467.19,186.43,74,0.33599,187.84,0,43
2.1793,0.27761,1.888,2.1958,2.4735,1.9706,0.25216,1.7335,2.0297,2.118,0.2875,5.9959e-17,0.2875,0.2875,0.2875,0.10952,0.025198,0.1,0.1,0.13333,368.91,564.06,188.91,493.75,193.25,90,0.39062,196.14,0,43
