0.90406,0.71341,0.14501,0.55671,1.0394,0.73538,0.95246,0.26129,0.80773,1.1891,0.22083,0.093008,0.2145,0.25194,0.31357,0.7946,0.28319,0.73075,0.76758,1.0252,731.47,469.56,746.87,483.56,381.66,560.88,0.21419,322.58,1,1
0.37588,0.1533,0.051708,0.18165,0.31748,0.3115,0.19553,0.059894,0.13009,0.26889,0.27203,0.079063,0.18816,0.29629,0.29707,0.84182,0.25298,0.86438,0.83444,0.98443,550.13,318.33,401.96,110.96,67.162,363.95,0.033784,84.59,1,1
0.33655,0.53089,0.14686,0.23921,0.66872,0.37813,0.2286,0.053314,0.32296,1.0184,0.30993,0.066257,0.25886,0.32345,0.35657,1.0319,0.27856,0.87998,1.0768,1.1178,1117.2,432.47,973.03,274.13,170.64,1975.3,0.031445,299.41,1,1
0.028097,0.0082011,0.010711,0.027725,0.024489,0.035976,0.0043899,0.0072607,0.0061022,0.057056,0.22726,0.05426,0.23758,0.28297,0.25977,0.70559,0.13726,0.78098,0.87979,0.99478,1206.5,164.38,1187.6,143.79,28.391,885.64,0.03917,57.901,1,1
0.29748,0.29492,0.10849,0.32565,0.8639,0.38952,0.36173,0.12946,0.2473,0.61796,0.28747,0.077664,0.24737,0.25246,0.30694,0.74119,0.26065,0.77497,0.81632,1.0078,585.59,243.06,670.14,222.04,205.26,321.48,0.021768,286.44,1,1
0.21856,0.3523,0.084217,0.27718,0.61966,0.2739,0.3178,0.12134,0.25127,0.42007,0.26652,0.051877,0.30379,0.30741,0.31208,0.88861,0.13444,1.0064,1.0046,0.99765,1070.3,616.27,1000.7,397.01,303.83,1788.2,0.019576,526.23,1,1
0.35205,0.34358,0.067981,0.1034,0.75866,0.25552,0.26553,0.078616,0.19356,0.74001,0.28576,0.057875,0.30036,0.32954,0.33324,1.0257,0.22044,1.0131,0.93908,1.0893,802.63,424.44,921.59,482.03,177.91,2957,0.036591,291.89,1,1
0.10211,0.092276,0.020235,0.064495,0.37562,0.1508,0.045366,0.050963,0.055514,0.11341,0.26337,0.090189,0.20222,0.28468,0.31746,0.93461,0.26919,0.79114,0.90552,1.0242,1128.5,130.16,1089.7,108.2,42.809,481.24,0.087229,64.827,1,1
0.0060334,0.0047801,0.0064465,0.0086599,0.020193,0.012714,0.00098668,0.0090575,0.0015293,0.010028,0.26654,0.052258,0.25614,0.29366,0.30278,0.85935,0.19376,0.64456,0.9218,0.87728,1235.5,48.658,1239.2,60.113,6.3966,323.79,0.034483,6.3388,1,1
0.55108,0.42785,0.075636,0.42611,0.99389,0.50645,0.37061,0.20741,0.36505,1.0646,0.28249,0.068777,0.27243,0.2736,0.26233,0.72672,0.20636,0.74866,0.89693,0.70732,905.1,438.65,968.67,197.87,279.2,847.11,0.027545,231.83,1,1
0.51558,0.71986,0.097179,0.3412,0.8015,0.58577,0.64713,0.1189,0.48128,0.86621,0.26023,0.074563,0.22175,0.2838,0.30092,0.82934,0.26345,0.75556,0.91544,0.99688,725.12,415.09,778.72,325.19,252.13,1112.9,0.33012,396.7,1,1
0.042792,0.039692,0.019637,0.11419,0.1365,0.086687,0.089652,0.072801,0.038607,0.069787,0.24639,0.030283,0.30138,0.28708,0.25612,0.7786,0.10132,0.7462,0.90751,0.98836,1204.6,143.01,1226.3,138.37,34.903,465.88,0.051109,78.007,1,1
0.0099679,0.048159,0.0083332,0.012107,0.040417,0.017603,0.036462,0.011997,0.015512,0.032769,0.31073,0.13109,0.23624,0.32086,0.37438,1.042,0.44541,0.84042,0.95507,1.1942,1212.7,25.398,1220,85.211,2.6995,150.27,0.0046393,7.3493,1,1
0.32344,0.18268,0.056301,0.077022,0.44298,0.2198,0.13312,0.020064,0.098164,0.1178,0.28224,0.043595,0.2867,0.26857,0.28799,0.79331,0.11957,0.97047,0.90183,0.98248,465.85,567.23,563.6,346.87,303.48,3200.9,0.079257,325.72,1,1
0.05699,0.04656,0.01413,0.04548,0.088127,0.059931,0.022605,0.032663,0.0098013,0.10889,0.29669,0.037453,0.29989,0.23697,0.29467,0.82851,0.085178,0.8995,0.82747,0.82415,1233.8,85.143,1224.2,79.745,7.5417,241,0.012061,35.408,1,1
0.26466,0.37764,0.12658,0.21024,0.51454,0.25859,0.36406,0.12203,0.35546,0.73775,0.29564,0.049398,0.27997,0.31378,0.32459,0.93575,0.24028,0.919,1.027,1.0552,1047.9,363.63,1074.6,429.94,103.71,3140.2,0.026219,342.01,1,1
0.73816,0.82482,0.16184,0.49814,1.2329,0.5654,0.70258,0.11282,0.63224,1.2728,0.27735,0.041525,0.25956,0.27379,0.24939,0.82379,0.11768,0.82271,0.91109,0.83369,801.95,682.12,571.27,532.94,502.15,3297.5,0.25113,622.22,1,1
0.65636,0.28977,0.06892,0.29038,0.76981,0.40437,0.3045,0.12805,0.40046,0.42404,0.29827,0.064312,0.30369,0.27544,0.23891,0.79932,0.18907,0.90423,0.94092,0.77094,823.99,526.53,681.66,416.84,178.43,3036.4,0.043524,369.36,1,1
0.061905,0.2045,0.056806,0.051971,0.07381,0.041705,0.081724,0.028532,0.095541,0.056114,0.31632,0.061035,0.31247,0.32017,0.36259,0.91744,0.28122,1.0956,0.99158,1.17,956.8,358.1,1053.1,303.62,55.321,3979.5,0.068036,111.23,1,1
0.1627,0.055648,0.021756,0.090436,0.23929,0.16036,0.098591,0.065655,0.06655,0.19352,0.26246,0.048799,0.28839,0.26205,0.29707,0.94531,0.13273,0.85528,0.86378,0.93304,1164.6,188.02,1146,220.42,63.401,631.57,0.027812,92.923,1,1
0.89086,0.71127,0.13296,0.50382,1.5327,0.67514,0.73704,0.28393,0.8868,1.7855,0.29569,0.056194,0.26121,0.31632,0.27368,0.89597,0.15553,0.93994,0.90263,1.0219,829.08,654.02,615.42,549.16,440.02,2639.7,0.041584,762.66,1,1
0.15239,0.039521,0.030907,0.13101,0.13346,0.070059,0.041969,0.055737,0.039164,0.067562,0.24462,0.070895,0.26364,0.28275,0.28313,0.79872,0.21905,0.76589,0.85093,0.98346,970.29,186.56,981.63,173.86,49.836,296.1,0.04435,118.97,1,1
0.48231,0.1527,0.045302,0.10494,0.33901,0.21311,0.31446,0.09948,0.1786,0.33285,0.237,0.040252,0.26013,0.23111,0.25577,0.82816,0.098501,0.8636,0.73606,0.90543,675.59,564.71,606.98,508.03,237.94,2042.9,0.048903,342.4,1,1
0.14266,0.070686,0.034583,0.13235,0.20356,0.11755,0.17139,0.04198,0.050254,0.20216,0.28372,0.030098,0.29606,0.24695,0.29334,0.77745,0.087864,0.8185,0.79756,0.83507,1103.4,193.31,1168.8,165.96,61.959,666.04,0.016917,70.51,1,1
0.039828,0.052907,0.038023,0.024864,0.031185,0.029765,0.019062,0.013316,0.018312,0.012826,0.26778,0.034979,0.22,0.30105,0.27259,0.92497,0.14001,0.7129,0.87042,0.87441,148.16,334.38,108.75,392.23,75.767,3208.7,0.02666,277.29,0,1
0.35486,0.30631,0.1052,0.28965,0.40576,0.41421,0.25999,0.082467,0.26572,0.42503,0.26637,0.061136,0.27472,0.27038,0.34089,0.82287,0.26288,0.91305,0.90828,1.1205,910.35,395.94,938.86,483.66,145.56,2452.4,0.25328,219.92,1,1
0.11809,0.064583,0.042771,0.1179,0.17144,0.12594,0.066799,0.063322,0.16173,0.13779,0.2043,0.078976,0.16739,0.22734,0.26934,0.65913,0.20285,0.59477,0.57919,0.72919,1108,150.84,1134,135.46,50.696,644.7,0.10139,103.08,1,1
0.67543,0.74738,0.13283,0.37587,0.75266,0.58653,0.78751,0.24575,0.68961,0.95103,0.29002,0.060876,0.23915,0.25585,0.25967,0.88099,0.18586,0.87703,0.88107,0.96397,662.69,674.01,471.36,513.44,458.41,2587.5,0.21821,769.37,1,1
0.028948,0.0085923,0.011425,0.0217,0.038969,0.023933,0.0079031,0.0081955,0.010266,0.021874,0.26444,0.022552,0.29595,0.28754,0.28053,0.7948,0.048923,0.88509,0.88974,0.7701,1248,108.97,1241,64.621,6.9265,215.78,0.010872,6.915,1,1
0.54556,0.58675,0.14003,0.36957,0.79146,0.63902,0.73926,0.2156,0.78556,0.78704,0.24782,0.048641,0.28823,0.24166,0.26364,0.80586,0.16353,0.80344,0.74635,0.86177,865.16,397.45,786.29,355.78,436.67,1784.7,0.12074,498.28,1,1
0.00050876,0.00086148,0.0023602,0.0010961,0.0015198,0.0025046,0.00040457,0.002893,0.0012665,0.0008403,0.28619,0.065942,0.17544,0.27008,0.27673,0.85549,0.18893,0.51804,0.88999,0.84954,154.08,271.32,152.24,208.06,6.6914,399.61,0.1,9.6792,0,1
0.089451,0.058736,0.035181,0.11493,0.18175,0.14614,0.032679,0.039454,0.11164,0.18332,0.25427,0.069826,0.25931,0.26987,0.31453,0.83836,0.24078,0.879,0.78993,0.97645,1168.7,233.94,1184,268.29,39.941,437.74,0.039537,79.393,1,1
0.080172,0.21871,0.023265,0.025209,0.090391,0.062578,0.085222,0.019194,0.1444,0.058904,0.30769,0.046009,0.2944,0.25058,0.34156,0.98692,0.19854,1.0158,0.90972,1.0597,834.71,314.27,887.5,471.38,51.643,3509.6,0.084446,182.68,1,1
0.037378,0.018076,0.015764,0.025627,0.023543,0.029855,0.020276,0.048325,0.06018,0.049208,0.26173,0.06199,0.21601,0.27266,0.22728,0.67135,0.19191,0.52472,0.83669,0.89532,262.99,267.83,306.01,249.9,49.711,1875.3,0.19627,76.141,0,1
0.14177,0.26962,0.065714,0.14193,0.34844,0.23086,0.24301,0.067201,0.10925,0.37784,0.24592,0.066113,0.23856,0.24199,0.29322,0.76556,0.19174,0.80302,0.92264,0.94518,1030.6,265.16,987.51,242.46,223.8,1216.4,0.12819,195.16,1,1
0.49072,0.43535,0.082911,0.22159,0.42737,0.17321,0.21397,0.047643,0.33044,0.31939,0.29532,0.041728,0.31707,0.30632,0.34551,0.90192,0.14927,1.0765,1.0178,0.9932,903.52,437.45,817.22,565.28,192.27,4044.1,0.15137,580.09,1,1
0.76815,0.79178,0.14699,0.65389,1.3947,0.86698,0.93752,0.17477,0.83293,1.4495,0.24138,0.037829,0.27751,0.27603,0.23956,0.79314,0.14432,0.73876,0.83547,0.64484,591.39,653.62,532.32,659.22,442.28,2340,0.54236,529.1,1,1
0.71314,0.85228,0.14733,0.4808,1.2599,0.80787,0.85679,0.35951,0.81625,1.6372,0.24191,0.089443,0.25027,0.24255,0.31643,0.80512,0.26946,0.78493,0.81864,0.83374,594.71,554.47,616.48,287.65,490.48,618.09,0.10393,429.3,1,1
0.32747,0.84064,0.12784,0.46166,0.78564,0.35095,0.65617,0.22397,0.586,0.74242,0.24666,0.070173,0.23352,0.26754,0.3536,0.81159,0.28695,0.78242,0.91122,1.101,603.13,319.41,771.49,381.43,150.08,1556.4,0.12961,354.27,1,1
0.12872,0.14278,0.042714,0.18387,0.34874,0.25043,0.15681,0.071139,0.10066,0.16992,0.2667,0.062591,0.21556,0.24894,0.27497,0.8979,0.18065,0.78381,0.90391,0.81935,1046.9,190.67,1022.1,156.07,105.71,1010,0.047567,254.46,1,1
0.95445,0.8538,0.21913,0.66302,1.5985,0.93614,0.90688,0.22934,1.0761,1.5014,0.25601,0.054266,0.27368,0.25219,0.19782,0.64863,0.16482,0.86597,0.88422,0.76527,328.42,659.89,359.51,455.18,455.68,1845.1,0.25776,758.9,1,1
0.34927,0.29677,0.070863,0.34306,0.65275,0.43742,0.17463,0.11548,0.26746,0.74375,0.23436,0.06591,0.25617,0.24552,0.27747,0.71933,0.16028,0.78554,0.76046,0.81232,1162.4,320.28,1151.8,178.24,157.71,590.32,0.13112,68.98,1,1
0.13369,0.17619,0.03901,0.11218,0.23823,0.17026,0.21165,0.086904,0.15628,0.42271,0.2728,0.091983,0.25572,0.28169,0.31818,0.94046,0.32085,0.827,0.89274,1.14,981.85,365.47,1017.8,371.4,78.242,652.83,0.017731,168.35,1,1
0.15532,0.094347,0.029082,0.095774,0.14987,0.12117,0.055376,0.10614,0.037253,0.16646,0.23555,0.089475,0.25201,0.2767,0.33875,0.87028,0.26346,0.58115,0.84954,1.0077,1029.9,227.42,962.13,233.85,86.805,887.35,0.0553,94.72,1,1
0.51592,0.35095,0.1081,0.36727,0.78441,0.4999,0.46414,0.23616,0.38075,1.0151,0.19209,0.052393,0.24123,0.24775,0.25233,0.76203,0.16975,0.72297,0.84764,0.85133,829.39,435.62,751.81,355.91,207.77,872.4,0.1626,291.59,1,1
0.13353,0.30997,0.043237,0.11958,0.16031,0.16555,0.085013,0.041048,0.053312,0.17928,0.23158,0.067779,0.19381,0.24287,0.26629,0.77522,0.22723,0.60436,0.85138,0.79754,800.96,345.24,838.76,219.82,46.596,793.03,0.063072,55.789,1,1
0.74579,0.78679,0.14585,0.53484,1.1995,0.75722,0.70565,0.15652,0.82144,1.0725,0.2568,0.038609,0.27404,0.25099,0.24878,0.73295,0.13713,0.8892,0.82837,0.73151,669.8,785.4,571.88,679.74,559.74,4157.7,0.21217,698.3,1,1
0.33901,0.4657,0.12102,0.23003,0.58582,0.31284,0.59338,0.045082,0.40317,0.54341,0.28805,0.075706,0.23258,0.28348,0.33672,0.94171,0.33604,0.90929,0.85853,1.1121,412.04,320.59,618.47,293.25,99.952,1132.8,0.15501,83.261,1,1
0.22329,0.21785,0.096556,0.20205,0.47981,0.20465,0.32923,0.075514,0.24719,0.60712,0.27895,0.039584,0.26778,0.29748,0.29696,0.77468,0.13354,0.89145,0.89839,1.0212,636.6,593.83,584.06,446.75,195.26,3864.6,0.20644,372.73,1,1
0.024647,0.028748,0.0071819,0.029973,0.068929,0.019728,0.005909,0.013399,0.0075962,0.030479,0.27421,0.076404,0.24483,0.26716,0.31761,0.86093,0.22633,0.63396,0.87806,0.88562,873,87.713,947.45,77.968,5.7882,221.34,0.014361,23.329,0,1
0.11975,0.077867,0.04868,0.12632,0.23688,0.18759,0.068218,0.054376,0.048761,0.23782,0.26386,0.03989,0.25742,0.21784,0.24416,0.7099,0.094857,0.71261,0.80861,0.78791,1170.3,155.11,1149.1,143.33,94.649,405.27,0.014538,68.501,1,1
0.031129,0.023096,0.017635,0.022149,0.03167,0.078531,0.022251,0.021282,0.021394,0.057456,0.22192,0.053236,0.22425,0.21548,0.3086,0.75297,0.19897,0.80175,0.83636,0.82023,1162.6,59.96,1159,98.696,25.72,316.91,0.020314,30.888,1,1
0.34871,0.48921,0.15397,0.37165,0.62231,0.35166,0.47944,0.1192,0.53923,0.60394,0.24829,0.05524,0.2359,0.24684,0.30057,0.71934,0.17519,0.90223,0.90686,0.82115,298.3,446.38,366.71,598.31,273.67,2669.5,0.091292,418.24,1,1
0.52259,0.29564,0.056228,0.29759,0.59604,0.45207,0.431,0.17784,0.37654,0.67723,0.21756,0.062817,0.19146,0.24672,0.2193,0.69399,0.16529,0.74661,0.80101,0.77542,925.83,323.65,923.15,276.08,309.11,1278.6,0.22837,421.84,1,1
0.27265,0.2491,0.065045,0.23422,0.48628,0.36747,0.19769,0.069052,0.13164,0.58892,0.26464,0.078852,0.18059,0.27719,0.34958,0.96614,0.28215,0.81195,0.80673,1.1365,967.6,226.99,1121,200.67,48.863,627.09,0.02845,166.85,1,1
0.19728,0.38141,0.045607,0.15516,0.32248,0.18999,0.35992,0.092832,0.12941,0.33842,0.27933,0.060721,0.26295,0.23247,0.27835,0.7701,0.18281,0.69328,0.83642,0.86719,892.52,318.63,1004.2,297.71,142.75,364.55,0.22808,165.15,1,1
0.22962,0.1635,0.067117,0.23316,0.32843,0.41317,0.226,0.11085,0.33595,0.4708,0.24656,0.081824,0.21248,0.24312,0.25952,0.81069,0.26714,0.78308,0.85918,0.92246,886.85,304.6,952.98,346.66,176.27,818.71,0.083276,167.61,1,1
0.078694,0.058431,0.04589,0.05465,0.25715,0.1637,0.047422,0.023622,0.030434,0.11471,0.27349,0.041005,0.2734,0.27002,0.30292,0.81086,0.14628,0.86119,0.94501,0.89675,1223.3,93.023,1183.1,131.38,26.753,531.84,0.2059,52.794,1,1
0.15189,0.083263,0.05111,0.19863,0.30319,0.13513,0.060916,0.07054,0.11731,0.25007,0.26358,0.061747,0.28814,0.25465,0.25557,0.84257,0.14396,0.76953,0.83026,0.9428,1134.1,214.5,1079.1,207.85,46.685,233.1,0.050415,92.713,1,1
0.56747,0.89713,0.12611,0.35865,0.94826,0.59354,0.77007,0.23292,0.38397,1.0808,0.22915,0.056458,0.24661,0.23677,0.22135,0.66418,0.23375,0.70544,0.94147,0.8485,701.12,446.41,519.64,299.85,211,899.15,0.25302,398.57,1,1
0.086203,0.038144,0.02835,0.075303,0.18785,0.074766,0.042944,0.045783,0.042493,0.10752,0.25755,0.053439,0.28892,0.22841,0.26701,0.80421,0.135,0.76364,0.76451,0.73704,1230.6,119.53,1230.3,110.28,16.691,137.54,0.024166,21.167,1,1
0.24144,0.41426,0.095952,0.15733,0.47769,0.43448,0.33283,0.098259,0.25199,0.29521,0.27524,0.088201,0.22836,0.23006,0.34304,0.81561,0.31509,0.94249,0.8462,1.1327,756.48,273.51,963.72,269.03,224.15,1587.6,0.13388,159.62,1,1
0.73751,0.81435,0.15595,0.62934,1.3207,0.86166,1.0043,0.26515,0.78422,1.584,0.23634,0.061437,0.22828,0.24378,0.24766,0.67253,0.18781,0.86042,0.92249,0.83457,567.49,668.43,377.47,572.32,466.89,2547.7,0.14507,737.09,1,1
0.11663,0.034007,0.032313,0.073881,0.11663,0.069009,0.067022,0.047621,0.046255,0.097874,0.2861,0.098286,0.27031,0.31161,0.34562,1.0131,0.26436,0.79088,0.8963,1.0947,1194.5,71.474,1159.7,108.88,15.011,156.35,0.061553,57.954,1,1
0.022205,0.012441,0.012197,0.0072412,0.019648,0.040966,0.0089053,0.014034,0.0070835,0.021044,0.25258,0.068381,0.24007,0.28692,0.28407,0.87781,0.14722,0.63298,0.93892,0.75785,936.32,179.74,869.84,198.83,49.175,381.65,0.024731,19.002,0,1
0.039646,0.068669,0.01638,0.025686,0.058965,0.099792,0.038699,0.02539,0.06236,0.037301,0.25281,0.061739,0.20195,0.27845,0.26365,0.76903,0.19642,0.55394,0.85477,0.8828,206.14,386.36,214.94,343.74,66.45,963.28,0.020856,123.64,0,1
0.19651,0.18486,0.046118,0.14421,0.30318,0.22294,0.15005,0.14709,0.13196,0.20458,0.18699,0.068702,0.21524,0.18626,0.19631,0.77727,0.19617,0.72267,0.87605,0.72813,947.83,222.03,785.17,306.12,137.97,1250.8,0.17517,129.42,1,1
0.2618,0.2152,0.082413,0.17425,0.23069,0.36065,0.23061,0.17072,0.17481,0.28709,0.24246,0.053211,0.27566,0.24363,0.29643,0.77545,0.14866,0.84637,0.75635,0.80424,1034.1,331.79,1060,275.99,154.14,1504,0.027639,152.72,1,1
0.026403,0.012087,0.0053682,0.0089256,0.026328,0.040716,0.0035205,0.018442,0.0045581,0.023139,0.23734,0.069992,0.24422,0.29261,0.26265,0.84204,0.18404,0.68509,0.79665,0.97413,1149.7,119.91,1170.6,139.28,13.171,355.33,0.058291,52.232,0,1
0.36009,0.5461,0.11464,0.38694,0.59668,0.42225,0.37829,0.21329,0.75037,0.82586,0.25458,0.11003,0.22361,0.31455,0.34936,0.80984,0.34138,0.80812,0.86029,1.0854,746.12,298.55,914.71,196.77,187.09,827.47,0.22411,204.13,1,1
0.015164,0.021,0.0085236,0.018748,0.044312,0.030313,0.029178,0.0096838,0.02381,0.012229,0.27179,0.095786,0.22626,0.28381,0.35562,0.93186,0.30696,0.73384,0.97066,1.1555,1083.9,90.759,1073.3,110.35,26.021,2045.7,0.12368,58.3,0,1
0.55858,0.73709,0.13833,0.3627,1.164,0.55243,0.73207,0.20651,0.65751,1.4497,0.18662,0.06878,0.20203,0.24859,0.29414,0.76723,0.19451,0.81296,0.75724,0.83053,542.99,636,619.83,570.13,455.33,1665.4,0.1603,489.62,1,1
0.32389,0.24665,0.070892,0.40797,0.50083,0.31939,0.48842,0.12952,0.27968,0.47473,0.2309,0.040912,0.27025,0.24719,0.25204,0.74724,0.12,0.72989,0.6979,0.81161,861.96,291.62,848.86,225.73,167.19,1502.9,0.090452,259.96,1,1
0.0026307,0.0012382,0.0051307,0.0040957,0.0011623,0.0029138,0.00010418,0.0046353,0.00047078,0.0019911,0.29791,0.077334,0.20877,0.28342,0.30775,0.98298,0.27879,0.63023,0.82269,1.0264,266.39,175.41,558.88,260.53,4.0705,877.15,0.11742,7.1052,0,1
0.0043834,0.013754,0.0041119,0.0044054,0.010062,0.01535,0.0030536,0.021243,0.0071231,0.012918,0.25178,0.0928,0.24439,0.29321,0.35273,0.89397,0.33131,0.65301,0.65192,1.1441,1025.6,86.352,1160.9,58.531,5.6081,222.88,0.069776,6.5464,0,1
0.52802,0.28062,0.098225,0.19276,0.73604,0.49744,0.38814,0.073654,0.36675,0.6631,0.26644,0.044309,0.25957,0.25096,0.30826,0.91362,0.15913,0.86113,0.86776,0.97146,551.81,550.92,683.07,585.63,343.73,3002.5,0.012642,368.58,1,1
0.86251,0.83558,0.13369,0.58331,1.1982,0.79423,0.94884,0.2823,0.70544,1.4497,0.25494,0.059971,0.2556,0.24985,0.30644,0.82995,0.19087,0.82703,0.77788,0.95353,577.96,591.4,494.71,463.5,325.89,1710.7,0.16045,477.3,1,1
0.23438,0.37102,0.059624,0.14899,0.46577,0.22419,0.45609,0.16211,0.46254,0.49399,0.21953,0.087647,0.23072,0.23324,0.33303,0.87612,0.29282,0.72756,0.87888,1.0735,856.44,352.23,977.89,428.97,96.891,1951.4,0.075997,140.24,1,1
0.26352,0.32433,0.094959,0.25972,0.47424,0.17691,0.30165,0.16932,0.50348,0.47021,0.25368,0.079795,0.21921,0.23655,0.31194,0.74817,0.25141,0.777,0.7386,1.0027,524.04,244.11,565.94,200.04,179.19,943.48,0.22343,144.1,1,1
0.34019,0.25911,0.078074,0.27154,0.4707,0.3641,0.32676,0.16601,0.18132,0.50622,0.23968,0.036726,0.28285,0.23961,0.25223,0.72715,0.10364,0.79455,0.78173,0.74764,982.13,328.4,1070.3,326.05,180.35,778.31,0.059359,174.97,1,1
0.42483,0.35907,0.10284,0.26436,0.80201,0.39688,0.30292,0.10675,0.43411,0.42379,0.23622,0.050769,0.2421,0.24774,0.27767,0.80683,0.16494,0.82859,0.66834,0.77458,733.86,435.78,668.63,445.66,238.32,674.88,0.060265,238.65,1,1
0.3369,0.40314,0.089688,0.26394,0.63231,0.41661,0.48692,0.12298,0.36259,0.83762,0.2844,0.10486,0.2301,0.27905,0.35736,0.97829,0.35679,0.77302,0.95627,1.1461,640.48,279.74,739.36,289.83,137.98,585.26,0.025822,175.11,1,1
0.01951,0.030091,0.0088828,0.0051357,0.016584,0.012939,0.0042147,0.023995,0.0044266,0.019143,0.19346,0.059896,0.20096,0.28106,0.25162,0.68314,0.16469,0.60659,0.67988,0.95303,404.67,374.67,604.19,208.93,31.21,1095.6,0.051692,161.72,0,1
0.1704,0.038595,0.030056,0.068431,0.13036,0.18157,0.04017,0.057157,0.08895,0.11614,0.20917,0.060601,0.22506,0.27721,0.27208,0.72023,0.17033,0.69858,0.83123,0.81281,907.69,318.57,937.78,213.12,69.63,609.91,0.032649,68.527,0,1
0.093119,0.079152,0.062914,0.039018,0.15721,0.071034,0.10174,0.025258,0.049587,0.062144,0.3092,0.048592,0.28596,0.30703,0.35938,1.0553,0.26337,1.0747,1.0087,1.1715,877.04,262.09,1038.3,239.92,51.792,2310.4,0.00501,130.3,1,1
0.28967,0.21303,0.051685,0.22459,0.54017,0.26861,0.27517,0.11851,0.19678,0.68156,0.23771,0.057931,0.23764,0.25119,0.27381,0.81562,0.14364,0.74066,0.66193,0.88522,1056.3,208.09,1122.5,240.43,301.09,537.23,0.087672,175.49,1,1
0.06956,0.034895,0.011668,0.036678,0.028744,0.039433,0.041648,0.019778,0.023882,0.061361,0.23816,0.090683,0.18951,0.24926,0.25571,0.76412,0.26622,0.53671,0.79828,0.86789,168.88,268.84,95.123,312.89,66.386,759.74,0.15522,78.04,0,1
0.33793,0.042179,0.039636,0.028336,0.06071,0.15839,0.076928,0.067522,0.05625,0.16178,0.2725,0.03613,0.30845,0.25641,0.30999,0.94529,0.10622,0.85319,0.90095,0.89967,825.59,297.28,601.25,462.95,151.72,2524.9,0.061568,326.47,1,1
0.47633,0.62731,0.17363,0.52086,0.93459,0.62695,0.4347,0.24721,0.46365,1.2425,0.18372,0.056701,0.21941,0.16638,0.26347,0.73421,0.14631,0.70148,0.66431,0.64019,808.98,399.05,811.15,197.02,226.24,976.45,0.31393,502.12,1,1
0.013209,0.0055706,0.005353,0.0085187,0.027201,0.010568,0.01574,0.011661,0.011208,0.017347,0.23674,0.051078,0.2403,0.27076,0.28099,0.82204,0.13074,0.71787,0.84592,0.91952,1240.2,36.191,1237.8,61.815,5.0148,341.04,0.043376,13.716,1,1
0.099201,0.018727,0.021521,0.04777,0.075824,0.087905,0.011805,0.020904,0.018167,0.13006,0.25428,0.041235,0.24577,0.24695,0.2884,0.79705,0.11696,0.76305,0.80987,0.77152,1149.2,242.91,1188,238.2,84.865,870.57,0.064285,40.612,1,1
0.012244,0.0048565,0.0045947,0.0012737,0.0039055,0.0063072,0.00051454,0.002757,0.0050515,0.02175,0.27099,0.061078,0.22732,0.3089,0.29054,0.89935,0.18695,0.77801,0.76138,1.0095,792.3,248.86,782.78,126.65,14.572,1609.2,0.024754,26.129,0,1
0.23182,0.28912,0.095832,0.097873,0.38768,0.24321,0.16964,0.038948,0.12815,0.37122,0.30126,0.06514,0.25677,0.28853,0.36832,1.0383,0.25222,1.0664,1.018,1.1663,935.99,404.82,888.82,419.4,121.64,3830,0.027818,264.41,1,1
0.40025,0.27351,0.079672,0.3186,0.62558,0.42957,0.32569,0.096988,0.34056,0.82201,0.24079,0.051286,0.26167,0.24878,0.24471,0.84374,0.16096,0.87327,0.89624,0.89747,1018.2,351.23,937.92,289.59,102.6,442.83,0.036926,154.84,1,1
0.10119,0.071731,0.043211,0.089916,0.13706,0.089198,0.06897,0.098363,0.046388,0.088958,0.26575,0.060655,0.24039,0.24011,0.31328,0.82006,0.22189,0.61335,0.64706,0.78284,1229,88.485,1231.8,96.44,9.338,128.36,0.093951,33.668,1,1
0.019346,0.060528,0.040544,0.072482,0.02443,0.073906,0.024323,0.025036,0.064645,0.04492,0.26899,0.097829,0.21778,0.28125,0.27711,0.94623,0.37784,0.87378,0.85319,1.0651,429.13,227.05,507.57,225.71,80.126,1981.8,0.51317,37.312,0,1
0.15348,0.032537,0.036413,0.045633,0.12877,0.11057,0.036129,0.031921,0.025892,0.17412,0.23807,0.035834,0.29206,0.24934,0.23394,0.79865,0.084111,0.83784,0.76254,0.77806,1229.1,162.11,1232.3,156.6,23.743,607.47,0.021499,64.894,1,1
0.065129,0.058335,0.024691,0.035346,0.0646,0.087064,0.11083,0.039935,0.055086,0.10376,0.23721,0.080995,0.23143,0.3099,0.32484,0.91339,0.30728,0.62017,0.90047,1.1072,602.32,260.43,451.74,275.46,55.023,1919.9,0.050273,175.65,0,1
0.15255,0.065336,0.056637,0.11216,0.28377,0.13844,0.16291,0.082136,0.046479,0.23127,0.2516,0.05763,0.26618,0.26364,0.26102,0.77864,0.1522,0.81345,0.9074,0.83708,1172.8,168.62,1126,178.94,66.956,379.52,0.047422,43.249,1,1
0.061709,0.021693,0.017319,0.020807,0.045019,0.027816,0.0056724,0.011982,0.010247,0.058621,0.27313,0.044069,0.29181,0.30409,0.30726,0.89219,0.11427,0.81253,0.89515,0.83186,1203.9,96.396,1219,164.29,16.26,345.66,0.013766,22.565,1,1
0.42983,0.22925,0.096279,0.21774,0.37796,0.50068,0.45921,0.09904,0.245,0.53403,0.27057,0.06123,0.24698,0.28389,0.27616,0.87555,0.21438,0.86988,0.85643,1.0374,769.15,381.4,738.85,231.45,268.89,811.68,0.10278,232.56,1,1
0.19335,0.62446,0.12112,0.16214,0.6567,0.2588,0.75925,0.093919,0.54468,1.0854,0.32354,0.086522,0.27456,0.34458,0.37131,1.0052,0.37338,1.0388,1.0565,1.1933,939.94,508.56,998.91,600.17,95.561,1322.3,0.0085326,143.91,1,1
0.105,0.18427,0.053958,0.071333,0.23163,0.034977,0.18915,0.027883,0.10638,0.09755,0.30196,0.04193,0.27455,0.32708,0.35865,0.87731,0.19514,1.0417,0.96956,1.1658,990.3,496.41,1093.7,495.35,76.081,2861.9,0.0014762,283.18,1,1
0.71946,0.52162,0.13766,0.28685,0.72611,0.31603,0.57901,0.21462,0.43403,1.0625,0.27481,0.035323,0.271,0.27478,0.2655,0.82791,0.11874,0.94547,0.91527,0.80793,495.95,749.15,575.51,624.94,359.77,2986.7,0.060606,596.39,1,1
0.022675,0.056343,0.011754,0.018161,0.060413,0.044728,0.055514,0.022066,0.053129,0.036434,0.26379,0.068247,0.2513,0.26688,0.32913,0.87077,0.23227,0.82162,0.98782,1.0458,1198,127.39,1204.4,84.24,34.716,1342.5,0.028006,58.572,1,1
0.24373,0.27529,0.07354,0.15134,0.3838,0.47954,0.41511,0.12055,0.28696,0.62943,0.2596,0.075488,0.27977,0.24937,0.33487,0.87407,0.24492,0.8898,0.88713,1.021,793.98,435.1,672.45,477.11,239.86,1974.5,0.2338,310.7,1,1
0.058565,0.05586,0.017776,0.016815,0.051395,0.053805,0.028325,0.016973,0.10134,0.071811,0.24985,0.044053,0.25524,0.27276,0.17476,0.76882,0.13892,0.72171,0.80324,0.83005,491.22,423.21,569.89,369.18,66.372,1254.9,0.033665,134.41,0,1
0.27141,0.29702,0.067309,0.13082,0.33241,0.1183,0.21613,0.033882,0.15882,0.21869,0.30301,0.028806,0.29673,0.29926,0.31625,0.99239,0.093085,0.94472,0.92438,0.97994,747.8,502.03,664.07,351.48,228.61,2296,0.02233,356.06,1,1
0.031335,0.047944,0.013704,0.045136,0.051399,0.047237,0.013226,0.028257,0.028815,0.064793,0.26345,0.10704,0.2015,0.27469,0.33907,0.84418,0.37834,0.68171,0.81555,1.125,817.69,132.2,1018.8,115.15,26.458,634.8,0.055904,23.885,0,1
0.14556,0.17592,0.042705,0.21011,0.47414,0.24714,0.16285,0.026841,0.080649,0.18675,0.26251,0.089555,0.23371,0.24185,0.32438,0.86265,0.21944,0.72051,0.69755,1.0677,833.56,319.77,828.56,242.13,80.816,1589.1,0.10749,138.21,1,1
0.17095,0.042059,0.020745,0.10341,0.3364,0.094734,0.056307,0.030032,0.038063,0.20985,0.26044,0.057364,0.22477,0.27241,0.275,0.93565,0.18454,0.66445,0.79433,0.79898,1049.3,137.25,1023.9,140.85,46.745,393.44,0.01503,62.93,1,1
0.082456,0.40706,0.090923,0.078535,0.40716,0.14715,0.12459,0.04659,0.087701,0.26195,0.29201,0.1124,0.30874,0.31051,0.37386,1.0016,0.38823,1.0155,0.9953,1.1871,855.75,280.05,804.47,232.03,57.392,933.32,0.01418,175.13,1,1
0.17274,0.11018,0.032175,0.076911,0.22946,0.17443,0.081473,0.053817,0.040297,0.14122,0.25312,0.10241,0.20263,0.30201,0.32579,0.84677,0.31447,0.72301,0.78845,1.0356,1204.5,131.2,1200.5,92.032,42.135,126.38,0.12465,77.766,1,1
0.25455,0.34138,0.11238,0.31273,0.80674,0.4939,0.44516,0.1067,0.39225,0.58527,0.25515,0.044046,0.23802,0.24351,0.25017,0.82314,0.12634,0.75153,0.83917,0.60982,839.78,404.12,894.85,307.38,223.32,2599.6,0.29951,313.73,1,1
0.6808,0.61371,0.10861,0.38725,0.57129,0.43346,0.50241,0.20936,0.41251,0.65201,0.25934,0.035844,0.24948,0.19627,0.22084,0.77698,0.12898,0.81902,0.87067,0.73466,878.74,380.32,943.95,395.71,256.32,1650.9,0.073475,314.12,1,1
0.72502,0.59752,0.10951,0.16719,0.73361,0.54013,0.84634,0.10708,0.46036,0.79972,0.29429,0.052471,0.31657,0.27505,0.31773,0.93581,0.22224,1.0178,0.85832,1.0644,842.36,691.54,726.19,571.49,483.83,4497.5,0.17685,668.24,1,1
0.36601,0.24573,0.077313,0.27844,0.43069,0.42868,0.37474,0.14441,0.36304,0.56524,0.25948,0.087177,0.23034,0.2814,0.32413,0.94419,0.27537,0.69421,0.79155,1.0513,460.28,295.34,650.56,254.28,78.557,331.11,0.067509,240.15,1,1
0.24634,0.10422,0.049071,0.14179,0.20991,0.21458,0.098634,0.037698,0.16087,0.2014,0.25705,0.054231,0.24179,0.23923,0.22461,0.76749,0.14443,0.67054,0.85171,0.76802,993.83,223.78,1038.9,141.2,106.5,1490.8,0.048473,130.17,1,1
0.17726,0.17239,0.048613,0.1375,0.35541,0.17901,0.1708,0.089081,0.055587,0.33641,0.22923,0.054897,0.27079,0.2517,0.24449,0.77765,0.18322,0.72424,0.82334,0.88996,1171.8,179.54,1200.6,139.25,57.933,193.94,0.028763,25.724,1,1
0.46567,0.4236,0.13285,0.23406,0.53814,0.34708,0.70142,0.16283,0.22651,0.44335,0.30529,0.05167,0.32205,0.3225,0.30543,0.95859,0.20215,0.99614,1.1104,1.0847,585.77,826.17,392.28,648.23,467.85,3219,0.048599,350.58,1,1
0.35089,0.53622,0.086382,0.3736,0.88856,0.5041,0.69789,0.16693,0.73593,1.0263,0.29278,0.11566,0.20942,0.333,0.36365,0.95736,0.40448,0.82304,0.99794,1.1663,599.85,445.88,616.23,431.21,191.26,928.84,0.17323,127.84,1,1
0.47777,0.29366,0.055976,0.25325,0.42916,0.49111,0.2793,0.21906,0.29031,0.42593,0.2875,0.087512,0.25562,0.25304,0.29627,0.79632,0.24983,0.84758,0.9497,0.87938,1032.4,281.79,984.12,145.54,120.31,194.49,0.016721,178.69,1,1
0.068584,0.056089,0.042862,0.090374,0.20048,0.14091,0.064908,0.051046,0.054094,0.18866,0.23759,0.049619,0.24333,0.25985,0.26164,0.74631,0.15845,0.74657,0.89571,0.80507,941.1,178.5,1096.4,213.2,35.793,1172.8,0.10933,62.027,1,1
0.26517,0.19792,0.070945,0.088709,0.26648,0.18296,0.10321,0.054587,0.19628,0.3781,0.24739,0.031606,0.26853,0.29226,0.16449,0.78472,0.085517,0.75937,0.87161,0.69195,955.51,504.56,980.94,444.34,286.28,2168.8,0.05379,287.12,1,1
0.39436,0.72311,0.15519,0.33671,0.65488,0.55871,0.46745,0.12857,0.32573,1.0539,0.26709,0.07049,0.25353,0.27867,0.34482,0.88157,0.26892,0.89853,0.96425,1.0871,837.36,439.27,726.61,451.32,321.05,2025.9,0.095028,238.31,1,1
0.13159,0.082475,0.051684,0.12001,0.093002,0.14249,0.091604,0.094808,0.12109,0.089673,0.24317,0.080828,0.2194,0.23678,0.32662,0.85891,0.28268,0.72812,0.85531,1.0774,917.04,147.05,960.47,113.87,66.194,811.77,0.24666,105.81,0,1
0.0056411,0.082606,0.0053809,0.0071882,0.027145,0.012788,0.048352,0.0089931,0.015203,0.024358,0.32159,0.11966,0.26755,0.36193,0.37614,1.0993,0.44382,0.98723,1.1179,1.1992,1202.9,74.534,1204.7,210.28,10.756,1688.7,0.0042104,16.412,1,1
0.14909,0.16641,0.058972,0.15616,0.1893,0.081042,0.11075,0.03011,0.25035,0.21732,0.26427,0.076676,0.25458,0.31724,0.33467,0.98373,0.28243,0.79503,0.87964,1.1341,396.05,290.28,404.62,300.51,114.14,3073.6,0.058854,154.53,0,1
0.21842,0.35322,0.070324,0.3153,0.41448,0.33533,0.22751,0.10785,0.14248,0.25053,0.24419,0.059422,0.28218,0.21919,0.26966,0.77693,0.16295,0.73906,0.71324,0.71197,876.02,202.03,835.64,240.19,252.01,832.17,0.048875,171.72,1,1
0.085346,0.030436,0.045497,0.12323,0.17689,0.13178,0.040245,0.065184,0.050647,0.19107,0.24387,0.062264,0.24107,0.29494,0.30414,0.80827,0.14343,0.68844,0.85092,0.82954,1200.5,153.65,1194.1,70.69,26.148,65.708,0.025156,22.141,1,1
0.34798,0.084885,0.053941,0.24855,0.22343,0.19152,0.11457,0.070713,0.080455,0.31421,0.26383,0.047388,0.25114,0.28468,0.30959,0.84294,0.13566,0.85157,0.88287,0.67539,1120.4,142.73,1165.9,149.02,102.59,425.88,0.039144,84.516,1,1
0.53043,0.73642,0.13854,0.34282,0.92182,0.52008,0.5545,0.20051,0.58825,1.0941,0.27917,0.069807,0.28447,0.28094,0.32065,0.88841,0.26619,0.83349,0.96957,0.98642,468.85,458.02,506.13,318.43,242.9,1692.9,0.31419,360.7,1,1
0.17478,0.048821,0.029741,0.059932,0.11098,0.10922,0.034025,0.077605,0.072134,0.23334,0.27199,0.071595,0.30438,0.24426,0.31183,0.78011,0.18898,0.76487,0.77805,0.77029,1207.2,122.37,1225.9,67.008,30.984,196.73,0.035011,16.509,1,1
0.48442,0.29778,0.11056,0.39517,0.71335,0.4357,0.58062,0.14588,0.75139,0.99854,0.30491,0.10542,0.24279,0.31642,0.35777,0.95168,0.32174,0.83409,0.9922,1.0878,609.23,660.15,629.21,403.83,190.85,1691.3,0.042233,215.16,1,1
0.48517,0.12093,0.14997,0.13161,0.38526,0.2955,0.29287,0.071474,0.39948,0.46854,0.30527,0.037472,0.30846,0.32864,0.33092,0.90202,0.14496,1.056,1.0732,1.1337,946.33,650.79,778.53,567.23,335.51,4370.5,0.01815,347.93,1,1
0.57399,0.52721,0.07542,0.40892,0.98863,0.43898,0.41805,0.12982,0.55631,0.78137,0.25172,0.061755,0.24388,0.28475,0.2678,0.76986,0.1638,0.83261,0.81145,0.8295,712.73,368.36,649.88,186.34,183.01,1046.4,0.093384,292.57,1,1
0.061787,0.054883,0.014706,0.038502,0.055297,0.044949,0.091853,0.046772,0.051849,0.053557,0.21711,0.085919,0.1656,0.28072,0.30517,0.76215,0.26333,0.7411,0.78282,1.0038,337.52,184.55,369.79,188.03,84.81,1119.9,0.27133,193.53,0,1
0.57261,0.52126,0.14594,0.28101,0.82634,0.45486,0.43253,0.099503,0.55754,0.51257,0.21165,0.037832,0.2816,0.24971,0.27253,0.82365,0.11318,0.95196,0.7634,0.74091,512.61,605.59,441.59,638.73,452.19,2910.2,0.12905,525,1,1
0.12596,0.19871,0.07392,0.20626,0.26944,0.27057,0.23293,0.12492,0.20601,0.34183,0.22847,0.066622,0.21685,0.24042,0.32204,0.81194,0.23502,0.847,0.69536,1.0008,981.99,213.52,969.6,270.72,87.465,1398,0.067003,236.35,1,1
0.021175,0.025333,0.016431,0.0082708,0.018857,0.030176,0.0094858,0.012946,0.030848,0.020368,0.24757,0.039073,0.20304,0.27916,0.23032,0.81135,0.16334,0.46823,0.89561,0.71357,108.33,458.17,119.86,530.88,38.979,2320.4,0.0075373,145.08,0,1
0.14414,0.058355,0.021782,0.11505,0.33207,0.093823,0.1617,0.059257,0.062285,0.10712,0.27803,0.078266,0.23238,0.28642,0.3433,0.86639,0.27099,0.86636,0.92879,1.1527,976.08,384.62,912.33,461.21,102.76,2119.9,0.31664,107.54,1,1
0.04894,0.036007,0.035596,0.12637,0.087253,0.10406,0.029965,0.059273,0.062378,0.077506,0.25357,0.03524,0.23258,0.23757,0.22794,0.77429,0.095269,0.74143,0.85109,0.6842,1215.7,132.34,1201.5,102.7,53.272,407.85,0.031635,69.573,1,1
0.12623,0.13282,0.061533,0.11108,0.24428,0.1767,0.098504,0.08659,0.18916,0.1642,0.21799,0.078001,0.21706,0.19941,0.30086,0.79886,0.21045,0.74132,0.75385,0.80722,440.95,282.27,336.17,278.02,163.8,568.88,0.25534,201.82,1,1
0.31203,0.17044,0.052353,0.092513,0.47321,0.28042,0.1399,0.13684,0.17342,0.5897,0.24678,0.050209,0.23924,0.19504,0.24883,0.76479,0.12487,0.69515,0.78357,0.614,1135.1,163.76,1133.4,172.6,101.42,341.12,0.015986,72.062,1,1
0.01431,0.034064,0.017402,0.015795,0.03326,0.022487,0.0047238,0.011718,0.012818,0.039351,0.24072,0.054734,0.2674,0.26222,0.2312,0.78772,0.12552,0.67895,0.85837,0.63011,721.88,323.83,831.76,332.78,34.082,696.2,0.026949,77.319,0,1
0.27049,0.17024,0.06777,0.15401,0.25407,0.14837,0.096591,0.058937,0.082281,0.16526,0.29229,0.053241,0.29069,0.25475,0.3017,0.93811,0.16357,0.81479,0.74158,0.98037,713,346.3,546.5,304.12,121.48,788.95,0.036356,195.47,1,1
0.044236,0.038924,0.014288,0.029799,0.041627,0.025861,0.0090748,0.023783,0.023594,0.063786,0.24547,0.09611,0.23021,0.28334,0.29547,0.72873,0.26141,0.64379,0.68937,0.94253,1192,89.836,1206.4,95.01,10.949,177.67,0.039951,17.012,1,1
0.39546,0.45839,0.18033,0.2578,0.69768,0.52742,0.67331,0.12243,0.38097,0.89633,0.29437,0.05183,0.28214,0.25569,0.28868,0.98996,0.19953,0.97902,0.89552,1.0424,548.9,496.26,438.37,500.85,268.01,1755.6,0.062194,547.18,1,1
0.15307,0.1169,0.035838,0.14383,0.15433,0.14159,0.072042,0.044029,0.097225,0.11706,0.28374,0.03455,0.21844,0.23958,0.27082,0.90508,0.11178,0.78067,0.85649,0.80104,1124.5,199.93,1100.4,183.25,74.987,610.85,0.071929,143.08,1,1
0.24206,0.2368,0.037835,0.30161,0.32708,0.23812,0.24615,0.092912,0.19408,0.28424,0.27515,0.046148,0.25409,0.26763,0.28558,0.85769,0.14559,0.6921,0.84776,0.87948,1005.8,173.61,1023.2,216.22,110.21,1537.4,0.08292,251.86,1,1
0.042845,0.023993,0.016076,0.046487,0.066186,0.033976,0.020437,0.064477,0.029263,0.064948,0.23044,0.02474,0.27903,0.2799,0.26337,0.71688,0.071824,0.72084,0.80976,0.75367,1223.2,102.57,1229.9,142.42,23.101,471.44,0.088402,42.59,1,1
0.16009,0.03541,0.026759,0.046282,0.13202,0.11408,0.030607,0.045728,0.035325,0.19672,0.23898,0.042286,0.24785,0.23457,0.22875,0.752,0.098051,0.62937,0.75145,0.71884,1180.5,191.97,1180.1,128.21,47.912,310.2,0.031765,38.508,1,1
0.54161,0.49854,0.088677,0.38833,0.65034,0.5387,0.37691,0.12739,0.38894,1.081,0.23911,0.084916,0.26542,0.2782,0.33869,0.93527,0.25349,0.75505,0.62266,1.0472,761.13,328.56,695.02,235.76,157.16,601.78,0.037972,266.27,1,1
0.17928,0.11591,0.055272,0.14259,0.26564,0.098682,0.053847,0.079616,0.038034,0.16386,0.27291,0.069112,0.28261,0.27736,0.29417,0.86941,0.20172,0.66857,0.90143,0.84817,1177.3,174.66,1186,66.891,69.224,415.07,0.040578,77.025,1,1
0.32781,0.49406,0.097747,0.31274,0.64321,0.55955,0.57454,0.17323,0.57101,0.74139,0.27347,0.052612,0.26759,0.24145,0.24767,0.81263,0.15919,0.76701,0.88453,0.85261,932.22,474.02,833.02,324.58,258.63,1640.3,0.059574,223.73,1,1
0.4005,0.49133,0.096865,0.33068,0.87409,0.3009,0.35048,0.15812,0.29581,0.66986,0.217,0.079212,0.26647,0.24044,0.29454,0.78438,0.1942,0.7193,0.82218,0.98034,451.04,336.62,522.55,276.83,258.05,661.02,0.10041,246.66,1,1
0.11369,0.090949,0.032838,0.044842,0.28414,0.22355,0.135,0.056524,0.14942,0.21589,0.29652,0.044788,0.30417,0.27112,0.32681,0.91186,0.14199,0.8991,0.92648,0.87637,1015.2,224.93,995.46,280.47,163.45,2375.8,0.020573,174.89,1,1
0.62537,1.0271,0.17868,0.5243,1.1692,0.47014,0.95301,0.24839,1.0903,1.7389,0.28458,0.04971,0.29188,0.32108,0.2632,0.94211,0.17444,0.93134,0.97948,0.98806,760.12,838.07,535.91,698.74,696,3851.7,0.039647,958.88,1,1
0.23665,0.15339,0.033523,0.11803,0.35383,0.16019,0.27836,0.07285,0.21325,0.35035,0.27238,0.059906,0.23777,0.22611,0.30445,0.72008,0.20282,0.64932,0.8023,0.947,662.93,413.39,669.41,317.28,164.11,939.79,0.069564,321.65,1,1
0.11778,0.078391,0.021168,0.046277,0.17001,0.07265,0.015747,0.020846,0.029407,0.047219,0.28858,0.042068,0.30802,0.2586,0.32708,0.93149,0.096701,0.92249,0.90875,0.93294,1216.5,247.05,1178.4,154.45,37.157,1045.6,0.0092852,64.927,1,1
0.30152,0.22207,0.055653,0.26292,0.46992,0.27768,0.48873,0.11882,0.34176,0.28421,0.2601,0.050679,0.28072,0.22574,0.30978,0.81643,0.16692,0.76415,0.85919,0.95286,893.28,392.62,901.7,231.78,126.45,722.95,0.070992,109.7,1,1
0.58866,0.77532,0.13814,0.67437,1.0557,0.64944,0.83524,0.27143,0.96993,1.3898,0.22346,0.082912,0.22641,0.26708,0.34401,0.76807,0.30295,0.83304,0.88341,1.0674,714.14,440.07,583.96,425.74,401,1724.5,0.10168,344.61,1,1
0.041021,0.074952,0.029785,0.027238,0.034175,0.027435,0.029653,0.0088596,0.036068,0.026241,0.30059,0.083808,0.25768,0.3054,0.37065,0.98738,0.35769,0.98564,0.98699,1.1868,456.81,401.84,276.44,450.54,38.294,1281.8,0.015258,30.644,0,1
0.55328,0.8395,0.16874,0.31676,1.1676,0.49965,0.55235,0.17599,0.60076,0.9459,0.27204,0.030999,0.29918,0.26581,0.18234,0.84389,0.095773,0.97686,0.93181,0.64696,505.15,779.83,507.48,550.84,366.64,3642.1,0.15939,638.01,1,1
0.35653,0.20247,0.05472,0.16965,0.53527,0.40696,0.2425,0.07765,0.32074,0.48632,0.28188,0.049106,0.26876,0.25728,0.27909,0.82931,0.12313,0.79913,0.83786,0.74056,1045.2,305,948.12,173.43,190.9,311.79,0.02855,223.67,1,1
0.17144,0.10184,0.047971,0.10008,0.17757,0.076309,0.076547,0.032072,0.17016,0.080565,0.30332,0.035322,0.27194,0.27023,0.28609,0.92473,0.17054,0.91148,0.98584,1.0232,686.06,509.77,773.4,376.33,94.24,2691.4,0.29681,309.11,1,1
0.11063,0.037583,0.02797,0.042987,0.15397,0.090013,0.030752,0.029319,0.044977,0.13585,0.28403,0.049653,0.27511,0.27794,0.27266,0.76735,0.13256,0.75827,0.86927,0.7934,1231.7,111.44,1222.2,144.42,37.634,299.39,0.0011832,51.921,1,1
0.13555,0.3191,0.085529,0.26671,0.28759,0.14832,0.1896,0.071843,0.28867,0.41682,0.2608,0.074748,0.21456,0.2422,0.3162,0.93461,0.24773,0.65469,0.93526,0.92198,134.86,308.93,124.48,231.42,50.715,1232.7,0.29987,318.07,0,1
0.25826,0.39902,0.051657,0.26632,0.40215,0.3735,0.19641,0.085998,0.19435,0.29028,0.28165,0.057805,0.29569,0.27343,0.25683,0.74128,0.15024,0.7794,0.65838,0.73367,837.8,303.33,790.98,352.17,249.52,985.43,0.013041,520.18,1,1
0.33198,0.3962,0.091097,0.34842,0.92154,0.4329,0.58824,0.17115,0.48462,0.84822,0.26105,0.064892,0.22668,0.24637,0.2405,0.80601,0.16463,0.68739,0.82708,0.77167,790.36,448.8,619.23,231.86,388.98,885.44,0.087286,332.95,1,1
0.018387,0.14803,0.037518,0.010641,0.045307,0.028755,0.13166,0.0086328,0.015784,0.045257,0.33587,0.11608,0.28023,0.35543,0.37559,1.0904,0.42913,1.0807,1.1089,1.1992,1202.6,232.99,1188.5,361.43,48.725,2609.9,0.0018698,85.358,1,1
0.38976,0.52029,0.1008,0.33813,1.0118,0.43412,0.5589,0.12765,0.48224,0.97951,0.24726,0.081961,0.22652,0.25866,0.29136,0.75832,0.26706,0.5919,0.97025,0.98571,705.18,541.45,612.36,254.33,220.26,392.96,0.17528,166.69,1,1
0.084077,0.081134,0.015771,0.040806,0.033771,0.11986,0.039597,0.043731,0.11921,0.048393,0.26977,0.095113,0.23564,0.28159,0.33124,0.93942,0.32504,0.86075,0.89479,1.0367,1028.5,79.901,1128.3,187.88,16.664,766.67,0.051692,49.451,1,1
0.10951,0.035305,0.042737,0.069788,0.073538,0.067786,0.031715,0.058306,0.052373,0.076114,0.21209,0.049037,0.19978,0.25733,0.27581,0.81634,0.19041,0.65264,0.75513,0.78718,724.33,318.15,893.81,206.17,60.223,793.06,0.039795,59.589,0,1
0.024961,0.05759,0.01313,0.034083,0.029327,0.023477,0.046915,0.050145,0.031144,0.025531,0.28608,0.10662,0.29402,0.31504,0.35156,0.88679,0.35579,0.84958,1.0369,1.1565,1203.7,116.95,1231.1,142.16,3.259,410.25,0.070296,31.322,1,1
0.12772,0.22198,0.055467,0.084233,0.16458,0.13385,0.12212,0.11102,0.12522,0.30066,0.24917,0.05629,0.2285,0.26809,0.23174,0.74835,0.18973,0.72586,0.64962,0.79235,730.01,275.62,941.15,388.85,150.11,2151.6,0.12683,447.14,1,1
0.0065184,0.002232,0.0063196,0.0055694,0.010506,0.0057785,0.0039964,0.01011,0.0023703,0.0089487,0.28074,0.032699,0.3105,0.28729,0.29476,0.87891,0.076321,0.78989,0.91227,0.77432,1248.2,27.661,1242.3,53.815,1.6849,44.818,0.0016439,7.2711,1,1
0.18618,0.47453,0.047528,0.079471,0.23609,0.28458,0.21557,0.074641,0.29787,0.45859,0.27658,0.13612,0.18463,0.3117,0.37396,0.93127,0.44845,0.73531,1.0197,1.183,1050.2,113.79,1001.8,238.37,37.165,141.66,0.040027,37.253,1,1
0.0021138,0.0013657,0.0018262,0.00061443,0.0012929,0.0022752,0.00066123,0.0022537,0.00043288,0.0013129,0.22653,0.054241,0.15286,0.28731,0.24274,0.82582,0.22306,0.35458,0.84541,0.90535,467.02,152,822.25,199.36,8.1332,1124.6,0.015611,4.9968,0,1
0.03512,0.011643,0.015855,0.033644,0.041481,0.034429,0.027638,0.027683,0.017634,0.051323,0.23203,0.036105,0.24953,0.18073,0.2904,0.88764,0.12705,0.78808,0.81606,0.79245,1194.5,52.893,1212.1,161.85,18.608,438.99,0.010669,25.623,1,1
0.25977,0.45798,0.085287,0.2549,0.50592,0.33223,0.36752,0.091825,0.35928,0.55282,0.26851,0.056725,0.26805,0.25643,0.3026,0.80086,0.19189,0.87203,0.84424,1.0272,716.55,477.06,846.37,446.54,284.67,3087.7,0.06182,322.07,1,1
0.70003,0.67237,0.1517,0.68459,1.105,0.72399,0.85484,0.22694,0.94124,1.1802,0.25655,0.052297,0.25657,0.27191,0.22918,0.77879,0.15987,0.68556,0.83464,0.73634,439.65,737.91,448.16,517.27,422.76,2014.6,0.10541,614.1,1,1
0.17607,0.17956,0.059102,0.10415,0.3041,0.16001,0.12959,0.072907,0.13873,0.33004,0.23828,0.075119,0.22765,0.27487,0.32548,0.84895,0.22058,0.85976,0.92038,0.93953,1153.4,217.64,1164.6,186.5,64.566,513.14,0.16875,68.596,1,1
0.62481,0.50408,0.115,0.34855,1.0663,0.57689,0.50545,0.21305,0.67724,1.1717,0.25212,0.078223,0.25923,0.22913,0.25153,0.72653,0.21518,0.74237,0.7876,0.80456,923.22,424.38,873,315.6,322.72,528.56,0.072088,302.14,1,1
0.035529,0.086563,0.040971,0.054732,0.042192,0.092715,0.039257,0.056953,0.12792,0.049651,0.22808,0.09423,0.20045,0.22257,0.34668,0.96028,0.27957,0.65438,0.76337,1.0264,613.8,244.28,584.74,129.9,51.237,1938.7,0.31944,187.19,0,1
0.41568,0.29076,0.050087,0.23788,0.54999,0.19744,0.31131,0.082145,0.142,0.52441,0.21109,0.083699,0.21493,0.24893,0.29899,0.81004,0.24143,0.69092,0.74032,0.9025,1126.2,154.61,1136.6,154.1,69.71,243.79,0.19121,106.19,1,1
0.32059,0.17024,0.048877,0.14815,0.74244,0.37817,0.15341,0.095385,0.20823,0.43315,0.2313,0.045989,0.22835,0.24105,0.28019,0.77414,0.10278,0.79206,0.8399,0.74489,1131.3,303.47,1122.1,234.89,187.73,643.98,0.038414,152.89,1,1
0.062178,0.08486,0.024979,0.040225,0.050293,0.085599,0.070395,0.042281,0.041947,0.10759,0.25682,0.068197,0.26176,0.23969,0.29037,0.84713,0.19855,0.54915,0.92347,0.92304,869.23,242.23,725.49,268.64,73.109,833.51,0.037947,98.01,1,1
0.45119,0.32172,0.17134,0.39649,0.82035,0.48296,0.70945,0.16134,0.64997,0.89843,0.23962,0.061849,0.2528,0.25949,0.24632,0.84427,0.18355,0.75613,0.82979,0.81443,888.02,292.21,886.57,280.4,271.83,954.2,0.065935,261.46,1,1
0.046049,0.024744,0.02277,0.042265,0.0346,0.025046,0.012997,0.018841,0.023789,0.092694,0.27645,0.026226,0.3011,0.26061,0.25062,0.88095,0.076987,0.77222,0.87162,0.73738,718.7,382.5,870.47,334.92,39.901,1537.6,0.031156,186.75,1,1
0.16763,0.34961,0.060274,0.085526,0.26532,0.26287,0.23425,0.050164,0.2155,0.23708,0.31449,0.088997,0.26234,0.32675,0.37017,1.0275,0.2948,1.0444,1.058,1.18,837.72,530.14,829.43,467.85,131.82,1917,0.021952,296.77,1,1
0.43335,0.19512,0.066446,0.17455,0.39912,0.1625,0.11945,0.11125,0.11567,0.55913,0.29726,0.040282,0.26325,0.29342,0.28264,0.83998,0.14265,0.87108,0.97101,0.92868,1036.5,242.94,1125.6,215.98,53.967,599.55,0.018064,190.89,1,1
0.11221,0.097462,0.090673,0.10719,0.12124,0.12025,0.046729,0.051361,0.14404,0.079827,0.24577,0.026263,0.24405,0.2667,0.23958,0.64759,0.099773,0.74153,0.77638,0.76363,177.01,371.46,168.7,402.13,173.58,2859.7,0.036652,351.21,0,1
0.018124,0.016869,0.027481,0.0023094,0.042322,0.014374,0.0088513,0.0030189,0.0091788,0.007111,0.30297,0.029853,0.3276,0.36475,0.35795,1.0381,0.14049,1.1399,1.0826,1.1756,1131.2,554.6,1180.5,650.55,36.995,4716.2,0.0018787,161.42,1,1
0.44526,0.39551,0.073679,0.30219,0.57367,0.41005,0.51786,0.11013,0.43832,0.81794,0.21569,0.086463,0.20722,0.27409,0.31077,0.84606,0.29141,0.7823,0.67057,1.0817,953.39,249.72,1121.6,217.59,66.67,435.9,0.018144,140.38,1,1
0.12095,0.035678,0.012056,0.062615,0.10566,0.083568,0.013465,0.031399,0.033812,0.18251,0.26746,0.047865,0.28572,0.27327,0.27394,0.79717,0.1114,0.68724,0.79056,0.82192,1235.4,101.13,1229.4,80.139,29.312,143.01,0.005899,18.138,1,1
0.5518,0.38901,0.057107,0.1994,0.26566,0.31608,0.47985,0.15178,0.15477,0.4794,0.20181,0.041625,0.28098,0.23415,0.29411,0.78237,0.10802,0.86445,0.73283,0.88059,855.24,486.82,952.8,385.38,273.9,1934.4,0.35143,274.43,1,1
0.68529,0.64629,0.15921,0.52818,1.0602,0.75646,0.68463,0.24659,0.78537,1.4934,0.25117,0.082611,0.21007,0.23714,0.29797,0.73579,0.23467,0.69656,0.85119,0.82651,338.58,506.78,437.73,256.93,403.03,1462,0.15314,457.98,1,1
0.2054,0.097501,0.080181,0.093788,0.41144,0.23695,0.15697,0.095816,0.14363,0.41612,0.20706,0.057587,0.28442,0.26641,0.24602,0.89175,0.22065,0.81024,0.90312,0.85846,933.06,215.68,1100.7,246.3,151,647.09,0.08985,109.38,1,1
0.78203,0.7502,0.13984,0.51828,1.189,0.57635,0.90433,0.29446,0.76285,1.3381,0.22709,0.047036,0.24175,0.24576,0.26125,0.75347,0.15196,0.77159,0.90561,0.85114,524.3,503.68,587.26,379.9,347.02,1736.2,0.049565,340.35,1,1
0.094187,0.045101,0.016764,0.023982,0.087805,0.1282,0.025923,0.029352,0.025247,0.10655,0.24985,0.04333,0.21506,0.2157,0.21964,0.71935,0.10485,0.61232,0.67881,0.51488,1055.5,231.69,1076.2,195.81,64.092,832.4,0.010761,57.224,1,1
0.094257,0.037283,0.012995,0.034657,0.12429,0.045514,0.027101,0.017712,0.030926,0.055309,0.2629,0.051074,0.24964,0.26375,0.28223,0.76993,0.13613,0.61934,0.90024,0.84738,1127.3,178.62,1140.9,171.39,32.417,411.3,0.0091365,58.646,1,1
0.081943,0.096985,0.030312,0.069847,0.15296,0.09441,0.086584,0.058421,0.060387,0.15479,0.28147,0.05863,0.26749,0.23628,0.26395,0.80788,0.19602,0.86124,0.88457,1.0288,1098.2,267.59,1122.3,195.77,36.414,1076.9,0.16807,184.25,1,1
0.080058,0.086566,0.032726,0.091513,0.23674,0.090614,0.04685,0.037387,0.045767,0.18802,0.26239,0.069462,0.2634,0.24261,0.31336,0.82653,0.19004,0.71902,0.78771,0.85996,1217.6,164.54,1218.6,105.3,20.071,132.73,0.074744,48.057,1,1
0.03343,0.036675,0.010933,0.0084195,0.060802,0.040427,0.020584,0.0097139,0.0093683,0.064032,0.23142,0.032416,0.29436,0.28074,0.26886,0.89488,0.098009,0.84974,0.8095,0.80095,1203,199.43,1190.3,186.4,22.446,562.7,0.035754,61.03,1,1
0.41973,0.59654,0.10092,0.33286,0.78205,0.33166,0.38875,0.14963,0.26193,0.57701,0.27653,0.052992,0.24831,0.24197,0.308,0.85874,0.17343,0.87275,0.6838,0.91615,762.51,421.17,774.07,357.42,320.14,2174.2,0.17076,535.28,1,1
0.015758,0.051255,0.019683,0.014937,0.10478,0.13956,0.034348,0.088045,0.046365,0.069382,0.2675,0.070789,0.25806,0.26918,0.31716,0.95421,0.21785,0.79265,0.8471,1.0035,1204.3,134.87,1208.9,90.909,27.182,425.67,0.22202,24.079,1,1
0.26592,0.73803,0.11554,0.21373,0.70064,0.40778,0.55389,0.030447,0.46032,0.68395,0.3215,0.081315,0.25603,0.31433,0.36574,0.99035,0.32314,0.86401,1.0782,1.1443,733.49,448.11,705.85,489.17,176.71,2587.2,0.061244,210.37,1,1
0.073939,0.10614,0.032787,0.11292,0.15965,0.14306,0.063251,0.036129,0.1771,0.23313,0.26405,0.088254,0.19357,0.25526,0.34818,0.78429,0.2767,0.92073,0.88426,1.0514,1143.8,222.42,1201.2,169.39,102.68,1261.4,0.10779,98.021,1,1
0.13411,0.031385,0.019796,0.063609,0.11911,0.056567,0.026781,0.024851,0.027058,0.06604,0.24113,0.043791,0.27044,0.21737,0.23115,0.63934,0.11463,0.69466,0.71478,0.76226,1174.7,178.59,1185.6,119.21,48.195,472.24,0.015986,67.968,1,1
0.60958,0.61067,0.087437,0.25684,0.8682,0.6738,0.6968,0.1819,0.7702,0.73746,0.26302,0.085348,0.224,0.2738,0.31993,0.78865,0.278,0.78978,0.81993,1.0262,765.9,546.59,740.38,314.76,295.5,1858.8,0.28193,566.68,1,1
0.51147,0.27633,0.062918,0.13554,0.43181,0.23932,0.31495,0.12352,0.37896,0.72771,0.26325,0.052093,0.27596,0.24836,0.28352,0.90482,0.2009,0.76044,0.74631,1.0014,902.04,424.45,1014.9,259.87,152.93,1066.2,0.14585,164.72,1,1
0.076543,0.087304,0.032251,0.065481,0.093517,0.06525,0.019189,0.05287,0.012581,0.094429,0.25333,0.047274,0.24617,0.2725,0.29534,0.84603,0.14627,0.74527,0.83902,0.89914,1134.5,312.59,1195.8,136.26,34.582,225.47,0.033689,41.601,1,1
0.079857,0.0091091,0.020024,0.07113,0.052181,0.065269,0.0051946,0.028041,0.038791,0.026181,0.2889,0.045369,0.2656,0.24789,0.26304,0.7595,0.11111,0.73727,0.83142,0.66706,1228.7,75.155,1227.6,59.125,15.586,353.25,0.011938,47.254,1,1
0.20208,0.35937,0.039771,0.085544,0.32189,0.22028,0.15718,0.076448,0.14504,0.31176,0.27023,0.06053,0.2648,0.32713,0.31768,0.88966,0.17619,0.87598,0.85242,0.95963,919.67,327.52,982.71,303.9,166.61,1220.2,0.046532,295.7,1,1
0.35235,0.55214,0.10807,0.32541,0.68163,0.25399,0.42801,0.1273,0.3751,0.87222,0.25083,0.11443,0.19648,0.29972,0.36958,0.88,0.40661,0.80404,0.99363,1.1813,808.01,306.79,909.59,369.03,56.109,738.01,0.034813,117.87,1,1
0.57081,0.20017,0.094733,0.27005,0.45149,0.47016,0.38752,0.12258,0.31882,0.50252,0.2158,0.056467,0.25462,0.25093,0.24763,0.79024,0.16275,0.88524,0.8352,0.87657,602.69,477.37,696.33,429.5,276.28,2306.2,0.27126,337.85,1,1
0.27546,0.48411,0.092692,0.19354,0.64548,0.5334,0.51762,0.13368,0.37042,0.76483,0.24358,0.083117,0.23826,0.24638,0.31785,0.74016,0.31103,0.66614,0.81622,1.0598,846.84,225.24,882.8,159.63,76.032,394.94,0.14082,122.87,1,1
0.35957,0.20832,0.03252,0.26152,0.56631,0.37295,0.28981,0.12267,0.30873,0.32354,0.25858,0.080965,0.15725,0.23161,0.26457,0.85916,0.24936,0.73409,0.83947,0.97498,1002.4,228.54,1119.7,155.47,66.785,888.08,0.13252,170.85,1,1
0.25724,0.17538,0.049808,0.093964,0.36917,0.25532,0.24538,0.11111,0.29142,0.29957,0.27966,0.063902,0.23937,0.25971,0.3047,0.82712,0.1881,0.72604,0.78821,0.98898,777.07,273.75,926.04,321.46,116.94,1192.8,0.11449,226.06,1,1
