2.3463,0.60277,0.84377,0.84941,2.1338,1.5882,0.64088,0.57735,2.1815,2.0087,0.67512,0.1402,0.73594,0.74465,0.68873,0.20133,0.05219,0.21091,0.26431,0.25003,602.27,274.05,641.61,452.44,172.73,23.632,0.48916,251.01,1
2.2077,0.7037,1.0565,1.6314,3.3893,1.1828,0.71528,0.88327,2.0993,2.079,0.65697,0.17692,0.56264,0.83419,0.80655,0.18379,0.063516,0.23724,0.26647,0.2748,664.53,235.58,671.59,472.69,126.61,9.9207,3.096,152.74,1
0.91152,0.27796,0.28326,0.55692,1.3791,1.2899,0.26135,0.59277,0.47893,1.3183,0.68361,0.057229,0.75541,0.68871,0.70066,0.25865,0.032599,0.23181,0.23965,0.30667,550.06,309.81,711.24,95.062,158.88,960.26,0.16031,153.58,1
0.90479,0.41973,0.84381,0.63615,2.047,0.86048,0.39978,0.3075,0.93545,0.75247,0.72326,0.080013,0.71756,0.75787,0.70354,0.25129,0.042468,0.25412,0.24366,0.28709,619.04,265.8,741.81,119.74,183.53,439.81,0.34791,137.3,1
0.73436,0.36381,0.67937,0.875,0.98031,1.2096,0.26901,0.64336,0.74159,1.1234,0.76497,0.051598,0.80303,0.7624,0.72759,0.29039,0.028418,0.24231,0.28065,0.28351,603.01,348.42,752.35,31.67,217.01,300.78,0.10076,157,1
0.43408,0.50643,0.053457,0.4096,0.50982,0.30287,0.45956,0.25047,0.16957,0.39489,0.75357,0.070742,0.66557,0.81424,0.72672,0.27388,0.031705,0.22529,0.27558,0.27187,563.12,329.95,643.61,282.66,141.51,881.34,0.28279,234.32,1
2.13,0.76357,1.0882,1.7799,2.7591,1.43,0.52269,1.1619,1.9335,2.0387,0.65133,0.19382,0.6729,0.75378,0.70788,0.22494,0.067099,0.21978,0.22963,0.26811,676,280.38,693.43,429.59,221.61,12.807,0.43826,189.25,1
0.41053,0.26458,0.36183,0.57168,0.44071,0.55336,0.29891,0.16485,0.2983,0.37567,0.77501,0.046004,0.78266,0.75241,0.6804,0.27663,0.033146,0.26164,0.28295,0.28489,649,338.07,735.9,106.87,198.23,813.8,0.02708,165.74,1
0.4616,0.42965,0.13741,0.35419,0.87364,0.5853,0.45048,0.17501,0.22053,0.76744,0.60723,0.06489,0.63717,0.55492,0.7084,0.21801,0.040903,0.1956,0.22874,0.26287,611.74,282.12,597.36,223.82,132.19,1459.1,0.31956,143.81,1
0.86178,0.3144,0.67405,0.90919,0.95901,0.63293,0.21491,0.32345,0.21397,0.64974,0.68163,0.11868,0.71458,0.7453,0.77713,0.22191,0.050412,0.23784,0.26714,0.24504,441.81,341.71,682.81,120.85,173.86,708.46,0.41235,203.42,1
1.787,0.47301,0.86049,1.4386,1.3014,0.68243,0.63531,1.1144,1.1056,1.1481,0.64853,0.16843,0.66448,0.78595,0.65704,0.20497,0.060487,0.20971,0.24856,0.25261,605.01,308.63,663.86,275.84,206.5,158.87,0.10566,355.56,1
0.83475,0.38539,0.70948,0.95905,1.3896,0.89464,0.38605,0.67342,0.53503,1.2774,0.77356,0.09004,0.79023,0.73242,0.81338,0.27506,0.032032,0.22812,0.2459,0.27561,679.89,303.75,742.41,61.495,215.48,528.81,0.29244,166.52,1
3.414,0.67034,2.9433,2.3414,4.329,2.4419,0.58476,2.257,3.6703,3.6835,0.44986,0.15943,0.61552,0.73774,0.6248,0.23256,0.054889,0.23131,0.25132,0.29539,674.06,214.89,636.57,476.34,183.68,0.55811,2.1667,386.97,1
0.89609,0.57695,0.63723,0.52427,1.5679,1.0243,0.6491,0.26358,0.98964,0.79103,0.68267,0.10475,0.69593,0.78829,0.77777,0.25064,0.055068,0.21187,0.27647,0.25603,643.91,286.33,727.63,97.62,223.14,778.43,0.091753,401.14,1
1.0272,0.77233,0.22801,0.58009,1.8796,0.35478,0.78602,0.28762,0.60255,1.356,0.73875,0.13487,0.63444,0.77718,0.69916,0.25297,0.080041,0.20516,0.2284,0.26557,563.48,266.82,584.12,442.8,143.52,289.1,0.42461,280.35,1
1.1123,0.86588,0.89462,1.4154,2.354,0.86261,0.88583,0.5133,1.0064,2.3781,0.51348,0.16648,0.62706,0.75479,0.82671,0.21278,0.067531,0.21905,0.25258,0.28867,662.02,234.96,655.18,472.45,191.34,44.295,1.7375,268.38,1
0.82437,0.27252,0.69712,1.1863,0.80066,0.93889,0.24499,0.82377,0.4735,1.102,0.71425,0.086806,0.731,0.68507,0.76529,0.2466,0.047346,0.2273,0.28015,0.27054,651.77,343.3,759.64,23.365,235.22,214.16,0.045285,137.58,1
0.20403,0.2022,0.14778,0.17795,0.55115,0.24093,0.16959,0.085831,0.087142,0.3647,0.76188,0.029961,0.73131,0.77752,0.77581,0.25639,0.027121,0.26629,0.26871,0.31979,607.18,312.53,648.38,375.36,68.985,628.01,0.051516,152.25,1
0.6855,0.25728,0.16167,0.68599,0.48099,0.4121,0.25733,0.39199,0.3707,0.96363,0.76518,0.070766,0.74951,0.73681,0.75251,0.28056,0.044012,0.27388,0.28587,0.29025,653.55,318.03,661.53,124.7,199.31,866.29,0.055423,257.86,1
0.95725,0.4909,0.61462,0.6923,0.83523,0.58868,0.63981,0.71963,0.41003,0.98435,0.56954,0.14153,0.65354,0.76331,0.65017,0.22561,0.056326,0.19549,0.26726,0.29508,633.6,305.62,736.59,118.63,209.28,352.2,0.18002,254.86,1
0.24971,0.11023,0.14339,0.37838,0.21527,0.29142,0.081348,0.40031,0.15116,0.371,0.76915,0.030665,0.74404,0.73393,0.82361,0.28611,0.017811,0.26821,0.29056,0.28292,669.9,359.56,738.46,142.24,155.65,208.57,0.017259,77.908,1
0.62251,0.37083,0.43541,0.54733,1.0529,0.67406,0.33828,0.35585,0.72142,0.74273,0.72271,0.047139,0.74577,0.74421,0.74242,0.27473,0.031766,0.24089,0.28539,0.27921,617.58,332.8,724.52,88.821,181.36,513.23,0.13487,249.52,1
1.4564,0.91268,0.41734,0.78335,1.7632,0.40354,0.69368,0.26056,1.0491,1.5604,0.73779,0.19066,0.49004,0.73783,0.68246,0.20454,0.073053,0.18862,0.27551,0.28455,672.68,270.7,686.29,467.47,135.17,145.68,1.2074,191.56,1
0.93006,0.51784,0.26221,0.58098,1.0894,0.53807,0.47058,0.065613,0.86751,0.76687,0.77628,0.09097,0.70446,0.75197,0.76882,0.27056,0.048681,0.25012,0.28456,0.30553,648.89,303.47,657,229.92,202.5,666.05,0.581,280.98,1
2.2827,0.62561,2.2348,2.038,2.6188,2.2432,0.61245,1.5959,2.5766,2.9139,0.57505,0.1745,0.68893,0.77169,0.60237,0.21888,0.063353,0.20632,0.24473,0.25451,654.15,283.67,626.65,269.58,236,60.583,0.84602,300.54,1
0.5212,0.8451,0.19762,0.25597,0.77479,0.33398,0.6877,0.07395,0.4609,0.67521,0.67008,0.1473,0.76069,0.7799,0.771,0.22412,0.056016,0.25459,0.26518,0.28999,603.83,334.07,565.97,329.43,191.56,543.19,2.9849,338.19,1
1.0464,0.42755,1.4711,1.4396,2.2304,1.3441,0.51435,1.1586,1.3753,1.3207,0.73762,0.092722,0.73385,0.72632,0.78966,0.2625,0.036217,0.25473,0.27458,0.2976,683.47,333.3,730.34,103.37,254.53,146.93,0.054315,251.34,1
3.8147,0.72038,2.7584,2.9229,4.3999,2.0308,0.37111,1.1912,3.5697,3.6695,0.59118,0.15461,0.56737,0.82894,0.76347,0.26306,0.048945,0.26939,0.24279,0.30261,512.7,124.43,646.19,478.98,152.33,0.015373,1.0165,243.95,1
0.78132,0.61083,0.22132,0.28339,1.2112,0.58761,0.6428,0.20844,1.0285,1.0878,0.73233,0.13145,0.65572,0.6861,0.74178,0.23169,0.06602,0.21491,0.25843,0.30076,614.29,315.13,689.99,172.76,193.41,626.1,2.9738,253.37,1
0.48799,0.67313,0.13605,0.34882,0.56738,0.52828,0.71618,0.30603,0.31469,0.58365,0.75284,0.10924,0.64235,0.7079,0.66731,0.2487,0.050093,0.19867,0.27425,0.27682,674,318.12,706.25,194.7,219.37,1968.9,0.36506,431.23,1
0.31885,0.18687,0.14447,0.4625,0.60967,0.52027,0.14078,0.51301,0.20775,0.59252,0.75249,0.025206,0.73815,0.70307,0.79266,0.27657,0.023961,0.25702,0.27773,0.28569,627.35,326.1,701.51,235.43,90.462,1293.5,0.18674,158.64,1
0.60299,0.15566,0.42178,0.72057,0.56985,0.53297,0.28265,0.25314,0.23112,0.5848,0.68128,0.10154,0.75624,0.65413,0.7972,0.27487,0.03321,0.23148,0.25558,0.26239,625.08,332.08,690.57,83.932,167.15,593.34,0.057721,56.089,1
0.26158,0.364,0.35145,0.3223,0.72754,0.62851,0.40235,0.118,0.44631,0.60093,0.68829,0.07055,0.74843,0.77782,0.76323,0.26617,0.038886,0.25426,0.28301,0.2323,620.08,282.26,691.94,162.92,192.77,1003.7,0.2322,358.77,1
0.38777,0.24331,0.25957,0.4735,0.5138,0.73411,0.22971,0.32784,0.30216,0.53734,0.64963,0.055139,0.71144,0.67339,0.7329,0.2576,0.03942,0.23277,0.26378,0.28686,575.28,321.67,689.9,165.39,154.99,832.14,0.29383,163.28,1
0.32218,0.18459,0.22114,0.65447,0.91285,0.49678,0.16751,0.57478,0.38319,0.33093,0.68936,0.074024,0.74815,0.6413,0.80391,0.27721,0.042373,0.24833,0.28661,0.29474,622.47,324.73,731.31,171.64,122.7,354.53,0.14492,114.94,1
0.87696,0.51595,0.81784,0.62793,1.3139,1.1768,0.38531,0.60155,1.0079,1.4712,0.76099,0.11909,0.6499,0.68818,0.76567,0.24737,0.055541,0.20898,0.27061,0.27352,657.44,353.35,690.36,150.84,236.43,151.99,0.16263,305.83,1
0.34839,0.24698,0.1176,0.5822,0.40873,0.42081,0.28707,0.25852,0.31167,0.51618,0.75436,0.066386,0.77881,0.78542,0.85185,0.29019,0.035119,0.26375,0.2869,0.30579,645.89,287.48,722.52,158.27,252.28,653.57,0.060546,160.5,1
0.24398,0.39952,0.099814,0.32021,0.19177,0.19485,0.4725,0.17672,0.1738,0.41032,0.76326,0.059422,0.75495,0.69849,0.73299,0.18318,0.032529,0.25412,0.27839,0.26814,575.91,295.73,529.92,346.1,143.16,1932.3,0.49048,256.19,1
1.8685,0.41253,2.2042,1.7814,2.458,1.469,0.47474,1.3429,2.1286,1.926,0.63031,0.15396,0.63239,0.77242,0.7547,0.26573,0.046441,0.25609,0.25779,0.29696,660.48,284.32,683.23,207.46,209.55,54.705,0.024333,320.44,1
0.5511,0.52097,0.63796,1.3342,1.1178,0.78313,0.49852,0.57464,0.67237,0.89856,0.73917,0.12304,0.7236,0.70945,0.73976,0.23703,0.042003,0.23768,0.27668,0.29814,687.06,347.55,743.25,68.352,258.11,243.45,0.10038,318.47,1
0.10957,0.15874,0.0067783,0.067535,0.19097,0.10329,0.091839,0.005434,0.025305,0.15421,0.7507,0.035212,0.75452,0.63128,0.81923,0.2812,0.022203,0.23567,0.2702,0.28385,644.92,303.36,583.76,469.61,16.333,456.92,1.2737,49.441,1
0.4564,0.17092,0.24902,0.56461,0.55984,0.39605,0.16017,0.44822,0.30056,0.40974,0.75496,0.023812,0.75682,0.7579,0.75509,0.28706,0.016079,0.27994,0.26127,0.23212,611.72,336.08,726,104.02,150.63,708.31,0.11851,169.76,1
0.50707,0.50452,0.48754,0.54147,0.9781,0.47697,0.39716,0.78354,0.53491,0.64252,0.72422,0.11507,0.71247,0.6335,0.74658,0.23716,0.047554,0.21994,0.27006,0.29153,609.43,313.42,629.91,291.36,121.96,143.42,0.096656,229.48,1
0.86608,0.3727,0.30358,1.2409,1.1024,0.96113,0.33388,0.5161,0.59112,0.94817,0.7463,0.12732,0.61198,0.77005,0.76299,0.2542,0.036023,0.20171,0.27805,0.29142,596.12,309.05,724.62,161.4,169.4,301.96,0.066679,177.26,1
1.4353,0.70244,1.0325,0.90108,2.8215,0.92345,0.87483,0.18733,2.2884,1.8708,0.60095,0.22036,0.53677,0.80651,0.76112,0.2253,0.081968,0.22577,0.23845,0.30362,632.06,247.97,702.58,474.19,167.35,37.809,4.948,288.42,1
0.19619,0.24675,0.34776,0.42653,0.30697,0.52609,0.30234,0.13779,0.28412,0.68501,0.71954,0.04633,0.79426,0.73627,0.73988,0.28379,0.028124,0.27035,0.26485,0.30489,665.25,337.59,693.96,283.22,119.91,703.52,0.08352,176.92,1
3.6463,0.76895,2.0734,1.9122,3.5556,2.6299,0.5954,1.586,2.9935,2.5066,0.51184,0.1779,0.6325,0.80445,0.74772,0.22638,0.059334,0.22778,0.21947,0.25664,607.43,162.92,514.89,478.56,130.04,2.1762,11.416,299.71,1
1.3991,0.51352,1.9918,2.0332,2.3641,2.2934,0.41615,1.4284,2.0962,2.2415,0.60363,0.12407,0.52732,0.67075,0.7257,0.2192,0.037371,0.20403,0.22078,0.20471,629.53,276.56,571.13,202.53,125.74,244.81,0.38439,337.54,1
0.45398,0.57689,0.13765,0.29475,0.86887,0.52682,0.58514,0.077524,0.35373,0.80032,0.74994,0.090353,0.7484,0.67408,0.7081,0.26591,0.050721,0.24099,0.26577,0.30625,583.51,314.1,679.38,225.12,174.21,1028.6,0.15161,263.54,1
1.359,0.69111,0.54255,1.0523,1.4949,1.0903,0.62537,0.82477,1.1683,0.91311,0.75245,0.087711,0.68909,0.7859,0.60509,0.22486,0.049981,0.22737,0.24953,0.27504,646.5,252.01,612.77,347.2,240.17,81.399,0.20102,305.36,1
1.1918,0.41421,1.2372,1.6785,1.7473,1.5605,0.57182,1.0847,1.3427,1.9666,0.71868,0.15725,0.70996,0.75659,0.71143,0.25426,0.061738,0.21547,0.24409,0.24094,597.14,311.92,755.24,21.843,278.6,326.05,0.19547,287.33,1
3.5263,0.66263,2.4619,3.1871,4.0863,2.2722,0.36093,1.7727,3.4633,3.0229,0.60308,0.19242,0.44595,0.7838,0.71471,0.22708,0.070307,0.23129,0.2602,0.27583,559.68,192.22,650.7,472.6,237.03,1.0171,0.51471,153.63,1
2.1021,0.57276,2.0018,1.8946,2.1735,1.4502,0.59775,0.77886,1.8492,2.0052,0.60134,0.12077,0.63632,0.75021,0.68055,0.26721,0.052424,0.17626,0.24643,0.27818,587.75,287.49,709.95,178.8,255.14,133.47,0.87181,456.65,1
0.48063,0.39271,0.21878,0.56465,1.4669,0.92332,0.40421,0.64821,0.51962,1.2971,0.71487,0.057472,0.7176,0.68969,0.76301,0.25046,0.028948,0.21729,0.2569,0.27635,584.96,319.61,695.04,66.157,197.24,1054.3,0.385,249.83,1
1.1961,0.44111,0.92361,1.286,2.153,0.69985,0.44072,0.5052,1.239,1.2869,0.67057,0.097508,0.71858,0.77407,0.61815,0.25696,0.049386,0.24821,0.25716,0.30324,643.07,271.28,708.68,278.33,185.93,93.036,0.42653,175.99,1
1.2354,0.58752,0.64007,1.5025,2.2533,1.3408,0.42907,0.85261,1.3737,0.75752,0.74439,0.13908,0.70031,0.80129,0.66786,0.27969,0.037583,0.24531,0.26681,0.29869,693.85,309.6,659.7,321.55,179.09,43.451,0.20496,297.12,1
2.9391,0.56855,2.6334,2.5275,2.5774,1.5407,0.51443,1.7979,2.1366,3.1111,0.62652,0.17606,0.438,0.81305,0.748,0.22417,0.074692,0.25008,0.26542,0.29881,651.74,210.26,671.61,457.6,182.34,8.04,1.1729,169.67,1
0.75745,0.87421,0.53076,0.65766,1.3293,0.44714,0.43047,0.077158,1.1339,1.2449,0.64736,0.1852,0.52201,0.76775,0.76,0.26352,0.070571,0.26045,0.27531,0.29458,613.95,219.08,609.99,442.93,128.96,72.292,3.3825,225.4,1
2.2823,0.77796,1.9549,2.1085,2.8894,1.5284,0.58563,0.6838,2.6259,2.3787,0.60877,0.194,0.56769,0.78744,0.74601,0.25821,0.069463,0.24201,0.24255,0.29835,630.37,209.78,707.49,465.37,249.66,7.6981,1.2756,261.96,1
0.64868,0.27105,1.0988,1.1913,0.98309,0.87535,0.35155,0.61,0.58219,0.85048,0.72975,0.13949,0.60428,0.72649,0.76783,0.22763,0.046586,0.24319,0.26362,0.25921,668.33,337.95,709.75,62.181,247.15,247.09,0.21616,274.17,1
0.9353,0.40772,0.53287,0.82115,1.1759,1.1867,0.40396,0.69937,0.65627,1.1707,0.7055,0.08722,0.70515,0.66669,0.68553,0.26317,0.03709,0.23646,0.24238,0.29694,590.55,324.27,662.66,203.34,160.02,439.31,0.2195,265.59,1
2.1281,0.53681,1.5308,2.4968,2.6936,1.005,0.44904,0.92985,2.495,1.2073,0.5735,0.14996,0.69288,0.76366,0.70586,0.22134,0.065684,0.24933,0.23445,0.24209,613.73,255.24,640.26,378.39,192.22,101.17,0.4043,162,1
1.5451,0.40993,1.5588,1.3479,2.6971,1.2146,0.25429,1.0153,2.1892,1.3427,0.67199,0.10888,0.64511,0.68233,0.70728,0.23286,0.055872,0.22135,0.23395,0.253,693.69,267.54,605.82,354.99,205.21,36.623,0.10324,257.56,1
1.5773,0.70249,0.88606,1.2816,2.2831,1.286,0.57979,0.58535,1.3878,1.439,0.61686,0.20838,0.67437,0.78191,0.78854,0.25726,0.063477,0.19983,0.26093,0.24247,564.06,313.85,698.7,371.86,205.58,46.26,0.61608,263.06,1
0.86086,0.34474,0.4644,0.94691,0.87089,0.95727,0.3245,0.58815,0.93585,1.0649,0.70854,0.095526,0.78124,0.66752,0.79649,0.26387,0.04331,0.24558,0.26354,0.29606,561.18,341.66,702,38.813,295.91,508.8,0.26426,299.73,1
1.759,0.79416,0.48655,0.83553,2.1311,0.8423,0.70202,0.32835,1.2647,1.2631,0.60579,0.2109,0.54992,0.79884,0.80059,0.24654,0.069704,0.20948,0.27691,0.26702,675.86,294.27,690.45,475.47,163.55,17.529,2.5404,170.52,1
1.0527,0.33407,0.61991,0.85286,0.61586,0.63643,0.36734,0.72852,0.84336,0.8504,0.76922,0.0702,0.74989,0.765,0.79029,0.27437,0.03866,0.25548,0.27811,0.31404,605,332.7,743.24,32.534,253.47,209.16,0.31333,237.96,1
0.68994,0.42523,0.68193,0.57068,1.1082,1.262,0.33046,0.23397,0.6801,0.96715,0.67908,0.12471,0.68358,0.77539,0.77576,0.2215,0.049217,0.24489,0.27148,0.28571,607.66,313.28,684.64,242.77,204.57,186.66,0.12474,257.96,1
2.3309,0.43641,1.4673,2.1578,2.4765,1.4749,0.44621,1.7061,1.8035,1.6669,0.76243,0.089424,0.71262,0.72169,0.77755,0.25206,0.033722,0.21877,0.25901,0.22818,680.04,315.9,749.23,16.67,270.28,146.91,0.034564,377.99,1
0.2948,0.27112,0.031615,0.15276,0.29589,0.12129,0.38544,0.067199,0.18372,0.3108,0.68793,0.10984,0.67282,0.71139,0.81469,0.2746,0.038679,0.20561,0.27649,0.30506,628.99,336.89,684.48,274.31,131.22,812.35,0.2183,134.25,1
0.99388,0.33935,0.51567,1.1407,1.2053,0.7975,0.3973,0.39236,0.8901,0.88293,0.64303,0.10252,0.59133,0.69633,0.62692,0.23919,0.046477,0.19296,0.26332,0.26702,624.41,260.51,646.22,245.91,151.73,1651.3,0.45448,400.43,1
0.57346,0.17859,0.1965,0.41044,0.38726,0.3865,0.23947,0.13078,0.23697,0.46931,0.75986,0.035144,0.77928,0.71425,0.68843,0.26489,0.025137,0.26339,0.25187,0.2852,661.06,289.64,654.78,361.17,72.893,1202.9,0.23173,114.24,1
1.0867,0.35762,0.57052,1.3302,0.87604,1.2745,0.26391,0.70155,0.55105,1.1932,0.73941,0.1094,0.63142,0.79804,0.7409,0.23377,0.048094,0.22472,0.25922,0.28664,652.94,308.41,693.7,215.1,161.33,295.61,0.33819,171.16,1
3.1008,0.53553,2.5414,2.3889,3.6852,2.0269,0.34065,1.8405,3.6937,3.0876,0.61691,0.17869,0.53863,0.8018,0.76568,0.24979,0.057858,0.25184,0.27583,0.30535,667.15,144.04,615.69,473.35,187.52,0.21912,0.21891,203.15,1
0.57241,0.34074,0.10426,0.20003,0.85997,0.32285,0.38167,0.071555,0.27331,0.54449,0.76973,0.071478,0.80744,0.80729,0.74066,0.2776,0.03658,0.21196,0.28809,0.29354,558.79,349.25,629.43,258.65,171.92,702.77,0.061771,173.43,1
1.3195,0.45111,1.0911,1.0796,2.0248,1.0865,0.46125,0.75532,1.2064,1.3213,0.68783,0.12749,0.71048,0.6639,0.70893,0.2628,0.058026,0.24008,0.26266,0.28412,638.1,337.64,735.63,25.047,237.12,489.08,0.31264,223.5,1
3.8185,0.41665,3.1932,3.53,4.2011,2.9322,0.27622,2.4528,3.7658,3.0167,0.51526,0.1621,0.49178,0.7637,0.71909,0.26651,0.051104,0.26281,0.26309,0.30144,678.27,133.33,622.13,477.3,184.53,0.014928,0.45246,105.59,1
1.4862,0.39755,1.396,1.5759,1.4958,1.3105,0.36957,1.6075,0.81972,1.513,0.66982,0.18724,0.64494,0.77599,0.81995,0.25907,0.059404,0.23416,0.2538,0.29765,670.11,323.69,701.93,70.866,248.57,119.78,0.016674,309.23,1
2.4902,0.80259,1.9919,2.3733,2.324,2.244,0.72239,0.94418,2.6742,2.6561,0.5097,0.19392,0.55282,0.70533,0.68238,0.18811,0.072181,0.25083,0.26921,0.28841,684.1,305.27,684.2,400.84,230.28,15.087,2.346,343.18,1
1.0081,0.67393,0.72072,1.001,1.8059,0.88675,0.619,0.48881,1.0082,1.6864,0.66825,0.1258,0.58594,0.58439,0.73357,0.2364,0.052944,0.23794,0.22187,0.2802,578.88,270,686.13,190.51,194.42,788.29,0.99762,307.51,1
0.90363,0.39451,0.48894,0.51661,1.8318,0.73692,0.31802,0.46314,1.0907,1.1491,0.60105,0.11025,0.68613,0.63386,0.75494,0.27811,0.038171,0.24122,0.25158,0.27591,623.89,286.22,645.33,274.75,164.12,284.66,0.17342,182.38,1
2.8076,0.45029,2.0118,2.5478,3.4247,2.1909,0.39366,2.64,3.2241,2.3003,0.52669,0.1834,0.57295,0.6493,0.75772,0.26127,0.059011,0.2088,0.25974,0.28288,596.59,260.11,696.71,46.578,291.9,64.047,0.12133,250.7,1
0.90278,0.41135,0.28514,1.0259,0.61222,0.79343,0.38504,0.41808,0.54315,0.87553,0.75638,0.051154,0.77215,0.64173,0.77914,0.2872,0.034697,0.26361,0.28604,0.29431,623.08,338.88,754.08,35.016,242.24,369.35,0.040581,192.01,1
2.0924,0.53585,1.19,1.7789,2.8843,1.6798,0.58154,0.56297,1.7996,3.3658,0.61678,0.16017,0.53883,0.64047,0.65109,0.24031,0.047225,0.19678,0.26885,0.2895,646.56,304.65,647.03,344.26,226.59,71.847,0.32344,269.88,1
0.78112,0.73692,0.16781,0.72582,1.004,0.64653,0.67947,0.31952,0.45172,1.2293,0.70293,0.14593,0.58383,0.75743,0.75041,0.22233,0.054874,0.19756,0.26409,0.29548,649.03,305.5,653.8,450.34,156.91,651.94,1.0937,377.18,1
2.3161,0.36405,1.8825,2.4815,3.0049,1.5926,0.27219,1.5311,2.6911,1.7055,0.55088,0.11959,0.60418,0.75456,0.72216,0.25154,0.04244,0.19404,0.27072,0.26238,616.97,260.37,702.69,346.61,191.36,11.032,0.17224,128.69,1
1.2066,0.8406,0.74804,1.3956,1.6383,1.7813,0.71426,0.86116,1.0547,1.3389,0.68801,0.15405,0.6671,0.74117,0.69346,0.24313,0.059107,0.26107,0.2461,0.2775,514.48,280.47,630.61,418.24,152.86,556.09,0.36294,291.91,1
0.3951,0.21487,0.15388,0.37466,0.5323,0.59937,0.28856,0.22369,0.25713,0.5398,0.74184,0.04851,0.76387,0.65132,0.70136,0.24773,0.036922,0.26015,0.27942,0.27816,619.66,327.96,746.59,99.371,169.63,330.35,0.10879,114.06,1
0.54355,0.39921,0.36686,1.2617,0.57632,0.96026,0.41616,0.75571,0.36373,1.0975,0.69107,0.054285,0.7509,0.71201,0.77089,0.25358,0.036188,0.25809,0.28217,0.29801,664.22,342.02,678.38,89.282,205.52,308.22,0.06214,197.15,1
0.47083,0.27648,0.11263,0.45354,0.36339,0.50142,0.23276,0.18846,0.14733,0.54076,0.73347,0.11914,0.74927,0.70775,0.73468,0.25428,0.057129,0.24653,0.247,0.2871,484.06,326.51,724.66,221.33,222.65,544.79,0.15998,254.76,1
0.53111,0.23273,0.29129,0.65755,0.61503,0.40104,0.25599,0.083406,0.37158,0.99616,0.7136,0.024462,0.76107,0.63197,0.74117,0.27028,0.023662,0.24277,0.27592,0.28994,641.56,310.09,725.55,100.27,141.86,261.2,0.12269,114.31,1
0.97326,0.50237,1.166,1.3916,1.8721,1.1042,0.64602,0.81485,0.70309,1.6057,0.65458,0.12997,0.60187,0.69216,0.72427,0.23354,0.048017,0.21762,0.25649,0.26969,604.17,295.79,750.5,57.111,271.9,305.43,0.22898,294.91,1
0.95213,0.58587,0.4445,0.92126,1.0204,1.0018,0.58421,0.62871,1.0063,0.96172,0.71369,0.078721,0.7045,0.72162,0.77494,0.25682,0.056656,0.23834,0.25719,0.29823,636.15,236.96,701.17,300.45,171.79,957.09,0.46029,295.23,1
0.31456,0.40521,0.15716,0.5765,0.82696,0.74228,0.27425,0.19918,0.57594,0.89468,0.71884,0.082577,0.67541,0.71616,0.80086,0.26539,0.030515,0.25291,0.28338,0.29405,647.51,289.14,631.01,263.28,118.99,930.49,0.48088,191.74,1
0.63867,0.26686,0.38794,0.3753,0.73025,0.38944,0.2333,0.19019,0.21077,0.74124,0.72838,0.10306,0.6988,0.65974,0.76649,0.25487,0.049975,0.24803,0.25551,0.28558,644.65,292.67,719.53,206.59,146.19,368.71,0.46248,149.95,1
0.40428,0.20905,0.2751,0.33835,0.3927,0.74985,0.30132,0.18686,0.28361,0.50626,0.6853,0.022182,0.75656,0.70171,0.66966,0.26209,0.018998,0.22752,0.27009,0.28012,593.21,297.45,687.62,284.35,98.318,1924.8,0.21425,117.22,1
0.18991,0.48932,0.09217,0.29499,0.53099,0.34076,0.42403,0.03648,0.18703,0.57486,0.63302,0.080419,0.69758,0.77082,0.79842,0.28204,0.029137,0.20907,0.25936,0.28696,631.32,283.86,639.45,375.94,107.05,870.4,0.23576,134.2,1
1.4086,0.53574,0.58727,1.1901,1.1044,1.1151,0.48385,0.98661,0.90487,1.1972,0.61493,0.17417,0.69552,0.7717,0.7266,0.25399,0.050415,0.19508,0.26809,0.27393,638.51,308.81,664.25,58.35,267.83,513.37,0.12734,390.43,1
0.85701,0.31694,0.25976,0.63786,0.50004,0.54559,0.39338,0.22871,0.36705,0.7854,0.71396,0.071867,0.62422,0.58721,0.73381,0.27532,0.059456,0.23246,0.27609,0.28218,613.36,330.73,708.5,150.54,147.21,694.75,0.16014,233.71,1
3.5325,0.41106,2.8256,3.1997,3.8478,3.0752,0.18356,2.3046,3.8803,3.4912,0.64027,0.18918,0.65932,0.81548,0.83033,0.27867,0.065723,0.24132,0.28566,0.30291,692.08,213.93,592.76,476.82,178.44,0.045162,0.14039,126.28,1
1.7176,0.3765,0.85221,1.2373,1.9582,1.3958,0.42557,0.54527,1.0409,0.97756,0.6809,0.1471,0.69813,0.74688,0.70741,0.2343,0.05276,0.1905,0.27405,0.26704,611.34,284.5,729.76,92.698,233.53,74.106,0.40886,150.64,1
1.1398,0.61327,0.75856,1.4016,1.7008,1.8057,0.5683,0.58173,1.5497,1.1874,0.59228,0.13514,0.6446,0.71662,0.73802,0.25588,0.053254,0.20935,0.27222,0.29013,652.2,293.51,702.69,34.571,236.61,605.62,0.18008,298.63,1
0.35176,0.31778,0.090323,0.45166,0.63724,0.25116,0.36652,0.063936,0.087799,0.4625,0.73343,0.088094,0.7267,0.77183,0.7697,0.27213,0.020851,0.22835,0.28549,0.30042,681.75,323.59,638.12,291.31,105.44,824.72,0.22474,140.75,1
0.41413,0.56174,0.14177,0.24615,0.60275,0.26798,0.53721,0.12182,0.28006,0.72098,0.73196,0.08161,0.70289,0.8096,0.73677,0.27765,0.022591,0.25328,0.25864,0.28019,626.96,334.38,730.43,161.34,195,1069.3,0.069974,147.72,1
0.79251,0.6423,0.31056,0.71741,0.82138,0.78235,0.41061,0.21214,0.4703,0.90459,0.59551,0.13686,0.66132,0.77263,0.78289,0.19194,0.06082,0.21898,0.27269,0.31097,650.58,271.57,669.6,455.17,98.998,56.904,0.35598,124.71,1
2.7202,0.74329,1.9839,1.9168,3.5269,1.9948,0.46297,1.3008,3.1449,2.5652,0.43759,0.19837,0.60927,0.80277,0.72351,0.23727,0.038256,0.24873,0.27595,0.27829,622.08,209.98,516.84,478.3,162.44,1.016,0.13252,219.91,1
3.2482,0.7624,2.246,2.4957,3.4511,1.7912,0.61593,1.7106,2.4578,3.4577,0.51775,0.16127,0.60819,0.76994,0.68314,0.23911,0.06667,0.21295,0.25189,0.27309,675.29,208.39,625.16,457.71,232.15,6.9788,0.56526,344.53,1
0.10747,0.063454,0.02223,0.08097,0.16199,0.16096,0.078122,0.043896,0.045404,0.23064,0.60907,0.037985,0.72567,0.67013,0.80154,0.26413,0.037227,0.26431,0.24879,0.30275,597.51,315.24,639.17,302.23,85.636,717.56,0.066631,87.524,1
0.32686,0.30879,0.083873,0.33469,0.42058,0.31632,0.29628,0.084681,0.17568,0.43399,0.71323,0.044843,0.73077,0.73093,0.65832,0.28169,0.02779,0.25697,0.26331,0.30483,566.04,268.87,581.4,353.05,72.542,2317.6,0.15038,324.33,1
0.60397,0.38306,0.30278,0.28822,0.65617,0.66632,0.44471,0.43629,0.45391,0.49818,0.75367,0.057542,0.68723,0.6798,0.76009,0.24171,0.040415,0.22866,0.25303,0.28811,636.22,316.75,664.6,197.72,133.49,1240.4,0.17273,215.3,1
0.18367,0.41423,0.07096,0.25557,0.28189,0.15908,0.37397,0.16138,0.098074,0.28855,0.77084,0.1049,0.71874,0.7548,0.76383,0.26762,0.0669,0.20123,0.28442,0.30568,654.02,328.15,728.35,217.39,199.65,1883.5,0.17179,176.37,1
0.80336,0.63155,1.0332,0.54719,0.91748,0.77753,0.4128,0.68664,0.84377,1.1733,0.67019,0.14616,0.68269,0.6565,0.81361,0.26135,0.046783,0.20129,0.28028,0.26147,647.19,278.56,713.68,18.931,270.07,661.21,0.058514,276.08,1
0.94831,0.68489,0.14534,0.46158,1.1946,0.48681,0.65569,0.1581,0.23661,0.84217,0.7082,0.11163,0.67051,0.62346,0.60489,0.26026,0.047133,0.18874,0.25436,0.2844,612.11,306.43,668.09,251.9,205.17,659.31,0.18453,293.03,1
0.42042,0.41504,0.096022,0.39335,0.65123,0.47223,0.58581,0.1004,0.18383,0.76012,0.73076,0.1585,0.65911,0.76017,0.75166,0.21467,0.058941,0.16985,0.27803,0.29871,596.73,281.61,703.52,357.05,160.94,400.62,0.43601,185.53,1
2.2645,0.31552,1.6677,1.5985,2.8514,1.2445,0.16843,1.0457,2.5952,1.5632,0.66189,0.12036,0.66607,0.71287,0.67168,0.23967,0.048885,0.22053,0.25022,0.29524,660.8,213.95,598.82,187.32,217.81,5.3466,0.16576,99.829,1
3.7869,0.55982,3.3371,3.281,4.2515,2.1596,0.42506,2.3896,3.5812,3.1185,0.58848,0.15871,0.47024,0.81693,0.74862,0.23203,0.059538,0.25181,0.26819,0.24113,648.46,138.21,694.13,471.46,205.83,0.5345,0.46453,193.73,1
0.83169,0.25063,0.74346,1.2659,1.0544,1.1218,0.21446,1.3115,0.75749,0.98849,0.734,0.11642,0.75743,0.72712,0.79303,0.2788,0.044231,0.2065,0.27835,0.29219,625.9,338.06,735.4,93.445,206.61,344.4,0.17339,232.63,1
1.3179,0.48636,0.77617,1.3614,1.4834,1.4292,0.55013,0.5595,0.76031,1.0536,0.6998,0.11637,0.69741,0.78392,0.76109,0.24975,0.045711,0.23179,0.27353,0.27586,622.62,305.3,674.03,138.57,252.53,364.38,0.11007,284.67,1
3.1286,0.59334,1.7349,2.3099,2.2919,1.9032,0.42793,2.3032,2.7382,2.0021,0.48107,0.1936,0.60791,0.72327,0.79949,0.18843,0.08008,0.21894,0.28068,0.28903,673.83,149.64,570.09,476.08,169.6,1.302,0.55528,169.94,1
0.45285,0.37571,0.090181,0.43752,0.4635,0.33944,0.54148,0.15376,0.28149,0.53017,0.70145,0.17312,0.65979,0.73285,0.79179,0.23562,0.071639,0.17971,0.25685,0.26766,573.47,303.77,607.28,417.91,152.04,819.93,1.1465,253.34,1
3.4698,0.59216,3.0853,3.0857,3.6544,3.2687,0.39059,2.2703,3.8689,3.8422,0.50466,0.16891,0.50982,0.79745,0.76152,0.23237,0.063122,0.23194,0.24041,0.29245,623.95,216.94,566.62,474.33,205.22,0.31281,0.95043,170.72,1
0.74082,0.41608,0.38194,1.0355,1.0004,0.96709,0.40293,0.34753,0.93099,0.80773,0.75397,0.10723,0.72033,0.79454,0.78853,0.26705,0.039872,0.23485,0.27846,0.29463,611.22,343.63,718.62,85.249,247.35,204.63,0.075777,158.82,1
1.3568,0.57338,0.49139,1.4937,1.802,0.88815,0.47015,0.81512,1.3537,1.758,0.73646,0.14319,0.66898,0.69424,0.71051,0.21535,0.053168,0.20879,0.24575,0.28223,616.49,328.7,726.7,91.33,262.01,236.69,0.16259,340.46,1
1.7932,0.61825,2.3263,2.0026,3.5619,1.8428,0.67222,0.85568,3.0675,2.1894,0.59897,0.16816,0.55364,0.80281,0.61189,0.20011,0.072596,0.26391,0.24577,0.28323,661.21,267.26,568.85,467.09,211.64,1.5536,1.6623,275.81,1
0.68293,0.42808,0.43733,0.67697,0.66929,0.65669,0.38253,0.68178,0.46209,0.96126,0.62844,0.066507,0.76088,0.71114,0.71171,0.25149,0.034828,0.22568,0.26172,0.28914,587.74,302.63,674.22,92.344,184.87,983.31,0.12491,226.79,1
0.91267,0.92647,0.50666,0.79132,1.7825,1.7222,0.8329,0.3892,1.2193,2.3143,0.68236,0.19281,0.62187,0.70799,0.78484,0.20113,0.071663,0.21726,0.24601,0.29208,613.58,302.27,702.73,302.01,237.93,203.37,0.54056,272.35,1
0.6803,0.35496,0.34111,0.71046,0.88965,0.83086,0.38489,0.23216,0.36922,0.93383,0.70028,0.078385,0.75931,0.66142,0.72165,0.26951,0.046145,0.26104,0.28685,0.30703,568.03,344.6,722.07,139.18,190.92,358.86,0.13311,194.5,1
1.0243,0.44705,0.60389,0.72242,0.54341,0.37122,0.32638,0.66603,0.65611,0.89465,0.77258,0.13298,0.703,0.79551,0.82271,0.27738,0.049986,0.25903,0.27892,0.30556,660.53,344.89,720.82,107.83,216.23,662.63,0.15141,376.18,1
0.44146,0.20071,0.4129,0.39521,0.42883,0.38393,0.15906,0.40633,0.27743,0.37306,0.75008,0.045571,0.72412,0.75354,0.80044,0.28212,0.032091,0.27428,0.28366,0.28907,647.35,339.21,652.73,289.74,80.902,509.77,0.098636,86.703,1
1.4296,0.72501,0.85245,0.72698,1.484,0.48231,0.62727,0.36013,1.0466,0.74501,0.70914,0.12783,0.73612,0.76251,0.76803,0.26377,0.037348,0.26907,0.26358,0.23932,620.21,315.7,695.06,221.64,214.58,137.05,0.091018,344.97,1
2.3165,0.37968,0.85595,2.3383,1.5456,1.375,0.29832,1.1233,1.8496,1.859,0.58003,0.12562,0.61645,0.76701,0.70766,0.21091,0.054569,0.21812,0.24639,0.28602,674.58,288.9,708.69,289.9,177.86,57.528,0.29154,180.53,1
4.0931,0.74228,3.5832,3.8514,4.6077,3.7601,0.51555,2.5677,3.9159,4.2691,0.37965,0.16208,0.46326,0.7497,0.60378,0.27317,0.056153,0.23228,0.26121,0.29976,672.11,125.75,636.38,478.33,135.12,0.029855,0.32978,144.72,1
0.49007,0.25123,0.32628,0.34256,0.50825,0.70515,0.34964,0.22073,0.39689,0.45346,0.72269,0.060262,0.75368,0.69374,0.74521,0.27076,0.040393,0.24665,0.27674,0.27679,659.19,306.18,726.31,112.48,203.23,641.44,0.044255,344.96,1
0.18199,0.36037,0.082181,0.33936,0.22275,0.30338,0.26811,0.038777,0.090857,0.26631,0.76474,0.053091,0.72399,0.68433,0.81374,0.28249,0.048267,0.23338,0.27607,0.30847,666.11,287.08,616.89,456.72,24.927,1043.4,0.30879,149.68,1
0.71471,0.15812,0.21498,0.35795,0.62106,0.60639,0.14087,0.22299,0.28689,0.71512,0.70605,0.088131,0.75669,0.63275,0.70114,0.26699,0.046562,0.23754,0.27481,0.27048,612.98,329.52,666.07,235.26,157.8,670.96,0.17924,111.99,1
0.68171,0.38042,0.38728,0.7532,1.7011,1.031,0.39521,0.31516,1.1657,1.0293,0.6795,0.11204,0.73587,0.66078,0.8032,0.26506,0.042161,0.22838,0.27656,0.30533,651.91,295.13,709.37,239.04,212.11,474.42,0.21312,132.14,1
0.95922,0.47415,0.72729,0.96622,0.79124,0.9077,0.33108,0.67215,0.65496,0.8173,0.74055,0.10004,0.70096,0.75375,0.73176,0.21461,0.045651,0.22726,0.26202,0.31035,594.99,315.26,758.59,94.88,253.91,803.56,0.30108,188.54,1
0.80228,0.53148,0.35768,0.65201,0.64227,0.40817,0.49603,0.27652,0.59962,0.66401,0.80892,0.16145,0.7202,0.79474,0.81162,0.28378,0.072757,0.27413,0.27662,0.31006,700.16,261.76,718.98,380.38,167.4,790.49,0.066713,235.21,1
0.094115,0.20424,0.017689,0.11563,0.12526,0.081484,0.27477,0.011224,0.073179,0.52459,0.80328,0.018361,0.80456,0.7416,0.79366,0.28952,0.020051,0.26743,0.28189,0.30566,569.91,336.96,656.3,217.93,106.49,1256.4,0.014181,201.67,1
0.45719,0.53063,0.079702,0.31237,0.60709,0.33118,0.48079,0.11761,0.12671,0.53789,0.74292,0.042888,0.72863,0.72627,0.71932,0.28309,0.030818,0.2349,0.26102,0.29918,543.7,280.24,655.28,222.03,112.23,1198.4,0.13149,248.13,1
0.86856,0.59265,0.41819,1.0722,0.5068,0.88748,0.61287,0.61975,0.40859,1.0433,0.70523,0.17581,0.63963,0.76697,0.71398,0.22394,0.051333,0.20288,0.28764,0.279,686.6,330.8,691.4,186.79,235.96,1710.3,0.55988,178.83,1
0.68273,0.43022,0.30859,0.59349,0.8296,0.51616,0.46049,0.112,0.41226,1.0852,0.67108,0.13032,0.73516,0.77431,0.71731,0.22211,0.070134,0.20027,0.25309,0.25612,640.56,309.88,734.15,246.24,133.02,428.29,0.87069,176.97,1
0.18165,0.29777,0.051817,0.1391,0.49349,0.55794,0.29768,0.034266,0.20084,0.53827,0.69673,0.029648,0.79899,0.55624,0.66944,0.25913,0.030484,0.24603,0.27065,0.30623,622.39,312.7,642.29,377.2,56.539,680.85,0.21742,67.848,1
0.46427,0.52309,0.19977,0.84272,0.75887,0.79762,0.53465,0.20573,0.68567,0.95837,0.78308,0.059336,0.79804,0.64938,0.77075,0.28253,0.043048,0.24729,0.28151,0.30943,570.89,323.75,724.29,91.397,222.58,526.98,0.053411,427.16,1
0.35348,0.37275,0.15115,0.44678,0.70298,0.29868,0.37727,0.14039,0.23287,0.48046,0.65531,0.090708,0.69731,0.67725,0.68327,0.24301,0.036311,0.20955,0.25867,0.29546,615.28,289.43,702.55,122.76,158.71,676.59,0.2329,175.87,1
0.71008,0.27961,1.2616,1.724,1.9325,1.2647,0.37875,1.0101,1.5362,1.4485,0.64673,0.17069,0.72075,0.69085,0.77961,0.25087,0.055235,0.21038,0.25392,0.28398,595.97,301.01,667.12,47.284,222.45,191.01,0.17512,280.64,1
1.2728,0.43271,1.1306,1.1882,1.376,1.5512,0.30628,1.0391,1.6287,1.5959,0.7317,0.19448,0.65512,0.79539,0.7518,0.2591,0.085962,0.21637,0.27509,0.28076,676.29,299.07,743.05,314.3,195.07,52.874,0.076078,200.62,1
0.53843,0.17043,0.15286,0.42125,0.74215,0.38222,0.16965,0.15429,0.2601,0.44155,0.65165,0.056546,0.75696,0.60647,0.76724,0.27532,0.036384,0.24158,0.27869,0.29072,635.55,299.55,634.35,384.7,81.256,263.37,0.25615,106.54,1
0.39085,0.29068,0.14841,0.52146,0.62838,0.50451,0.46129,0.23019,0.2866,1.1614,0.71816,0.049734,0.74747,0.72974,0.74384,0.25652,0.029807,0.26438,0.25464,0.29432,607.3,332.35,726.31,76.032,171.12,1126.5,0.064621,176.97,1
0.48044,0.3115,0.19617,0.74575,0.28581,0.50903,0.21145,0.1675,0.27835,0.47891,0.71844,0.057259,0.76526,0.75349,0.75248,0.27366,0.031324,0.23774,0.28439,0.29389,622.13,289.18,692.09,85.301,261.51,1325.1,0.054947,296.46,1
0.97544,0.47373,0.78542,1.1682,0.86009,0.85424,0.48978,0.45874,0.52261,1.4491,0.67802,0.046275,0.6967,0.74935,0.74049,0.26407,0.036785,0.24453,0.26485,0.26253,617.93,289.75,686.18,85.024,227.83,1620.6,0.15502,325.67,1
0.10029,0.31619,0.046445,0.11713,0.27168,0.14177,0.39691,0.034688,0.23011,0.38427,0.74306,0.092011,0.77113,0.75794,0.79254,0.24185,0.048677,0.19743,0.28424,0.27557,660.25,339.26,671.31,287.64,147.86,721.56,0.098624,129.15,1
0.43198,0.35492,0.069168,0.69043,0.41361,0.22322,0.30733,0.11618,0.43126,0.86079,0.72399,0.036758,0.73339,0.68722,0.67635,0.27818,0.026723,0.21935,0.28336,0.29662,590.56,305.83,623.02,211.04,177.17,1318.4,0.16215,173.04,1
1.1586,0.49305,0.29726,0.88919,0.89558,0.91581,0.44575,0.22975,0.49566,0.76978,0.70418,0.11734,0.72586,0.68996,0.81094,0.26607,0.045488,0.24158,0.27908,0.26349,499.97,284.14,616.14,177.18,253.65,718.76,0.98898,477.1,1
0.72894,0.22944,0.59966,0.98834,1.3289,1.2478,0.24141,0.53323,1.1237,0.93161,0.6607,0.089398,0.717,0.62362,0.69872,0.25984,0.040735,0.21611,0.2705,0.27804,649.72,342.47,746.14,32.312,209.26,269.64,0.11534,164.89,1
0.7448,0.70981,0.34152,0.50274,2.1342,0.54814,0.64985,0.15312,1.4241,0.88188,0.57122,0.13411,0.63776,0.75018,0.71024,0.22489,0.047221,0.22412,0.2739,0.28942,610.37,283.08,597.8,466.6,113.13,92.919,2.5413,131.02,1
1.3882,0.43055,0.4771,0.74079,1.8336,1.1079,0.2658,0.74061,1.388,1.0213,0.61604,0.16047,0.70584,0.79552,0.78918,0.26041,0.060864,0.23104,0.27998,0.27653,654.17,278.95,614.54,475.53,140.57,7.4248,0.38339,174.44,1
1.3588,0.31971,0.98115,1.8933,1.9064,1.2098,0.2962,1.034,1.4543,0.7421,0.47245,0.16754,0.59595,0.73233,0.74395,0.17625,0.071105,0.20002,0.2525,0.27834,598.72,273.5,604.23,338.59,221.17,35.657,0.31468,244.3,1
0.10922,0.10958,0.012289,0.032621,0.23808,0.082934,0.098827,0.0055131,0.04259,0.073394,0.78738,0.013228,0.75472,0.66585,0.79496,0.29236,0.01469,0.26574,0.28815,0.31698,666.46,313.33,700.14,367.87,43.578,1513.4,0.097691,100.36,1
0.5021,0.31295,0.22264,0.30023,0.66616,0.33396,0.33811,0.088493,0.30055,0.8417,0.66354,0.046342,0.76736,0.70905,0.76876,0.27605,0.039642,0.24176,0.25578,0.30467,669.1,320.05,707.09,148.71,120.88,520.08,0.16547,137.34,1
2.5836,0.87303,2.6533,2.5309,2.7433,2.3173,0.33612,2.7003,2.5873,2.4572,0.65801,0.19149,0.57957,0.74489,0.8234,0.23437,0.053791,0.2397,0.24654,0.30853,702.27,288.38,649.02,423.32,212.57,0.63052,0.52839,136.16,1
0.50653,0.25789,0.31555,0.34361,0.59797,0.82313,0.12455,0.23272,0.52869,1.4458,0.73929,0.03682,0.80367,0.75581,0.80511,0.27902,0.028298,0.25856,0.28793,0.30598,657.25,333.31,709.07,91.365,147.95,978.8,0.097579,210.67,1
0.24136,0.22639,0.13899,0.6237,0.74122,0.6126,0.15406,0.2263,0.29295,0.45905,0.74953,0.049261,0.74753,0.58433,0.79508,0.27685,0.030988,0.24651,0.26381,0.29436,619.42,342.07,663.08,296.3,68.859,575.93,0.070062,178.58,1
0.18583,0.15835,0.075507,0.17546,0.23208,0.28653,0.12038,0.094236,0.082658,0.31281,0.77085,0.024188,0.78779,0.75551,0.77584,0.28494,0.024767,0.24086,0.29095,0.29851,587.83,332.72,607.46,290.6,94.186,670.44,0.076823,94.092,1
0.95394,0.53568,0.11748,0.45921,0.66599,0.38897,0.75213,0.11543,0.17899,0.47518,0.78382,0.14048,0.6881,0.82245,0.81278,0.24161,0.064079,0.18497,0.27934,0.25722,576.29,313.62,705.26,335.53,149.8,354.48,0.25823,410.1,1
0.38451,0.25052,0.44284,1.0895,0.88508,0.73534,0.23412,0.83477,0.56623,0.89175,0.77729,0.064105,0.71812,0.66756,0.77139,0.27565,0.036772,0.2475,0.28502,0.27789,655.85,351.82,702.5,41.995,220.04,633.85,0.017949,181.66,1
0.53242,0.3128,0.75702,0.93879,0.78921,0.93441,0.29299,0.80492,0.85042,0.80959,0.79004,0.051663,0.78996,0.76831,0.79057,0.28854,0.03223,0.25507,0.28917,0.29409,665.92,331.76,758.11,54.461,227.28,174.56,0.16423,136.59,1
1.7538,0.5911,1.1046,1.4676,2.1671,1.1332,0.53129,1.4111,1.8794,1.1412,0.72355,0.13962,0.61314,0.74722,0.68294,0.26519,0.051647,0.20718,0.22537,0.21416,591.4,225.52,707.32,107.91,231.31,103.27,0.21572,179.98,1
1.2268,0.64929,1.1317,0.6764,2.2918,1.1802,0.72282,0.41525,1.0295,1.4317,0.68694,0.089631,0.69766,0.7379,0.7035,0.23935,0.031797,0.19352,0.24691,0.27502,601,288.53,703.18,160.09,231.43,382.96,0.3589,312.55,1
0.49948,0.29902,0.59022,0.61219,0.94267,0.54377,0.33955,0.27533,0.77384,0.65333,0.74147,0.058434,0.79674,0.77373,0.78721,0.27869,0.031454,0.26348,0.27391,0.28645,591.45,320.27,709.91,59.306,214.07,463.26,0.14486,187.66,1
1.5294,0.33915,0.65156,1.3614,1.3228,1.3508,0.3895,1.366,1.3452,2.004,0.68005,0.14,0.68483,0.77214,0.74126,0.24107,0.050779,0.21755,0.26462,0.29744,660.4,316.76,726.04,64.062,250.15,111.17,0.24756,250.37,1
2.1455,0.5918,1.733,1.6143,2.4876,1.8842,0.53613,1.4686,3.2607,1.7017,0.67714,0.14324,0.60771,0.78974,0.73322,0.25296,0.060593,0.24466,0.27052,0.29863,697.42,280.64,633.69,312.38,248.64,10.739,0.1206,250.01,1
0.27537,0.2175,0.215,0.40613,0.39121,0.43899,0.21799,0.30212,0.19158,0.45116,0.74283,0.035201,0.76042,0.65584,0.75077,0.27992,0.02451,0.25093,0.27278,0.29795,604.82,334.55,722.31,115.37,115.94,625.07,0.089278,83.898,1
1.0044,0.38535,0.32049,0.67407,0.69521,0.85328,0.3379,0.51148,0.4049,0.88338,0.70934,0.1602,0.69164,0.80027,0.69632,0.26091,0.053158,0.21673,0.28507,0.27486,617.32,339.65,692.1,190.75,242.88,149.55,0.28692,196.69,1
1.1567,0.41514,0.68101,1.2227,1.1936,0.89167,0.35322,0.49609,0.74219,1.6812,0.6721,0.11256,0.58154,0.72475,0.67858,0.22788,0.054584,0.22158,0.26904,0.28375,663.97,337.51,755.68,26.411,260.68,257.29,0.079898,247.32,1
0.44125,0.32815,0.63064,0.97123,0.75319,0.77721,0.33028,0.29413,0.45289,0.73914,0.74323,0.087694,0.7487,0.76084,0.77298,0.28619,0.046032,0.2372,0.28629,0.25189,643.91,355.72,720.69,136.97,151.36,300.32,0.036392,198.28,1
3.5578,0.68451,2.2609,2.8853,2.6664,1.7232,0.68557,2.1515,2.6615,3.1542,0.4018,0.1986,0.46583,0.77505,0.67093,0.2115,0.075087,0.24266,0.2426,0.27205,657.19,248.29,613.58,455.93,234.1,4.9515,1.2562,182.05,1
0.26015,0.61943,0.030951,0.17195,0.29015,0.15198,0.42653,0.03839,0.11935,0.41746,0.76506,0.099947,0.77945,0.78297,0.78302,0.25419,0.060698,0.22688,0.28949,0.30815,625.58,302.28,616.59,448.03,209.17,447.12,0.27941,233.69,1
0.19104,0.27534,0.1489,0.4009,0.33566,0.56663,0.29045,0.11084,0.38477,0.49929,0.70897,0.04029,0.8368,0.63867,0.76126,0.24968,0.023599,0.2587,0.26456,0.31101,648.55,324.01,673.32,134.29,128.38,983.75,0.25339,160.31,1
0.44334,0.13643,0.96115,0.86306,0.40718,0.46857,0.20218,0.87193,0.455,0.59819,0.76912,0.040291,0.773,0.73108,0.79417,0.29443,0.034369,0.27958,0.28593,0.29711,699.79,352.91,769.93,11.262,271.9,252.57,0.017288,206.22,1
1.882,0.53879,1.8668,2.1889,2.4518,1.4335,0.56835,1.248,1.8752,2.4474,0.63907,0.11048,0.65528,0.71381,0.76938,0.22516,0.045421,0.22998,0.25734,0.30053,644.88,304.46,748.07,43.045,280.59,405.1,0.22577,317.17,1
3.1845,0.61135,1.9062,3.0875,3.8406,1.9888,0.40498,2.2323,2.7697,2.4961,0.6946,0.18349,0.50068,0.77601,0.70486,0.22377,0.065113,0.21964,0.25369,0.27889,647.07,229.72,601.11,442.44,216.11,1.2038,0.86769,148.42,1
2.1461,0.77116,0.87801,1.3443,2.2374,1.7509,0.59371,0.55126,2.4302,2.5874,0.54965,0.18822,0.54687,0.78773,0.7863,0.2614,0.069283,0.20795,0.25248,0.27237,646.06,244.67,708.77,469.34,169.48,6.9581,0.74874,197.87,1
0.74631,0.20984,0.58702,0.84501,0.61407,0.39695,0.17556,0.58199,0.58847,1.0423,0.68937,0.066113,0.77087,0.64481,0.7453,0.27492,0.037548,0.24559,0.28241,0.30298,587.06,336.03,698.98,45.652,235.44,312.5,0.12861,192.83,1
1.8015,0.5064,1.7526,1.1849,1.8512,1.1929,0.49566,1.5349,1.3869,1.4384,0.68028,0.11603,0.72688,0.6969,0.73974,0.24107,0.059456,0.21575,0.26844,0.27819,647.26,336.69,743.5,16.751,271.2,562.31,0.08366,274.93,1
0.6837,0.29343,0.36379,0.40318,0.45327,0.34786,0.27266,0.15101,0.15237,0.51458,0.71274,0.045317,0.79883,0.73697,0.78277,0.2474,0.038578,0.23386,0.26868,0.30091,649.23,318.18,693.35,271.59,99.836,692.78,0.14702,127.72,1
0.84374,0.28397,0.99338,1.0047,1.2946,1.0641,0.43598,1.131,0.50728,0.86661,0.77443,0.073445,0.77185,0.7628,0.72069,0.26846,0.040224,0.23634,0.26146,0.29171,634.26,347.68,735.57,33.596,240.13,421.9,0.1719,292.22,1
0.56628,0.66298,0.33308,0.33312,1.3882,0.38653,0.63463,0.17442,0.80692,0.99354,0.67591,0.13324,0.6428,0.69435,0.7728,0.25026,0.062678,0.24168,0.25548,0.29012,670,283.11,678.67,443.9,177.04,30.922,1.4584,238.22,1
0.95822,0.39303,0.51677,1.2454,1.5364,0.84768,0.48834,0.6844,1.0016,1.3679,0.72137,0.13319,0.67475,0.71686,0.76811,0.26785,0.048924,0.2425,0.25952,0.27325,593.55,318.69,702.25,152.74,254.94,523.53,0.31529,310.33,1
2.2664,0.34324,1.5728,2.143,2.305,2.2333,0.3004,1.3458,2.0973,1.0282,0.6102,0.14083,0.51192,0.71958,0.50544,0.20633,0.056167,0.15108,0.23552,0.25523,626.25,293.64,700.35,161.21,183.59,57.205,0.28191,225.38,1
0.65303,0.80844,0.05837,0.15385,0.71282,0.19271,0.46132,0.13439,0.25171,0.69059,0.63624,0.12637,0.65358,0.75801,0.7973,0.26837,0.045212,0.26033,0.27409,0.29274,549.98,255.51,571.33,477.39,128.43,24.483,3.145,224.03,1
2.0796,0.75766,1.7739,1.7104,2.5269,1.4975,0.73138,1.1725,1.9561,2.5646,0.5807,0.14677,0.66434,0.61983,0.7459,0.19775,0.050774,0.21803,0.25418,0.2785,664.33,268.14,656.45,104.74,267.5,797.93,0.38494,340.64,1
2.4352,0.6884,0.23051,0.63741,1.7552,0.38365,0.69665,0.17581,1.0402,1.165,0.75532,0.15001,0.55939,0.80838,0.67546,0.1749,0.067864,0.21052,0.28158,0.25067,636.82,261.07,655.6,470.99,188.72,60.256,2.0479,219.13,1
0.73678,0.12227,0.3242,0.53504,0.79572,1.05,0.15857,1.1854,0.35977,0.74351,0.77346,0.059205,0.7624,0.76707,0.79842,0.27354,0.025733,0.25078,0.26218,0.28915,649.78,349.55,716.47,76.051,179.73,596.22,0.044367,173.31,1
1.5659,0.35313,0.72719,1.1175,0.83543,0.82417,0.37134,0.84172,0.74227,1.1382,0.75712,0.080832,0.73882,0.7365,0.76329,0.27428,0.033329,0.24772,0.26215,0.27568,658.6,333.51,723.16,53.152,246.96,330.02,0.087742,180.78,1
0.25429,0.35346,0.053249,0.11763,0.2482,0.26034,0.24727,0.039442,0.052689,0.14396,0.71747,0.10015,0.74713,0.77429,0.72978,0.23137,0.061971,0.23274,0.2756,0.30012,679.88,308.04,705.94,329.51,79.64,666.24,0.43214,112.13,1
1.1492,0.61174,0.40664,0.44565,2.4264,0.65467,0.41877,0.16318,0.99535,0.73734,0.71945,0.15184,0.56427,0.80182,0.79676,0.20862,0.059761,0.21524,0.27102,0.27026,665.85,171.58,678.99,454.57,123.78,17.916,0.74696,214.45,1
0.42026,0.30379,0.05831,0.23212,1.0871,0.28249,0.40351,0.078829,0.20756,0.27643,0.68887,0.06942,0.64445,0.62394,0.75665,0.23948,0.047812,0.22204,0.27128,0.26932,530.54,259.76,705.55,215.5,127.41,875.04,0.24229,177.55,1
3.0427,0.80272,1.806,1.6874,3.1153,2.5791,0.67459,1.0851,2.6032,1.4797,0.61365,0.17519,0.58392,0.80118,0.5818,0.19861,0.06424,0.20598,0.22611,0.28487,646.36,176.08,638.8,475.62,190.81,2.2673,1.6655,211.52,1
0.33713,0.1942,0.35965,0.47872,0.86746,1.2059,0.23646,0.21441,0.56809,0.98081,0.79827,0.023565,0.75502,0.71079,0.79255,0.27268,0.023819,0.25139,0.28877,0.30142,636.27,307.43,740.6,21.291,234.24,425.41,0.053028,160.16,1
3.5802,1.0293,2.0787,3.0402,3.5632,1.8255,0.78614,1.4649,3.3046,3.0457,0.50785,0.20584,0.58874,0.75082,0.77666,0.20063,0.092422,0.21792,0.2724,0.30149,647.24,185.94,639.83,478.36,213.86,0.4976,3.4821,185.37,1
1.2119,0.82417,0.32555,0.9425,2.0259,1.0381,0.70498,0.48638,0.38316,0.51573,0.71489,0.17616,0.63856,0.74836,0.74954,0.26216,0.059849,0.23794,0.24958,0.28358,598.9,305.6,650.74,314.77,132.87,514.93,0.50563,337.78,1
1.493,0.34892,1.0365,1.8347,2.5643,1.553,0.3721,0.6064,1.4312,2.053,0.59837,0.09546,0.69142,0.64401,0.7324,0.25393,0.029169,0.23783,0.24195,0.29355,610.93,268.74,712.04,88.792,227.6,261.73,0.10651,363.44,1
0.41356,0.23004,0.24973,0.35437,0.35072,0.57058,0.18988,0.19189,0.34208,0.65804,0.71466,0.039973,0.75169,0.58005,0.74635,0.27298,0.026163,0.26928,0.28694,0.29647,655.46,327.82,728.74,148.65,171.75,379.23,0.24678,147.42,1
0.29286,0.31097,0.050314,0.15345,0.48956,0.24096,0.43719,0.14971,0.097022,0.28719,0.78554,0.044415,0.74346,0.80685,0.80208,0.27172,0.044419,0.24869,0.27511,0.30479,678.21,325.19,724.61,169.07,156.48,662.23,0.010225,129.46,1
0.24425,0.2567,0.085332,0.34029,0.44275,0.42691,0.26834,0.068784,0.11883,0.50968,0.7128,0.033039,0.61904,0.62674,0.72231,0.28138,0.031056,0.23668,0.25897,0.29834,640.62,324.06,654.01,369.03,55.745,1229.6,0.33179,177.39,1
1.3447,0.39804,1.535,1.8311,2.0246,1.3843,0.46682,0.70244,2.1171,2.1174,0.67298,0.17494,0.61616,0.73468,0.71831,0.23604,0.066171,0.23509,0.26179,0.27264,646.6,295.14,705.21,199.27,219.07,60.959,0.082066,185.95,1
0.73497,0.34639,0.77957,1.6137,0.9287,1.2387,0.22252,1.476,0.81295,1.1073,0.7422,0.086865,0.69583,0.62821,0.77797,0.25752,0.044598,0.22,0.28368,0.28266,611.2,322.91,733.72,21.163,270.01,220.71,0.35254,204.19,1
0.893,0.29298,0.40231,0.77306,0.71342,0.77797,0.4481,0.24425,0.34224,1.1102,0.70332,0.09166,0.76592,0.60287,0.80495,0.2759,0.050586,0.24421,0.26082,0.29162,572.31,334.68,739.26,172.69,186.09,962.55,0.16377,206.19,1
2.7362,0.97334,0.96616,2.3355,3.3163,2.3178,0.79994,0.37348,3.0241,2.5256,0.4852,0.19941,0.70943,0.83524,0.74354,0.21771,0.077436,0.25888,0.25895,0.30428,616.17,222.63,588.46,479.03,203.64,0.24085,7.8104,312.28,1
0.65082,0.41742,0.17526,0.53188,0.5513,0.11959,0.5166,0.1622,0.13407,1.0065,0.72894,0.1301,0.60637,0.70972,0.79227,0.27203,0.053751,0.24591,0.24729,0.30511,631.16,313.45,648.07,165.5,218.63,1689.6,1.4444,357.79,1
0.097542,0.30625,0.10146,0.14511,0.59551,0.38933,0.23866,0.045034,0.31253,0.66873,0.76771,0.072957,0.78341,0.73648,0.80804,0.28012,0.037649,0.25441,0.27269,0.31804,626.87,328.31,687.07,242.85,188.07,1146.3,0.028927,209.86,1
0.73879,0.50698,0.14979,0.38111,1.0012,0.60824,0.72808,0.2487,0.28307,0.8597,0.70845,0.11357,0.64262,0.69352,0.71398,0.26006,0.049258,0.23468,0.26026,0.30017,632.49,229.71,729.2,107.44,190.96,1526.5,0.30065,296.1,1
0.3317,0.22791,0.18782,0.48318,0.74216,0.34717,0.22833,0.1341,0.3456,0.48646,0.69291,0.094864,0.72445,0.7833,0.83777,0.28108,0.063201,0.24768,0.27673,0.29704,617.04,344.83,721.21,92.638,216.94,311.53,0.14326,236.9,1
0.80189,0.49642,0.48472,0.7997,1.6039,0.69562,0.56083,0.51541,0.66153,1.1976,0.68429,0.11817,0.78455,0.77421,0.81266,0.26063,0.05569,0.23867,0.23656,0.25356,671.05,286.93,725.54,137.31,239.73,790.2,0.073989,244.58,1
0.68068,0.54315,0.28723,0.76614,1.2402,0.52248,0.56654,0.18341,0.34341,0.77276,0.72181,0.11591,0.7538,0.76006,0.75965,0.22921,0.039086,0.22249,0.26152,0.25779,653.32,295.15,697.72,167.96,197.25,438.43,0.073153,180.75,1
1.4074,0.66053,0.73362,1.2765,1.8012,1.23,0.60898,0.53503,1.1149,1.8393,0.63154,0.20043,0.61948,0.66305,0.72497,0.22585,0.084376,0.16959,0.25971,0.2666,653.57,272.89,722.31,247.11,289.87,220.05,0.21833,261.16,1
0.2738,0.16834,0.27034,0.42319,0.26936,0.20102,0.11245,0.10369,0.33825,0.46005,0.78572,0.03989,0.82445,0.7118,0.7991,0.29376,0.0292,0.24959,0.2873,0.29593,700.93,343.73,735.99,68.449,186.25,188.39,0.072813,117.59,1
0.16658,0.40774,0.15454,0.35087,0.61145,0.35797,0.36796,0.13545,0.19331,0.92494,0.75639,0.034656,0.57985,0.71151,0.77155,0.25213,0.037345,0.19402,0.27427,0.29136,619.49,275.11,693.73,222.19,108.51,425.4,0.13812,163.28,1
0.16886,0.1115,0.016707,0.060706,0.12584,0.12486,0.086244,0.0036216,0.026115,0.20369,0.70924,0.010324,0.73265,0.59572,0.70924,0.26709,0.015864,0.26806,0.26279,0.31295,624.74,290.53,615.72,468.97,11.155,854.08,0.59458,45.536,1
0.25371,0.29058,0.077878,0.1143,0.62315,0.18381,0.43876,0.044357,0.21575,0.31802,0.78669,0.057442,0.70949,0.75482,0.79473,0.27268,0.04726,0.26089,0.26844,0.31799,671.94,302.19,720.09,216.58,102.95,1131.3,0.53926,244.42,1
0.45398,0.53217,0.56039,0.8472,0.43954,0.74777,0.44377,0.12501,0.36997,1.3432,0.73835,0.10357,0.77356,0.75739,0.66972,0.21524,0.049482,0.2366,0.25995,0.30835,648.12,337.85,697.97,109.8,213.79,1044.9,0.24718,215.65,1
0.55126,0.52829,0.18382,1.0802,1.4387,0.83402,0.46041,0.56855,0.46224,1.0928,0.72316,0.083549,0.76732,0.77841,0.8205,0.27461,0.050067,0.26013,0.28248,0.30835,685.3,274.56,757.49,102.34,195.16,300.05,0.039881,237.99,1
0.49113,0.21415,0.39981,0.93101,0.49729,0.56606,0.25725,0.44222,0.41443,0.61737,0.70972,0.062347,0.73892,0.56752,0.75484,0.26971,0.03865,0.24529,0.26442,0.27106,552.64,328.61,640.66,130.95,174.86,1121.3,0.20285,214.75,1
2.7773,0.90139,1.6376,2.1015,2.9267,1.7382,0.78597,1.434,2.3378,2.5508,0.63099,0.1992,0.55071,0.76938,0.71144,0.22981,0.071967,0.24004,0.25439,0.2894,652.31,270.93,692.07,454.04,244.06,9.9781,1.3779,300.08,1
3.7375,0.60779,2.8691,2.7201,3.496,3.6013,0.47042,2.6777,3.435,3.815,0.63368,0.19347,0.5423,0.75247,0.80447,0.26369,0.05448,0.19617,0.26609,0.22338,569.21,295.05,510.85,433.59,189.24,5.7638,0.36946,293.27,1
0.26743,0.249,0.033883,0.22221,0.31193,0.28581,0.21014,0.039895,0.20102,0.34095,0.72734,0.049804,0.8004,0.71646,0.7782,0.28429,0.037922,0.2667,0.28544,0.31482,664.01,360.85,702.85,184.82,156.27,554.34,0.068375,94.467,1
0.086118,0.11122,0.070052,0.088568,0.2651,0.11564,0.097949,0.067578,0.042372,0.1381,0.77047,0.013302,0.76532,0.66423,0.78833,0.29372,0.023569,0.28308,0.26676,0.29486,649.35,307.4,488.59,454.29,12.408,809.23,0.14487,57.226,1
1.1349,0.73769,0.23826,0.58061,0.90969,0.55894,0.46649,0.12561,1.5051,1.0331,0.76684,0.17447,0.69337,0.82446,0.8397,0.22084,0.05625,0.26377,0.29026,0.32599,669.26,286.77,643.58,478.69,97.921,2.2258,0.79347,149.13,1
0.73485,0.3414,0.93274,0.96194,0.99788,0.84312,0.4034,0.65785,0.73636,1.7213,0.75945,0.09029,0.71981,0.69182,0.70385,0.27349,0.04101,0.23399,0.27761,0.31049,616.62,329.82,722.12,45.969,250.49,475.7,0.27956,335.93,1
0.48588,0.4659,0.4307,1.0152,0.90755,0.73382,0.58788,0.16401,0.41722,1.3786,0.75922,0.077223,0.69591,0.71039,0.64732,0.25576,0.032655,0.22501,0.27021,0.27253,617.57,308.7,638.9,299.95,120.04,966.45,0.3222,224.8,1
0.69403,0.71344,0.66644,0.86651,1.107,0.86452,0.6104,0.39133,1.1547,1.0804,0.72954,0.17917,0.58243,0.76051,0.68107,0.23187,0.057309,0.19827,0.27827,0.28377,685.2,301.24,692.63,285.59,173.83,327.7,0.15765,220,1
2.3516,0.60373,1.8507,1.78,3.3562,2.0499,0.26105,1.2678,2.4425,2.2606,0.66977,0.10774,0.65194,0.78942,0.76504,0.2579,0.035612,0.26982,0.27829,0.2685,650.99,187.72,649.15,472.84,104.57,1.0853,0.072297,132.37,1
1.2152,0.47115,0.94391,0.58948,0.76633,0.55857,0.59936,0.71681,0.82139,1.3071,0.75538,0.086227,0.75243,0.50077,0.73849,0.25503,0.054431,0.26877,0.28607,0.24597,639.18,304.71,713.47,88.754,248.82,1153.5,0.66961,420.71,1
0.15753,0.16957,0.179,0.55781,0.29576,0.14842,0.22517,0.18578,0.22927,0.41761,0.74883,0.030469,0.77595,0.8027,0.83453,0.28738,0.020098,0.27704,0.28542,0.31064,647.07,352.89,741.22,84.894,198.79,503.55,0.017982,62.186,1
1.1028,0.36897,0.78922,0.96617,2.1173,0.80241,0.5579,0.5651,0.71887,1.1754,0.76075,0.10339,0.66556,0.80558,0.72864,0.23363,0.041756,0.23007,0.24982,0.26451,602.9,307.78,691.82,134.32,197.83,327.23,0.12719,239.72,1
0.74868,0.83249,0.1855,0.29127,1.1876,0.54856,0.8993,0.3608,0.44622,0.79678,0.74034,0.12678,0.7446,0.74557,0.74495,0.25317,0.062944,0.24056,0.28163,0.30517,641.3,242.24,701.9,121.45,281.43,932.78,0.42062,330.5,1
0.44709,0.34227,0.17716,0.42621,0.94179,0.40434,0.38655,0.35681,0.48146,0.58043,0.74813,0.075514,0.75294,0.71854,0.73255,0.28165,0.031938,0.268,0.25402,0.289,612.82,324.19,675.7,134.63,136.29,1044.9,0.079539,149.94,1
1.5273,0.36036,0.59679,1.0508,1.7386,0.86531,0.31892,0.998,1.0387,1.5427,0.66161,0.11729,0.70685,0.60877,0.71629,0.28415,0.055418,0.2274,0.2552,0.28822,651.71,269.24,579.33,257.78,181.2,222.91,0.2214,235.72,1
0.6521,0.5128,0.52113,0.48181,0.80301,0.60881,0.54739,0.32712,0.56146,0.93289,0.75927,0.11332,0.68985,0.76583,0.74749,0.24407,0.040321,0.21334,0.27283,0.28942,619.75,287.72,718.17,92.417,218.05,951.28,0.80269,165.43,1
1.4478,0.63146,1.4582,1.6303,2.4318,0.94184,0.60504,0.86302,1.5187,2.3451,0.47597,0.20644,0.50041,0.7834,0.65826,0.23901,0.071359,0.24105,0.25668,0.28505,654.4,292.31,694.34,361.3,238.76,230.91,0.68573,155.6,1
2.4239,0.72852,0.56501,1.2355,1.5054,1.2917,0.93271,0.23109,0.73234,0.82967,0.66064,0.19815,0.68595,0.79752,0.6503,0.17485,0.076531,0.14852,0.24508,0.27466,569.7,275.63,628.7,378.95,209.64,1331,0.782,285.49,1
0.71196,0.45113,0.46512,0.70763,0.69807,0.67701,0.52094,0.25259,0.64735,0.90062,0.71754,0.13382,0.74551,0.76627,0.78785,0.25034,0.055204,0.24039,0.28401,0.25186,643.46,301.97,691.55,149.84,264.49,481.1,0.46945,284.1,1
3.2851,0.69479,1.7683,1.3127,2.8978,1.0896,0.39994,1.1525,2.81,1.8072,0.58621,0.15988,0.54102,0.76324,0.82657,0.25634,0.055282,0.2244,0.25446,0.26216,703.05,160.45,654.79,473.03,155.05,9.8405,1.1999,189.25,1
0.89933,0.44993,0.48959,0.59547,0.91739,0.64839,0.50601,0.2971,0.50378,0.72301,0.69604,0.080787,0.76079,0.81487,0.79154,0.25771,0.050867,0.25494,0.27961,0.30877,659.42,322.41,696.74,431.23,191.2,122.61,0.15221,203.82,1
1.4665,0.65268,0.24095,0.19048,1.1621,0.29613,0.62563,0.089602,0.62624,1.5619,0.72455,0.16023,0.78744,0.83754,0.8315,0.27824,0.072404,0.26127,0.28684,0.25989,575.07,296.25,714.33,467.65,209.32,22.763,4.5926,217.72,1
2.5761,0.64757,2.1308,2.6362,3.1561,1.3492,0.64567,1.994,2.3656,2.1307,0.63158,0.16911,0.55195,0.73869,0.73587,0.23204,0.072163,0.23131,0.24889,0.2781,653.91,237.53,619.7,414.77,239.42,17.672,0.48959,262.53,1
2.5395,0.43144,1.6679,2.3396,2.816,1.6094,0.2735,0.4587,2.82,2.1142,0.63249,0.21865,0.36108,0.76853,0.64277,0.1905,0.080976,0.23287,0.27907,0.31305,647.08,247.29,636.63,478.35,123.29,1.612,0.37178,129.84,1
0.81258,0.25332,0.076944,0.33736,0.487,0.28289,0.23049,0.14999,0.20755,0.43809,0.72395,0.048397,0.75214,0.68416,0.69969,0.27296,0.021381,0.25029,0.28382,0.29099,616.31,331.88,670.52,157.51,136.41,870.42,0.12674,167.34,1
2.8062,0.62752,2.1012,2.9897,2.911,2.0161,0.4876,1.5048,2.1054,2.8088,0.51674,0.18444,0.69872,0.79411,0.71566,0.23186,0.068965,0.21446,0.22071,0.25784,677.51,231.88,680.54,464.67,156.27,15.116,0.37812,179.24,1
1.21,0.76986,0.42722,1.2681,1.4919,0.5918,0.68093,0.44702,1.0217,1.0339,0.6716,0.18381,0.63837,0.82133,0.81663,0.26242,0.059106,0.22634,0.26597,0.29747,697.72,243.84,707.63,302.17,241.08,38.634,0.04223,193.6,1
0.29321,0.37316,0.041971,0.041741,0.44622,0.17774,0.32096,0.014681,0.10308,0.15386,0.61794,0.12229,0.75074,0.72735,0.79424,0.26208,0.038724,0.23658,0.27369,0.29435,641.46,307.9,660.97,475.08,34.447,586.71,0.67242,146.97,1
0.54239,0.76715,0.19674,0.28263,0.77682,0.46435,0.44802,0.048296,0.61448,1.2486,0.66847,0.13655,0.74685,0.75426,0.79396,0.23017,0.059854,0.25785,0.28026,0.31133,636.31,264.68,707.93,472.35,150.15,27.973,0.14839,88.465,1
2.357,0.56768,1.9032,2.1811,2.7985,2.0055,0.42045,1.8657,2.6991,2.8893,0.5964,0.14093,0.54912,0.72834,0.66287,0.22826,0.058263,0.21715,0.25441,0.29214,650.38,225.36,641.35,301.79,230.33,11.57,0.55096,307.93,1
1.0174,0.35618,0.7186,0.99135,1.7392,0.54805,0.26307,0.6724,1.2025,1.1896,0.69079,0.12643,0.48571,0.71976,0.7829,0.24651,0.052854,0.21898,0.26079,0.27343,593.08,299.92,698.68,100.24,232.94,261.01,0.19427,305.79,1
0.18773,0.31331,0.07452,0.15596,0.51135,0.41583,0.35157,0.15708,0.19574,0.57623,0.77352,0.025135,0.81344,0.7305,0.76313,0.28801,0.024855,0.26978,0.28682,0.31469,660.69,345.04,736.8,138.81,150.2,492.37,0.032606,143.68,1
0.32279,0.27404,0.14196,0.47218,0.54169,0.28195,0.3953,0.083522,0.21391,0.3737,0.73837,0.073652,0.73736,0.72503,0.7827,0.26219,0.035444,0.24991,0.26352,0.3082,659.24,319.81,719.01,283.39,110.53,720.44,0.13273,214.35,1
0.34612,0.13259,0.13851,0.13754,0.29985,0.2484,0.16472,0.079873,0.17919,0.30875,0.76296,0.011119,0.75819,0.68426,0.77518,0.28595,0.019033,0.27082,0.28952,0.31443,663.01,342.71,688.02,301.35,63.461,314.83,0.065798,80.237,1
0.50677,0.30237,0.28657,0.51778,0.95161,0.57918,0.32294,0.60571,0.2183,0.48445,0.76443,0.054769,0.69759,0.76124,0.78012,0.27081,0.036003,0.2438,0.27134,0.27064,689.78,324.32,749.59,117.49,173.06,715.49,0.05762,133.04,1
1.9755,0.55277,1.0745,2.2693,2.3528,2.1417,0.4456,0.93679,2.5322,2.3744,0.62886,0.12492,0.67967,0.71964,0.72842,0.20633,0.047988,0.18313,0.24596,0.29209,672.8,299.58,660.04,81.025,288.85,480.39,0.19219,322.8,1
3.9974,0.94089,2.9078,3.3819,4.1919,3.1273,0.69908,2.7082,3.6905,3.5542,0.64889,0.18458,0.53576,0.78785,0.75278,0.14885,0.060401,0.2607,0.28058,0.28607,687.55,137.18,656.78,475.29,233.93,0.79272,5.2668,214.47,1
0.33743,0.74812,0.042562,0.10432,0.29895,0.15329,0.70603,0.039718,0.12529,0.52551,0.7464,0.21867,0.5592,0.67915,0.80209,0.23681,0.096415,0.23338,0.26509,0.27863,692.82,354.69,713.35,443.18,153.43,448.48,1.3666,129.34,1
0.68526,0.42602,0.4069,0.81057,0.82775,1.0019,0.40907,0.65405,0.35819,1.5453,0.74447,0.082244,0.70194,0.70958,0.71887,0.27664,0.029486,0.22933,0.27921,0.30083,625.91,354.23,737.53,74.335,223.7,432.88,0.15772,189.57,1
0.7363,0.13037,0.51469,0.72318,0.74988,0.99642,0.17071,0.27322,0.6257,0.54887,0.72228,0.06669,0.75268,0.71172,0.74879,0.27955,0.033882,0.23208,0.28327,0.2777,582.06,347.37,747.58,23.775,233.66,303.08,0.017214,145.2,1
0.94813,0.44915,1.2532,1.4175,1.9953,0.96383,0.43778,0.50009,0.91041,1.0472,0.69803,0.1355,0.61216,0.60916,0.71064,0.23236,0.060029,0.23729,0.23101,0.2857,650.01,306.58,641.26,237.59,200.88,274.08,0.14429,341.76,1
0.69692,0.30264,0.29629,0.89434,1.299,0.5934,0.35832,0.31305,0.77054,0.79435,0.75864,0.063826,0.76135,0.72673,0.77831,0.26586,0.036026,0.2152,0.27728,0.28652,588.69,335.35,753.4,76.176,218.72,462.42,0.080384,264.02,1
0.49826,0.34678,0.30718,0.67536,0.60128,0.31329,0.37662,0.16661,0.24423,0.7013,0.67343,0.10942,0.76791,0.77514,0.77777,0.26288,0.051191,0.24073,0.26946,0.28581,606.64,279.45,635.62,398.95,135.36,612.87,0.31571,124.73,1
1.7235,0.4104,1.3582,1.3765,2.5121,1.5718,0.37769,1.2777,1.2546,1.8273,0.71433,0.12097,0.62068,0.66341,0.67188,0.25714,0.047044,0.2531,0.26904,0.26153,613.54,313.38,660.96,72.288,272.63,141.3,0.15106,316.5,1
0.6226,0.38828,0.55626,0.56796,1.4675,0.88992,0.31081,0.43937,0.63554,0.72975,0.68957,0.062567,0.70005,0.50443,0.7931,0.25238,0.038291,0.23212,0.24184,0.28996,614.39,314.51,682.62,104.42,149.32,589.17,0.079708,246.77,1
2.0139,0.66112,1.3504,1.395,1.9458,0.92496,0.52005,0.83182,2.1313,2.0399,0.60658,0.17609,0.68087,0.77799,0.78673,0.23236,0.067091,0.24617,0.28132,0.30646,642.87,223.74,600.37,452.64,212.19,22.28,0.77735,185.69,1
2.0628,0.685,1.5393,1.1976,2.7961,1.7539,0.50441,1.3564,2.1846,2.4692,0.67488,0.20374,0.53787,0.71818,0.73533,0.23548,0.077768,0.23359,0.23621,0.26083,641.36,292.96,689.13,287.41,199.07,94.397,0.556,190.03,1
0.46373,0.69947,0.10074,0.32808,0.94105,0.27887,0.80993,0.11917,0.3343,0.3213,0.75308,0.066758,0.80991,0.73791,0.76188,0.27983,0.045531,0.26162,0.28498,0.29964,590.91,254.81,703.13,437.72,129.38,668.84,0.21631,258.09,1
0.30449,0.24632,0.10466,0.1815,0.25231,0.47996,0.27059,0.22635,0.12569,0.62321,0.72157,0.039866,0.77022,0.75578,0.68715,0.27838,0.029464,0.25085,0.28698,0.31407,610.54,330.41,530.55,130.68,202.75,1716.8,0.05534,196.71,1
1.0875,0.46858,0.35332,0.45788,1.0709,0.53123,0.45437,0.31806,0.53048,0.56068,0.59297,0.13464,0.72328,0.80173,0.67472,0.24104,0.055784,0.24873,0.2702,0.27161,611.04,303.19,697.81,327.18,171.95,500.31,0.44604,197.18,1
1.3627,0.84327,0.37598,1.241,1.8631,0.97286,0.90789,0.4138,1.1168,1.1807,0.56733,0.19849,0.56344,0.76909,0.76599,0.20318,0.071322,0.19495,0.26498,0.26915,627.34,247.91,692.84,448.93,211.76,21.118,0.36876,313.38,1
2.3909,0.79101,1.3996,1.1721,3.2691,1.2516,0.48747,0.52908,2.695,2.4252,0.63477,0.204,0.36155,0.79328,0.76813,0.20524,0.068586,0.24061,0.25859,0.30123,534.27,160.9,570.36,478.9,104.73,1.1089,2.2389,115.28,1
2.8964,0.43568,1.9154,2.5328,3.1541,2.6031,0.22581,2.5827,3.036,2.1501,0.64434,0.14708,0.49727,0.70699,0.71966,0.2429,0.038052,0.20723,0.27581,0.25291,645.77,187.71,680.15,461.81,131.81,17.278,0.056891,127.77,1
0.51255,0.44841,0.50477,1.0586,0.96025,0.82071,0.64655,0.41876,0.38454,1.2326,0.75878,0.11657,0.67313,0.79449,0.71967,0.24139,0.040742,0.23023,0.25894,0.26624,634.69,316.84,712.77,89.645,208.37,973.95,0.29029,358.53,1
0.17338,0.20638,0.095851,0.12001,0.56199,0.2894,0.23176,0.089598,0.37835,0.3941,0.69694,0.086733,0.68558,0.65698,0.81805,0.25642,0.050055,0.25837,0.27222,0.29207,674.31,327.49,693.24,282.88,94.233,949.4,0.048386,208.01,1
0.7152,0.51883,0.2437,0.25718,1.2062,0.68575,0.35212,0.28285,0.31411,0.69402,0.54161,0.17786,0.73067,0.72389,0.821,0.25532,0.061401,0.16327,0.26862,0.28164,597.36,294.55,654.68,433.59,141.5,358.79,0.38711,123.78,1
2.8102,0.6158,2.0284,2.0068,3.1345,2.0057,0.37383,1.4523,2.3609,1.859,0.55413,0.17394,0.49075,0.75,0.62623,0.26218,0.06694,0.22346,0.24364,0.26408,495.35,272.58,568.28,378.31,246.72,62.107,1.6001,307.27,1
0.11179,0.12718,0.071924,0.21894,0.35653,0.086577,0.12805,0.065676,0.088025,0.25251,0.75328,0.034761,0.74846,0.75237,0.79813,0.28667,0.02411,0.24399,0.28309,0.30931,659.84,327.26,678.7,161.82,97.876,799,0.12062,123.86,1
2.8643,0.53232,2.6965,2.9613,3.5793,2.4019,0.33888,2.1712,2.8243,2.8288,0.65507,0.16101,0.6794,0.72025,0.65603,0.23759,0.049309,0.23483,0.27255,0.24691,631.92,285.09,594.46,419.7,221.73,16.026,0.26652,305.17,1
0.51008,0.4127,0.26556,0.68723,0.44354,0.38774,0.41979,0.26422,0.2744,0.52366,0.74712,0.095994,0.73853,0.75773,0.70562,0.25425,0.043641,0.24767,0.28027,0.29315,621.61,281.73,534.89,213.55,225.2,1760.5,0.30647,278.67,1
1.2784,0.48085,0.46675,0.73114,0.80736,1.1815,0.38097,0.34471,0.48008,0.99237,0.6454,0.13335,0.72812,0.77747,0.762,0.24625,0.052186,0.20102,0.27066,0.26475,591.55,287.94,661.74,409.11,124.65,485.02,0.27761,183.52,1
2.5543,0.77162,1.956,2.4294,2.3497,2.1506,0.60517,1.6667,2.2277,2.1825,0.50861,0.18799,0.60272,0.75258,0.69955,0.19809,0.072761,0.18605,0.26162,0.22213,644.02,255.88,670.35,241.06,234.94,48.235,0.7009,355.23,1
0.35376,0.5394,0.10196,0.30166,0.4597,0.76484,0.63514,0.087223,0.36086,0.44186,0.76493,0.12991,0.75687,0.76178,0.81973,0.23899,0.061123,0.2491,0.28832,0.30225,677.34,358.23,694.44,412.84,200.67,345.3,0.23755,217.76,1
1.718,0.40261,0.89743,1.5686,2.9225,1.3855,0.41277,0.73596,1.6443,1.3529,0.47783,0.15014,0.58392,0.70418,0.62225,0.22447,0.057871,0.23985,0.24248,0.27784,558.5,326.49,681.13,207.2,213.91,61.582,0.21241,184.95,1
1.0841,0.41946,0.46822,1.0118,1.0448,0.99392,0.30554,0.50009,0.48119,0.77632,0.7385,0.08568,0.71586,0.77212,0.74598,0.25936,0.042604,0.24568,0.25478,0.2627,654.33,308.34,709.17,128.98,225.02,150.58,0.16527,314.83,1
0.37436,0.32276,0.075763,0.28699,0.41994,0.14958,0.49367,0.12274,0.10891,0.4898,0.77997,0.10479,0.75945,0.78411,0.78314,0.28403,0.042005,0.24377,0.27678,0.29949,615.5,321.28,699.1,284.01,152.84,603.85,0.17723,447.22,1
0.56622,0.32825,0.78184,1.2106,1.1972,0.9556,0.24601,1.0287,0.58635,0.63377,0.71603,0.063519,0.68695,0.7832,0.76806,0.27653,0.041054,0.23647,0.28935,0.29054,643.17,331.41,733.51,34.684,246.68,303.3,0.088199,197.96,1
0.79307,0.61921,0.25656,0.47873,0.59656,0.38067,0.5596,0.10342,0.40049,1.5803,0.78472,0.11432,0.73481,0.70983,0.79668,0.21729,0.060997,0.26967,0.26532,0.29125,618.1,318.97,708.6,362.11,190.91,459.8,0.27008,197.43,1
1.2506,0.55804,1.163,1.3519,1.7208,1.4182,0.64259,0.95342,1.1463,1.8271,0.61466,0.13832,0.71049,0.70879,0.73171,0.228,0.065014,0.20321,0.25554,0.27427,610.95,305.54,685.82,60.573,273.48,601.26,0.14091,359.22,1
0.65227,0.20035,0.43737,0.48724,0.94718,0.46833,0.17741,0.92956,0.56217,0.8509,0.76776,0.067063,0.65835,0.77701,0.76195,0.29547,0.033892,0.25338,0.28637,0.30916,682.6,349.99,715.47,83.424,165.58,343.36,0.062194,145.39,1
3.6329,0.58007,2.92,3.0939,4.3955,2.7646,0.45888,2.0934,3.5045,3.7944,0.43643,0.20386,0.54565,0.79701,0.74895,0.26125,0.067904,0.24609,0.26365,0.29271,603.09,165.52,544.17,478.76,167.86,0.22815,0.74788,192.6,1
0.98205,0.48156,0.90257,1.183,1.8257,1.0691,0.49341,0.40895,0.92912,0.80937,0.74029,0.08003,0.65309,0.70986,0.67683,0.23436,0.04252,0.24115,0.25905,0.24724,590.77,294.13,658.92,214.96,222.13,627.77,0.21401,301.35,1
0.49202,0.12219,0.045949,0.2697,0.50638,0.48028,0.17388,0.076612,0.20669,0.48301,0.6673,0.046592,0.75727,0.62304,0.79849,0.28145,0.031645,0.25201,0.27299,0.29549,655.85,302.77,748.57,200.35,138.96,1052.1,0.1283,123.72,1
2.6723,0.55468,2.0087,1.3213,3.0383,1.7284,0.40704,0.74798,2.3325,1.8002,0.5515,0.18834,0.43612,0.81879,0.72825,0.218,0.052286,0.25204,0.26841,0.29324,617.83,263.82,598.77,478.47,86.76,2.8732,8.9486,74.917,1
0.43507,0.25332,0.59117,0.89182,0.6474,0.44377,0.18432,0.52567,0.50644,1.4899,0.66916,0.086537,0.67474,0.67291,0.77802,0.23753,0.053005,0.24843,0.25971,0.28856,602.12,339.15,716.61,54.158,224.17,503.53,0.3352,203.41,1
3.9069,0.47687,3.3198,3.4409,3.9422,3.3159,0.45398,2.4397,3.6795,3.8474,0.59451,0.16697,0.41599,0.83294,0.77846,0.24035,0.04991,0.26634,0.25993,0.30622,677.45,220.33,593.55,478.78,142.65,0.059354,1.8549,113.42,1
1.2122,0.39765,0.41079,0.70565,1.4269,0.90552,0.46076,0.17445,0.38358,0.81225,0.69609,0.12447,0.77752,0.76565,0.66056,0.22346,0.059234,0.21502,0.23776,0.29344,564.11,326.34,682.02,239.18,177.89,245.32,0.43835,250.54,1
0.17887,0.59809,0.013973,0.088642,0.20066,0.082327,0.68654,0.023325,0.035343,0.18548,0.75715,0.11708,0.6502,0.63792,0.81247,0.26161,0.07131,0.24567,0.26101,0.31335,657.38,297.39,695.75,445.73,102.18,1198.1,0.66633,256.55,1
0.1361,0.13713,0.096599,0.20701,0.19903,0.33807,0.12438,0.064728,0.11305,0.35257,0.75504,0.0084802,0.80093,0.56963,0.73933,0.27875,0.021187,0.26423,0.27385,0.31625,576.24,297.54,673.34,310.5,44.108,609.25,0.10424,92.407,1
2.0405,0.57202,0.89202,1.3321,2.4937,1.4811,0.44618,1.2601,1.5522,1.3107,0.6741,0.19822,0.53978,0.69492,0.75987,0.24232,0.05855,0.19893,0.2377,0.24449,682.19,351.24,629.73,298.48,204.49,111.36,0.12545,268.13,1
3.342,0.63927,1.926,2.0104,3.6046,1.543,0.25868,1.2392,2.4171,2.1426,0.66997,0.16794,0.6286,0.81867,0.77709,0.28366,0.052963,0.26748,0.24756,0.28033,651.58,269.02,629.88,477.62,196.94,0.26959,0.70701,199.41,1
0.9045,0.37168,0.30614,0.90556,1.2885,0.47052,0.38688,0.28714,0.32977,0.79344,0.74971,0.089751,0.62505,0.74005,0.68558,0.25559,0.046929,0.23149,0.27073,0.27504,567.53,304.68,704.64,89.502,223.89,357.03,0.15161,176.06,1
1.0116,0.30173,0.85011,0.90365,1.1563,0.9017,0.40905,1.392,0.55401,1.1217,0.73625,0.09213,0.77279,0.7228,0.76844,0.27119,0.036328,0.26492,0.25091,0.30309,636.16,339.67,750.32,21.637,279.06,616.06,0.077367,300.31,1
0.2441,0.45981,0.25979,0.13875,0.52949,0.43185,0.39255,0.20899,0.15932,0.65718,0.73239,0.088564,0.80318,0.79403,0.68325,0.23402,0.043545,0.25783,0.27853,0.29715,612.19,328.69,632.61,112.43,160.69,1460.8,0.052887,189.59,1
1.6913,0.35571,0.97875,1.7337,2.0683,0.81278,0.38279,0.41946,1.4583,2.1354,0.73614,0.1682,0.6844,0.77627,0.79258,0.23967,0.063033,0.22685,0.27856,0.28962,636.85,265.34,636.12,446.33,140.7,56.675,0.70013,189.36,1
0.37391,0.28111,0.56892,0.67474,0.4242,1.0956,0.27209,0.4642,0.31998,0.8757,0.74596,0.065001,0.72654,0.7495,0.76511,0.28985,0.040143,0.25344,0.28637,0.31208,663.23,358.43,741.86,49.355,225.46,317.58,0.043244,201.65,1
0.85786,0.49223,0.60958,0.72343,1.6085,0.95312,0.4655,1.0474,0.79491,1.2244,0.61514,0.15654,0.63836,0.63509,0.78934,0.23741,0.052491,0.23953,0.26955,0.28851,646.21,349.05,726.47,106.88,238.11,404.81,0.30461,228.85,1
0.23118,0.21023,0.17574,0.52579,0.36733,0.73823,0.24336,1.0734,0.34441,0.56791,0.80456,0.021545,0.79539,0.79663,0.82538,0.2907,0.033707,0.28103,0.28584,0.31838,584.91,352.68,749.89,77.398,229.48,280.86,0.05658,222.29,1
1.8794,0.58806,1.463,2.2846,2.1208,1.8978,0.40582,1.9481,1.2958,2.0168,0.5447,0.14635,0.66121,0.69022,0.76134,0.23158,0.055012,0.21479,0.24969,0.27439,579.43,323.52,701.55,101.94,246.77,139.44,0.076944,282.59,1
2.3495,0.63677,2.1787,2.4019,2.8716,1.5143,0.39645,1.0594,3.0768,2.7022,0.48061,0.20161,0.45478,0.81549,0.66218,0.15389,0.060279,0.23836,0.26623,0.30066,668.63,220.83,580.56,473.3,180.13,2.2046,0.35746,174.32,1
3.0479,0.60195,1.7158,2.9107,3.2921,1.9661,0.44532,1.9378,2.2903,2.2191,0.69132,0.18454,0.55221,0.77468,0.66561,0.24163,0.061255,0.20887,0.24004,0.23287,604.89,307.8,653.77,203.82,268.39,20.788,0.17279,316.08,1
0.29653,0.2727,0.045396,0.12817,0.3247,0.26825,0.40174,0.033755,0.12871,0.78479,0.78136,0.023014,0.75023,0.60389,0.80721,0.26976,0.024657,0.27503,0.28359,0.31641,658.56,317.26,652.74,309.94,92.106,1002.1,0.30427,168.64,1
2.9763,0.56308,2.9009,3.28,3.7674,2.7019,0.52366,2.2749,3.4048,3.189,0.4861,0.20823,0.354,0.67852,0.68916,0.21205,0.069404,0.18116,0.26195,0.27494,646.02,201.74,618.63,413.24,193.2,32.031,0.28999,227.18,1
0.25087,0.48799,0.10561,0.30229,0.82107,0.2919,0.52613,0.25465,0.18369,0.53955,0.73338,0.091879,0.78388,0.71879,0.82992,0.24973,0.024866,0.24274,0.27817,0.29309,542.53,322.21,721.51,237.32,191.87,894.17,0.086761,321.35,1
3.5864,0.49308,3.3502,3.5274,3.9503,2.1485,0.27844,2.654,3.8238,3.434,0.68045,0.19651,0.50792,0.72205,0.785,0.25244,0.075452,0.22972,0.26594,0.29244,691.12,232.96,723.63,347.43,217.48,11.188,0.10406,160.04,1
1.0414,0.44463,0.43392,0.51605,1.5089,0.8434,0.39985,0.18388,0.73804,1.2726,0.68209,0.12149,0.67871,0.74734,0.77897,0.26498,0.050385,0.20995,0.26958,0.26597,680.08,299.82,706.92,332.52,136.63,99.488,0.048007,231.03,1
0.90621,0.39919,0.76805,1.0077,1.092,0.62983,0.37588,0.53676,0.64176,0.84506,0.75715,0.10615,0.67803,0.67025,0.79635,0.27486,0.059771,0.24409,0.26742,0.27118,648.44,344.85,720.43,61.505,245.81,463.89,0.26134,194.91,1
0.98232,0.44038,0.27305,0.88475,0.7901,0.68826,0.46409,0.98158,0.66412,0.94484,0.6803,0.15416,0.67697,0.74055,0.72586,0.23474,0.040055,0.20919,0.27488,0.26328,649.59,311.21,665.79,254.62,206.92,607.36,0.2592,170.11,1
0.39981,0.21556,0.57889,0.50181,0.67797,0.83195,0.22861,0.35729,0.42972,0.84212,0.71881,0.060858,0.72715,0.66179,0.76178,0.25722,0.028228,0.24874,0.27171,0.28062,657.83,328.66,761.84,29.717,202.93,737.76,0.083567,163.38,1
1.1213,0.34156,0.68893,0.73339,0.9256,1.4689,0.35747,0.85448,0.92155,1.286,0.59253,0.15151,0.65759,0.60688,0.7343,0.20053,0.060729,0.21901,0.25149,0.26933,621.8,320.25,665.19,135.59,175.46,658.03,0.24367,175.34,1
0.85725,0.48556,0.58864,0.76812,1.565,1.1414,0.56295,0.68532,0.72656,0.81067,0.63791,0.15336,0.67812,0.69375,0.74817,0.23583,0.066908,0.15872,0.26322,0.26686,593.21,310.63,717.97,69.478,231.06,1366.2,0.76067,330.52,1
0.58631,0.35643,0.79063,0.6331,1.0731,0.5901,0.43978,0.22017,0.45449,0.72502,0.71965,0.063022,0.77622,0.7666,0.77068,0.26724,0.027857,0.25042,0.26316,0.27431,662.17,294.81,726.97,246.62,145.16,767.64,0.056962,224.98,1
0.39186,0.31849,0.17888,0.43832,0.34419,0.28854,0.4653,0.089041,0.37885,0.58211,0.61484,0.066379,0.67962,0.7712,0.78848,0.24245,0.038739,0.25855,0.28013,0.31117,600.41,260,684.55,292.2,156.61,750.27,0.39736,211.96,1
3.4726,0.86201,1.7108,2.1715,4.361,2.1041,0.5202,0.74357,2.9016,2.9799,0.57662,0.19602,0.56135,0.80742,0.72806,0.27125,0.06337,0.26124,0.26206,0.29216,677.92,241.32,631.89,475.77,226.97,1.1701,0.43246,401.36,1
0.39501,0.33601,0.47434,0.54365,0.40393,0.61685,0.36551,0.21566,0.37261,0.93864,0.71355,0.058605,0.69124,0.6366,0.72925,0.26841,0.037359,0.21492,0.23666,0.27768,577.12,327.26,653.88,346.11,94.045,1174.2,0.44527,251.6,1
0.89008,0.54331,0.23867,0.37767,0.85701,0.39687,0.63381,0.26899,0.32438,0.60107,0.69852,0.11157,0.76029,0.72381,0.75788,0.24003,0.045897,0.20138,0.231,0.27389,616.83,329.99,702.16,194.69,198.96,1013.2,0.30819,385.84,1
2.2465,0.55954,0.54615,1.158,1.768,0.60298,0.29726,0.47988,1.7107,1.7444,0.77396,0.16347,0.76533,0.81171,0.73683,0.25959,0.081487,0.26114,0.28492,0.31386,631.67,229.19,652.35,478.86,157.05,0.78259,0.5125,129.46,1
0.82672,0.58625,0.67874,1.0659,1.6518,1.1592,0.58779,0.67941,0.63173,0.98591,0.62726,0.11173,0.6593,0.73751,0.64293,0.22626,0.052521,0.20303,0.26752,0.28622,596.3,303.53,715.97,60.781,220.21,585.85,0.19279,248.93,1
2.571,0.61973,2.0476,2.37,2.8058,1.0512,0.449,1.6028,2.5131,1.8023,0.55014,0.18179,0.57821,0.64599,0.74154,0.24227,0.080293,0.22543,0.2554,0.30926,654.24,253.6,616.35,455.45,227.12,14.385,1.0479,175.35,1
0.29279,0.18281,0.055111,0.10134,0.30344,0.1969,0.19183,0.029801,0.06049,0.23544,0.68868,0.074568,0.77533,0.727,0.69904,0.2645,0.050027,0.2273,0.26342,0.31344,564.72,319.73,629.56,360.04,87.228,773.2,0.21491,102.07,1
0.46978,0.25048,0.4737,0.39286,0.7974,0.22531,0.29781,0.61227,0.29917,0.65407,0.76072,0.10979,0.80354,0.79044,0.78184,0.27112,0.040962,0.27909,0.2762,0.26215,673.58,311.26,704.35,171.05,220.93,230.89,0.11811,236.13,1
0.58246,0.57683,0.11042,0.53085,1.0432,0.45162,0.57802,0.051565,0.37731,0.63761,0.64838,0.12706,0.70562,0.69135,0.69858,0.2041,0.038907,0.22029,0.27815,0.27302,651.17,299.29,705.14,404.99,156.69,1044.6,0.16252,217.63,1
0.82046,0.46433,0.38528,0.51327,0.88528,0.7387,0.49239,0.79641,0.38806,0.91771,0.68661,0.12682,0.7501,0.70512,0.75049,0.25056,0.064313,0.25036,0.27898,0.30078,602.53,282.56,680.6,140.13,252.97,439.79,0.19233,161.13,1
0.10327,0.43593,0.017234,0.14899,0.38393,0.21681,0.4663,0.062425,0.12929,0.62931,0.76571,0.050223,0.73718,0.77471,0.77692,0.26746,0.050417,0.25946,0.27447,0.31167,629.83,309.46,631.26,423.38,76.806,767.01,0.067559,131.01,1
0.2406,0.54707,0.056495,0.4288,0.31855,0.34091,0.50292,0.045392,0.1127,0.27748,0.79055,0.071131,0.78556,0.7686,0.80283,0.24373,0.04781,0.26003,0.27203,0.29161,644.22,348.69,617.71,284.73,102.05,1722.3,0.17609,205.74,1
1.7428,0.7484,0.82657,1.3305,1.9571,1.4167,0.62011,0.77,1.1499,1.6163,0.61011,0.1739,0.64663,0.774,0.70018,0.22518,0.057432,0.22005,0.2562,0.27563,564.91,287.79,686.48,356.79,225.7,290.19,0.93158,334.3,1
0.84704,0.37945,0.40869,0.21093,1.4869,0.38723,0.45517,0.14126,0.68265,0.81746,0.57942,0.060153,0.70587,0.61044,0.65882,0.25932,0.039646,0.24581,0.26681,0.30841,650.34,235.91,696.79,341.2,125.53,236.95,0.11397,128.37,1
1.4863,0.43508,0.70387,2.0968,2.0933,1.2337,0.53706,0.63846,0.93573,0.89736,0.63552,0.12694,0.64312,0.76385,0.72882,0.24647,0.042527,0.22961,0.22001,0.29206,643.59,312.93,709.53,72.549,268.9,790.23,0.29933,307.24,1
0.55485,0.26005,0.15372,0.23119,0.44394,0.63043,0.18403,0.27992,0.5291,0.61452,0.70486,0.042734,0.72568,0.61257,0.75735,0.28116,0.031179,0.23284,0.28732,0.28615,650.09,340.85,731.66,95.055,220.38,702,0.24842,228.92,1
1.7416,0.8303,0.62121,0.97982,2.0135,1.0927,0.48759,0.35515,0.97073,0.9203,0.72897,0.21419,0.54917,0.7936,0.74981,0.23197,0.077651,0.17983,0.28106,0.29153,663.75,262.17,686.31,453.23,185.14,1.7568,0.083339,139.42,1
1.4039,0.76025,0.82479,0.86947,1.881,1.0931,0.64567,0.94903,1.8845,1.319,0.71982,0.10214,0.62941,0.73895,0.6445,0.23492,0.037115,0.22635,0.25369,0.28186,551.58,273.63,632.05,318.29,218.29,91.526,0.061965,251.84,1
1.372,0.65876,0.2443,0.73257,1.7399,0.76847,0.63673,0.52159,0.27552,0.97294,0.71856,0.10148,0.73187,0.69433,0.76576,0.26126,0.041899,0.23686,0.20419,0.28213,571.91,280.87,665.65,212.96,209.14,1558.4,0.35219,320.2,1
1.1378,0.92643,0.49193,1.1271,1.5853,1.0579,0.8383,0.62526,0.71785,2.1208,0.67197,0.16449,0.51213,0.76054,0.74365,0.21627,0.073376,0.16412,0.23605,0.25245,637.78,283.94,685.94,364.99,170.59,589.16,0.75425,340.74,1
1.5745,0.57014,0.25267,0.43821,0.9685,0.61201,0.56506,0.33291,0.70315,1.0401,0.71212,0.1041,0.6982,0.77615,0.77732,0.27172,0.041701,0.21425,0.27116,0.28494,596.94,265.3,621.44,459.93,167.82,141.46,0.20904,203.08,1
0.68843,0.53144,0.51364,1.0661,1.6432,0.70794,0.29995,0.33502,0.58756,1.0295,0.73512,0.12285,0.62898,0.72262,0.77619,0.27703,0.048106,0.22501,0.28076,0.27197,578.15,310.91,713.19,106.14,217.85,542.52,0.25382,208.27,1
0.31738,0.36453,0.17147,0.32364,0.67784,0.47136,0.4393,0.23983,0.48355,0.94917,0.74094,0.040922,0.74907,0.57226,0.69685,0.26561,0.036213,0.26422,0.28131,0.29065,585.13,334.31,681.02,105.44,145.84,1468.5,0.13332,278.62,1
1.0444,0.43849,0.4979,1.2473,1.7012,0.69142,0.50907,0.87264,1.3675,1.4437,0.73449,0.12749,0.65065,0.7241,0.78281,0.23588,0.048348,0.26103,0.26422,0.2886,544.11,289.69,667.84,33.522,270.26,966.26,0.19203,293.24,1
1.4937,0.49958,0.80035,0.91889,1.3769,1.0163,0.66999,0.69356,0.66407,0.87952,0.69975,0.10158,0.63564,0.70366,0.63746,0.24,0.042145,0.24601,0.24007,0.29388,681.38,321.83,708.96,95.904,190.27,852.44,0.50049,318.64,1
0.99906,0.62828,0.21638,0.53825,1.7015,0.76777,0.49343,0.25717,1.2955,0.88446,0.61448,0.17373,0.63737,0.71944,0.79926,0.25305,0.07085,0.2064,0.27443,0.2859,614,258.89,680.38,453.15,214.63,61.502,1.8741,158.61,1
1.5927,0.37239,1.0869,1.9429,2.8725,1.7175,0.34857,1.3129,1.9387,1.988,0.705,0.15659,0.57267,0.75231,0.72595,0.2351,0.064634,0.24542,0.2653,0.25345,640,303.02,715.74,126.23,240.76,99.474,0.071043,245.8,1
0.63645,0.73483,0.11297,0.41207,0.6438,0.6233,0.55232,0.17282,0.25645,0.55058,0.67675,0.13017,0.73492,0.6217,0.72621,0.24744,0.058166,0.23482,0.26931,0.30801,602.45,298.14,628.86,293.41,102.77,1464.7,0.44546,228.16,1
0.91175,0.47593,0.76951,0.74518,1.0845,0.48802,0.36518,0.6789,0.72609,0.87835,0.67345,0.13967,0.58917,0.77768,0.83151,0.24072,0.056178,0.20985,0.2632,0.3031,606.1,335.13,715.53,140.99,246.57,167.19,0.3767,276.87,1
0.49512,0.27154,0.58602,0.59647,0.75048,0.55665,0.38017,0.35929,0.66348,0.74333,0.72505,0.11713,0.62801,0.67539,0.7843,0.25308,0.047306,0.23932,0.28198,0.27892,626.52,296.27,669.92,223.26,183.69,587.95,0.37988,188.16,1
0.95811,0.58873,0.6017,0.5221,2.4033,0.61102,0.44579,0.18178,1.3711,1.0873,0.74608,0.12841,0.73045,0.76747,0.79565,0.27685,0.056963,0.2607,0.279,0.29994,668.22,240.41,713.1,459.39,163.8,51.052,0.61186,206.8,1
0.76076,0.43213,0.69001,0.95639,1.0481,0.57818,0.43792,0.78208,0.87815,0.82,0.76703,0.089005,0.68198,0.70267,0.70858,0.26107,0.039851,0.26106,0.24791,0.27818,625.3,271.21,725.38,104.95,228.41,394.16,0.11464,300.74,1
1.3069,0.48769,0.19011,0.51424,1.2323,0.65773,0.5953,0.58768,0.42301,0.87162,0.66739,0.15618,0.60964,0.74493,0.78392,0.2325,0.066004,0.18921,0.25243,0.29157,607.08,284.65,747.85,299.15,210.23,161.73,0.25675,232.14,1
0.7904,0.53386,0.42252,0.97493,1.3455,1.1212,0.5325,0.29175,0.55163,1.3392,0.68292,0.12756,0.69537,0.68636,0.72141,0.17753,0.050481,0.22816,0.26973,0.27463,617.16,301.75,689.99,312.49,158.73,1153.9,0.24628,240.7,1
0.21115,0.059647,0.13267,0.39198,0.25594,0.46411,0.071613,0.084228,0.15876,0.16135,0.75248,0.026524,0.80434,0.78506,0.76851,0.29074,0.035691,0.26752,0.27219,0.30695,670.42,333.04,681.39,215.67,70.641,242.01,0.013482,58.465,1
0.31851,0.21491,0.43537,0.58895,0.63314,0.73,0.34189,0.33587,0.60185,0.7626,0.79346,0.051382,0.77606,0.78067,0.78215,0.2885,0.028736,0.26265,0.26538,0.31217,570.83,337.7,741.23,72.532,237.37,408.06,0.064633,206.92,1
2.5856,0.66101,1.1114,2.0592,3.1968,1.9978,0.50446,0.54727,2.9913,2.7616,0.72839,0.20657,0.66388,0.82131,0.80247,0.26087,0.077789,0.23382,0.28893,0.29573,705.45,235.49,711.83,478.11,149.45,0.48637,0.50307,80.878,1
0.53754,0.58544,0.37387,0.33183,0.85172,0.55419,0.61981,0.12576,0.60887,0.57179,0.66491,0.11295,0.71445,0.73735,0.78702,0.26974,0.034857,0.24732,0.25718,0.27807,681.83,288.76,673.28,223.13,178.39,545.3,0.68832,354.5,1
1.0024,0.64499,0.37284,0.8996,1.1831,0.58842,0.5451,0.59925,0.57837,1.2996,0.70371,0.1523,0.65233,0.75625,0.7879,0.24253,0.057777,0.16252,0.26834,0.25544,680.37,281.93,702.75,167.69,252.35,519.91,0.47151,213.76,1
0.38539,0.13711,0.33681,0.55581,0.43589,0.56078,0.15455,0.6683,0.38313,0.4425,0.7873,0.059048,0.78465,0.71978,0.80463,0.27366,0.032293,0.26105,0.28307,0.29934,647.36,327.74,687.52,231.17,194.33,269.02,0.060118,112.18,1
2.6568,0.57007,1.836,1.8191,3.5383,1.5978,0.55368,1.3077,2.8658,2.0905,0.5284,0.12995,0.60636,0.67077,0.69235,0.22233,0.054326,0.23854,0.18892,0.28541,628.1,238.71,628.94,450.86,178.93,9.2518,0.10019,388.72,1
3.7261,0.54572,2.6506,3.0987,3.8822,2.7227,0.40779,2.5088,3.3192,3.3853,0.45881,0.21001,0.47473,0.6606,0.61334,0.18909,0.063937,0.23235,0.19855,0.25517,662.55,281.49,562.18,470.94,144.75,5.3913,1.1904,155.87,1
0.49318,0.35442,0.29105,0.5706,0.66194,0.56394,0.36259,0.11678,0.33085,0.83156,0.62898,0.17588,0.77222,0.70444,0.78929,0.22752,0.071689,0.195,0.27625,0.29822,632.68,315.31,699.71,328.83,146.44,829.04,0.50362,155.87,1
0.81533,0.22946,0.82129,1.0398,0.87265,0.85401,0.34091,0.59199,0.70443,1.0977,0.73445,0.063422,0.75103,0.68938,0.70625,0.26831,0.040526,0.24897,0.27368,0.29346,646.81,333.42,700.61,106.47,182.86,595.68,0.069654,165.81,1
0.13385,0.28611,0.066924,0.19212,0.22891,0.13764,0.2346,0.021396,0.1317,0.24072,0.76671,0.04942,0.80174,0.76202,0.76252,0.27378,0.029755,0.20668,0.29053,0.29878,664.8,311.96,675.48,377.98,100.29,1069.1,0.49491,83.076,1
0.22539,0.29724,0.14173,0.26181,0.44415,0.30101,0.21299,0.10047,0.28398,0.40624,0.74445,0.069658,0.76107,0.72431,0.77419,0.24987,0.039385,0.26834,0.2742,0.30043,650.57,327.16,750.53,148.65,170.97,377.65,0.26508,251.79,1
0.22556,0.10204,0.022989,0.082412,0.17836,0.21434,0.16982,0.072862,0.10642,0.20912,0.75164,0.028364,0.76284,0.60728,0.70677,0.2711,0.031294,0.2634,0.28646,0.2914,634.17,332.73,623.1,375.78,58.244,1279.9,0.084243,108.89,1
0.63593,0.9506,0.16307,0.40496,0.94518,0.33638,0.64591,0.11539,0.74864,0.95075,0.7409,0.15186,0.63354,0.74827,0.80527,0.22837,0.072695,0.21704,0.29024,0.28409,666.66,303.64,679.67,440.35,204.12,38.943,2.667,179.88,1
0.66295,0.32731,0.41099,0.67271,0.82758,0.371,0.34323,0.39879,0.32865,0.68895,0.62449,0.082002,0.72243,0.55525,0.77874,0.24544,0.047025,0.23713,0.23514,0.29323,616.54,305.67,665.68,301.65,110.02,1922.1,2.2092,259.4,1
1.326,0.44523,0.7966,1.6505,2.5058,1.2495,0.39928,0.81637,1.2778,1.6206,0.64874,0.15021,0.69654,0.75627,0.78782,0.26403,0.057951,0.21631,0.27826,0.27628,603.28,325.39,737.7,58.917,270.51,172.15,0.039016,279.51,1
2.6424,0.36477,2.5479,1.8366,3.7056,2.6253,0.20528,1.6393,2.8584,2.4585,0.54932,0.15681,0.70073,0.6918,0.5844,0.24807,0.056554,0.23076,0.22635,0.28014,584.36,232.6,625.58,359.94,191.54,33.27,0.076078,184.07,1
2.3439,0.50543,2.0167,2.39,3.0252,1.5552,0.35342,1.8813,2.1541,2.0168,0.67606,0.18185,0.58161,0.84545,0.76789,0.20016,0.055284,0.24112,0.27002,0.25175,687.18,228.6,703.79,444.32,205.08,3.0552,0.23278,167.58,1
0.19713,0.29287,0.15391,0.16413,0.46221,0.32471,0.36881,0.20067,0.1708,0.40951,0.76176,0.058596,0.75766,0.78164,0.73895,0.27274,0.048741,0.24196,0.28167,0.27271,628.06,353.1,747.58,159.6,156.72,1123.9,0.044396,199.39,1
0.20823,0.21109,0.24154,0.35736,0.45849,0.34765,0.22607,0.18295,0.1769,0.71189,0.73365,0.027716,0.76499,0.78852,0.7577,0.27594,0.030479,0.25042,0.26937,0.29309,590.36,323.19,697.18,146.92,121.37,1222.3,0.13051,160.12,1
3.6335,0.80862,3.1532,2.642,3.8339,3.1706,0.53649,2.0056,3.6721,2.5862,0.60871,0.16575,0.49047,0.7095,0.79899,0.26434,0.060847,0.26226,0.27018,0.27996,701.36,201.33,585.97,472.77,196.46,0.74059,1.517,187.16,1
1.5786,0.83861,1.4526,1.8915,1.9045,1.8979,0.60422,1.8394,1.8295,2.3787,0.55902,0.16174,0.74692,0.69515,0.76737,0.19459,0.064755,0.23793,0.25127,0.29324,617.37,314.68,712.4,306.35,224.57,219.57,0.23923,241.11,1
0.83423,0.63008,0.12748,0.58705,0.66841,0.94709,0.48028,0.22876,0.33323,0.74407,0.59557,0.1544,0.71113,0.79759,0.69116,0.22002,0.061962,0.25961,0.27305,0.25994,647.36,263.38,611.07,464.9,159.39,25.705,0.55162,187.67,1
1.6917,0.38231,0.80086,1.7158,0.97364,0.94651,0.27877,1.0973,0.81508,1.0942,0.61331,0.1828,0.69329,0.69627,0.78783,0.22291,0.057127,0.2365,0.23538,0.29048,648.28,291.49,712.53,120.92,257.12,348.14,0.18093,256.03,1
0.52019,0.5308,0.49576,0.5745,1.7621,0.91134,0.47132,0.20432,1.7188,0.89949,0.7128,0.10465,0.73431,0.79886,0.83272,0.27696,0.054954,0.2401,0.26532,0.30059,667.8,272.87,701.87,394.49,211.3,31.313,0.040425,313.15,1
1.0409,0.73108,0.27164,0.94336,0.7961,0.50334,0.46877,0.41956,0.55589,0.52594,0.73844,0.18223,0.71472,0.82977,0.74811,0.25535,0.074822,0.18756,0.28528,0.30085,692.15,236.97,735.5,446.93,162.52,55.699,0.21226,103.23,1
2.516,0.74113,1.1711,1.9793,3.3505,1.9476,0.5554,1.3263,2.3851,2.7269,0.72749,0.15113,0.61652,0.77688,0.77873,0.264,0.070855,0.2558,0.27217,0.2884,645.88,235.34,667.18,475.08,232.41,1.2149,2.9442,191.11,1
0.27882,0.14633,0.044395,0.15478,0.31289,0.17701,0.20241,0.044525,0.12316,0.43954,0.75866,0.019361,0.804,0.73311,0.82325,0.27606,0.01704,0.27853,0.28608,0.27024,650.53,351.85,677.55,352.63,96.125,824.22,0.10584,106.48,1
2.0072,0.60154,1.2188,1.4536,1.9396,1.7394,0.34348,1.5837,1.3997,1.507,0.66312,0.18438,0.6198,0.73495,0.76205,0.23796,0.062515,0.21426,0.26558,0.24663,602.73,248.72,677.26,266.04,186.99,50.411,0.41302,243.22,1
0.26384,0.36525,0.1605,0.17329,0.46985,0.36731,0.33676,0.065782,0.23017,0.72613,0.76357,0.078052,0.76034,0.71804,0.74768,0.27834,0.035324,0.25294,0.28009,0.26249,617.15,315.93,683.32,388.12,115.58,157.24,0.08817,98.089,1
0.68192,0.3634,0.4375,0.6425,1.4502,0.80898,0.4615,0.62216,0.35149,1.2367,0.69711,0.069577,0.76734,0.67129,0.6526,0.22962,0.029413,0.22423,0.24985,0.25721,507.49,305.56,651.97,120.58,185.12,906.6,0.23282,257.78,1
3.4958,0.58585,2.4769,2.3913,3.6194,2.5492,0.44216,2.7048,3.0972,2.8896,0.65267,0.20677,0.44683,0.75167,0.77326,0.24088,0.080309,0.22314,0.27164,0.2309,637.5,267.61,713.8,286.05,257.74,3.4194,0.15257,271.96,1
0.12421,0.29952,0.012825,0.050413,0.13856,0.079793,0.25161,0.012187,0.023032,0.087712,0.78013,0.052475,0.7086,0.6091,0.79687,0.27372,0.041348,0.23155,0.28427,0.31559,554.06,307.77,469.09,473.61,27.725,634.44,0.49538,62.201,1
0.6229,0.32821,0.26106,0.40274,0.8044,0.18272,0.50707,0.29565,0.21598,0.62578,0.72824,0.090889,0.73536,0.74154,0.61319,0.26413,0.046075,0.23485,0.27777,0.30544,662.76,296.27,746.34,112.92,173.98,744.85,0.14996,167.78,1
1.5947,0.41735,0.69671,0.909,1.4929,1.4358,0.2928,0.68358,2.0767,1.9661,0.60513,0.1857,0.64564,0.82255,0.73114,0.26769,0.073629,0.21001,0.27429,0.2851,573.82,239.55,638.97,478.04,154.29,2.3274,0.60547,194.4,1
2.8699,0.76753,1.1291,1.8075,2.4715,1.0921,0.64412,0.79006,1.8268,2.1617,0.64591,0.17317,0.64925,0.7954,0.78872,0.25334,0.063066,0.26908,0.27339,0.30814,678.74,233.21,676.02,474.95,181.78,3.4833,1.0845,198.66,1
3.0284,0.54558,2.5395,2.5859,3.2968,1.5169,0.51728,1.5783,2.4389,2.7497,0.59555,0.16799,0.62706,0.80368,0.77167,0.1999,0.06597,0.2055,0.26793,0.2809,624.99,283.08,652.8,461.41,168.7,6.5801,0.18511,190.45,1
0.87676,0.57027,0.41962,0.745,1.1027,0.6505,0.55666,0.25919,0.31749,1.0374,0.71179,0.079599,0.7242,0.70935,0.69841,0.25518,0.051459,0.22664,0.27582,0.28054,633.32,333.55,709.44,212.7,205.39,1799,0.43204,477.69,1
0.09429,0.098104,0.10611,0.18872,0.1471,0.21582,0.094715,0.03797,0.12004,0.24509,0.79408,0.013043,0.79905,0.67989,0.80399,0.29516,0.016155,0.28034,0.2854,0.31269,637.71,340.41,616.36,409.77,32.492,633.48,0.089661,84.403,1
0.14733,0.52305,0.010474,0.044941,0.39854,0.096716,0.34705,0.0067618,0.043095,0.18659,0.70782,0.10797,0.75547,0.79697,0.7714,0.24527,0.060141,0.24949,0.27014,0.31521,591.2,288.16,640.04,477.23,59.596,477.12,0.65486,198.94,1
0.15359,0.26048,0.17318,0.40718,0.39736,0.35518,0.19202,0.082196,0.39838,0.5502,0.7839,0.11261,0.67071,0.82435,0.81595,0.27628,0.051146,0.26606,0.27007,0.30013,602.1,334.62,647.77,165.92,174.46,409.3,0.25088,177.21,1
0.40951,0.26898,0.4328,0.59286,0.37474,0.89284,0.17132,0.5411,0.57381,1.1839,0.7776,0.1056,0.7582,0.74472,0.72687,0.26354,0.050638,0.25119,0.29004,0.29707,619.1,330.58,725.79,94.197,237.09,540.22,0.040225,122.33,1
