1,0.27138,1,1,1,1,0,1,1,1,0.358,0.80799,0.097231,0.32573,0.5364,0.3958,0.72234,0.1939,0.41067,0.42833,0.66379,0.36897,0.98474,0,0.63271,0.015692,0.69746,0.3087,1,0
0.68895,0.4614,0.61904,0.68026,0.75174,0.55499,0.30525,0.48021,0.55545,0.62884,0.46032,0.43668,0.31376,0.443,0.54332,0.4549,0.25208,0.44022,0.41067,0.35904,0.65024,0.36206,0.79146,0.11562,0.41661,0.015692,0.69052,0.21357,1,0
0.18274,0.13747,0.16704,0.17273,0.18282,0.15364,0.079326,0.14257,0.14815,0.17327,0.44934,0.35888,0.34707,0.45766,0.47413,0.34851,0.28644,0.35066,0.33701,0.2551,0.67364,0.22585,0.71212,0.66613,0.37739,0.052782,0.83598,0.19415,1,0
0.24122,0.19317,0.19141,0.25238,0.27047,0.20915,0.1612,0.15053,0.20575,0.26572,0.44632,0.33819,0.38705,0.32573,0.51564,0.33669,0.22801,0.30587,0.30017,0.2551,0.62438,0.18619,0.67753,0.82899,0.61307,0.063481,0.84111,0.30145,1,0
0.11604,0.25381,0.034653,0.12225,0.18154,0.09812,0.20834,0.028977,0.090863,0.16899,0.47648,0.27135,0.40037,0.42101,0.51564,0.36821,0.21825,0.35066,0.30017,0.2551,0.633,0.22932,0.69684,0.81921,0.55438,0.11626,0.77703,0.27016,1,0
0.34143,0.24856,0.29863,0.31322,0.37037,0.32472,0.24508,0.25915,0.31097,0.38864,0.43771,0.50436,0.28045,0.39902,0.58484,0.27759,0.30382,0.26108,0.22651,0.2551,0.58374,0.18794,0.62461,0.62214,0.3676,0.027104,0,0.18005,1,0
0.1756,0.13143,0.15604,0.16489,0.17723,0.15899,0.13991,0.13141,0.14265,0.17839,0.43641,0.18676,0.45367,0.39902,0.41877,0.33274,0.18409,0.26108,0.30017,0.2551,0.63791,0.34827,0.69786,0.75081,0.34206,0.047789,0.755,0.16565,1,0
0.33919,0.22161,0.30023,0.3322,0.34889,0.27841,0.092245,0.2516,0.2812,0.30319,0.38169,0.44344,0.32042,0.34772,0.46029,0.29073,0.39393,0.26108,0.30017,0.2551,0.62315,0.24137,0.67243,0.65961,0.35258,0.025678,0.80865,0.17009,1,0
0.269,0.16593,0.24113,0.26472,0.29084,0.24163,0.20183,0.19195,0.22987,0.29247,0.36144,0.25904,0.33042,0.32573,0.34958,0.317,0.31676,0.2387,0.26335,0.27242,0.65518,0.29828,0.69888,0.71335,0.35258,0.031384,0.80865,0.17042,1,0
0.058159,0.22333,0.016666,0.0354,0.062433,0.052537,0.20408,0.014781,0.028519,0.051487,0.39335,0.15058,0.3604,0.29642,0.3219,0.30702,0.16678,0.26108,0.26335,0.18582,0.7032,0.5155,0.75077,0.30456,0.34767,1,0.65139,0.61583,1,0
0.44317,0.14506,0.43213,0.45866,0.44719,0.38144,0.13522,0.34884,0.38208,0.41236,0.32783,0.20444,0.26712,0.28176,0.30806,0.29728,0.10017,0.30587,0.26335,0.18582,0.65147,0.52069,0.70194,0.36483,0.28221,0.015692,0.64731,0.13543,1,0
0.094068,0.15533,0.072876,0.086475,0.096538,0.093821,0.14545,0.074394,0.083768,0.095841,0.34464,0.18317,0.34707,0.28176,0.30806,0.27759,0.14166,0.26108,0.26335,0.18582,0.72167,0.49482,0.73245,0.75409,0.18202,0.047076,0.61477,0.086434,1,0
0.13598,0.20499,0.082038,0.15564,0.17341,0.11437,0.2127,0.057925,0.11174,0.16848,0.32352,0.19474,0.33375,0.2671,0.29422,0.26444,0.24262,0.26108,0.26335,0.18582,0.68473,0.4431,0.71212,0.67591,0.14735,0.027104,1,0.070285,1,0
0.43495,0.042915,0.44987,0.43524,0.41954,0.39199,0,0.39275,0.39262,0.38942,0.40539,0.23607,0.32042,0.38437,0.40493,0.317,0,0.35066,0.26335,0.18582,0.63915,0.5069,0.68566,0.35668,0.27606,0.015692,0.6225,0.13195,1,0
0.36135,0.21607,0.34088,0.32097,0.3866,0.35754,0.26098,0.29393,0.3582,0.41958,0.33107,0.32961,0.20716,0.27443,0.37726,0.317,0.16357,0.30587,0.26335,0.22045,0.60344,0.63103,0.66837,0.4381,0.31906,0.020685,0.65566,0.15509,1,0
0.31292,0.068012,0.31359,0.30446,0.30963,0.28937,0.085503,0.27193,0.2752,0.30852,0.3511,0.3657,0.24047,0.19381,0.44645,0.30123,0.29714,0.2387,0.26335,0.22045,0.57512,0.53276,0.64191,0.34527,0.31877,0.025678,0.64898,0.15653,1,0
0.38446,0.3412,0.31816,0.37435,0.44078,0.311,0.2121,0.25806,0.30126,0.3648,0.35886,0.31004,0.21715,0.36971,0.39109,0.34851,0.30382,0.26108,0.26335,0.32439,0.55418,0.64138,0.64395,0.36155,0.42189,0.027104,0.66557,0.21117,1,0
0.12054,0.34255,0.028731,0.097871,0.18923,0.10527,0.30359,0.01234,0.069021,0.15268,0.46436,0.28234,0.3604,0.37704,0.47413,0.41549,0.1865,0.44022,0.33701,0.32439,0.59359,0.55344,0.73753,0.21172,0.51091,0.11555,0.68588,0.25794,1,0
0.23144,0.34789,0.13788,0.27795,0.29267,0.23711,0.25604,0.16042,0.28095,0.29127,0.31778,0.23345,0.20049,0.31108,0.33574,0.33449,0.24077,0.26108,0.26335,0.27242,0.59112,0.63448,0.66227,0.3697,0.40342,0.042796,0.65161,0.19628,1,0
0.33589,0.40645,0.21758,0.37034,0.40256,0.2911,0.38637,0.18317,0.26295,0.39752,0.41832,0.52033,0.22714,0.38437,0.571,0.36953,0.5015,0.35066,0.37385,0.32439,0.55048,0.59482,0.67243,0.32574,0.41779,0.031384,0.68288,0.21563,1,0
0.12852,0.16224,0.096997,0.14487,0.15998,0.115,0.15938,0.08297,0.11837,0.15816,0.45305,0.28035,0.4137,0.35505,0.46721,0.3958,0.20691,0.44022,0.33701,0.32439,0.59606,0.47931,0.75279,0.21172,0.43512,0.084165,0.6907,0.21403,1,0
0.32622,0.2304,0.29043,0.31016,0.35916,0.30287,0.31826,0.2252,0.30358,0.37889,0.33753,0.42591,0.23381,0.34039,0.36342,0.29728,0.41299,0.21631,0.26335,0.2551,0.54804,0.35517,0.67041,0.28665,0.20582,0.015692,0.69425,0.098237,1,0
0.13074,0.23594,0.095925,0.10744,0.14338,0.1218,0.26174,0.068285,0.096183,0.173,0.33214,0.19355,0.21382,0.29642,0.3219,0.23817,0.17918,0.17152,0.18967,0.18582,0.5788,0.46552,0.63581,0.71172,0.1652,0.031384,0.755,0.078668,1,0
0.42109,0.33239,0.36229,0.4565,0.46261,0.36238,0.42405,0.25852,0.36304,0.4649,0.35368,0.45203,0.20049,0.32573,0.43261,0.27759,0.50416,0.17152,0.26335,0.2551,0.53695,0.43965,0.65819,0.31271,0.26431,0.015692,0.69039,0.12964,1,0
0.19889,0.57055,0.019065,0.14496,0.31392,0.19126,0.51073,0.00717,0.141,0.30391,0.39599,0.19519,0.40037,0.34039,0.36342,0.28118,0.10462,0.26108,0.26335,0.18582,0.58621,0.46205,0.63073,0.30131,0.29099,0.084165,0.14233,0.20934,1,0
0.11459,0.25091,0.067217,0.077196,0.13658,0.11395,0.24749,0.055608,0.084252,0.15725,0.35738,0.21614,0.25713,0.32573,0.34958,0.26071,0.22291,0.1939,0.18967,0.18582,0.55295,0.47759,0.6053,0.70359,0.14165,0.031384,0.84697,0.067214,1,0
0.26746,0.12612,0.2516,0.27181,0.27864,0.23083,0.11645,0.20075,0.24116,0.25637,0.37178,0.42256,0.21716,0.41368,0.43261,0.25394,0.29714,0.21631,0.18967,0.20313,0.47045,0.25518,0.52899,0.68729,0.36954,0.031384,0.35053,0.17754,1,0
0.17142,0.21975,0.14257,0.18834,0.20687,0.14934,0.21441,0.10002,0.1576,0.19203,0.36426,0.29224,0.32042,0.25244,0.43261,0.27399,0.31502,0.1939,0.26335,0.23779,0.62809,0.37413,0.68464,0.78665,0.35498,0.052068,0.76936,0.17585,1,0
0.16661,0.32123,0.1022,0.13031,0.22529,0.11169,0.17018,0.07281,0.10625,0.14813,0.44417,0,0.42702,0.36971,0.39109,0.44833,0.16357,0.44022,0.37385,0.32439,0.49754,0.32068,0.6063,0.28175,0.16643,0.025678,0.6921,0.079289,1,0
0.20519,0.28312,0.13974,0.18683,0.25326,0.16359,0.20596,0.11027,0.12241,0.23077,0.41277,0.35291,0.35707,0.41368,0.43261,0.35076,0.25491,0.35066,0.33701,0.2551,0.5468,0.51378,0.67855,0.28175,0.38258,0.042083,0.68705,0.18586,1,0
0.10667,0.29012,0.026481,0.079502,0.14748,0.098007,0.25976,0.02192,0.073049,0.14797,0.40714,0.3171,0.28045,0.20847,0.40493,0.33969,0.39379,0.26108,0.26335,0.2551,0.65518,0.22069,0.80672,0.17264,0.21905,0.47504,0.69882,0.74177,1,0
0.13663,0.43318,0.023397,0.13381,0.16012,0.10353,0.25816,0.018214,0.098538,0.15086,0.58021,0.3081,0.50697,0.45766,0.64019,0.56092,0.3286,0.52978,0.48435,0.46298,0.50863,0.56035,0.78128,0.10424,0.67691,0.12268,0.6934,0.33613,1,0
0.21974,0.15587,0.19169,0.22373,0.24632,0.19407,0.1658,0.15526,0.1853,0.24227,0.39893,0.38159,0.33375,0.35505,0.46029,0.33669,0.31676,0.30587,0.33701,0.2551,0.62438,0.31035,0.68362,0.69382,0.31695,0.036377,0.75754,0.1556,1,0
0.25332,0.29581,0.22284,0.23339,0.27475,0.20575,0.18423,0.17684,0.20791,0.25668,0.37566,0.34899,0.32042,0.25244,0.44645,0.26971,0.35587,0.17152,0.18967,0.2551,0.64409,0.26895,0.62257,0.79315,0.48247,0.047076,0.67025,0.23604,1,0
0.085577,0.37966,0.0092261,0.029698,0.08291,0.075011,0.31872,0.0082645,0.027595,0.073752,0.31059,0.23246,0.20049,0.28176,0.30806,0.27827,0.22437,0.26108,0.18967,0.18582,0.63671,0.45,0.76907,0.20685,0.40389,0.60913,0.68929,0.55734,1,0
0.1693,0.30466,0.099203,0.18968,0.23743,0.14952,0.26849,0.078131,0.16535,0.2247,0.48797,0.38053,0.45367,0.39902,0.58484,0.41769,0.32087,0.35066,0.37385,0.3937,0.56033,0.51897,0.83113,0.1254,0.61437,0.10556,0.69495,0.32333,1,0
0.21864,0.079381,0.21031,0.21368,0.22424,0.21115,0.1231,0.18175,0.21196,0.23835,0.35692,0.43845,0.24713,0.35505,0.39109,0.33669,0.44421,0.26108,0.33701,0.28976,0.48028,0.39483,0.61648,0.27362,0.26238,0.031384,0.69154,0.12555,1,0
0.22161,0.29271,0.16522,0.22734,0.27942,0.1958,0.25877,0.13334,0.19669,0.25603,0.52065,0.56035,0.3604,0.55293,0.65403,0.40237,0.52281,0.26108,0.37385,0.3937,0.64038,0.4862,0.61038,0.77037,0.22168,0.27247,0.69131,0.40227,1,0
0.13841,0.34303,0.043038,0.12064,0.22231,0.12287,0.29775,0.030478,0.099131,0.20307,0.71753,0.39664,0.69352,0.66287,0.80972,0.56217,0.34401,0.61936,0.48435,0.46298,0.73399,0.37413,0.7935,0.20685,0.30805,0.17974,0.67666,0.41867,1,0
0.18582,0.15259,0.1563,0.18254,0.22127,0.17215,0.15333,0.13689,0.17156,0.22871,0.77056,0.59126,0.7335,0.86808,0.86161,0.69133,0.47657,0.70892,0.63167,0.60158,0.52216,0.60517,0.74059,0.28012,0.50926,0.069187,0.69347,0.25222,1,0
0.36979,0.37215,0.30088,0.43213,0.41369,0.32068,0.44049,0.21282,0.32138,0.42709,0.68654,0.49406,0.58026,0.75081,0.7509,0.57311,0.25208,0.57457,0.48435,0.46298,0.60098,0.5362,0.75077,0.3583,0.32968,0.026391,0.69369,0.16456,1,0
0.18619,0.21067,0.13787,0.1756,0.23421,0.15926,0.18808,0.11128,0.15243,0.18673,0.39246,0.19015,0.34041,0.35505,0.37726,0.3761,0.17758,0.35066,0.30017,0.28976,0.65518,0.77068,0.78434,0.50325,0.41129,0.047789,0.689,0.1977,1,0
0.43896,0,0.46402,0.43925,0.41457,0.40622,0,0.40696,0.40683,0.4037,0.41832,0.47702,0.26046,0.34039,0.50872,0.36953,0.23132,0.35066,0.26335,0.28976,0.79555,0.50862,0.76297,0.76874,0.18854,0.010699,0.68552,0.089741,1,0
0.37875,0.14329,0.36822,0.39165,0.38567,0.3452,0.1769,0.29899,0.36435,0.38509,0.50621,0.56575,0.32708,0.60424,0.61251,0.41157,0.43431,0.30587,0.41067,0.3937,0.79925,0.38104,0.68972,0.74268,0.32119,0.020685,0.69455,0.15345,1,0
0.048214,0.073704,0.025559,0.052872,0.062359,0.043618,0.079086,0.021788,0.046326,0.062704,0.75982,0.12772,0.7335,0.70684,0.70939,0.74154,0.22945,0.79848,0.63167,0.60158,0.76846,0.40688,0.7884,0.20195,0.34667,0.21398,0.55674,0.16939,1,0
0.39542,0.23671,0.36212,0.41742,0.42255,0.34899,0.22797,0.28954,0.35529,0.40542,0.31232,0.40416,0.24047,0.23779,0.3219,0.28546,0.43891,0.1939,0.33701,0.2551,0.75861,0.92069,0.86673,0.54724,0.52231,0.036377,0.68395,0.2548,1,0
0.15064,0.16821,0.1626,0.1547,0.15214,0.13644,0.18191,0.11732,0.14528,0.1587,0.3463,0.34179,0.26046,0.34039,0.36342,0.29447,0.36049,0.28349,0.26335,0.2551,0.79187,0.65862,0.87894,0.49185,0.29881,0.047076,0.69066,0.14348,1,0
0.20593,0.51975,0.095808,0.20633,0.30039,0.31329,0,0.31415,0.314,0.31038,0.37092,0.42602,0.22714,0.28176,0.443,0.36953,0.30602,0.30587,0.33701,0.30707,0.74876,0.69137,0.83723,0.5798,0.23303,0.021398,0.69293,0.11144,1,0
0.087533,0.21775,0.031528,0.071771,0.12773,0.077594,0.20301,0.024947,0.065598,0.11798,0.31646,0.10378,0.3071,0.23779,0.26655,0.25709,0.20266,0.17152,0.26335,0.18582,0.89163,0.75689,0.99898,0.44138,0.47251,0.20542,0.68972,0.23042,1,0
0.36704,0.37414,0.28974,0.42923,0.42097,0.31921,0.36989,0.21528,0.33147,0.42169,0.46787,0.38693,0.44035,0.38437,0.571,0.35639,0.16761,0.35066,0.26335,0.2551,0.73399,0.3793,0.67141,0.90392,0.49436,0.032097,0.6809,0.23963,1,0
0.38328,0.085728,0.38754,0.37155,0.37709,0.33325,0.029606,0.32708,0.33053,0.33832,0.51139,0.41896,0.42036,0.42834,0.61251,0.34851,0.30382,0.26108,0.26335,0.32439,0.68103,0.51722,0.59206,0.87623,0.32649,0.020685,0.69436,0.15617,1,0
0.37803,0.13197,0.36332,0.36908,0.38863,0.32654,0.098518,0.30588,0.311,0.34939,0.48812,0.44006,0.3504,0.5456,0.55716,0.38003,0.35836,0.37305,0.33701,0.28976,0.5788,0.50518,0.4995,0.85342,0.31793,0.020685,0.69545,0.15221,1,0
0.13226,0.48743,0.011334,0.05922,0.16884,0.11986,0.41534,0.0096095,0.051618,0.15114,0.47734,0.28212,0.32042,0.41368,0.47066,0.44041,0.19843,0.44022,0.33701,0.32439,0.53201,0.70172,0.74263,0.3697,0.50865,0.82525,0.69299,0.76423,1,0
0.64665,0.22585,0.63357,0.64683,0.65686,0.6471,0,0.64754,0.64746,0.6456,0.55619,0.37377,0.43701,0.58958,0.59868,0.52715,0.50416,0.41784,0.48435,0.49764,0.54804,0.58275,0.74873,0.47069,0.28116,0.010699,0.6987,0.13463,1,0
0.052046,0.15044,0.023453,0.033629,0.048922,0.047193,0.1586,0.018219,0.026633,0.046725,0.39678,0.1874,0.28045,0.36971,0.39109,0.29948,0.24077,0.32825,0.26335,0.20313,0.54804,0.80862,0.5768,0.96256,0.081262,0.042083,0.6879,0.038114,1,0
0.056246,0.10257,0.033453,0.051825,0.064726,0.05076,0.10484,0.028365,0.04215,0.062404,0.39143,0.16942,0.26712,0.35505,0.37726,0.31069,0.16054,0.26108,0.26335,0.18582,0.81525,1,0.92372,0.25081,0.95538,0.42796,0.67034,0.46406,1,0
0.054207,0.13923,0.019909,0.050575,0.049211,0.031078,0.058981,0.013408,0.0428,0.041203,0.52173,3.2688e-16,0.50697,0.45766,0.47413,0.42958,0.10708,0.44022,0.33701,0.32439,0.65271,0.50171,0.65819,0.66776,0.07739,0.047789,0.6921,0.035832,1,0
0.1098,0.29121,0.033548,0.095695,0.15249,0.082636,0.17999,0.025247,0.085871,0.14752,0.80611,6.2512e-16,0.80012,0.78013,0.77858,0.62236,0.144,0.61936,0.55801,0.46298,0.73644,0.47587,0.83927,0.23453,0.39668,0.10628,0.68729,0.19113,1,0
0.061706,0.14775,0.03383,0.056293,0.063868,0.051881,0.11703,0.027369,0.051928,0.061462,0.70916,0.27656,0.70685,0.67753,0.68171,0.62591,0.25224,0.61936,0.55801,0.53227,0.66503,0.83965,0.83825,0.30781,0.72119,0.34593,0.68593,0.34917,1,0
0.33685,0.35165,0.2789,0.31815,0.32632,0.26783,0.14808,0.22581,0.26629,0.31615,0.60852,0.49286,0.54695,0.69218,0.69555,0.49713,0.36049,0.4626,0.48435,0.44567,0.68473,0.31035,0.52695,0.81271,0.49943,0.036377,0.69498,0.23994,1,0
0.045697,0.096964,0.026666,0.031529,0.047238,0.039383,0.10499,0.021547,0.027573,0.040961,0.54543,0.1377,0.54695,0.50163,0.51564,0.54685,0.18037,0.57457,0.48435,0.42833,0.7032,0.58275,0.69584,0.76709,0.10433,0.057775,0.69039,0.049154,1,0
0.52383,0.080083,0.53447,0.52589,0.51212,0.49571,0.060391,0.48144,0.49623,0.50856,0.43124,0.68146,0.28045,0.50163,0.51564,0.3958,0.56663,0.26108,0.41067,0.3937,0.71058,0.65515,0.92168,0.4886,0.35486,0.016405,0.69873,0.1705,1,0
0.11016,0.29991,0.021196,0.11116,0.19359,0.079769,0.23818,0.0162,0.057507,0.13918,0.65099,3.2353e-16,0.64022,0.60424,0.61251,0.50415,0.10368,0.52978,0.41067,0.3937,0.77955,0.55344,0.81486,0.49512,0.16708,0.058488,0.67944,0.079713,1,0
0.21113,0.060725,0.20953,0.21326,0.212,0.1973,0.080944,0.17908,0.20417,0.21412,0.63252,0.59208,0.49032,0.56026,0.80626,0.4746,0.23132,0.4626,0.41067,0.3937,0.75737,0.30517,0.66023,0.67426,0.32254,0.036377,0.69395,0.15481,1,0
0.2941,0.21138,0.2692,0.2745,0.31339,0.28813,0.2124,0.24267,0.25381,0.34052,0.56309,0.5869,0.47032,0.53095,0.69555,0.41157,0.29714,0.39543,0.33701,0.34173,0.69335,0.43621,0.60122,0.72638,0.2496,0.021398,0.69726,0.1191,1,0
0.085559,0.21342,0.027498,0.068939,0.1058,0.06908,0.15801,0.022786,0.062929,0.099869,0.59928,0.36496,0.5736,0.53095,0.69555,0.50545,0.35601,0.52978,0.48435,0.44567,0.68597,0.4431,0.58088,0.89414,0.42927,0.20542,0.69256,0.21174,1,0
0.45418,0.34284,0.3962,0.52225,0.49882,0.39308,0.32514,0.30358,0.41857,0.48127,0.56266,0.68906,0.4137,0.67753,0.68171,0.55342,0.72787,0.52978,0.63167,0.53227,0.59974,0.65515,0.88606,0.37948,0.49644,0.026391,0.6981,0.24227,1,0
0.48152,0.2858,0.44588,0.45287,0.51789,0.48083,0.25975,0.41739,0.48137,0.5431,0.58312,0.83479,0.40703,0.70684,0.70939,0.43521,0.62287,0.30587,0.44751,0.42833,0.66626,0.52757,0.86267,0.40064,0.30901,0.015692,0.6988,0.14823,1,0
0.10927,0.18301,0.069984,0.08169,0.131,0.10229,0.1853,0.049885,0.078051,0.13842,0.37248,0.19296,0.38705,0.32573,0.34958,0.30267,0.25051,0.35066,0.26335,0.23779,0.69335,0.6793,0.66429,0.96744,0.23511,0.052782,0.68752,0.11272,1,0
0.126,0.18044,0.063045,0.13236,0.1538,0.11103,0.16713,0.050046,0.11839,0.1432,0.59785,0.45203,0.50697,0.64821,0.65403,0.44833,0.3636,0.44022,0.41067,0.3937,0.69826,0.49482,0.56867,1,0.50088,0.095578,0.69267,0.24262,1,0
0.37037,0.26945,0.33722,0.32724,0.40755,0.37546,0.32042,0.29718,0.3761,0.45232,0.39569,0.6104,0.20716,0.40635,0.51564,0.35639,0.53003,0.21631,0.33701,0.35904,0.67856,0.27069,0.53917,0.72638,0.43902,0.031384,0.69528,0.21065,1,0
0.34159,0.48142,0.24998,0.35048,0.35225,0.2626,0.25873,0.17675,0.2945,0.32381,0.47648,0.58649,0.32042,0.43567,0.61251,0.3761,0.45114,0.26108,0.33701,0.3937,0.68103,0.4293,0.48524,0.9251,0.51863,0.03709,0.69666,0.24905,1,0
0.37111,0.0080509,0.38995,0.36878,0.3526,0.33369,0.0084012,0.33246,0.33438,0.33296,0.52819,0.66099,0.32042,0.55293,0.68171,0.4549,0.37922,0.39543,0.44751,0.3937,0.56527,0.55,0.50254,0.82574,0.23727,0.015692,0.69711,0.11294,1,0
0.016187,0.0049144,0.011924,0.016688,0.01612,0.021043,0,0.022266,0.022048,0.016893,0.37092,0.6295,0.17384,0.443,0.46029,0.29073,0.46265,0.17152,0.33701,0.2551,0.56157,0.66206,0.59818,0.74919,0,0.020685,0.70391,0,0,0
0.39261,0.48815,0.32347,0.36262,0.44373,0.41039,0.36524,0.32818,0.36922,0.4913,0.70269,0.66036,0.70685,0.75814,0.83393,0.59281,0.6043,0.61936,0.55801,0.53227,0.60838,0.80862,0.80366,0.47719,0.50066,0.032097,0.69302,0.24666,1,0
0.56947,0.19215,0.559,0.56969,0.57706,0.46912,0,0.46978,0.46966,0.46687,0.6553,0.51148,0.50031,0.73616,0.73706,0.55342,0.20033,0.55219,0.48435,0.44567,0.79187,0.39311,0.95627,0.3583,0.22711,0.0099857,0.70081,0.10868,0,0
0.35568,0.19541,0.32866,0.34727,0.37916,0.29644,0.098007,0.27313,0.29716,0.31777,0.48618,0.75288,0.24047,0.42834,0.67479,0.41549,0.44421,0.30587,0.33701,0.3937,0.58374,0.28102,0.53103,0.63517,0.29888,0.020685,0.69312,0.14364,1,0
0.35326,0.28516,0.30626,0.3349,0.39676,0.36603,0.22739,0.31071,0.36668,0.41977,0.64775,0.54966,0.50697,0.63355,0.74398,0.57311,0.41299,0.52978,0.48435,0.49764,0.57265,0.42758,0.49542,0.68729,0.22282,0.015692,0.69875,0.10599,1,0
0.17819,0.59759,0.033644,0.10024,0.22869,0.16168,0.5106,0.026712,0.089661,0.22113,0.6039,0.29106,0.54695,0.50163,0.66787,0.49432,0.24762,0.52978,0.41067,0.3937,0.81896,0.38276,0.98982,0.26384,0.3097,0.20685,0.69884,0.53875,1,0
0.40299,0.084798,0.40612,0.4033,0.39787,0.34396,0,0.34478,0.34463,0.34118,0.43555,0.58456,0.24381,0.39902,0.55371,0.44833,0.50416,0.32825,0.41067,0.42833,0.65518,0.44654,0.7996,0.43323,0.17147,0.010699,0.7003,0.081404,1,0
0.081723,0.24255,0.044646,0.055405,0.091257,0.077763,0.23758,0.02348,0.059918,0.10573,0.72855,0,0.72017,0.69218,0.69555,0.53909,0.081039,0.61936,0.48435,0.3937,0.64162,0.50862,0.69584,0.44788,0.17191,0.084879,0.67243,0.081671,1,0
0.1062,0.20239,0.054907,0.11998,0.14138,0.095198,0.19357,0.041846,0.10439,0.1415,0.67684,6.2997e-16,0.66687,0.63355,0.64019,0.4928,0.14524,0.52978,0.41067,0.3937,0.84113,0.28277,0.74567,0.64985,0.31254,0.089872,0.69225,0.15043,1,0
0.089814,0.24757,0.018657,0.079905,0.13585,0.062725,0.17774,0.015033,0.024989,0.12049,0.69264,0.12493,0.66687,0.63355,0.64019,0.50964,0.10558,0.52978,0.41067,0.3937,0.72782,0.52585,0.79248,0.44138,0.20372,0.063481,0.68776,0.098251,1,0
0.40997,0.22599,0.38348,0.38577,0.43111,0.39307,0.22312,0.34392,0.35988,0.44915,0.56051,0.72439,0.35373,0.70684,0.70939,0.42731,0.59428,0.35066,0.33701,0.42833,0.74261,0.32931,0.59614,0.70359,0.35508,0.021398,0.69719,0.17063,1,0
0.36999,0.25892,0.33707,0.3442,0.3967,0.29928,0.10741,0.27163,0.30461,0.32386,0.72855,0.89598,0.6269,0.78013,0.93081,0.63222,0.83803,0.55219,0.63167,0.63621,0.72167,0.40516,0.53713,0.81271,0.41715,0.027104,0.6979,0.19976,1,0
0.26834,0.19638,0.22021,0.26118,0.31333,0.24226,0.20388,0.18101,0.22561,0.32444,0.63806,0.43368,0.64022,0.60424,0.68863,0.51401,0.35515,0.48501,0.48435,0.46298,0.75246,0.37585,0.56563,0.86483,0.49735,0.042796,0.69603,0.23887,1,0
0.016519,0.011812,0.010703,0.01814,0.017829,0.013563,0.033765,0.0060534,0.013898,0.018342,1,0,1,1,0.98616,0.71102,0,0.79848,0.63167,0.53227,0.7537,0.42758,0.75993,0.54071,0.0073723,0.042796,0.69547,0.0019707,1,0
0.49875,0.27284,0.45615,0.48204,0.53453,0.43112,0.18786,0.39392,0.39397,0.47632,0.64065,0.77414,0.53696,0.64821,0.8201,0.74256,0.78358,0.66413,0.70535,0.75749,0.42734,0.79655,0.89116,0.38111,0.71952,0.03709,0.69905,0.34808,1,0
0.32154,0.41592,0.24926,0.24291,0.37718,0.31997,0.3929,0.21879,0.28036,0.41966,0.85781,0.47994,0.72017,0.94137,0.97232,0.8555,0.3888,0.97762,0.81584,0.74015,0.54433,0.61896,0.8057,0.45276,0.37101,0.027817,0.69929,0.17881,1,0
0.14748,0.37389,0.063309,0.13049,0.14727,0.13698,0.33725,0.053402,0.11562,0.15359,0.79612,0.48506,0.85342,0.83876,0.83393,0.73967,0.47305,0.79848,0.70535,0.67086,0.46675,0.62757,0.96135,0.16938,0.79406,0.1184,0.699,0.38944,1,0
0.12534,0.30754,0.019457,0.14157,0.17091,0.085266,0.22158,0.0063186,0.1184,0.13576,0.71193,0.71788,0.74682,0.7215,0.85816,0.54214,0.43934,0.61936,0.55801,0.46298,0.59359,0.45517,0.68362,0.41367,0.16025,0.084879,0.69202,0.076266,1,0
0.058746,0.12389,0.026687,0.056293,0.063375,0.053113,0.12822,0.019714,0.051726,0.064846,0.59374,0.19168,0.467,0.58958,0.59868,0.51964,0.20361,0.52978,0.48435,0.3937,0.70197,0.81551,0.75179,0.72965,0.18239,0.084879,0.67826,0.086641,1,0
0.61889,0.55994,0.52744,0.64135,0.69842,0.64075,0.2966,0.56356,0.64115,0.7173,0.64582,0.733,0.4137,0.75081,0.79242,0.50614,0.48246,0.39543,0.48435,0.4803,0.68226,0.38965,0.51882,0.92835,0.54616,0.021398,0.69433,0.26218,1,0
0.088632,0.27234,0.014318,0.039887,0.17492,0.080863,0.24671,0.010825,0.032405,0.1697,0.84295,0.50395,0.7868,0.94137,0.93081,0.845,0.57071,0.84327,0.81584,0.80946,0.7032,0.52585,0.62461,0.92835,0.36964,0.19686,0.69097,0.19294,1,0
0.58155,1,0.36725,0.63586,0.75696,0.38059,0.7346,0.20009,0.38123,0.56025,0.55404,0.92122,0.26712,0.61156,0.79242,0.51401,0.74061,0.30587,0.48435,0.56692,0.76846,0.3431,0.97051,0.18241,0.36645,0.015692,0.69849,0.17604,1,0
0.73875,0.40061,0.67017,0.73384,0.79849,0.70921,0.36632,0.61622,0.77871,0.78446,0.6148,0.54751,0.49032,0.70684,0.70939,0.50614,0.39052,0.52978,0.48435,0.41101,0.55789,0.63448,0.90744,0.23778,0.65176,0.021398,0.69751,0.3154,1,0
0.34759,0.36341,0.27496,0.32724,0.41623,0.34332,0.28377,0.27278,0.32201,0.43506,0.7237,0.40762,0.5736,0.80945,0.80626,0.76029,0.28205,0.79848,0.66851,0.67086,0.92242,0.28277,0.49236,0.62542,0.53234,0.03709,0.70209,0.25821,0,0
0.25461,0.37297,0.17869,0.23935,0.32265,0.29864,0.28108,0.23015,0.29936,0.36542,0.38924,0.37878,0.28045,0.32573,0.42569,0.3761,0.25208,0.35066,0.33701,0.28976,0.63053,0.58447,0.81282,0.39576,0.35584,0.032097,0.69623,0.17162,1,0
0.30438,0.25438,0.26452,0.27704,0.34353,0.31406,0.23796,0.2562,0.31477,0.37021,0.38923,0.49406,0.27378,0.41368,0.43261,0.33669,0.44421,0.26108,0.33701,0.28976,0.66009,0.53793,0.53103,0.70685,0.18896,0.015692,0.70248,0.091017,0,0
0.29302,0.071751,0.2937,0.28843,0.29667,0.26606,0.08981,0.24417,0.25749,0.29054,0.48664,0.37671,0.43701,0.50163,0.51564,0.38454,0.35515,0.44022,0.33701,0.32439,0.72661,0.64999,0.43641,0.88111,0.37606,0.031384,0.70253,0.18166,0,0
0.40712,0.3362,0.35135,0.42634,0.45419,0.422,0.15113,0.38346,0.4204,0.45957,0.35886,0.43074,0.21049,0.39902,0.41877,0.34851,0.41542,0.28349,0.33701,0.32439,0.77217,0.39655,0.52392,0.67264,0.34613,0.020685,0.7016,0.16728,0,0
0.43347,0.47759,0.32357,0.3681,0.55222,0.43097,0.41042,0.30987,0.444,0.55101,0.46787,0.53415,0.34707,0.53095,0.54332,0.38265,0.49748,0.44022,0.37385,0.32439,0.76355,0.44482,0.44761,0.79805,0.46518,0.026391,0.70116,0.22596,0,0
0.40447,0.32867,0.34958,0.40032,0.43679,0.39623,0.24406,0.34323,0.39449,0.43061,0.66069,0.69154,0.5203,0.79479,0.79242,0.59281,0.70221,0.57457,0.59485,0.56692,0.85837,0.31724,0.46695,0.80783,0.61827,0.03709,0.70019,0.2996,1,0
0.43216,0.37268,0.36081,0.43076,0.49313,0.40917,0.39787,0.30391,0.43461,0.50699,0.56826,0.69394,0.37039,0.70684,0.70939,0.52188,0.73057,0.35066,0.55801,0.54961,0.60468,0.46033,0.882,0.31433,0.38048,0.021398,0.70009,0.18231,1,0
0.58652,0.13101,0.5904,0.57951,0.58315,0.51256,0.077771,0.49397,0.51306,0.52979,0.56051,0.56264,0.38705,0.58225,0.68171,0.57311,0.50083,0.48501,0.52117,0.53227,0.61577,0.49482,0.89928,0.33224,0.39938,0.016405,0.69998,0.1913,1,0
0.39195,0.24333,0.35309,0.40433,0.42117,0.31853,0.1795,0.27508,0.31923,0.36019,0.48295,0.548,0.3071,0.48697,0.59868,0.49432,0.34214,0.44022,0.44751,0.42833,0.73152,0.39827,0.89216,0.32736,0.24661,0.015692,0.69933,0.11753,1,0
0.60581,0.5234,0.50124,0.61364,0.69689,0.61893,0.34105,0.52883,0.65677,0.69898,0.59928,0.57823,0.45035,0.56026,0.76474,0.64799,0.68526,0.52978,0.63167,0.63621,0.61453,0.53104,0.99084,0.29641,0.53118,0.021398,0.70033,0.25609,1,0
0.59427,0.3114,0.5542,0.60195,0.62816,0.5882,0.17585,0.54321,0.58488,0.63314,0.55792,0.65426,0.43368,0.48697,0.73706,0.60071,0.67342,0.50739,0.63167,0.60158,0.58127,0.43793,0.9939,0.24104,0.53077,0.021398,0.70108,0.25524,0,0
0.51355,0.29377,0.4813,0.52521,0.5395,0.50256,0.17938,0.46161,0.49211,0.54227,0.61436,0.65164,0.50697,0.7215,0.72322,0.54028,0.52876,0.52978,0.52117,0.53227,0.89654,0.21552,0.50864,0.63845,0.55053,0.025678,0.70093,0.26497,0,0
0.53413,0.1286,0.53001,0.54327,0.53925,0.50435,0.092408,0.48049,0.51367,0.52687,0.62945,0.5821,0.53362,0.7215,0.72322,0.63222,0.53755,0.70892,0.59485,0.53227,0.84975,0.25172,0.46593,0.71662,0.58892,0.026391,0.70046,0.28428,0,0
0.48243,0.50941,0.46221,0.50474,0.509,0.45217,0.43835,0.41781,0.46949,0.49559,0.6316,0.52391,0.58692,0.58958,0.76474,0.63222,0.45139,0.52978,0.63167,0.53227,0.8793,0.21552,0.41404,0.72313,0.68454,0.27318,0.70076,1,0,0
0.56547,0.38704,0.50072,0.57724,0.62111,0.52495,0.42454,0.41251,0.56587,0.62643,0.47261,0.61446,0.24047,0.58958,0.59868,0.50614,0.79632,0.28349,0.48435,0.56692,0.71058,0.30689,0.37641,0.67101,0.49196,0.021398,0.70138,0.23949,0,0
0.35408,0.31836,0.24675,0.40536,0.40192,0.35203,0.22922,0.32459,0.39113,0.39487,0.52727,0.49528,0.46367,0.57492,0.58484,0.50838,0.52822,0.52978,0.48435,0.46298,0.49016,0.45,0.86877,0.28828,0.46055,0.031384,0.70102,0.22132,0,0
0.4544,0.064115,0.4704,0.46611,0.4381,0.41009,0.086583,0.38832,0.42474,0.4267,0.51914,0.62288,0.33041,0.63355,0.64019,0.44308,0.54127,0.30587,0.41067,0.42833,0.72661,0.23792,0.46491,0.557,0.38952,0.020685,0.70129,0.18696,0,0
0.53269,0.34133,0.48484,0.51339,0.56509,0.50042,0.3527,0.41313,0.50003,0.58667,0.60575,0.85787,0.34707,0.73616,0.73706,0.6979,0.8444,0.61936,0.779,0.67086,0.52833,0.56895,0.98678,0.36808,0.5609,0.026391,0.70143,0.28303,0,0
0.47696,0.23137,0.45955,0.51025,0.49033,0.42981,0.27202,0.36093,0.48044,0.48482,0.69235,0.49926,0.56027,0.63355,0.84777,0.69527,0.51855,0.64174,0.63167,0.63621,0.6675,0.56895,0.9878,0.42345,0.41953,0.021398,0.70103,0.20232,0,0
0.48444,0.44604,0.42416,0.43266,0.51702,0.45718,0.42218,0.35044,0.4313,0.53785,0.60298,0.73467,0.42368,0.57492,0.80626,0.59844,0.80846,0.50739,0.55801,0.63621,0.88177,0.34138,0.41302,0.77525,0.63722,0.032097,0.70143,0.30732,0,0
0.53197,0.31997,0.48369,0.56693,0.5647,0.54728,0.071716,0.53015,0.54775,0.56317,0.58958,0.67655,0.38038,0.62622,0.7509,0.57311,0.59821,0.48501,0.55801,0.53227,0.69582,0.4293,0.46797,0.72965,0.35846,0.016405,0.70105,0.17157,0,0
0.041047,0.19023,0.0088451,0.015176,0.034889,0.03756,0.17932,0.0075791,0.012319,0.031508,0.62729,0.42425,0.58692,0.5456,0.7509,0.56129,0.4087,0.52978,0.52117,0.53227,0.88054,0.30517,0.99186,0.32084,0.16007,0.29387,0.70131,0.14076,0,0
0.56624,0.48656,0.50201,0.53823,0.56086,0.54711,0.41163,0.44612,0.52751,0.60356,0.52542,0.59497,0.37039,0.53095,0.66787,0.51964,0.63201,0.39543,0.55801,0.51495,0.88669,0.15,0.31842,0.62542,0.74919,0.032097,0.70175,0.36175,0,0
0.54218,0.17498,0.53385,0.54242,0.54778,0.46308,0,0.46376,0.46364,0.46081,0.66392,0,0.65355,0.61889,0.62635,0.71102,0.34699,0.68654,0.70535,0.60158,0.55665,0.45689,0.88606,0.39251,0.35888,0.015692,0.70208,0.17201,0,0
0.52009,0.25846,0.49541,0.52748,0.54722,0.50695,0.16406,0.46232,0.51019,0.55034,0.65099,0.62307,0.64022,0.61889,0.83393,0.84238,0.54741,0.79848,0.81584,0.80946,0.49998,0.6362,0.97864,0.46579,0.55222,0.026391,0.70191,0.27358,0,0
0.51227,0.26288,0.49152,0.47805,0.52874,0.47869,0.28993,0.41647,0.43043,0.55195,0.5088,0.60952,0.467,0.56026,0.571,0.61645,0.69974,0.50739,0.70535,0.60158,0.59112,0.52413,0.96949,0.44951,0.41686,0.020685,0.70241,0.20793,0,0
0.4105,0.22467,0.39968,0.43068,0.42966,0.38258,0.23134,0.35093,0.40779,0.42949,0.5402,0.43938,0.48698,0.45766,0.64019,0.55342,0.32714,0.55219,0.48435,0.46298,0.45813,0.5155,0.9766,0.42833,0.54325,0.032097,0.70285,0.26603,0,0
0.49994,0.14483,0.48798,0.49971,0.50858,0.43869,0.11826,0.41068,0.42814,0.46798,0.60963,0.3657,0.50697,0.48697,0.72322,0.63222,0.20033,0.61936,0.55801,0.53227,0.6995,0.36897,0.3947,0.69219,0.44089,0.021398,0.70162,0.21219,0,0
0.41074,0.063846,0.41647,0.40531,0.40335,0.36448,0.057165,0.35268,0.356,0.37674,0.67943,0.3657,0.65355,0.70684,0.70939,0.69527,0.2612,0.68654,0.63167,0.60158,0.75493,0.34138,0.49848,0.6303,0.36309,0.021398,0.70156,0.17398,0,0
0.44982,0.27224,0.42147,0.41455,0.47279,0.43073,0.2831,0.36525,0.39637,0.50363,0.66909,0.25904,0.61357,0.57492,0.64366,0.7583,0.36392,0.75371,0.70535,0.63621,0.67364,0.38792,0.40286,0.68079,0.39389,0.021398,0.70176,0.19017,0,0
0.46326,0.14489,0.45463,0.46106,0.46942,0.45445,0.14965,0.41819,0.45501,0.48926,0.57989,0.51109,0.467,0.63355,0.64019,0.65191,0.55167,0.52978,0.59485,0.63621,0.69703,0.33447,0.33469,0.66613,0.49985,0.027104,0.702,0.2401,0,0
0.37998,0.1891,0.35345,0.37111,0.39799,0.35495,0.18718,0.29781,0.36427,0.40083,0.62514,0.7308,0.48698,0.63355,0.80626,0.58718,0.76597,0.55219,0.55801,0.58424,0.56157,0.42242,0.26653,0.79968,0.4947,0.032097,0.701,0.24363,0,0
0.49129,0.29755,0.4465,0.49458,0.52827,0.50272,0.24207,0.4436,0.50323,0.56068,0.58636,0.68146,0.44035,0.67753,0.68171,0.57311,0.50083,0.48501,0.52117,0.53227,0.76478,0.22932,0.37842,0.54887,0.50115,0.027104,0.70228,0.24136,0,0
0.52089,0.12039,0.52568,0.51101,0.50694,0.48507,0.11118,0.45593,0.47714,0.50363,0.66022,0.78779,0.46033,0.73616,0.86853,0.64347,0.94266,0.44022,0.70535,0.65355,0.70935,0.26034,0.21566,0.71498,0.69871,0.032097,0.70163,0.33686,0,0
0.39464,0.41942,0.35598,0.36422,0.48139,0.39839,0.29469,0.31284,0.36238,0.49018,0.59743,0.37347,0.64022,0.60424,0.61251,0.60971,0.39587,0.61936,0.55801,0.53227,0.91257,0.15172,0.50052,0.49185,0.51066,0.031384,0.7021,0.24567,0,0
0.27413,0.16914,0.26069,0.26108,0.26704,0.23334,0.097496,0.20756,0.23823,0.252,0.55404,0.5163,0.4137,0.61889,0.62635,0.48249,0.47642,0.52978,0.44751,0.46298,0.82266,0.56551,0.42116,0.90554,0.52964,0.047076,0.70188,0.25843,0,0
0.18928,0.2154,0.1574,0.17602,0.21749,0.17216,0.20069,0.1312,0.1592,0.21339,0.65099,0.32277,0.69352,0.66287,0.66787,0.58297,0.38199,0.61936,0.55801,0.53227,0.4766,0.79308,0.84131,0.094459,0.96408,0.12197,0.69323,0.46986,1,0
0.31126,0.07617,0.30062,0.32321,0.31303,0.29287,0.074522,0.27705,0.30385,0.30665,0.55404,0.45903,0.61357,0.57492,0.58484,0.4746,0.38011,0.44022,0.41067,0.46298,0.66626,0.63275,0.42929,0.8518,0.32605,0.025678,0.70242,0.15744,0,0
0.27556,0.12255,0.2806,0.27893,0.26677,0.26614,0.086095,0.24736,0.26276,0.27606,0.55312,0.32195,0.58692,0.5456,0.55716,0.55342,0.3836,0.48501,0.48435,0.51495,0.61577,0.6138,0.38658,0.8697,0.34833,0.031384,0.70183,0.16919,0,0
0.33561,0.042783,0.34393,0.33595,0.32563,0.32267,0,0.32352,0.32337,0.3198,0.41832,0.61331,0.22048,0.34039,0.55024,0.42206,0.50416,0.30587,0.33701,0.41101,0.34729,0.72414,0.57476,0.79968,0.15057,0.011412,0.70442,0.071846,0,0
0.20646,0.22947,0.15144,0.1908,0.24818,0.1769,0.20976,0.12745,0.15068,0.2316,0.38761,0.55809,0.21382,0.29642,0.5018,0.24803,0.51841,0.081956,0.18967,0.22045,0.44087,0.67069,0.78434,0.68729,0.31001,0.03709,0.70352,0.15019,0,0
0.28032,0.19261,0.24701,0.28882,0.30483,0.27162,0.14529,0.25605,0.27341,0.30153,0.65423,0.79216,0.43368,0.69218,0.90313,0.66177,0.8221,0.52978,0.63167,0.70552,0.17857,0.63103,0.63479,0.54887,0.42387,0.03709,0.70243,0.2054,0,0
0.24188,0.088922,0.22958,0.23299,0.25445,0.22254,0.09953,0.19331,0.21726,0.24961,0.69682,0.43856,0.60025,0.75081,0.80626,0.71818,0.43389,0.59695,0.70535,0.65355,0.20198,0.6362,0.66329,0.40554,0.5339,0.053495,0.70061,0.25818,0,0
0.39816,0.37884,0.33207,0.42428,0.48067,0.36074,0.37387,0.25135,0.40338,0.46959,0.6713,0.67026,0.54695,0.70684,0.84432,0.69977,0.55984,0.7313,0.70535,0.65355,0.62068,0.30689,0.31332,0.73291,0.52988,0.032097,0.70048,0.257,0,0
0.35635,0.5959,0.24044,0.35193,0.45651,0.33319,0.65968,0.15899,0.35884,0.50009,0.53465,0.93063,0.21382,0.58958,0.8201,0.58494,0.92457,0.30587,0.48435,0.70552,0.79925,0.31896,0.99796,0.25081,0.2865,0.021398,0.70065,0.14634,0,0
0.35904,0.20507,0.31684,0.34681,0.38808,0.31547,0.20768,0.25868,0.30631,0.35342,0.62145,0.85809,0.36373,0.8241,0.8201,0.56467,0.74446,0.48501,0.55801,0.58424,0.65641,0.31896,0.96033,0.15635,0.42909,0.031384,0.70029,0.22255,1,0
0.35616,0.461,0.25064,0.36061,0.38636,0.35233,0.3831,0.26669,0.34316,0.38513,0.71562,0.42556,0.56027,0.79479,0.79242,0.80734,0.5466,0.68654,0.63167,0.80946,1,0,0.47608,0.42833,0.65289,0.043509,0.70187,0.31511,0,0
0.48133,0.39896,0.42452,0.48953,0.559,0.44276,0.3911,0.32683,0.48804,0.54871,0.6713,0.80292,0.467,0.67753,0.91697,0.63222,0.83406,0.52978,0.63167,0.65355,0.6133,0.18447,0.26857,0.69382,0.62486,0.032097,0.70001,0.31052,1,0
0.47242,0.40508,0.38931,0.52149,0.51665,0.41607,0.40746,0.30106,0.40877,0.52998,0.64668,0.44513,0.70685,0.67753,0.68171,0.67163,0.45241,0.79848,0.63167,0.60158,0.55789,0.23104,0.27568,0.65635,0.51439,0.026391,0.70036,0.24791,0,0
0.45219,0.35172,0.39191,0.4527,0.50339,0.3628,0.24968,0.30197,0.36345,0.42205,0.58313,0.69683,0.39371,0.59691,0.72322,0.59281,0.47689,0.52978,0.59485,0.53227,0.62438,0.19138,0.3052,0.63517,0.5483,0.026391,0.70047,0.26417,0,0
0.44592,0.059458,0.4546,0.45073,0.43607,0.4042,0.067997,0.38935,0.39557,0.41967,0.48553,0.47604,0.3604,0.5456,0.55716,0.44308,0.4612,0.37305,0.41067,0.41101,0.617,0.31035,0.28484,0.65473,0.49166,0.026391,0.70174,0.23763,0,0
0.4777,0.20003,0.47028,0.50943,0.48223,0.42522,0.22501,0.36917,0.47081,0.46853,0.6148,0.83021,0.39371,0.7215,0.77166,0.63222,0.93966,0.41784,0.63167,0.70552,0.28571,0.62585,0.64089,0.44463,0.42014,0.021398,0.70004,0.20256,1,0
0.25337,0.30066,0.19289,0.23697,0.30404,0.22358,0.33746,0.14854,0.17467,0.30921,0.4907,0.73734,0.32376,0.35505,0.72322,0.50614,0.59428,0.37305,0.48435,0.53227,0.88545,0.21552,0.99898,0.18079,0.20834,0.020685,0.69939,0.10302,1,0
0.39355,0.19987,0.36696,0.38625,0.42132,0.3585,0.20128,0.30341,0.34679,0.42421,0.69299,0.74601,0.64689,0.73616,0.82702,0.70119,0.8325,0.61936,0.779,0.70552,0.51107,0.48447,0.95727,0.20685,0.61057,0.03709,0.70038,0.29474,0,0
0.50083,0.025955,0.52273,0.50054,0.47947,0.45246,0.037703,0.44363,0.45097,0.46024,0.71821,0.73491,0.58692,0.73616,0.8997,0.78984,0.61746,0.70892,0.85266,0.74015,0.5973,0.29828,0.37539,0.68567,0.43299,0.021398,0.69985,0.2137,1,0
0.5655,0.25993,0.53857,0.55838,0.59695,0.51906,0.26208,0.44188,0.52284,0.58908,0.75625,0.52802,0.82677,0.80945,0.80626,0.83486,0.52822,0.91044,0.779,0.74015,0.70811,0.24999,0.30112,0.80293,0.70074,0.031384,0.70001,0.356,1,0
0.27155,0.58338,0.061869,0.3207,0.41834,0.25044,0.50942,0.045384,0.3115,0.41181,0.77508,0.60004,0.7868,0.76547,0.93081,1,0.79656,1,0.92634,1,0.63053,0.21378,0.23601,0.87133,0.7942,0.091298,0.69896,0.41844,1,0
0.40119,0.35493,0.34635,0.37081,0.44742,0.39859,0.32297,0.32889,0.34586,0.48028,0.65616,0.76858,0.49365,0.80945,0.80626,0.63222,0.56663,0.66413,0.63167,0.54961,0.43966,0.38965,0.25127,0.66286,0.34203,0.021398,0.70163,0.16516,0,0
0.43488,0.36238,0.37626,0.43517,0.48462,0.30809,0,0.30896,0.30881,0.30516,0.43986,0.84591,0.18384,0.57492,0.58484,0.34326,0.75846,0.12674,0.41067,0.37636,0.37193,0.47759,0.31944,0.65798,0.16791,0.0099857,0.70178,0.07993,0,0
0.40436,0.18373,0.39084,0.38322,0.41401,0.38418,0.2071,0.33347,0.36992,0.43707,0.41832,0.47642,0.37706,0.42834,0.44991,0.36428,0.30382,0.37305,0.33701,0.27242,0.49507,0.3862,0.10987,0.63355,0.51824,0.031384,0.70316,0.24975,0,0
0.64089,0.36008,0.6205,0.58518,0.65756,0.60186,0.39667,0.51596,0.53642,0.70358,0.73889,0.92231,0.51696,0.8241,1,0.74256,0.91364,0.57457,0.85266,0.75749,0.5271,0.26207,0.99594,0.078177,0.57014,0.021398,0.70151,0.27392,0,0
0.54586,0.76582,0.38802,0.57363,0.6774,0.48306,1,0.23693,0.48359,0.72902,0.59928,1,0.3071,0.63355,0.84777,0.69133,1,0.44022,0.70535,0.7748,0.61083,0.3138,1,0.16938,0.48139,0.021398,0.70147,0.23322,0,0
0.274,0.34197,0.19007,0.28162,0.32763,0.26874,0.29493,0.18653,0.27489,0.33501,0.7447,0.6644,0.6802,0.86808,0.86161,0.72088,0.68093,0.70892,0.74216,0.67086,0.14531,0.71379,0.51984,0.54071,0.40504,0.036377,0.70017,0.19494,1,0
0.058045,0.17525,0.025559,0.03333,0.064479,0.052973,0.1651,0.020479,0.030302,0.063612,0.56328,0.2354,0.5736,0.53095,0.54332,0.4746,0.26711,0.44022,0.41067,0.3937,0.70811,0.41723,0.81892,0.23291,0.33664,0.15264,0.69055,0.16334,1,0
0.18794,0.20409,0.15097,0.18732,0.23366,0.15751,0.18765,0.11506,0.15542,0.19238,0.48849,0.55007,0.31708,0.58958,0.59868,0.3958,0.43277,0.28349,0.33701,0.37636,0.45937,0.39483,0.74161,0.45113,0.23967,0.032097,0.70373,0.11661,0,0
0.1023,0.16208,0.055909,0.096407,0.14229,0.095951,0.15297,0.047199,0.11796,0.14325,0.56866,0.45576,0.50697,0.64821,0.65403,0.49119,0.52826,0.37305,0.41067,0.46298,0,0.64827,0.49848,0.69869,0.3905,0.094151,0.70418,0.19117,0,0
0.316,0.086208,0.31125,0.3286,0.31463,0.27419,0.093963,0.25191,0.27494,0.29443,0.54435,0.28962,0.47366,0.5456,0.55716,0.41549,0.34214,0.35066,0.37385,0.35904,0.66009,0.43275,0.53307,0.62867,0.19937,0.015692,0.70185,0.094623,0,0
0.27474,0.12868,0.2559,0.28452,0.28859,0.27114,0.068905,0.25382,0.28054,0.2842,0.72338,0.62623,0.61024,0.67753,0.90313,0.72679,0.49882,0.70892,0.70535,0.67086,0.62438,0.4431,0.4822,0.66286,0.23551,0.021398,0.70157,0.11397,0,0
0.46077,0.46601,0.34719,0.50442,0.54443,0.43801,0.39113,0.37474,0.47372,0.53793,0.71444,0.53124,0.69352,0.66287,0.84777,0.9761,0.90162,0.91044,1,1,0.88916,0.36378,0.080366,0.85505,1,0.053495,0.70246,0.50199,0,0
0.57938,0.49176,0.47731,0.63078,0.62854,0.51136,0.47042,0.36463,0.55396,0.6343,0.71008,0.66794,0.64022,0.85342,0.84777,0.75606,0.80011,0.82089,0.779,0.72283,0.63177,0.31207,0.085453,0.69382,0.72092,0.032097,0.70251,0.3699,0,0
0.48225,0.23431,0.41687,0.51763,0.50603,0.45854,0.20592,0.41986,0.4938,0.50323,0.70269,0.72199,0.6802,0.83876,0.83393,0.81235,0.99976,0.77609,0.85266,0.86143,0.77584,0.27586,0.24415,0.65473,0.67836,0.03709,0.70239,0.35027,0,0
0.41003,0.7749,0.25311,0.47517,0.54673,0.2981,0.66356,0.12214,0.35539,0.45872,0.51139,0.62847,0.41037,0.47231,0.65403,0.56917,0.86628,0.4626,0.55801,0.61889,0.26971,0.37585,0.12106,0.67264,0.34914,0.021398,0.7011,0.17196,0,0
0.42678,0.62969,0.32885,0.40755,0.48986,0.32526,0.3809,0.24404,0.28107,0.44693,0.63252,0.63801,0.58692,0.66287,0.699,0.75606,0.917,0.75371,0.779,0.79212,0.41502,0.30344,0.10682,0.67916,0.52299,0.03067,0.70147,0.25781,0,0
0.5162,0.45504,0.44329,0.54507,0.60223,0.48623,0.46645,0.37383,0.5389,0.59773,0.57128,0.86826,0.28045,0.64088,0.83393,0.56654,0.79548,0.44022,0.63167,0.60158,0.48769,0.43102,0.021364,0.90392,0.72801,0.036377,0.70146,0.36687,0,0
0.46936,0.42152,0.48748,0.47559,0.49529,0.41355,0.41884,0.41559,0.42873,0.44893,0.53627,0.4677,0.46033,0.48697,0.65403,0.54356,0.4598,0.52978,0.55801,0.46298,0.71673,0.6793,0.11597,0.92672,0.71509,0.03709,0.70346,0.34574,0,0
0.43495,0.22654,0.4076,0.43524,0.45698,0.33893,0,0.33976,0.33961,0.33613,0.56482,0.74753,0.34041,0.69218,0.69555,0.42206,0.41703,0.32825,0.41067,0.37636,0.72167,0.55172,0.58494,0.68404,0.17059,0.0099857,0.70346,0.080804,0,0
0.3597,0.19149,0.33497,0.37952,0.3817,0.33773,0.15984,0.30697,0.35195,0.37871,0.70485,0.45153,0.6269,0.70684,0.80626,0.70447,0.48667,0.70892,0.63167,0.63621,0.8239,0.4293,0.11597,0.84202,0.87055,0.057775,0.70265,0.42193,0,0
0.38233,0.28588,0.34044,0.39444,0.43033,0.35935,0.27505,0.28084,0.41595,0.42403,0.60114,0.52655,0.50697,0.63355,0.64019,0.54214,0.52277,0.4626,0.41067,0.56692,0.38423,0.42586,0.84639,0.29803,0.49786,0.031384,0.70201,0.23962,0,0
0.4774,0.15444,0.46328,0.48672,0.48788,0.46024,0.12398,0.42792,0.4729,0.4881,0.52173,0.66769,0.40037,0.45766,0.69555,0.41157,0.62396,0.32825,0.41067,0.41101,0.67979,0.42586,0.29604,0.72803,0.50973,0.026391,0.70242,0.24553,0,0
0.2145,0.12717,0.20056,0.20393,0.20959,0.1974,0.15175,0.16552,0.17994,0.22704,0.39893,0.20865,0.4137,0.35505,0.37726,0.35639,0.27614,0.35066,0.33701,0.2551,0.68597,0.72586,0.5117,0.87133,0.22566,0.026391,0.70321,0.10767,0,0
0.27793,0.12397,0.26893,0.27645,0.26523,0.24029,0.076786,0.21867,0.2534,0.25294,0.48007,0.33113,0.41037,0.38437,0.58484,0.4571,0.21894,0.44022,0.41067,0.3937,0.80049,0.62413,0.40998,0.88111,0.47778,0.041369,0.70272,0.22958,0,0
0.39953,0.28502,0.37674,0.39725,0.41841,0.33263,0.18397,0.2924,0.35843,0.3711,0.59713,0.51466,0.66687,0.63355,0.64019,0.54028,0.32095,0.52978,0.52117,0.46298,0.49998,0.29654,0.19024,0.53094,0.42995,0.026391,0.70307,0.20879,0,0
0.50761,0.34052,0.47334,0.46779,0.51245,0.46174,0.34387,0.40362,0.40729,0.51634,0.68816,0.45145,0.60691,0.69218,0.73706,0.80954,0.43825,0.75371,0.779,0.67086,0.85345,0.063801,0.21974,0.52443,0.80558,0.038516,0.70221,0.39158,0,0
0.51015,0.54468,0.43772,0.56345,0.57239,0.41153,0.49089,0.28745,0.50613,0.5109,0.53982,0.70474,0.29043,0.60424,0.66787,0.49037,0.60767,0.26108,0.48435,0.53227,0.48769,0.17242,0.17599,0.39414,0.42701,0.020685,0.70332,0.20666,0,0
0.49409,0.55276,0.3913,0.4809,0.58315,0.4348,0.59054,0.29364,0.37463,0.59032,0.54499,0.56575,0.36706,0.64821,0.65403,0.42731,0.36392,0.32825,0.41067,0.3937,0.48151,0.17414,0.1831,0.42345,0.42478,0.021398,0.70293,0.20436,0,0
0.5052,0.31775,0.44705,0.52086,0.51236,0.47842,0.27648,0.47435,0.47455,0.50313,0.65584,0.50635,0.61357,0.60424,0.79242,0.67163,0.47889,0.61936,0.63167,0.63621,0.80787,0.15517,0.16175,0.51303,0.77692,0.03709,0.70295,0.37576,0,0
0.44022,0.36302,0.41614,0.42599,0.47466,0.40837,0.36983,0.32451,0.40782,0.4854,0.6713,0.54582,0.54028,0.67753,0.81664,0.62097,0.35515,0.57457,0.55801,0.53227,0.61206,0.23104,0.086471,0.55049,0.6713,0.03709,0.70297,0.32334,0,0
0.49295,0.57071,0.36418,0.55678,0.55017,0.40212,0.38676,0.29126,0.42734,0.52243,0.64614,0.49643,0.60025,0.70684,0.70939,0.66177,0.41387,0.66413,0.63167,0.60158,0.53448,0.15517,0,0.5733,0.741,0.036377,0.70231,0.35858,0,0
0.46913,0.66333,0.31976,0.44862,0.62652,0.40041,0.57761,0.27035,0.33472,0.61723,0.71077,0.64338,0.60025,0.83876,0.83393,0.67163,0.62438,0.66413,0.66851,0.60158,0.6133,0.16552,0.088504,0.56515,0.70776,0.03709,0.70236,0.35136,0,0
0.39078,0.43572,0.31556,0.36957,0.49724,0.32624,0.36957,0.2446,0.31493,0.39159,0.65284,0.73249,0.5103,0.78013,0.77858,0.7223,0.95679,0.61936,0.70535,0.7748,0.46428,0.3,0.1292,0.61074,0.49943,0.031384,0.70234,0.24151,0,0
0.08888,0.18812,0.071899,0.091188,0.18112,0.14911,0.14639,0.043068,0.063443,0.15944,0.46351,0.30826,0.40081,0.51391,0.63048,0.35246,0.27363,0.38597,0.38042,0.39388,0.71169,0.40792,0.49442,0.72438,0.32002,0.055763,0.70495,0.2123,1,1
0.30502,0.37546,0.24704,0.2855,0.41354,0.26724,0.35946,0.21801,0.27139,0.3639,0.43209,0.36513,0.32024,0.49581,0.58045,0.38138,0.29137,0.42969,0.42453,0.38054,0.66251,0.58383,0.83113,0.2613,0.41889,0.22105,0.70525,0.33152,1,1
0.47073,0.25046,0.46319,0.50369,0.54009,0.44189,0.14398,0.3899,0.45244,0.42646,0.53553,0.3461,0.45959,0.463,0.44488,0.45679,0.25741,0.43509,0.36923,0.37844,0.63967,0.42447,0.44525,0.57984,0.46276,0.038545,0.70478,0.24032,0,1
0.19818,0.44667,0.14982,0.24177,0.35432,0.23002,0.43202,0.18473,0.18843,0.30096,0.58464,0.50529,0.56574,0.6104,0.6447,0.55666,0.48433,0.61407,0.60572,0.59823,0.58193,0.40562,0.66963,0.31354,0.54798,0.34521,0.70508,0.47134,1,1
0.29134,0.28037,0.1591,0.26574,0.26016,0.24771,0.29831,0.12386,0.25351,0.32906,0.62403,0.76334,0.43586,0.57749,0.8461,0.72166,0.80011,0.43632,0.48775,0.6313,0.4213,0.55152,0.86297,0.27723,0.29766,0.0005124,0.70476,0.13156,0,1
0.23366,0.23076,0.27664,0.20735,0.29399,0.21636,0.2788,0.23791,0.22719,0.26761,0.58125,0.49599,0.58127,0.63893,0.81205,0.52973,0.4934,0.63965,0.59359,0.50897,0.63786,0.53848,0.6535,0.4714,0.59907,0.23047,0.70482,0.43604,1,1
0.036464,0.13055,0.0074611,0.032903,0.064104,0.036416,0.15973,0.0093023,0.018559,0.063779,0.37413,0.085989,0.29422,0.46939,0.47257,0.2774,0.10779,0.35453,0.33759,0.303,0.68809,0.52173,0.55821,0.6753,0.27123,0.13344,0.705,0.1768,1,1
0.30125,0.15299,0.2193,0.2309,0.39782,0.31182,0.059397,0.27912,0.26134,0.35286,0.61553,0.30674,0.53855,0.52052,0.57164,0.41192,0.18451,0.51755,0.4885,0.41983,0.75982,0.47179,0.38832,0.89551,0.39188,0.010609,0.70472,0.11375,1,1
0.064989,0.18953,0.017091,0.063966,0.12425,0.052545,0.19961,0.019652,0.052256,0.082755,0.32268,0.18171,0.31596,0.44486,0.42533,0.24087,0.20267,0.26315,0.31418,0.28233,0.66495,0.53477,0.5324,0.66926,0.21258,0.071302,0.7049,0.15737,1,1
0.32826,0.18766,0.30571,0.4056,0.29891,0.26262,0.1364,0.25866,0.28869,0.36747,0.38699,0.62964,0.30945,0.42558,0.5115,0.42793,0.41933,0.26968,0.35014,0.32025,0.63954,0.49425,0.64996,0.59031,0.27037,0.00058807,0.70466,0.091725,0,1
0.10219,0.18778,0.061867,0.13344,0.12685,0.10597,0.11762,0.047204,0.068581,0.11432,0.49209,0.26836,0.38724,0.5771,0.62039,0.40708,0.27944,0.38331,0.39445,0.45596,0.64049,0.43674,0.67501,0.72106,0.27775,0.093609,0.70485,0.16559,1,1
0.27671,0.064675,0.30924,0.32223,0.25456,0.30929,0.071567,0.32031,0.23342,0.2037,0.71778,0.29284,0.7604,0.69869,0.67487,0.74845,0.27309,0.6917,0.60486,0.43563,0.7053,0.57149,0.66687,0.63196,0.37719,0.00023068,0.70486,0.1347,0,1
0.00091773,0.15279,0.00017772,0.0011375,0.0024792,2.0829e-05,0.14864,9.3133e-05,0.00047041,0,0.072687,0.026997,0.035274,0.152,0.097358,0.033764,0.050623,0.059377,0.052889,0.19132,0.599,0.67537,0.57785,0.62139,0.17165,0.10139,0.70582,0.16553,1,1
0.19389,0.16458,0.066521,0.17598,0.21603,0.23193,0.09868,0.11488,0.11538,0.20286,0.63201,0.40699,0.60292,0.59675,0.70158,0.65636,0.42372,0.47187,0.58141,0.45826,0.57331,0.54708,0.68126,0.47036,0.38653,0.13989,0.70475,0.16484,0,1
0.50212,0.37601,0.41982,0.47449,0.46514,0.51859,0.34223,0.41262,0.47067,0.43138,0.63182,0.6638,0.43902,0.59614,0.67066,0.56196,0.58767,0.49546,0.49217,0.47504,0.63542,0.29949,0.30253,0.56996,0.51745,0.0081266,0.70479,0.26325,0,1
0.30172,0.35519,0.2592,0.33276,0.33884,0.3369,0.18276,0.24756,0.23793,0.24747,0.31572,0.47132,0.25094,0.25158,0.41154,0.20266,0.34587,0.22795,0.26373,0.24456,0.60673,0.46534,0.61049,0.73664,0.15974,0.022091,0.70512,0.060696,1,1
0.079069,0.1967,0.062276,0.10934,0.18211,0.096109,0.22414,0.050519,0.091139,0.17122,0.37806,0.2665,0.32141,0.47798,0.52377,0.30142,0.24827,0.32643,0.28212,0.3395,0.63058,0.48706,0.55222,0.61543,0.33286,0.13738,0.70486,0.22276,1,1
0.34862,0.20499,0.11811,0.26065,0.20402,0.17269,0.31164,0.14124,0.24862,0.25694,0.74832,0.85294,0.61444,0.71253,0.87866,0.86013,0.91045,0.62933,0.74921,0.7658,0.36389,0.57635,0.87699,0.37133,0.43167,1.55e-06,0.70474,0.10959,0,1
0.53259,0.35225,0.50713,0.62138,0.67439,0.62363,0.33165,0.51421,0.56385,0.54111,0.38445,0.48441,0.25874,0.32646,0.46784,0.30388,0.42754,0.26933,0.37535,0.31649,0.68087,0.49591,0.71179,0.3879,0.42417,0.062054,0.70561,0.24293,1,1
0.373,0.31616,0.17345,0.26685,0.27336,0.25793,0.35793,0.13841,0.23706,0.39763,0.77721,0.77654,0.73263,0.81879,0.91021,0.90096,0.87686,0.71209,0.79525,0.79409,0.68029,0.44967,0.62659,0.59077,0.59733,2e-07,0.7047,0.2834,0,1
0.34688,0.20479,0.23828,0.25825,0.47107,0.20766,0.17675,0.23212,0.26372,0.37858,0.47971,0.44745,0.34975,0.51458,0.56977,0.40228,0.30023,0.33588,0.39379,0.35266,0.54635,0.39971,0.68365,0.66665,0.27373,0.023722,0.70488,0.22274,1,1
0.063785,0.19761,0.043013,0.10702,0.15022,0.091138,0.20791,0.025724,0.047713,0.1645,0.35095,0.23562,0.24952,0.4024,0.42853,0.1851,0.26114,0.27424,0.3272,0.28244,0.65031,0.57816,0.58308,0.55789,0.24173,0.086797,0.70493,0.18166,1,1
0.25527,0.17837,0.17589,0.32434,0.34104,0.25448,0.15698,0.11811,0.25019,0.21918,0.40512,0.34356,0.32763,0.43649,0.59751,0.36296,0.36817,0.34744,0.26742,0.2984,0.73066,0.36539,0.69447,0.60432,0.19865,0.01802,0.70494,0.073046,1,1
0.32586,0.20796,0.14103,0.25182,0.14809,0.17919,0.16816,0.10206,0.22308,0.22474,0.80523,0.59508,0.792,0.788,0.88863,0.92862,0.759,0.79106,0.75704,0.83002,0.7166,0.3742,0.77527,0.7509,0.45162,6.6252e-05,0.70468,0.13821,0,1
0.34077,0.21568,0.14847,0.19298,0.19595,0.22671,0.16639,0.11104,0.25867,0.26046,0.73208,0.63463,0.56817,0.68089,0.8,0.79299,0.76249,0.51215,0.6415,0.58461,0.52967,0.39677,0.87367,0.45976,0.34174,4.4265e-05,0.70481,0.11028,0,1
0.47081,0.36972,0.40841,0.54145,0.52045,0.37401,0.38631,0.28535,0.43546,0.4877,0.61745,0.73074,0.43463,0.62058,0.77096,0.68662,0.73274,0.49788,0.63337,0.59114,0.53109,0.38596,0.6385,0.40581,0.50772,0.019418,0.70482,0.25411,0,1
0.12404,0.38344,0.070376,0.13901,0.23788,0.20782,0.33484,0.053746,0.10942,0.18355,0.54705,0.33086,0.47912,0.59338,0.63073,0.43488,0.3514,0.49632,0.50705,0.45862,0.56609,0.52318,0.72303,0.34798,0.4781,0.23747,0.70499,0.40931,1,1
0.0098729,0.19656,0.0030777,0.0029338,0.032914,0.007294,0.26035,0.0014143,0.0041479,0.019195,0.43171,0.0424,0.47479,0.55119,0.41598,0.27612,0.063381,0.45344,0.32413,0.30572,0.67496,0.58436,0.61537,0.52258,0.31092,0.25186,0.70559,0.27506,1,1
0.27606,0.2775,0.21656,0.21994,0.32912,0.23334,0.24508,0.20391,0.24429,0.2766,0.58133,0.35948,0.56986,0.60943,0.73663,0.48661,0.32314,0.6138,0.47953,0.45953,0.71253,0.46655,0.58779,0.59588,0.47854,0.082953,0.70483,0.28177,1,1
0.35606,0.34976,0.47944,0.41164,0.44421,0.49561,0.28239,0.41548,0.36176,0.47529,0.57434,0.63169,0.49442,0.66072,0.71488,0.51611,0.50285,0.50812,0.54736,0.4982,0.63962,0.31223,0.4975,0.54453,0.46572,0.070385,0.70473,0.25827,1,1
0.32478,0.11482,0.25657,0.27166,0.32764,0.27519,0.13096,0.24105,0.28585,0.27625,0.55319,0.31731,0.54843,0.51051,0.57255,0.5524,0.35071,0.51065,0.44895,0.38842,0.65662,0.47423,0.6303,0.62273,0.27922,0.0083509,0.70476,0.13237,1,1
0.43235,0.29292,0.28036,0.38081,0.41441,0.28262,0.23599,0.38982,0.42832,0.40152,0.71861,0.53358,0.57254,0.73237,0.68485,0.72142,0.53315,0.66894,0.64294,0.53801,0.65331,0.32503,0.28371,0.72261,0.61584,0.0031978,0.70487,0.28959,0,1
0.32934,0.45305,0.28208,0.36915,0.44273,0.32897,0.40144,0.26163,0.28809,0.37896,0.47719,0.58845,0.26913,0.42474,0.57533,0.3684,0.45453,0.34841,0.34676,0.36495,0.57565,0.46196,0.71778,0.31654,0.44128,0.13759,0.70531,0.32336,1,1
0.16741,0.081081,0.037515,0.099397,0.059847,0.041534,0.14906,0.032872,0.071104,0.091733,0.88882,0.90784,0.76032,0.86173,0.95605,0.96194,0.93756,0.80388,0.79165,0.82717,0.41155,0.709,0.98687,0.42186,0.22792,5e-08,0.70465,0.046058,0,1
0.26325,0.28002,0.28768,0.27374,0.33596,0.27166,0.28466,0.14106,0.28732,0.35285,0.75315,0.39075,0.6604,0.72307,0.7362,0.66851,0.44251,0.70043,0.66528,0.6117,0.64585,0.35414,0.62168,0.57167,0.61542,0.12381,0.70471,0.30759,1,1
0.13941,0.17718,0.079015,0.12672,0.24154,0.13785,0.16471,0.077546,0.093843,0.16461,0.32742,0.13623,0.3894,0.33444,0.37116,0.17522,0.13697,0.33008,0.24101,0.23718,0.76886,0.48028,0.62001,0.66421,0.31862,0.027486,0.70502,0.11223,1,1
0.28014,0.076968,0.36194,0.24319,0.27129,0.23708,0.083998,0.26172,0.22723,0.27593,0.60072,0.37963,0.54397,0.60611,0.52573,0.58841,0.2557,0.60122,0.60501,0.42403,0.70662,0.39335,0.49184,0.70557,0.17214,0.02297,0.70483,0.061166,1,1
0.5947,0.21265,0.59326,0.55368,0.6147,0.52072,0.169,0.42753,0.62542,0.45716,0.52294,0.44851,0.34699,0.55918,0.57584,0.43672,0.35175,0.3832,0.38126,0.32268,0.78199,0.3945,0.617,0.60088,0.37334,0.00016095,0.70469,0.11138,0,1
0.041872,0.19236,0.013166,0.016541,0.060144,0.027051,0.15813,0.007602,0.019182,0.063228,0.32174,0.1702,0.43377,0.30378,0.36054,0.23529,0.16495,0.30641,0.34607,0.28078,0.62236,0.50782,0.59056,0.71225,0.31107,0.064262,0.70524,0.15423,1,1
0.070924,0.092761,0.053915,0.060167,0.19094,0.088163,0.072968,0.045344,0.062104,0.12047,0.41637,0.17879,0.34232,0.4695,0.51573,0.32617,0.16961,0.35668,0.30254,0.34601,0.79487,0.54715,0.53529,0.78748,0.18152,0.01193,0.70482,0.078127,1,1
0.42694,0.43081,0.29765,0.44058,0.44992,0.43817,0.47698,0.3564,0.30101,0.48628,0.51215,0.541,0.47895,0.58061,0.68928,0.55233,0.49184,0.4388,0.57049,0.48032,0.62974,0.51685,0.73619,0.37633,0.43061,0.20091,0.70514,0.22485,1,1
0.26174,0.083589,0.30018,0.23938,0.18572,0.2346,0.044455,0.17512,0.3446,0.30256,0.69764,0.37914,0.63634,0.65955,0.75835,0.64047,0.28767,0.59443,0.54795,0.59769,0.67422,0.33937,0.55918,0.71102,0.29957,0.0034854,0.70473,0.12807,0,1
0.011922,0.1758,0.0031209,0.0093544,0.02899,0.010471,0.19542,0.0018004,0.0043698,0.020952,0.37173,0.068418,0.31376,0.37284,0.32278,0.20068,0.085149,0.3102,0.20925,0.22752,0.64059,0.51374,0.61949,0.56388,0.26652,0.15965,0.7052,0.27868,1,1
0.11733,0.26243,0.07327,0.11077,0.2021,0.11608,0.24317,0.05149,0.093137,0.14819,0.40201,0.21838,0.40898,0.46398,0.51648,0.35277,0.23287,0.41751,0.40274,0.46016,0.65276,0.54565,0.70897,0.52124,0.40056,0.18084,0.70503,0.2803,1,1
0.50581,0.32905,0.47722,0.48662,0.57928,0.40853,0.17663,0.33042,0.47966,0.50737,0.62081,0.64684,0.47228,0.63511,0.70415,0.49604,0.54471,0.56573,0.5508,0.54967,0.74001,0.19886,0.64536,0.60816,0.46732,0.099843,0.70475,0.277,0,1
0.26548,0.29645,0.09763,0.18451,0.12516,0.16691,0.32677,0.047847,0.13556,0.25283,0.72724,0.83239,0.66857,0.78298,0.87833,0.86737,0.91442,0.57648,0.72117,0.76374,0.52329,0.64193,0.85197,0.64568,0.41426,8.5e-07,0.70465,0.17254,0,1
0.35329,0.29804,0.18784,0.32957,0.33507,0.27994,0.35374,0.13788,0.34603,0.3966,0.77795,0.76672,0.5447,0.67507,0.83138,0.78767,0.80468,0.61361,0.62696,0.67278,0.52148,0.51133,0.75394,0.37681,0.35768,2.582e-05,0.70465,0.14563,0,1
0.13618,0.22438,0.11719,0.17444,0.1707,0.16195,0.25638,0.10415,0.16678,0.20162,0.44138,0.85771,0.17285,0.38734,0.56896,0.48353,0.84122,0.21561,0.37688,0.4968,0.27252,0.67321,0.84923,0.32734,0.10767,5.5025e-05,0.70464,0.058645,0,1
0.48708,0.29122,0.45236,0.491,0.52619,0.48162,0.20921,0.28726,0.43295,0.47099,0.4097,0.3588,0.36904,0.48641,0.57683,0.4192,0.32805,0.45202,0.40378,0.48275,0.68972,0.40573,0.54471,0.57536,0.41186,0.047471,0.70467,0.22141,1,1
0.42918,0.38682,0.34718,0.28333,0.34255,0.36742,0.32,0.33042,0.36818,0.48031,0.70383,0.5483,0.57583,0.73012,0.7076,0.66069,0.38179,0.6555,0.57277,0.6218,0.63868,0.14384,0.41948,0.54342,0.50245,0.40332,0.70497,0.43856,1,1
0.1643,0.11027,0.15067,0.19517,0.28036,0.19039,0.090117,0.13691,0.20196,0.1655,0.63596,0.20405,0.63938,0.63665,0.62598,0.44608,0.14769,0.61753,0.44404,0.44668,0.7749,0.43478,0.45864,0.84975,0.18728,0.0092467,0.70472,0.049785,1,1
0.1334,0.066613,0.054834,0.1001,0.14961,0.098079,0.050373,0.058767,0.0674,0.17972,0.4606,0.2677,0.32973,0.43998,0.58048,0.31352,0.23333,0.31721,0.31142,0.329,0.60639,0.65178,0.70938,0.84319,0.12868,0.016262,0.70473,0.022973,1,1
0.48333,0.5047,0.46741,0.55923,0.67804,0.53582,0.50856,0.46522,0.57087,0.5152,0.64153,0.62569,0.60356,0.61336,0.77438,0.66828,0.65575,0.66773,0.64349,0.66997,0.61387,0.34363,0.3098,0.62467,0.78871,0.11734,0.70499,0.42819,0,1
0.095844,0.33415,0.056607,0.10826,0.16703,0.11596,0.29689,0.067121,0.12599,0.18228,0.61846,0.42057,0.48782,0.57141,0.69394,0.48186,0.47223,0.51422,0.49346,0.56588,0.59477,0.50595,0.61494,0.5798,0.41634,0.076744,0.70477,0.22189,1,1
0.46391,0.38945,0.55422,0.47774,0.52999,0.53655,0.37209,0.46798,0.46922,0.524,0.53193,0.51764,0.46822,0.53477,0.62237,0.44363,0.47663,0.49286,0.48634,0.46945,0.61254,0.31137,0.65708,0.39578,0.54271,0.20422,0.70495,0.35319,1,1
0.42167,0.27713,0.36765,0.49347,0.50019,0.4099,0.28704,0.37801,0.40604,0.52239,0.65299,0.56978,0.55173,0.66512,0.79619,0.72544,0.57802,0.59768,0.66362,0.61228,0.65846,0.35908,0.45968,0.47013,0.61606,0.073502,0.70509,0.34985,0,1
0.51208,0.23722,0.4761,0.54163,0.53634,0.58823,0.22248,0.57567,0.5613,0.54099,0.61436,0.68604,0.54334,0.6952,0.70526,0.60659,0.6126,0.62299,0.6733,0.69184,0.60158,0.43716,0.43659,0.56661,0.6816,0.037432,0.70492,0.34493,0,1
0.32701,0.34249,0.15596,0.31662,0.20884,0.2007,0.35394,0.12296,0.29295,0.30781,0.75839,0.74061,0.64305,0.76024,0.85576,0.81316,0.77493,0.64467,0.63195,0.69847,0.5731,0.44237,0.59584,0.66747,0.52336,0.00033585,0.70471,0.17997,0,1
0.55975,0.46082,0.5044,0.56656,0.50551,0.48445,0.36741,0.31038,0.44966,0.47434,0.43683,0.78542,0.22754,0.50457,0.65267,0.40027,0.72919,0.32438,0.46486,0.46288,0.61112,0.40801,0.69638,0.44419,0.37199,0.0022742,0.70478,0.18024,0,1
0.24394,0.37178,0.2205,0.27216,0.36725,0.30678,0.31783,0.21118,0.28041,0.30662,0.53354,0.51221,0.41549,0.62656,0.6929,0.43594,0.42521,0.44444,0.54802,0.45371,0.59215,0.5078,0.71053,0.42766,0.55327,0.11482,0.70476,0.25228,1,1
0.43903,0.17801,0.39932,0.45637,0.33619,0.37917,0.14306,0.24408,0.32537,0.42589,0.60338,0.61151,0.46719,0.59792,0.55603,0.57995,0.43165,0.49958,0.49825,0.53277,0.60266,0.34738,0.64823,0.48178,0.31006,0.029268,0.70484,0.17716,0,1
0.52352,0.32707,0.4967,0.4945,0.45255,0.47111,0.30025,0.38012,0.55486,0.49587,0.59372,0.48959,0.60244,0.64889,0.6909,0.55269,0.39626,0.65797,0.52409,0.55886,0.66863,0.21113,0.16189,0.7742,0.66782,0.031347,0.70497,0.36383,0,1
0.18154,0.19402,0.18653,0.20137,0.43988,0.1928,0.14413,0.12343,0.22384,0.1576,0.24792,0.216,0.31081,0.26631,0.25281,0.24011,0.14925,0.2524,0.23407,0.22317,0.73596,0.51478,0.58742,0.73997,0.2649,0.040856,0.70519,0.093369,1,1
0.022406,0.31306,0.0092077,0.014515,0.035822,0.019465,0.26278,0.0045466,0.013132,0.034419,0.4716,0.12564,0.49534,0.535,0.50058,0.33754,0.14611,0.50589,0.4556,0.42467,0.67961,0.49999,0.6922,0.39418,0.30582,0.26249,0.70503,0.30875,1,1
0.18232,0.21956,0.029047,0.092627,0.07347,0.069827,0.23342,0.036722,0.080264,0.1122,0.84531,0.94745,0.67652,0.83122,0.94586,0.9378,0.98101,0.6425,0.82484,0.82338,0.30147,0.68795,0.96528,0.6058,0.28863,7e-08,0.70466,0.058101,0,1
0.080929,0.15099,0.044895,0.089122,0.12692,0.087221,0.13003,0.050049,0.073943,0.12678,0.46853,0.19766,0.46879,0.60557,0.65546,0.37374,0.16415,0.49901,0.42694,0.41293,0.72036,0.48637,0.59352,0.59542,0.32654,0.068873,0.70483,0.19124,1,1
0.37044,0.31389,0.45732,0.41562,0.37616,0.42647,0.18846,0.42428,0.36755,0.4557,0.52256,0.48711,0.45661,0.58554,0.66312,0.58718,0.54372,0.45503,0.54974,0.53605,0.65381,0.34732,0.31742,0.68193,0.55455,0.1078,0.70488,0.36981,0,1
0.24088,0.27629,0.18168,0.19847,0.2599,0.23546,0.20207,0.20957,0.26143,0.15435,0.48227,0.36256,0.47708,0.50396,0.50681,0.38431,0.38919,0.42421,0.46992,0.47862,0.57549,0.52111,0.67544,0.6019,0.38089,0.096951,0.70501,0.17152,1,1
0.26298,0.32383,0.21851,0.22225,0.46638,0.3444,0.29388,0.32889,0.23268,0.37194,0.53804,0.27444,0.59603,0.61307,0.5992,0.5616,0.30886,0.6717,0.53757,0.52194,0.6351,0.5238,0.66958,0.52502,0.58483,0.1295,0.70482,0.28906,1,1
0.23652,0.26634,0.28151,0.34251,0.38726,0.33938,0.3206,0.26357,0.27858,0.35913,0.40579,0.32353,0.27076,0.33304,0.42788,0.23801,0.2888,0.29977,0.34112,0.26755,0.67391,0.52654,0.7522,0.45199,0.4556,0.14699,0.7052,0.30083,1,1
0.24649,0.15145,0.16638,0.15222,0.1301,0.19519,0.11921,0.10773,0.17948,0.20922,0.21605,0.58142,0.16754,0.26064,0.37374,0.31754,0.50659,0.10222,0.20598,0.24296,0.44586,0.55231,0.87877,0.41815,0.0967,0.021262,0.70558,0.048376,1,1
0.40423,0.23876,0.30693,0.38947,0.39696,0.40068,0.10615,0.38605,0.30679,0.34284,0.41045,0.43671,0.31509,0.4598,0.52803,0.3079,0.34188,0.22265,0.42274,0.26234,0.67338,0.38845,0.24867,0.81763,0.35961,0.007312,0.70468,0.21566,0,1
0.24962,0.21217,0.25718,0.29343,0.28396,0.1827,0.18688,0.21785,0.18619,0.31639,0.44328,0.58183,0.29951,0.46177,0.53588,0.37573,0.53372,0.32785,0.33666,0.32726,0.50737,0.50586,0.75175,0.40913,0.25784,0.12094,0.70484,0.22532,1,1
0.2336,0.15051,0.060313,0.14227,0.10581,0.097894,0.13371,0.070586,0.11579,0.11797,0.78309,0.82694,0.67268,0.7597,0.90125,0.86339,0.8899,0.55845,0.68404,0.71888,0.44113,0.62774,0.90477,0.66757,0.25637,1.23e-06,0.70468,0.062898,0,1
0.1623,0.373,0.094276,0.12927,0.23196,0.18006,0.38429,0.071542,0.12226,0.25702,0.46564,0.21501,0.5129,0.54951,0.65053,0.38012,0.25649,0.48797,0.48546,0.40049,0.635,0.33591,0.68588,0.3563,0.46575,0.28606,0.70525,0.39837,1,1
0.49653,0.29474,0.22853,0.3239,0.36372,0.33628,0.27781,0.22753,0.3949,0.40077,0.72017,0.65303,0.6601,0.74741,0.87451,0.84432,0.73544,0.73743,0.72663,0.733,0.71029,0.43923,0.7779,0.44746,0.68728,6.775e-05,0.70474,0.25203,0,1
0.15911,0.23926,0.17417,0.13729,0.27158,0.17104,0.22344,0.12083,0.16787,0.25591,0.61179,0.36019,0.58173,0.66502,0.72896,0.44743,0.33066,0.56796,0.58104,0.48545,0.67619,0.46371,0.52743,0.55341,0.44049,0.12805,0.70492,0.28363,1,1
0,0.12694,0,0,0,0,0.16546,0,0,0.00094736,0.1227,0.020221,0.12475,0.12314,0.18782,0.045195,0.029174,0.11035,0.09092,0.11339,0.62331,0.6066,0.51211,0.65221,0.21813,0.14863,0.70557,0.23041,1,1
0.21892,0.063693,0.065539,0.12069,0.14695,0.092302,0.053152,0.066547,0.12409,0.12179,0.74275,0.44818,0.6006,0.64562,0.73003,0.75317,0.47099,0.46911,0.47476,0.40769,0.51859,0.58347,0.81427,0.51503,0.18035,1.83e-06,0.70475,0.063144,0,1
0.21099,0.34437,0.12122,0.22484,0.3422,0.28873,0.34387,0.13771,0.20261,0.27346,0.53959,0.38328,0.3791,0.54635,0.63307,0.39462,0.33899,0.50374,0.45416,0.43683,0.60578,0.46777,0.75754,0.41653,0.42875,0.13881,0.70517,0.3307,1,1
0.15012,0.24889,0.085519,0.11654,0.20272,0.13069,0.355,0.080783,0.090994,0.2256,0.32663,0.62776,0.19066,0.41705,0.59015,0.32804,0.49998,0.21263,0.37094,0.35449,0.42553,0.64306,0.66863,0.44561,0.32137,0.13146,0.70487,0.18321,1,1
0.39422,0.19932,0.38372,0.4157,0.35735,0.37704,0.18759,0.43373,0.47731,0.44295,0.52964,0.64619,0.46659,0.65746,0.7504,0.64946,0.4045,0.47555,0.58314,0.5051,0.63797,0.27356,0.65231,0.52898,0.45231,0.043513,0.70511,0.14753,0,1
0.071089,0.26985,0.035524,0.056799,0.14966,0.087478,0.35749,0.033594,0.044414,0.13474,0.59406,0.21887,0.56068,0.69595,0.6838,0.4276,0.22127,0.62328,0.50512,0.44727,0.57612,0.38872,0.61448,0.35801,0.38155,0.26087,0.70481,0.34124,1,1
0.034707,0.14522,0.01304,0.029195,0.061636,0.033027,0.18879,0.0085922,0.022607,0.066479,0.41594,0.1416,0.40796,0.49884,0.58555,0.27205,0.138,0.39167,0.34486,0.31688,0.66387,0.42352,0.6331,0.63613,0.25796,0.097924,0.70535,0.19597,1,1
0.043935,0.2468,0.017359,0.044558,0.091677,0.048199,0.18302,0.024412,0.032395,0.053666,0.40458,0.25062,0.45578,0.46439,0.5418,0.28915,0.34024,0.42063,0.37962,0.42579,0.6986,0.40289,0.5485,0.61954,0.46163,0.13382,0.70499,0.24963,1,1
0.19893,0.16494,0.072845,0.08639,0.12523,0.10816,0.15212,0.059155,0.12369,0.13284,0.86914,0.77902,0.66864,0.80688,0.90424,0.90236,0.87986,0.67385,0.71405,0.74294,0.49158,0.62609,0.96814,0.48028,0.31448,2.2e-06,0.70466,0.064662,0,1
0.31795,0.44719,0.14901,0.34228,0.37089,0.23634,0.4225,0.19501,0.30286,0.43356,0.691,0.87799,0.45051,0.69705,0.87578,0.69657,0.90636,0.50275,0.65324,0.65739,0.51895,0.37548,0.51408,0.58397,0.46798,0.00072841,0.70469,0.2026,0,1
0.26838,0.29314,0.29337,0.22254,0.39632,0.30944,0.32678,0.19102,0.29005,0.33751,0.53237,0.52633,0.38547,0.56514,0.59675,0.51666,0.46981,0.44081,0.52634,0.54811,0.72175,0.30214,0.67282,0.31192,0.41384,0.1369,0.70505,0.32308,1,1
0.19774,0.18974,0.046203,0.15384,0.1113,0.072827,0.24587,0.04236,0.1324,0.17489,0.85345,0.93572,0.70489,0.86477,0.95782,0.94189,0.97211,0.72195,0.8585,0.87363,0.31642,0.69779,0.94466,0.43665,0.35091,2.5e-07,0.70466,0.12468,0,1
0.094548,0.36188,0.078275,0.11044,0.18829,0.1248,0.3861,0.051952,0.086707,0.22146,0.48261,0.28515,0.49873,0.58143,0.68992,0.43637,0.34169,0.5653,0.4613,0.49589,0.6222,0.51438,0.71203,0.318,0.4705,0.37379,0.70504,0.49203,1,1
0.19985,0.10485,0.16051,0.20791,0.3789,0.17723,0.099575,0.1031,0.17748,0.20318,0.38735,0.31434,0.25716,0.37352,0.51156,0.24855,0.18413,0.28647,0.27624,0.32125,0.7104,0.48125,0.7437,0.61581,0.26802,0.016994,0.70472,0.064891,1,1
0.51664,0.34079,0.3675,0.44421,0.50487,0.40711,0.30907,0.41046,0.54947,0.59172,0.67266,0.58033,0.5115,0.59035,0.64772,0.71773,0.65581,0.59687,0.61215,0.59158,0.60124,0.35489,0.60324,0.41557,0.65735,0.0038291,0.70493,0.25952,0,1
0.2861,0.24154,0.28507,0.18731,0.31922,0.33019,0.26271,0.25788,0.28461,0.41786,0.74949,0.37826,0.69735,0.69599,0.77642,0.66877,0.36234,0.76672,0.62769,0.62527,0.66763,0.37775,0.35776,0.68491,0.55313,0.21465,0.70474,0.29667,1,1
0.46783,0.39664,0.32306,0.4806,0.41227,0.4604,0.30963,0.37288,0.41259,0.50402,0.54612,0.72578,0.38718,0.50955,0.64413,0.53382,0.63808,0.34171,0.50075,0.46936,0.68247,0.38046,0.41089,0.58276,0.45062,0.0015075,0.70472,0.34421,0,1
0.5211,0.28859,0.36323,0.51146,0.48285,0.39256,0.24076,0.34995,0.44381,0.48047,0.62853,0.55852,0.53971,0.65281,0.7244,0.6557,0.51368,0.55458,0.52448,0.49009,0.65943,0.29228,0.28113,0.62148,0.68922,0.011624,0.70471,0.33316,0,1
0.23115,0.20753,0.1417,0.22851,0.3219,0.20288,0.15809,0.12387,0.14878,0.23161,0.41904,0.3316,0.34801,0.43368,0.54908,0.32525,0.28472,0.34838,0.33812,0.33071,0.68029,0.52053,0.73729,0.6589,0.2254,0.036426,0.70484,0.10919,1,1
0.25302,0.20324,0.11646,0.22281,0.14692,0.15136,0.27488,0.087944,0.15852,0.18583,0.75228,0.83421,0.66849,0.73511,0.84554,0.85935,0.91814,0.62251,0.70238,0.71917,0.37456,0.60508,0.82274,0.58314,0.38236,5.5e-07,0.70466,0.14186,0,1
0.1735,0.27059,0.1158,0.14146,0.23217,0.21482,0.24075,0.1053,0.16238,0.21797,0.6318,0.30906,0.5669,0.68446,0.67987,0.44653,0.24802,0.58459,0.51911,0.49367,0.61506,0.53051,0.6596,0.49702,0.33752,0.13887,0.70488,0.21596,1,1
0.41638,0.18833,0.417,0.48056,0.43472,0.45118,0.21953,0.40304,0.45313,0.44237,0.4489,0.39789,0.46043,0.50851,0.6882,0.51287,0.36204,0.44777,0.48265,0.33643,0.68526,0.39953,0.38967,0.66144,0.3981,0.060353,0.7049,0.25191,0,1
0.35398,0.12119,0.19686,0.2514,0.22068,0.27075,0.068589,0.13993,0.28549,0.27738,0.55439,0.67851,0.28139,0.56777,0.5501,0.37473,0.55562,0.22231,0.33772,0.36746,0.46893,0.70059,0.90677,0.32178,0.10102,0.0018637,0.70475,0.065625,0,1
0.17302,0.10844,0.31206,0.24599,0.33043,0.21422,0.085155,0.14424,0.19606,0.20955,0.70349,0.38475,0.59928,0.73542,0.79636,0.66492,0.26231,0.68573,0.60126,0.55798,0.7657,0.29457,0.4072,0.7624,0.23639,0.026058,0.70469,0.19096,1,1
0.21457,0.094731,0.13159,0.16595,0.12838,0.11173,0.12143,0.084672,0.13564,0.092633,0.66507,0.64024,0.54582,0.75038,0.79841,0.69088,0.58949,0.46373,0.45213,0.54223,0.38255,0.6719,0.89572,0.46258,0.13481,0.00038469,0.70491,0.088915,0,1
0.12688,0.26063,0.062015,0.096046,0.22467,0.11933,0.20896,0.06509,0.086617,0.14433,0.51302,0.32961,0.47795,0.62531,0.66339,0.35031,0.2481,0.55203,0.49091,0.46801,0.6516,0.46342,0.61526,0.52006,0.3679,0.11216,0.70475,0.21568,1,1
0.47735,0.40277,0.34921,0.34597,0.41961,0.3895,0.38485,0.37667,0.3655,0.47167,0.62355,0.60304,0.53008,0.6074,0.81441,0.67622,0.54756,0.635,0.67655,0.60979,0.5716,0.49418,0.52001,0.35868,0.63121,0.065057,0.70473,0.3737,0,1
0.41463,0.24203,0.25332,0.32496,0.35895,0.30492,0.27497,0.24523,0.29631,0.32686,0.60024,0.71433,0.50341,0.64742,0.7518,0.64683,0.67756,0.56866,0.60619,0.60829,0.58103,0.48017,0.52005,0.5999,0.41502,0.014925,0.70496,0.18145,0,1
0.5071,0.30768,0.51248,0.52727,0.56333,0.57522,0.25079,0.37326,0.50306,0.5365,0.5211,0.65019,0.31978,0.4667,0.65708,0.43422,0.5977,0.37092,0.43646,0.45504,0.62851,0.33434,0.43279,0.56298,0.40835,0.014103,0.70478,0.18533,0,1
0.48757,0.21785,0.45879,0.47811,0.48064,0.42643,0.27999,0.55525,0.41581,0.3979,0.69333,0.55722,0.59911,0.79398,0.78367,0.64752,0.50613,0.69245,0.64577,0.61056,0.73047,0.43065,0.48702,0.67708,0.50995,0.11413,0.70468,0.29474,1,1
0.47709,0.38699,0.34518,0.44173,0.41527,0.44601,0.33205,0.29915,0.37383,0.42962,0.70576,0.59933,0.68566,0.72139,0.80739,0.68362,0.47056,0.75908,0.65319,0.72926,0.61548,0.35175,0.45516,0.43996,0.70942,0.22731,0.70476,0.38944,1,1
0.48882,0.4073,0.29989,0.41141,0.39278,0.3925,0.40473,0.29036,0.47766,0.47518,0.66834,0.71161,0.60498,0.70314,0.81901,0.77497,0.73063,0.65429,0.62062,0.65269,0.64992,0.26904,0.38476,0.62552,0.76692,0.0053491,0.7049,0.31462,0,1
0.051832,0.2061,0.015586,0.035185,0.10902,0.045911,0.31195,0.011846,0.032501,0.076315,0.35473,0.14628,0.2963,0.45214,0.46654,0.24432,0.15327,0.2582,0.2563,0.33021,0.60838,0.54547,0.70645,0.52412,0.36179,0.13324,0.70482,0.19782,1,1
0.1178,0.30162,0.078109,0.13789,0.26132,0.16586,0.3113,0.099345,0.10523,0.17733,0.47489,0.37488,0.4593,0.55217,0.61729,0.4315,0.34815,0.57167,0.48088,0.50055,0.48811,0.49584,0.71622,0.34069,0.44839,0.26029,0.70483,0.25021,1,1
0.1342,0.27666,0.072623,0.14374,0.19939,0.15473,0.28304,0.091195,0.10676,0.17512,0.65191,0.27493,0.6276,0.68129,0.71003,0.57304,0.21605,0.70631,0.59723,0.5515,0.64876,0.51464,0.72429,0.41515,0.48114,0.29836,0.70489,0.38414,1,1
0.26309,0.2782,0.13955,0.28698,0.23525,0.24558,0.22238,0.14827,0.26774,0.26376,0.56114,0.77046,0.38153,0.55728,0.77732,0.55607,0.8075,0.31275,0.51418,0.50668,0.41604,0.65145,0.75264,0.43133,0.28307,0.00035862,0.70487,0.10803,0,1
0.35111,0.14155,0.40005,0.34009,0.32725,0.31653,0.12412,0.2941,0.33953,0.36292,0.59603,0.53091,0.62765,0.56581,0.72094,0.6296,0.41942,0.58185,0.53109,0.46766,0.66011,0.42612,0.79049,0.39774,0.39999,0.0013453,0.7048,0.14395,0,1
0.26852,0.3358,0.22729,0.34176,0.39144,0.28873,0.25288,0.26403,0.27237,0.42159,0.61984,0.41997,0.39767,0.61053,0.72295,0.47911,0.37068,0.51908,0.43931,0.44292,0.66639,0.58339,0.75572,0.48607,0.49308,0.08317,0.70478,0.30535,1,1
0.05934,0.19968,0.044345,0.057944,0.087275,0.073226,0.25651,0.033708,0.048116,0.11586,0.65198,0.25076,0.698,0.71127,0.72164,0.62551,0.23777,0.72923,0.61765,0.54692,0.61905,0.49511,0.67987,0.30022,0.44027,0.28632,0.70485,0.32398,1,1
0.4602,0.42356,0.19477,0.29771,0.27207,0.24502,0.47092,0.13994,0.31777,0.40321,0.73786,0.82596,0.53059,0.66989,0.86014,0.82103,0.8917,0.59988,0.66899,0.74736,0.65063,0.31843,0.45273,0.76195,0.65063,7.2999e-06,0.70473,0.26378,0,1
0.17291,0.29336,0.11807,0.1474,0.35738,0.18931,0.25979,0.099653,0.15019,0.30267,0.4636,0.34621,0.4083,0.55708,0.58131,0.38759,0.33324,0.47813,0.43465,0.42958,0.56929,0.57109,0.73458,0.41357,0.42904,0.11746,0.70479,0.24989,1,1
0.34203,0.36331,0.13217,0.31092,0.27724,0.30734,0.36399,0.13266,0.27967,0.4018,0.76996,0.74124,0.49309,0.75539,0.83895,0.78417,0.83767,0.52107,0.67962,0.68433,0.5596,0.35877,0.63863,0.75046,0.42296,0.00025852,0.70471,0.15848,0,1
0.35452,0.21787,0.18122,0.26514,0.24091,0.18317,0.19187,0.20719,0.1975,0.26908,0.71569,0.74999,0.71131,0.70261,0.85072,0.83779,0.73893,0.70086,0.68851,0.64583,0.62775,0.47743,0.73002,0.65681,0.43765,4.485e-05,0.70477,0.11713,0,1
0.21869,0.26081,0.11404,0.22703,0.19199,0.18202,0.25594,0.10044,0.22586,0.23984,0.65875,0.78553,0.40524,0.6233,0.75618,0.68442,0.75239,0.38782,0.46999,0.61584,0.45057,0.51032,0.89737,0.30083,0.27282,0.00075726,0.70472,0.10642,0,1
0.274,0.24643,0.068972,0.14522,0.17723,0.09681,0.2225,0.063965,0.14053,0.22635,0.88626,0.72695,0.78067,0.83847,0.94199,0.95194,0.87607,0.77773,0.79534,0.78266,0.43433,0.50473,0.92812,0.42049,0.35522,1.5e-07,0.70494,0.13336,0,1
0.1525,0.17954,0.13227,0.16489,0.3159,0.20544,0.17179,0.14235,0.21217,0.27194,0.35169,0.24689,0.23629,0.33006,0.40431,0.18966,0.24904,0.22292,0.24674,0.24579,0.63833,0.56198,0.8105,0.37904,0.33407,0.092425,0.70543,0.21893,1,1
0.33476,0.33575,0.24945,0.33854,0.46073,0.3264,0.36201,0.24606,0.28202,0.31047,0.37681,0.50665,0.27932,0.42819,0.5117,0.29771,0.5095,0.27758,0.40389,0.34351,0.58857,0.52656,0.73981,0.55418,0.39916,0.052978,0.70508,0.25045,1,1
0.53919,0.43272,0.55358,0.60353,0.5645,0.55753,0.4057,0.44253,0.60728,0.52118,0.55265,0.65695,0.50559,0.63259,0.75578,0.66416,0.67456,0.51597,0.63726,0.55807,0.74461,0.26127,0.39611,0.61333,0.66644,0.0045527,0.7048,0.35395,0,1
0.44887,0.44301,0.43569,0.42857,0.49028,0.46384,0.29695,0.36474,0.42762,0.40389,0.50291,0.59835,0.34114,0.50879,0.64359,0.48339,0.56151,0.35631,0.43047,0.48377,0.56743,0.29839,0.5854,0.46273,0.49463,0.003466,0.70473,0.21058,0,1
0.026261,0.22975,0.0092391,0.018548,0.054085,0.026222,0.26525,0.0056696,0.013966,0.046931,0.42458,0.19134,0.47645,0.5349,0.56927,0.36934,0.2165,0.48689,0.46576,0.47832,0.61072,0.57297,0.66759,0.40694,0.38844,0.14969,0.70484,0.32345,1,1
0.096859,0.30353,0.019766,0.080277,0.12914,0.051384,0.26048,0.018052,0.042704,0.15768,0.29447,0.2677,0.13705,0.32388,0.41595,0.24087,0.27305,0.19304,0.24212,0.20504,0.69004,0.65288,0.81145,0.21166,0.43216,0.19785,0.70483,0.33853,1,1
0.2205,0.16725,0.066773,0.14177,0.14563,0.12506,0.24777,0.062538,0.13672,0.17292,0.82749,0.84397,0.64697,0.8171,0.93047,0.91869,0.92007,0.67227,0.77381,0.78852,0.41179,0.67791,0.96152,0.36614,0.25375,4.42e-06,0.70468,0.082052,0,1
0.053569,0.32811,0.03067,0.054503,0.09197,0.067651,0.2922,0.019432,0.045667,0.12162,0.48187,0.3066,0.47841,0.61017,0.65008,0.40251,0.3422,0.53139,0.49569,0.50853,0.5942,0.51453,0.51623,0.50826,0.50799,0.23522,0.70509,0.52075,1,1
0.27708,0.35261,0.26329,0.27832,0.42283,0.30819,0.28752,0.24136,0.27667,0.37844,0.54263,0.37524,0.45519,0.55816,0.64578,0.44807,0.34884,0.52932,0.51774,0.44259,0.69697,0.34924,0.7027,0.36902,0.49671,0.17237,0.70501,0.36254,1,1
0.3029,0.25895,0.30064,0.34131,0.34541,0.34152,0.21243,0.24056,0.26156,0.36869,0.42758,0.25835,0.34645,0.54336,0.43357,0.32312,0.32451,0.37025,0.40468,0.34836,0.71655,0.49279,0.69191,0.50657,0.2981,0.10749,0.70478,0.18384,1,1
0.41052,0.34665,0.26856,0.42694,0.39032,0.37197,0.29746,0.27462,0.35301,0.40229,0.61352,0.68642,0.46728,0.64335,0.74,0.69863,0.72048,0.45078,0.57326,0.57037,0.59935,0.31176,0.42777,0.64931,0.52069,0.012618,0.70474,0.24843,0,1
0.33875,0.38243,0.23331,0.41074,0.39492,0.33979,0.32353,0.20884,0.34073,0.34198,0.4851,0.67197,0.3365,0.53017,0.62913,0.44486,0.66921,0.26592,0.44881,0.3979,0.5179,0.34379,0.49089,0.53557,0.34076,0.022169,0.70477,0.20159,0,1
0.42823,0.30047,0.37377,0.32773,0.48643,0.44751,0.30542,0.36268,0.30238,0.45052,0.73452,0.53176,0.54172,0.74135,0.70004,0.56198,0.41861,0.73702,0.65646,0.56329,0.54827,0.47198,0.61843,0.33935,0.47801,0.19454,0.70472,0.35164,1,1
0.47229,0.37862,0.40105,0.53137,0.56348,0.48562,0.3568,0.43545,0.4298,0.50277,0.52299,0.66521,0.36867,0.60238,0.73214,0.58555,0.66482,0.47182,0.46979,0.51352,0.45732,0.41039,0.48754,0.57397,0.5,0.036423,0.70482,0.28818,0,1
0.0026851,0.12888,0.00074182,0.0019844,0.01041,0.0034561,0.10707,0.00058266,0.0015323,0.0070107,0.24364,0.059908,0.27822,0.36032,0.47373,0.19708,0.080185,0.28263,0.27502,0.3163,0.67572,0.58815,0.56185,0.67701,0.26434,0.10444,0.70495,0.1782,1,1
0.20291,0.2803,0.11855,0.31,0.36506,0.31234,0.16835,0.14009,0.1981,0.27371,0.22575,0.30963,0.21372,0.26529,0.38151,0.19533,0.30979,0.21763,0.27341,0.22939,0.59874,0.48979,0.64382,0.62554,0.2701,0.048281,0.70542,0.16073,1,1
0.05146,0.12356,0.018994,0.036187,0.072488,0.046231,0.18801,0.019861,0.029877,0.10073,0.64459,0.27774,0.62989,0.64432,0.70883,0.52784,0.23261,0.61192,0.59781,0.49703,0.63471,0.38201,0.55276,0.56096,0.27508,0.083766,0.7049,0.15915,1,1
0.486,0.50109,0.46895,0.62121,0.55553,0.64427,0.52257,0.47263,0.47283,0.51508,0.55274,0.64548,0.49697,0.63121,0.6964,0.61936,0.65641,0.53048,0.61765,0.61386,0.65662,0.22592,0.35416,0.57392,0.66117,0.061134,0.70473,0.32309,0,1
0.24575,0.11292,0.12242,0.1438,0.24335,0.20248,0.084577,0.13643,0.14418,0.16842,0.15802,0.28937,0.095354,0.16009,0.24187,0.053053,0.18911,0.04462,0.075698,0.099067,0.73347,0.55781,0.81698,0.74145,0.1314,0.0019686,0.7049,0.030627,1,1
0.12591,0.10454,0.099272,0.18222,0.11447,0.11642,0.090131,0.091047,0.11381,0.14954,0.55011,0.81214,0.55039,0.54177,0.73552,0.68201,0.75882,0.31184,0.56225,0.53287,0.44113,0.65312,0.95725,0.19323,0.14242,1.05e-05,0.70471,0.037671,0,1
0.021484,0.28852,0.01157,0.016212,0.0714,0.024708,0.30808,0.0077769,0.013059,0.056827,0.31314,0.10238,0.41143,0.41076,0.46112,0.31288,0.12983,0.4195,0.32769,0.40338,0.6351,0.6343,0.65984,0.31425,0.5381,0.26574,0.70516,0.42438,1,1
0.32699,0.27774,0.090291,0.23755,0.19537,0.15063,0.29364,0.10519,0.25288,0.26828,0.69538,0.84354,0.56986,0.72781,0.86068,0.82273,0.89374,0.60133,0.66504,0.71616,0.51648,0.55209,0.81017,0.47111,0.45366,6.6001e-06,0.70477,0.14557,0,1
0.52508,0.44695,0.52199,0.53982,0.63163,0.60694,0.38008,0.43974,0.56974,0.57832,0.54998,0.56719,0.49852,0.56446,0.71029,0.51287,0.50484,0.54977,0.58727,0.54208,0.59998,0.31119,0.22642,0.62573,0.58804,0.055663,0.70486,0.30386,0,1
0.2305,0.092281,0.24137,0.30625,0.27204,0.24422,0.078562,0.18536,0.1844,0.30411,0.72412,0.25358,0.7046,0.70294,0.77601,0.64652,0.15687,0.66587,0.67361,0.51034,0.73699,0.34899,0.32221,0.79928,0.35074,0.013448,0.7047,0.10605,1,1
0.29732,0.16872,0.3303,0.21123,0.30345,0.22112,0.1063,0.21211,0.26441,0.27922,0.529,0.75481,0.29028,0.44212,0.54709,0.50349,0.65731,0.18934,0.31551,0.36116,0.44494,0.51559,0.8269,0.4193,0.20244,0.0017995,0.70484,0.10443,0,1
0.40338,0.31001,0.25218,0.23793,0.32002,0.275,0.29029,0.26914,0.33471,0.32762,0.49897,0.48675,0.4135,0.57051,0.61094,0.47386,0.47859,0.44293,0.45483,0.48458,0.56306,0.41341,0.63627,0.46099,0.38106,0.32143,0.70477,0.26287,1,1
0.18338,0.097043,0.071,0.2057,0.19009,0.14117,0.069104,0.048032,0.10222,0.12994,0.23248,0.25188,0.14522,0.20826,0.23735,0.13652,0.18548,0.031964,0.10462,0.1057,0.77624,0.49518,0.70821,0.71352,0.057492,0.0048737,0.70492,0.021768,1,1
0.12962,0.23803,0.11924,0.11163,0.19745,0.11617,0.23432,0.12213,0.16221,0.18553,0.65472,0.34149,0.7169,0.72122,0.77153,0.56274,0.25158,0.65983,0.55933,0.56449,0.69923,0.47066,0.64662,0.5237,0.52626,0.16945,0.70469,0.30771,1,1
0.2692,0.17369,0.21997,0.25478,0.21468,0.21748,0.16407,0.16074,0.19635,0.22513,0.66942,0.62236,0.59639,0.67754,0.82158,0.7689,0.76345,0.55426,0.6099,0.53952,0.42421,0.55304,0.82966,0.53283,0.39364,1.7e-05,0.70473,0.14156,0,1
0.5179,0.34639,0.31436,0.44329,0.37419,0.42831,0.26407,0.36914,0.46231,0.45485,0.59023,0.62452,0.55205,0.65097,0.71107,0.67714,0.69962,0.52755,0.65852,0.673,0.63037,0.46658,0.45868,0.6294,0.63764,0.0078605,0.70472,0.28757,0,1
0.22802,0.21684,0.13691,0.21999,0.21688,0.15876,0.22856,0.10531,0.26997,0.20353,0.64367,0.85171,0.47157,0.61879,0.81566,0.76053,0.90426,0.44815,0.62179,0.6438,0.48007,0.55781,0.87875,0.44171,0.3907,6.6048e-05,0.70473,0.12953,0,1
0.000983,0.20123,0.00017667,0.00092731,0.0031366,0.00058153,0.21992,3.3823e-05,0.00051444,0.00079798,0.24753,0.033847,0.31965,0.47244,0.37453,0.18089,0.053423,0.29811,0.24685,0.25955,0.62814,0.5997,0.56517,0.46258,0.41916,0.29132,0.70487,0.43507,1,1
0.24851,0.19306,0.23448,0.30225,0.42307,0.25483,0.15034,0.17966,0.19278,0.30676,0.27923,0.25561,0.17846,0.32522,0.39748,0.18035,0.21757,0.17536,0.23962,0.24473,0.76957,0.54847,0.80435,0.63273,0.30295,0.029955,0.70477,0.12958,1,1
0.2292,0.20861,0.050427,0.17898,0.12303,0.093256,0.30898,0.059958,0.13796,0.17473,0.85174,0.86635,0.71436,0.80182,0.94907,0.92224,0.94837,0.72504,0.79087,0.76659,0.41533,0.67424,0.94713,0.40208,0.40982,5.5e-07,0.70478,0.11926,0,1
0.20171,0.18456,0.13246,0.1809,0.28467,0.17243,0.17905,0.10311,0.16789,0.23356,0.58075,0.23671,0.49471,0.60803,0.56511,0.41951,0.21519,0.56154,0.46934,0.41885,0.65678,0.53868,0.665,0.53019,0.34201,0.087546,0.70481,0.23981,1,1
0.36375,0.29818,0.24426,0.24415,0.34484,0.28678,0.20986,0.24482,0.26861,0.30729,0.57548,0.77021,0.40096,0.59663,0.79377,0.72357,0.79296,0.41356,0.58791,0.58919,0.54804,0.43352,0.71468,0.60832,0.48776,0.013418,0.70482,0.23062,0,1
0.029273,0.18654,0.010427,0.01892,0.036539,0.030609,0.26456,0.0057043,0.0098392,0.044413,0.64529,0.11962,0.72318,0.75015,0.80394,0.58962,0.19753,0.7105,0.64446,0.53067,0.58723,0.48165,0.61448,0.50742,0.42304,0.13146,0.70475,0.23956,1,1
0.50183,0.38278,0.40514,0.45429,0.49398,0.47368,0.35169,0.51743,0.39689,0.41647,0.76997,0.59783,0.75753,0.81189,0.80039,0.72991,0.46897,0.77593,0.76278,0.73926,0.65523,0.36939,0.52196,0.47113,0.6483,0.19314,0.70477,0.46302,1,1
0.35302,0.17647,0.21209,0.20052,0.24534,0.2241,0.11576,0.22712,0.27544,0.23805,0.79827,0.50033,0.70596,0.73739,0.84191,0.83167,0.5574,0.63159,0.70508,0.60686,0.67041,0.42462,0.69552,0.62915,0.4453,6.725e-05,0.70475,0.10916,0,1
0.44929,0.18815,0.30822,0.51758,0.4601,0.35686,0.22727,0.33993,0.48873,0.45115,0.53694,0.48738,0.43925,0.4779,0.56763,0.51183,0.45967,0.35464,0.46444,0.43548,0.67057,0.3785,0.70802,0.43969,0.22366,0.0019103,0.70485,0.14643,0,1
0.25864,0.23727,0.17058,0.24517,0.32962,0.23241,0.22291,0.14165,0.16782,0.26853,0.32695,0.34354,0.18528,0.3053,0.44445,0.23524,0.28985,0.19826,0.29169,0.24402,0.70296,0.56006,0.68792,0.63528,0.25892,0.044879,0.70501,0.11918,1,1
0.45994,0.45409,0.12318,0.32039,0.29555,0.26061,0.48954,0.21138,0.30939,0.36966,0.70178,0.84809,0.43792,0.64202,0.88995,0.73211,0.90102,0.44006,0.64722,0.66529,0.5226,0.48918,0.82985,0.2809,0.45748,3.0765e-05,0.70478,0.2015,0,1
0.43081,0.37079,0.26599,0.40281,0.53424,0.3311,0.39951,0.23753,0.39743,0.41063,0.68052,0.63757,0.42342,0.62477,0.74671,0.66281,0.71453,0.51677,0.57396,0.55279,0.59456,0.27354,0.45432,0.59563,0.52751,0.00023173,0.70469,0.23007,0,1
0.1399,0.20337,0.080601,0.14458,0.15809,0.13146,0.13977,0.083243,0.088098,0.22478,0.45796,0.2457,0.39492,0.58094,0.55875,0.35012,0.21004,0.3982,0.40656,0.37326,0.57523,0.46152,0.56463,0.63747,0.21737,0.05633,0.7049,0.11389,1,1
0.50483,0.34425,0.44712,0.49789,0.59818,0.42656,0.35044,0.57045,0.51451,0.51704,0.57995,0.60895,0.38917,0.60222,0.75587,0.59893,0.48303,0.42504,0.44713,0.53526,0.67927,0.41441,0.7305,0.37231,0.45658,0.087824,0.70488,0.25642,1,1
0.17993,0.20551,0.040322,0.11362,0.10154,0.075631,0.21411,0.029782,0.10947,0.12566,0.8382,0.89279,0.65047,0.84047,0.92627,0.94082,0.96124,0.65265,0.75284,0.8239,0.31991,0.71924,0.96994,0.36839,0.24448,0,0.70467,0.098668,0,1
0.25395,0.28881,0.25645,0.35974,0.39588,0.3019,0.21245,0.16949,0.28412,0.30362,0.4071,0.45592,0.40906,0.38821,0.64874,0.3326,0.29288,0.33664,0.37253,0.35649,0.66968,0.48359,0.65064,0.62223,0.33806,0.027761,0.705,0.11522,1,1
0.3375,0.47749,0.24305,0.42887,0.4666,0.38189,0.51263,0.28096,0.31313,0.40031,0.49068,0.56245,0.38689,0.46898,0.66328,0.47524,0.48531,0.44514,0.48185,0.4744,0.583,0.46062,0.7705,0.16054,0.65257,0.29906,0.70538,0.52828,1,1
0.18548,0.17444,0.28295,0.27067,0.33992,0.23602,0.1683,0.25355,0.18926,0.28635,0.58794,0.29712,0.51025,0.61865,0.65689,0.41202,0.20317,0.46499,0.41074,0.37796,0.74779,0.52111,0.53692,0.6379,0.29655,0.04449,0.70487,0.13977,1,1
0.36457,0.28488,0.14941,0.25153,0.22025,0.20127,0.33865,0.15489,0.20881,0.23979,0.68098,0.82037,0.54087,0.67056,0.79413,0.74202,0.87656,0.52091,0.60137,0.71959,0.64052,0.48609,0.68085,0.64641,0.49166,3.7499e-06,0.70467,0.18582,0,1
0.11988,0.14541,0.12028,0.19212,0.25113,0.17131,0.15141,0.12813,0.12243,0.2109,0.53287,0.3343,0.49077,0.58583,0.71673,0.4058,0.3014,0.50659,0.43228,0.40669,0.65334,0.50445,0.67653,0.56907,0.28121,0.03812,0.70475,0.14565,1,1
0.24364,0.30401,0.1344,0.22073,0.38593,0.21714,0.2478,0.12827,0.17754,0.29894,0.24495,0.24718,0.19523,0.24714,0.40105,0.21912,0.21614,0.21497,0.2068,0.2048,0.63284,0.56286,0.72716,0.43946,0.39636,0.13276,0.70522,0.2941,1,1
0.23897,0.073599,0.10705,0.16647,0.12651,0.15835,0.088377,0.088039,0.12156,0.12928,0.70865,0.72709,0.62895,0.78115,0.81516,0.78346,0.63195,0.5463,0.63761,0.62313,0.35974,0.66524,0.93841,0.42134,0.13821,0.0002708,0.70472,0.04185,0,1
0.33672,0.33042,0.31384,0.33268,0.37396,0.42348,0.32978,0.33069,0.37855,0.45919,0.38263,0.43851,0.34173,0.41525,0.59385,0.44528,0.4343,0.36705,0.41421,0.41956,0.62599,0.51197,0.72922,0.45247,0.40921,0.14024,0.70495,0.25847,1,1
0.17431,0.23836,0.083687,0.15784,0.26148,0.17979,0.16096,0.087727,0.13577,0.20235,0.29755,0.30276,0.21769,0.33352,0.45589,0.25156,0.27073,0.2287,0.26572,0.30657,0.68962,0.48942,0.73373,0.54142,0.31558,0.064825,0.70491,0.1918,1,1
0.0053602,0.052129,0.00088792,0.0024694,0.015957,0.0024386,0.04023,0.00069486,0.0028299,0.0076748,0,0.010724,0,0,0,0,0.026255,0,0,0,0.74734,0.6501,0.51962,0.86214,0.085449,0.0070691,0.70811,0.026378,1,1
0.083441,0.034688,0.036183,0.051269,0.034003,0.041136,0.049428,0.034157,0.05138,0.047121,0.65359,0.6599,0.51862,0.58027,0.84569,0.61974,0.72408,0.25831,0.39158,0.3975,0.14407,0.8052,0.99171,0.13699,0.026267,2.6e-06,0.70471,0.0010439,0,1
0.0075731,0.30754,0.00047678,0.0053475,0.028972,0.0029673,0.28695,0.00029961,0.0020602,0.011836,0.059523,0.057913,0.00083149,0.10706,0.12509,0.024907,0.082198,0.038725,0.076416,0.13181,0.5262,0.62388,0.71294,0.37323,0.32274,0.2105,0.70641,0.34347,1,1
0.42845,0.37656,0.481,0.50778,0.62385,0.52208,0.36406,0.46686,0.50134,0.5286,0.49774,0.45491,0.41717,0.50556,0.56669,0.44325,0.42774,0.52043,0.49281,0.38767,0.63024,0.49796,0.76282,0.20818,0.54474,0.13363,0.70528,0.45637,1,1
0.59003,0.4952,0.35508,0.54453,0.5486,0.42173,0.32274,0.34618,0.54287,0.57278,0.64927,0.7221,0.58851,0.71045,0.76645,0.80306,0.76044,0.60488,0.7503,0.70005,0.75714,0.31071,0.38617,0.66795,0.76071,0.0031592,0.70484,0.47243,0,1
0.52346,0.48476,0.38972,0.53327,0.57234,0.50582,0.39744,0.30227,0.39218,0.53195,0.77133,0.69005,0.60745,0.74231,0.78684,0.83611,0.75702,0.72912,0.76289,0.74468,0.71261,0.24331,0.22473,0.72159,0.7881,0.00041696,0.7047,0.38015,0,1
0.13943,0.11422,0.02673,0.09003,0.073839,0.044193,0.20439,0.021906,0.07709,0.087832,0.81723,0.92411,0.63467,0.88719,0.92771,0.91049,0.96069,0.59633,0.75313,0.79472,0.17281,0.76863,0.97292,0.30529,0.15211,3.6501e-07,0.70469,0.034128,0,1
0.57517,0.32944,0.61726,0.60182,0.65013,0.59527,0.21309,0.52159,0.59119,0.67805,0.50509,0.49744,0.45883,0.56805,0.6349,0.52193,0.40279,0.51185,0.52009,0.44515,0.79694,0.36462,0.58097,0.5449,0.52182,0.016788,0.70472,0.28277,1,1
0.29182,0.22065,0.21215,0.29479,0.32851,0.37017,0.18323,0.24236,0.33819,0.37284,0.53131,0.31271,0.62078,0.65506,0.66977,0.59993,0.36817,0.59725,0.58691,0.62035,0.52216,0.38049,0.49546,0.69367,0.36969,0.017,0.7047,0.11389,1,1
0.39937,0.40444,0.48492,0.52436,0.50731,0.43452,0.22591,0.41179,0.54978,0.46745,0.65002,0.56861,0.58625,0.53824,0.67474,0.65532,0.5427,0.49487,0.64515,0.55541,0.78202,0.24055,0.34227,0.59262,0.61486,0.059665,0.70473,0.31179,0,1
