0,1,2,3,4,5,6,7,8,9,10,11,12,13,14,15,16,17,18,19,20,21,22,23,24,25,26,27,28,29
1,0.0057066,0.02612,4.6923e-05,0.051298,6.7554e-05,0.00052656,0.0057066,0.051298,0.032918,0.00027239,5.6601e-23,0.00027239,1.2599e-18,1.4402e-28,2.3213e-29,1.2361e-26,3.0651e-06,9.8726e-40,3.372e-40,8.3035e-39,0.032918,3.8934e-10,6.6094e-10,3.1127e-09,0.077937,6.4892e-20,2.37e-141,4.1463e-13,1
2,6.6121e-05,1.9354e-19,1.8457e-09,1.8457e-09,2.8492e-05,1.1878e-05,6.5876e-23,3.3028e-09,5.6233e-10,1.8699e-06,0.96415,0.00067793,0.74197,0.15159,0.037901,0.00032253,1.8699e-06,1.801e-08,1.3045e-11,1.7773e-12,5.3539e-08,7.5753e-06,0.00014847,4.7913e-06,4.7275e-11,1.0424e-18,6.0171e-102,8.9959e-13,1
3,1.7634e-09,0.058317,7.4037e-06,0.00024787,5.1722e-07,0.00090276,0.36841,2.5547e-07,2.0206e-06,7.3155e-07,6.8538e-30,2.6487e-09,2.2e-27,3.4747e-31,7.6377e-32,1.3221e-21,0.29062,1.2679e-28,4.4472e-38,2.8887e-23,5.0804e-10,8.3023e-14,2.1722e-10,8.0571e-16,7.3155e-07,7.0606e-22,1.8103e-62,0.4119,0.4119
4,0.0074638,6.3011e-07,0.17619,0.0095956,0.00032149,0.030903,0.0010938,0.047383,0.015587,0.047383,0.10392,0.070989,0.070989,0.12464,0.08614,0.0095956,0.058165,2.1049e-05,1.7633e-07,1.3876e-10,0.0019488,0.00032149,0.0033929,4.582e-09,0.070989,9.898e-14,7.3409e-86,0.0033929,0.12464
5,3.4371e-09,4.7535e-14,9.6737e-09,4.1717e-11,9.6737e-09,7.4156e-11,5.7179e-19,4.6232e-07,9.1069e-14,4.3403e-08,9.6737e-09,0.024275,1.1412e-07,2.0279e-09,9.1069e-14,3.148e-05,0.0086248,1.1412e-07,1.1884e-09,1.2935e-11,0.0065465,2.0279e-09,0.00028574,4.1538e-06,0.5039,2.0785e-25,3.4272e-122,3.7212e-23,1.1412e-07
6,0.051748,0.0015497,0.00025439,0.010365,0.051748,0.013828,2.2255e-05,0.0010974,0.010365,0.007706,1.5339e-27,1.3037e-10,5.5765e-25,1.6875e-19,7.2093e-29,5.089e-49,3.3283e-07,5.1373e-38,1.5519e-74,1.5134e-22,0.0056829,2.0035e-07,0.010365,0.007706,0.0021708,5.5241e-36,1.2124e-110,2.4302e-16,1
7,1.4582e-06,0.00053292,0.0089927,0.0002225,6.4836e-05,0.00093093,0.00016468,0.048407,0.00093093,1.747e-05,7.668e-09,1.1664e-18,0.0044126,2.7702e-08,5.4139e-14,1.2434e-05,1.3679e-12,2.898e-11,1.0082e-14,3.205e-19,1.5023e-21,7.4966e-35,8.636e-20,1.6678e-19,6.1292e-19,1.1664e-18,4.4459e-45,1.4568e-17,0.76917
8,0.47145,6.6402e-05,0.0013095,0.089323,0.29256,0.0087832,0.00065168,0.00031419,0.0018343,0.00065168,1.249e-36,3.5826e-11,4.5845e-14,3.2196e-33,9.8037e-41,3.603e-39,5.3243e-15,6.9354e-31,9.1459e-54,8.8889e-51,1.2668e-08,2.406e-31,0.0048074,1.2344e-10,1.7694e-07,3.5826e-11,2.3018e-76,0.0013095,0.89101
9,1.0642e-09,3.8032e-10,1.7729e-05,1.0642e-09,4.7652e-13,2.9066e-09,2.7484e-12,1.7729e-05,2.7484e-12,4.8696e-12,1.6589e-17,1.673e-06,2.3686e-19,8.2955e-18,2.2239e-24,2.6081e-20,0.00015109,2.7197e-21,1.865e-25,2.2239e-24,0.00040648,8.0881e-08,3.8032e-10,0.0024983,5.4745e-20,2.6119e-11,9.832e-127,9.7935e-25,1
10,0.047626,0.017648,2.5278e-06,0.0077632,0.059938,0.047626,0.0077632,0.0058185,3.2062e-05,0.00031269,0.00021787,0.24389,0.00010347,0.0058185,0.00063018,0.0077632,0.047626,2.5278e-06,0.0017069,0.0012335,2.4246e-09,0.00021787,9.3032e-06,0.24389,0.01352,4.1767e-09,2.8953e-55,0.017648,0.16952
11,3.8039e-05,4.1126e-13,0.0053942,3.8039e-05,2.6557e-05,9.3987e-08,1.5443e-21,0.0031513,4.0353e-06,4.9923e-10,1.27e-40,4.2344e-27,3.2718e-21,7.8769e-62,1.728e-70,4.3236e-37,1.6963e-17,1.0047e-39,1.018e-60,1.147e-50,2.2477e-56,7.5247e-87,2.8012e-39,1.8682e-78,0.00010793,2.4354e-16,1.9096e-57,0.00029056,0.00015103
12,0.14243,0.40123,0.09494,0.46332,0.8096,0.46332,0.14243,0.09494,0.14243,0.67164,0.003349,0.030322,0.0013006,0.00033298,1.1344e-06,0.34441,0.17254,2.3212e-05,1.7844e-06,0.00066771,0.24758,0.0060675,0.0024612,0.003349,0.29317,1.8565e-13,3.5793e-73,0.20746,1
13,0.028382,4.3809e-06,0.00010076,0.0015064,0.0056189,0.052461,0.052461,0.00064147,0.09243,0.028382,1.8795e-07,6.3402e-06,2.6374e-05,1.6161e-11,1.1759e-14,0.011613,0.022882,1.8616e-05,8.8223e-10,1.6161e-11,3.7892e-14,1.1434e-63,1.3998e-06,1.5917e-61,0.00026039,1.9531e-15,9.0015e-74,0.0056189,0.32982
14,9.3626e-06,2.9244e-60,0.27294,0.013891,1.0219e-10,1.2836e-06,1.1653e-61,0.39168,0.13674,1.8012e-14,0.0018928,0.10068,0.0011613,0.0091826,0.00090404,0.02067,0.013891,3.1418e-07,1.2851e-05,0.01698,3.5319e-06,3.0158e-14,2.2817e-08,4.9279e-08,5.0284e-14,3.7437e-15,1.4826e-138,4.3494e-16,0.0074196
15,0.00010437,0.42122,4.2482e-06,2.2274e-05,0.00043712,7.1691e-05,0.18625,4.2482e-06,1.4875e-05,0.0011888,3.128e-09,7.2416e-07,4.8898e-05,8.9585e-13,3.2896e-19,8.9667e-09,4.8898e-05,3.3019e-18,3.0203e-24,2.2855e-15,0.12755,7.146e-19,0.0016362,1.1033e-07,0.36349,3.2896e-19,1.4711e-99,0.0072738,0.26417
16,2.0536e-07,5.2633e-05,6.2158e-11,8.2791e-09,1.3174e-06,3.5444e-09,0.12236,9.1523e-12,2.3033e-09,2.6837e-06,5.799e-21,2.407e-11,1.2528e-12,4.7727e-28,9.5925e-19,3.2867e-18,2.6874e-13,5.799e-21,1.1989e-39,1.8693e-31,9.6982e-05,3.8043e-06,9.1523e-12,1.4676e-05,0.37673,1.2567e-08,2.969e-110,1.3968e-07,1.5761e-10
17,0.00047702,6.2588e-07,0.00024152,5.3838e-06,8.1155e-06,3.9196e-05,1.2152e-05,5.3838e-06,0.0017177,0.00011906,0.065651,0.016169,0.29177,0.20942,0.00066373,0.0096081,0.033574,1.2152e-05,0.00024152,3.5479e-06,0.0041864,3.9891e-07,5.7145e-05,3.31e-15,0.026493,2.3245e-08,3.51e-102,0.0055591,1
18,0.0011771,0.044973,3.4906e-07,0.00051933,0.00090035,4.755e-05,0.12888,6.4851e-06,6.5186e-05,0.010609,7.4553e-25,0.037113,5.3387e-12,5.1137e-07,1.609e-16,2.7205e-43,6.5186e-05,5.3802e-40,1.9249e-54,1.9249e-54,4.5761e-06,0.0041868,2.4945e-05,0.037113,0.7299,1.609e-16,1.3196e-126,6.4851e-06,0.010609
19,1.3483e-06,1.9279e-10,7.7541e-08,8.8353e-06,3.6114e-05,8.8353e-06,8.8353e-06,1.9848e-06,8.593e-09,1.2664e-05,8.9763e-25,0.0042943,6.0387e-18,1.7826e-15,1.7894e-12,2.2186e-17,1.8054e-05,7.9787e-17,3.9015e-26,7.0739e-11,1.501e-16,3.1254e-18,0.00046708,1.0783e-14,0.091682,2.8089e-16,2.7029e-63,1.1848e-07,0.0019451
20,4.5217e-05,1.2135e-05,0.0011364,1.698e-05,4.5217e-05,0.00086815,0.00066005,0.03642,0.00028191,0.00037613,0.053323,0.00021029,4.3037e-06,1.698e-05,0.17418,0.0014805,0.14922,1.0107e-06,1.4339e-09,2.1992e-07,0.029884,0.83485,1.0107e-06,2.3648e-05,0.0011364,1.3617e-14,1.5001e-134,0.010349,1
21,0.078602,0.00016247,0.094815,0.25923,0.064796,8.3911e-05,0.043298,0.094815,0.0053481,0.0053481,4.7725e-06,4.7725e-06,4.7725e-06,4.2378e-05,2.1262e-11,2.9864e-05,0.0031595,1.236e-07,5.16e-08,7.2561e-12,0.00011709,4.6768e-10,0.022678,1.1191e-15,5.9799e-05,3.2825e-09,4.9972e-118,0.18971,0.30033
22,3.1934e-05,0.00015266,5.1357e-09,4.1727e-06,0.00020578,6.0571e-05,1.2135e-08,4.1727e-06,0.00020578,0.0051005,0.00085237,1.6517e-05,0.052867,1.1794e-05,1.3642e-09,3.1251e-07,4.1727e-06,1.2135e-08,4.5908e-07,6.3982e-08,8.46e-11,1.5436e-22,1.3642e-09,0.12639,4.4176e-12,4.0887e-31,2.7924e-162,5.6092e-13,0.39476
23,1.1512e-12,1.9071e-16,7.5322e-12,0.00064877,0.0083962,0.0022076,7.1955e-11,5.5468e-05,3.4166e-06,0.0027861,1.8617e-38,1.366e-28,9.8177e-27,1.7059e-31,4.6456e-41,1.7059e-31,4.8471e-09,1.7581e-51,3.8624e-44,5.2309e-37,7.5322e-12,0.010343,1.6492e-13,2.6549e-10,7.1258e-13,1.462e-39,1.7258e-155,6.5297e-06,0.0083962
24,1.6699e-12,4.6034e-52,1.0191e-06,3.0442e-08,1.3873e-14,1.9404e-11,8.1802e-38,1.1403e-07,1.5435e-08,5.1448e-19,2.4852e-06,1.8655e-09,0.00028853,3.9547e-05,3.3516e-16,7.5234e-07,2.8883e-11,3.8208e-09,8.6301e-19,4.0047e-26,2.9851e-30,2.4055e-18,8.6754e-12,3.5161e-15,5.126e-05,1.3481e-25,5.8034e-87,1.2834e-13,0.062041
25,1.8901e-13,5.7416e-37,0.0057589,2.851e-07,1.9244e-19,1.474e-14,2.2137e-31,1.6342e-05,9.0199e-12,3.0849e-20,1.5761e-49,6.4716e-08,1.7013e-27,5.8584e-53,1.4388e-61,1.0222e-31,6.3866e-19,1.4506e-84,2.2595e-82,1.0888e-48,4.0944e-05,0.00030171,0.13449,3.5186e-12,4.4207e-08,1.474e-14,1.2009e-192,1.8901e-13,0.30579
26,0.051889,1.3337e-13,0.11647,0.078732,0.016381,0.064119,1.4365e-18,0.0058122,0.051889,0.041727,1.5432e-11,1.5451e-07,1.4685e-08,1.3337e-13,1.5432e-11,0.016381,0.00014156,0.00014156,1.1918e-09,9.0623e-07,4.887e-12,5.5752e-15,3.1962e-06,0.00039025,0.033343,8.7117e-12,3.1458e-98,0.033343,0.61857
27,0.0023992,0.32791,0.0030441,0.0023992,0.0014713,5.4579e-05,0.076613,0.011606,0.00088692,0.0014713,0.0018828,0.12411,0.00040196,7.3535e-05,0.0048378,1.5868e-05,0.054361,5.8575e-13,3.6549e-18,5.7075e-08,8.3386e-06,2.6562e-28,1.1798e-16,1.0917e-06,3.1419e-22,5.6696e-24,3.2323e-134,0.037915,0.94653
28,0.0040185,0.078388,0.020008,0.00063515,0.0019773,0.046722,0.15848,0.0040185,0.0019773,0.0019773,0.0019773,9.1793e-13,0.0056469,0.00012218,1.1405e-07,0.010835,0.00028397,2.0163e-05,1.9978e-07,2.0163e-05,7.7332e-06,1.7094e-06,0.65379,3.6112e-08,0.0013672,2.8544e-06,4.2058e-67,1.2547e-05,0.9998
30,0.030861,6.459e-07,0.0086067,0.041352,0.00092114,0.016648,9.4861e-06,0.0029538,0.041352,0.022788,1.3813e-15,0.35472,6.8588e-10,1.3813e-15,3.6553e-07,9.9466e-19,0.00040165,5.5328e-20,1.2844e-22,2.0997e-12,3.3706e-08,4.4405e-13,0.00040165,0.00010678,8.9993e-14,3.3706e-08,2.0139e-66,2.0467e-07,0.5875
31,5.8093e-07,4.7385e-58,6.2793e-06,0.0042698,0.00039692,7.1553e-05,7.5804e-49,0.0034959,0.00078841,0.02236,3.841e-112,4.6887e-29,1.097e-81,8.7713e-118,3.1013e-121,9.5289e-101,1.7077e-28,8.5103e-80,2.758e-131,1.0631e-112,0.00011862,0.00098474,1.9592e-14,1.825e-13,0.001226,4.6681e-16,1.9592e-14,0.090355,0.95784
32,0.011604,3.2974e-36,0.0093421,0.046701,0.0014038,0.00048883,4.94e-40,0.0093421,0.055969,0.002316,7.1658e-56,7.49e-27,1.7774e-29,1.0875e-58,1.4475e-67,8.0312e-28,1.3623e-15,1.7119e-30,3.225e-41,3.5177e-31,2.4806e-11,0.0018072,2.5578e-05,0.00083583,2.371e-24,8.0634e-13,2.2491e-194,1.541e-11,4.1122e-07
33,2.3221e-06,1.7961e-30,7.5512e-06,1.5489e-06,3.8532e-10,3.4607e-06,6.0633e-26,1.8719e-07,8.0214e-11,1.2198e-08,0.00067655,0.065649,0.0065474,0.0065474,2.3221e-06,0.065649,0.034982,1.8719e-07,3.1038e-08,1.755e-09,1.9515e-08,7.5688e-15,6.5745e-19,2.0622e-27,4.437e-07,1.8792e-22,1.2861e-110,5.1271e-06,3.4607e-06
34,0.00035147,1.0912e-16,0.0013494,0.027975,8.1708e-05,0.0046241,5.715e-11,0.15981,0.15981,0.00013457,0.47611,0.027975,0.32099,0.83937,0.070791,0.094055,0.25785,0.027975,1.745e-06,0.009867,0.027975,0.15981,0.15981,5.5783e-06,0.32099,2.4496e-09,3.4566e-54,0.56586,1
35,0.007345,5.9301e-05,0.00042991,0.00031353,0.00031353,0.00016388,1.683e-07,0.00031353,8.3702e-05,1.41e-05,0.085366,4.5176e-06,0.00042991,0.015372,0.14752,0.10304,0.019436,3.638e-10,3.638e-10,2.0368e-05,1.3739e-06,5.224e-43,5.9301e-05,7.6815e-11,0.60857,1.0898e-23,8.7743e-78,3.638e-10,0.046877
36,1.2476e-10,0.019712,8.5256e-09,1.852e-07,3.238e-11,1.2017e-12,1.5567e-05,1.0867e-09,1.7961e-17,1.0867e-09,2.4211e-39,8.7469e-45,1.6046e-19,3.4746e-32,1.3038e-69,3.238e-11,1.7188e-16,7.3402e-21,3.0245e-22,1.5783e-22,0.013193,1.4711e-33,0.059467,4.6297e-10,5.0975e-11,5.7716e-22,2.334e-168,5.5372e-27,0.99821
37,1.7153e-30,3.4944e-05,1.5231e-10,3.5594e-16,6.4033e-24,8.4308e-21,3.7437e-06,2.365e-12,1.786e-22,3.2494e-24,1.8385e-15,1.3761e-05,1.0001e-05,3.9472e-11,4.3763e-14,1.9249e-44,8.4308e-21,4.605e-42,2.1723e-64,7.7819e-67,7.3652e-08,1.0429e-08,2.5721e-05,2.0417e-16,3.1514e-15,1.0681e-15,4.0497e-170,0.022859,0.99993
38,0.0010023,0.11395,1.362e-07,5.4828e-06,5.4828e-06,5.5145e-05,0.021608,2.8431e-12,9.1733e-08,0.0028048,7.7324e-06,8.2918e-17,0.047412,1.2614e-13,2.6917e-15,9.1733e-08,2.4945e-14,1.362e-07,7.9178e-25,1.7876e-30,2.1089e-05,2.0128e-07,3.2821e-09,1.7115e-12,1.9006e-06,2.0518e-28,1.4608e-125,6.8245e-24,0.007283
39,5.3142e-30,2.125e-27,2.0606e-29,7.2601e-37,4.1583e-32,2.0515e-32,8.4001e-32,1.3182e-41,3.0472e-35,2.125e-27,3.9923e-15,0.00037477,5.5984e-12,1.3026e-11,8.5541e-12,2.707e-21,1.612e-05,2.2121e-24,1.1746e-33,1.5886e-38,5.2614e-26,5.2328e-47,1.8546e-25,1.0582e-13,2.5966e-20,7.8793e-20,4.8961e-244,7.8793e-20,1.6911e-31
40,2.1295e-10,3.766e-11,2.5444e-09,1.6995e-09,3.8427e-08,6.2535e-12,2.1295e-10,5.5748e-08,1.3892e-10,3.7945e-09,1.9619e-14,1.2291e-08,1.0558e-23,2.3212e-13,0.031034,4.7851e-07,2.4888e-12,1.9619e-14,7.4182e-49,1.2291e-08,0.0016712,2.5145e-43,4.3819e-50,1.1574e-19,5.3336e-14,1.0929e-29,4.1467e-118,7.4786e-39,0.30053
41,0.068966,0.037085,0.10129,0.045872,0.014946,0.045872,0.14532,0.014946,0.068966,0.018923,1.9087e-10,0.011736,4.0234e-08,6.3193e-08,8.8079e-10,0.0018352,0.12169,9.0423e-06,4.1909e-06,3.6282e-07,6.5721e-15,2.7539e-38,0.2036,7.2543e-35,0.00021572,6.6883e-11,5.7807e-130,1.8977e-06,0.84993
42,3.4147e-25,3.3244e-07,7.3444e-27,1.3304e-37,1.5278e-14,3.357e-27,4.569e-19,8.0964e-32,7.6588e-35,4.569e-19,3.97e-17,5.3428e-30,2.4992e-22,4.835e-15,2.3667e-19,7.746e-09,0.0029901,4.569e-19,6.9095e-28,3.357e-27,2.8369e-08,5.26e-38,1.247e-12,1.401e-23,3.219e-24,2.0583e-21,9.5689e-151,1.5278e-14,0.28067
43,0.0040615,0.00038975,7.4455e-05,0.023214,0.011391,0.0017622,1.8754e-14,3.6857e-05,0.0023414,0.27527,1.6731e-43,2.9777e-17,1.3347e-30,9.7075e-41,2.1605e-39,1.9153e-26,2.1896e-16,5.3979e-31,2.1703e-31,1.246e-37,7.7722e-10,1.1652e-06,1.3929e-07,3.4596e-14,3.63e-08,0.0040615,2.0045e-77,3.4327e-09,0.20093
44,0.15522,4.6679e-07,0.20444,0.061708,0.33741,0.11596,4.0871e-05,0.043959,0.061708,0.20444,1.0921e-09,6.6086e-06,4.6679e-07,1.0921e-09,3.6177e-11,2.5616e-08,0.00037203,2.0514e-10,3.5848e-13,5.069e-14,3.2788e-17,0.0041246,0.0063648,7.2692e-05,1.8127e-06,0.043959,4.5851e-36,0.043959,1
45,2.2324e-12,3.9248e-44,0.00011179,3.1552e-07,4.9771e-20,4.0964e-14,1.3495e-62,3.6103e-12,9.3232e-12,1.4614e-24,9.9201e-16,0.0081082,9.3232e-12,6.8531e-14,9.9201e-16,1.9521e-17,2.2215e-08,2.9336e-15,4.0557e-21,2.1976e-23,1.6053e-22,1.1417e-13,4.4432e-09,0.039859,9.2322e-07,9.2599e-42,1.408e-197,6.6864e-09,0.17282
46,0.0065733,1.6459e-08,0.049479,0.0039551,3.1199e-05,0.017017,1.4491e-07,0.1756,0.021295,1.0788e-05,0.0010104,0.0030431,0.00022552,2.2436e-32,7.092e-13,0.27818,0.0023288,8.5946e-05,4.8117e-17,2.3045e-13,2.6205e-09,2.4273e-06,2.203e-07,1.4509e-20,0.087975,1.7227e-16,1.0599e-163,0.0023288,0.59045
47,0.04428,0.04428,0.015546,0.056396,0.089323,0.015546,0.0065238,0.0087832,0.071258,0.11108,1.2151e-21,6.6766e-11,1.2181e-15,5.4349e-18,2.0715e-19,1.1e-14,0.0018343,1.2151e-21,8.9733e-20,1.6442e-20,2.9277e-07,0.0048074,3.2234e-06,0.00045429,7.9602e-06,0.00021558,1.3735e-62,0.00045429,0.76382
48,0.0036156,9.9264e-09,1.6899e-05,0.00016542,0.0059323,0.00030331,0.0059323,6.2532e-07,2.3767e-05,5.8933e-06,1.2683e-21,0.00016542,4.0431e-10,2.116e-18,8.9693e-26,1.1031e-14,0.0028014,1.7128e-23,3.2192e-29,4.0299e-18,2.1362e-11,3.1916e-13,6.4144e-05,9.9264e-09,3.3258e-05,1.2857e-11,5.1338e-169,0.00022456,0.062956
49,5.5624e-12,4.0869e-16,7.8758e-05,1.286e-10,7.9618e-17,7.341e-14,1.4511e-19,1.6726e-07,3.0424e-10,9.6601e-15,1.2912e-130,1.1898e-33,2.0588e-112,6.0907e-130,7.9642e-104,2.1304e-72,4.5785e-17,7.3854e-94,7.7875e-117,5.0778e-78,5.1147e-06,2.3977e-07,0.023488,3.2825e-05,9.6592e-06,7.5568e-46,3.7399e-178,3.0424e-10,0.66174
50,1.2205e-07,4.1062e-15,7.8036e-06,7.8036e-06,0.21618,4.1464e-10,2.2693e-11,0.0032381,0.0067446,0.056452,5.2704e-18,0.0025106,4.0362e-19,2.2925e-22,1.2921e-14,3.7286e-11,0.00015018,7.1437e-27,5.5245e-23,2.9633e-12,2.3201e-08,1.0498e-09,2.7174e-07,8.1187e-08,5.4811e-06,3.5754e-13,7.1111e-129,0.0053074,0.94385
51,3.0389e-05,3.9849e-18,0.00034786,0.0022103,0.00034786,0.00025015,4.6223e-19,0.002944,0.00066039,4.3852e-05,2.8829e-11,2.5076e-16,1.4327e-05,5.3092e-12,3.5071e-15,5.9213e-08,2.3202e-08,5.1718e-22,3.5071e-15,5.005e-11,4.428e-06,4.8053e-23,4.275e-10,1.4391e-08,2.3774e-14,2.3987e-20,9.4771e-126,1.4743e-07,0.01842
52,0.0081908,0.0043189,8.8964e-08,0.00039659,0.0013744,0.0013744,0.0027642,4.2619e-08,0.00013675,0.0053669,0.00010377,4.4601e-13,4.2619e-08,6.7289e-11,1.8282e-07,0.00051251,0.0003057,1.037e-10,3.9001e-14,8.5029e-10,4.0592e-60,4.3518e-32,6.2995e-77,5.2104e-23,0.38286,6.7289e-11,4.3907e-40,0.0017417,0.00010377
53,5.3445e-18,6.8089e-38,1.2125e-13,4.4525e-17,6.2717e-22,3.5038e-16,2.9163e-58,2.2493e-13,1.3429e-15,5.1384e-27,2.5003e-12,4.595e-33,1.3824e-12,0.0043315,2.5069e-23,0.077937,1.5311e-43,5.1384e-27,6.6094e-10,2.3091e-07,8.0299e-88,8.7124e-28,9.4107e-101,1.2361e-26,1.5339e-60,2.9547e-26,4.2882e-109,5.0099e-56,1.1734e-35
54,6.3226e-05,0.0015673,6.0179e-06,2.0548e-07,8.6756e-05,8.5459e-06,0.00091372,3.3091e-05,8.5459e-06,6.0179e-06,2.0408e-20,0.18927,1.6514e-15,3.7702e-18,4.921e-28,3.0541e-10,0.09913,9.3062e-15,1.9976e-18,1.0357e-24,1.6982e-05,7.7485e-20,6.6197e-07,1.1793e-10,7.7558e-10,6.6673e-22,2.3425e-76,7.0811e-18,8.5459e-06
55,0.055501,0.014009,0.0084246,0.0021198,0.068315,0.38502,0.0037504,0.0011688,0.0064727,0.17578,3.9245e-16,0.00085985,7.7564e-07,1.8186e-21,7.7901e-23,3.2554e-07,0.017897,1.1862e-06,2.5629e-17,1.8096e-20,1.7628e-09,8.4491e-08,2.8387e-05,1.4108e-11,0.0021198,2.0894e-07,1.1281e-130,0.00016882,0.12273
56,4.4924e-06,0.0091111,2.8942e-08,3.2905e-07,0.00094838,6.3999e-06,0.011433,9.9755e-08,3.2905e-07,4.8287e-05,0.0057024,9.1079e-05,6.3999e-06,2.2213e-07,3.4902e-05,0.00016847,0.040279,8.1719e-11,6.8621e-12,1.509e-06,6.6362e-08,1.4552e-25,2.1814e-06,9.6202e-20,0.040279,9.6202e-20,2.0054e-75,0.0004086,0.97051
57,0.034081,0.0040027,0.00059736,0.00083478,0.00042446,0.12633,0.0053621,0.0021838,0.0071327,0.016094,4.9039e-33,3.2088e-11,3.3931e-23,9.019e-36,9.019e-36,3.7832e-32,9.4534e-06,1.4669e-29,7.5717e-35,1.4254e-41,3.7832e-32,7.9865e-23,1.0056e-15,0.0015961,4.059e-06,1.6864e-07,3.9867e-99,1.0832e-06,0.18471
58,7.4037e-06,0.4119,1.9067e-08,4.0832e-08,1.4459e-06,7.4037e-06,0.049184,7.3155e-07,3.6423e-07,4.0832e-08,0.00024787,0.049184,0.2564,3.6423e-07,1.4459e-06,0.023907,1.4459e-06,0.00054482,1.7634e-09,9.1394e-11,2.5442e-05,1.5612e-20,0.00018912,7.3677e-34,0.22524,8.946e-27,2.8209e-79,5.8697e-13,0.0071835
59,1.2847e-13,5.4402e-08,2.4815e-18,3.9902e-12,3.1021e-07,7.7451e-10,8.7052e-09,7.175e-17,2.6476e-16,4.7205e-05,1.115e-05,0.0035822,0.00064277,1.614e-06,3.4704e-08,5.2358e-06,0.025685,1.115e-05,3.516e-11,2.2013e-08,4.9194e-18,4.7255e-07,1.3882e-08,0.059943,2.0739e-09,2.283e-12,3.7239e-119,9.6967e-18,0.9988
60,1.543e-08,0.0030342,4.9084e-06,1.7566e-05,1.7566e-05,0.00018443,2.531e-06,0.00013947,7.8772e-05,0.00090404,0.025057,0.00024287,0.0038179,0.0047842,0.00024287,0.0014857,1.5881e-10,0.030251,2.2817e-08,6.7931e-06,0.011318,6.5486e-11,0.030251,6.9693e-09,0.0091826,4.1873e-37,1.0639e-85,0.00054108,0.01698
61,0.0001948,0.10758,0.00025939,0.0027875,0.077057,1.6751e-05,0.054206,8.6709e-06,5.9221e-05,0.030917,1.6455e-32,0.0035482,4.6268e-12,2.661e-21,3.0502e-15,3.217e-10,0.00014563,1.7246e-17,3.1986e-16,7.5474e-12,0.0016973,4.4667e-30,6.7696e-09,8.8291e-58,9.9446e-29,9.967e-16,1.3459e-186,1.5447e-06,9.8416e-21
62,0.015213,3.3035e-11,0.0045794,0.0020915,1.0052e-05,0.0095614,4.0869e-12,0.0075204,0.023698,7.1643e-07,2.513e-36,1.4983e-10,4.9434e-29,1.901e-44,5.2906e-50,1.2066e-39,2.2136e-16,1.919e-51,6.1224e-75,4.8009e-61,0.0045794,1.6138e-24,3.2123e-07,4.1152e-16,1.5263e-33,2.2041e-38,5.8595e-123,2.3768e-45,0.95824
63,1.0373e-07,0.23501,3.6238e-11,9.4686e-11,1.5428e-07,4.4381e-06,0.053781,2.4274e-10,9.615e-10,1.0373e-07,2.0474e-18,4.8497e-23,8.6694e-09,2.665e-16,4.8497e-23,3.4535e-27,1.5557e-28,2.9932e-34,7.0609e-34,4.2861e-45,3.0216e-12,4.3401e-40,6.4282e-13,3.8736e-33,8.6694e-09,8.1183e-17,1.3248e-122,0.044572,0.98796
64,0.0052606,1.088e-14,0.20121,0.01773,0.084554,0.023508,5.0911e-15,0.13275,0.0013585,0.01773,9.1136e-33,0.00065529,5.3019e-22,1.2052e-23,2.8937e-34,4.9411e-20,0.00065529,5.3019e-22,2.4065e-30,8.7513e-26,0.0098269,0.0052606,0.05201,5.9723e-05,0.030899,3.8175e-08,4.5381e-48,0.030899,0.99993
65,2.2575e-11,7.1864e-28,5.4183e-13,5.046e-15,5.4183e-13,2.3519e-10,1.8521e-27,1.4761e-13,3.908e-14,5.4183e-13,2.1694e-07,0.25495,1.3393e-07,8.8324e-07,1.3232e-10,0.00053256,0.25495,2.173e-06,6.1096e-16,5.046e-15,1.5694e-17,3.5306e-43,1.9894e-14,6.9023e-20,6.3827e-09,4.1506e-10,2.6273e-105,3.4889e-07,5.1955e-06
66,0.01496,0.006235,0.0084141,0.0033426,0.0033426,0.00042513,0.0024183,0.0017356,1.738e-05,0.01496,1.025e-10,0.2882,6.261e-09,1.8174e-06,1.1243e-05,5.5056e-08,0.054827,2.0125e-09,3.5763e-14,1.0912e-08,0.006235,1.46e-13,0.0045835,0.033403,0.0033426,2.9459e-11,6.5272e-98,0.0033426,1
68,1.2125e-08,0.027124,4.2705e-11,2.1964e-13,1.0266e-07,2.5799e-11,0.00010719,2.312e-14,4.0491e-15,4.9778e-09,3.8117e-23,2.8034e-21,7.1993e-14,2.0061e-25,2.0055e-44,1.5506e-11,0.0002713,1.5546e-32,2.4036e-18,4.5915e-18,0.0055102,0.0042992,1.5499e-07,0.0002713,1.5499e-07,3.6933e-16,5.7362e-166,1.9226e-12,0.98209
69,0.00038057,8.4506e-10,5.1015e-05,0.00084399,0.044404,0.00038057,0.00084399,2.7636e-05,0.00028932,6.8865e-05,1.9481e-39,8.4538e-22,3.3693e-27,1.124e-38,1.9481e-39,8.0575e-40,2.8114e-18,6.9894e-48,9.3799e-68,2.3669e-89,3.5332e-10,1.452e-10,3.961e-06,0.00012387,0.0018004,3.0769e-23,3.8173e-172,6.9321e-09,5.5348e-06
70,2.7703e-07,6.1491e-05,0.0011123,1.093e-06,6.126e-10,3.4528e-05,0.0044227,4.0516e-06,4.6168e-05,1.093e-06,0.00010781,0.00052917,6.8193e-09,9.4988e-08,0.0028355,5.0715e-17,6.1491e-05,2.0976e-29,1.2224e-31,1.1823e-26,5.9408e-27,0.18342,0.00014192,0.0054913,3.0964e-13,3.3682e-23,3.9993e-162,0.0054913,0.27095
71,1.377e-07,0.00018722,0.0021079,0.032397,0.012993,0.0015889,2.1192e-07,0.0003549,0.010193,0.012993,1.3495e-09,5.739e-09,5.4298e-06,1.0784e-10,1.0784e-10,4.865e-05,3.2428e-07,2.2111e-11,2.2053e-24,4.8634e-24,0.040133,4.4574e-25,4.865e-05,7.9667e-13,0.004756,1.7186e-19,5.1487e-133,2.7886e-18,0.00018722
72,7.9473e-11,0.35239,3.6343e-10,3.4127e-14,1.104e-13,1.0811e-12,0.13971,1.8862e-12,1.8817e-14,1.0811e-12,1.2708e-46,1.753e-27,6.0461e-29,3.3716e-73,1.7313e-63,5.7881e-54,9.0188e-35,2.8578e-70,6.1368e-63,1.9587e-71,1.8698e-17,1.483e-07,3.0512e-15,6.1625e-13,3.2454e-19,1.6534e-11,2.2797e-104,2.4731e-24,5.5013e-06
73,0.06666,0.02445,0.06666,0.05251,0.12989,0.05251,0.45866,0.083939,0.05251,0.12989,4.423e-42,7.5883e-08,2.2208e-38,1.79e-40,1.5309e-41,5.9266e-46,8.0856e-13,2.6812e-25,3.791e-77,1.3292e-53,3.5618e-05,4.4674e-08,0.0001213,9.7242e-06,0.0058178,7.5883e-08,2.0473e-76,0.010585,0.1945
74,3.9902e-09,0.006371,1.646e-12,2.8795e-12,4.0354e-08,5.6584e-10,0.25194,1.4901e-11,7.3272e-11,2.5484e-11,3.9778e-06,0.00014231,0.016918,8.5132e-06,1.5198e-09,0.061744,0.013367,0.00019725,1.2319e-10,1.781e-05,3.008e-24,2.8788e-41,1.1462e-29,1.2861e-15,0.49793,1.8923e-16,3.008e-24,1.2176e-06,3.5411e-07
75,0.010526,0.0013804,4.917e-05,0.00078872,0.057604,0.0065341,0.016608,0.0010461,0.03166,0.038852,3.8594e-09,0.00032767,1.888e-17,3.6991e-10,5.9743e-10,9.5771e-26,2.0145e-06,2.6219e-15,1.756e-36,2.0588e-24,9.5089e-09,1.1765e-43,0.0023663,2.0023e-26,0.22595,2.7284e-14,6.8241e-148,0.069597,1
76,3.394e-20,9.585e-33,6.4065e-11,9.7927e-18,1.7671e-20,4.4086e-19,3.4496e-46,2.0474e-08,5.9689e-15,9.1581e-21,0.00026523,1.7954e-17,2.4606e-11,4.7242e-21,3.4104e-15,5.9902e-06,7.7147e-37,8.2728e-19,4.0319e-23,6.7448e-27,7.8711e-127,3.319e-34,4.5821e-44,3.1706e-27,3.023e-49,2.0917e-06,8.04e-78,4.8865e-51,8.8225e-39
77,1.9773e-05,1.9773e-05,7.7208e-06,0.0012527,0.0025714,0.00075989,8.7327e-05,0.00015372,3.6261e-05,0.0020316,7.4547e-07,7.7208e-06,0.011929,6.2756e-16,8.163e-13,8.7327e-05,7.7208e-06,0.0025714,0.00015372,0.00015372,8.4951e-09,2.9056e-06,2.9674e-21,0.0005882,4.0309e-08,1.4165e-29,5.3351e-208,0.18711,1
78,1.1058e-17,1.8846e-06,1.5449e-21,2.1374e-20,3.6256e-15,5.2252e-23,2.8048e-05,1.3059e-23,4.0755e-20,2.6874e-13,3.6357e-93,1.0862e-34,8.7707e-46,2.5124e-99,3.5461e-154,1.8983e-122,5.5935e-70,3.3344e-87,1.3557e-115,2.6749e-150,2.5603e-37,4.1958e-44,9.4573e-08,2.5314e-34,9.413e-14,1.8857e-14,1.0477e-182,2.0635e-30,4.5948e-27
79,2.2536e-05,1.2928e-06,2.5084e-06,0.00079595,1.2275e-05,9.2269e-07,3.4733e-06,6.5812e-06,6.5812e-06,2.3012e-07,0.90664,0.00012686,0.043904,0.025623,0.017545,0.0020842,0.014432,1.2928e-06,2.3022e-11,3.7113e-08,0.0041162,0.021245,0.00028537,8.6149e-11,0.061637,5.613e-17,4.3261e-126,5.4234e-09,0.17836
80,1.0458e-06,4.8178e-49,0.72856,0.17518,9.615e-10,3.0636e-08,6.6666e-41,0.044572,0.0011566,1.5197e-10,0.55561,0.00067265,3.0636e-08,0.0011566,0.053781,0.0066383,1.5428e-07,4.9339e-07,1.2483e-05,3.0636e-08,0.00038382,5.6378e-09,0.12805,1.1759e-23,0.00067265,5.7799e-19,2.6491e-143,0.00028787,1
81,0.0013829,0.0022646,0.0017735,0.0045939,0.0045939,0.0036447,0.0022646,0.0017735,0.0036447,0.0022646,6.6483e-09,4.3983e-09,1.944e-06,0.0022646,3.2635e-07,5.9333e-14,4.7037e-07,2.762e-13,4.5721e-13,2.2827e-19,2.9981e-42,6.7503e-07,1.5309e-28,0.00028388,0.00021476,5.9333e-14,7.9872e-117,1.4346e-05,0.87474
82,0.0035778,0.23458,0.0022396,2.1258e-05,0.0056207,0.0013787,0.17816,0.00016748,0.00012628,0.0010749,2.7906e-08,0.04185,7.6185e-15,1.9481e-12,3.6335e-14,0.00029089,9.4824e-05,1.7961e-17,8.093e-12,4.5159e-13,3.0783e-06,5.961e-06,2.1258e-05,0.00083461,0.083094,5.3518e-19,4.1016e-70,0.0044938,0.23458
83,2.0488e-10,0.00010076,2.1164e-14,7.5372e-11,3.6215e-09,6.4982e-15,0.18248,3.0212e-20,1.6554e-16,3.6215e-09,7.5372e-11,1.1759e-14,0.052461,1.6554e-16,2.4591e-17,7.5372e-11,1.5011e-20,6.436e-13,6.7163e-18,3.572e-15,0.0056189,9.5706e-12,2.9361e-29,7.1834e-32,2.0488e-10,1.9252e-12,1.2738e-101,0.0043644,2.4591e-17
84,3.7997e-06,0.0885,0.00034656,0.00034656,0.0013821,0.0048871,0.0078312,0.0013821,0.0023239,0.0013821,0.0885,4.0828e-05,0.028709,1.082e-05,8.8008e-07,6.0324e-07,0.00061144,4.7015e-10,2.9552e-10,2.1838e-12,2.817e-34,1.5674e-13,3.4918e-36,6.89e-09,5.6224e-05,1.7471e-14,2.3882e-91,1.269e-07,0.26385
85,0.00012674,0.13982,0.00012674,0.00043195,0.013086,0.0050304,0.44286,0.00023642,0.0013547,0.0064385,0.0017796,2.1481e-10,0.038459,6.6545e-05,2.7348e-07,0.046975,1.4113e-08,0.010384,7.9207e-08,8.5028e-06,8.0044e-11,0.0039099,4.1083e-06,0.00043195,0.0003204,4.3516e-15,2.739e-123,0.00023642,0.19286
86,0.009162,3.9251e-05,6.3193e-08,0.0032105,0.2036,0.00029807,0.029808,7.897e-05,0.00015522,0.014946,2.2598e-14,3.8569e-09,1.3166e-05,6.6883e-11,5.3213e-10,6.6883e-11,2.2897e-11,1.2222e-14,3.9071e-22,3.6115e-24,1.3281e-11,1.3745e-53,1.8977e-06,1.2969e-45,0.00040945,7.6584e-12,6.3123e-88,0.10129,1
87,0.00013729,0.01223,0.00013729,3.9898e-05,0.028225,9.1697e-05,0.036684,3.9898e-05,1.6791e-05,0.0012985,1.9893e-17,0.0012985,4.638e-08,4.4407e-17,1.0147e-15,1.5462e-08,2.6915e-06,8.8172e-09,1.7012e-18,8.8375e-18,0.00043833,0.00013729,1.668e-06,0.00091166,0.021537,1.668e-06,1.2914e-63,0.060438,0.18191
88,8.0078e-07,2.095e-12,5.2936e-09,1.6307e-07,9.4767e-06,2.8964e-09,2.371e-10,5.2936e-09,2.8964e-09,2.211e-06,9.8639e-48,0.00045731,2.1295e-42,5.0956e-39,3.4173e-33,1.0965e-31,0.0028687,2.5363e-45,1.8199e-26,9.6545e-53,8.0078e-07,1.5117e-05,0.00067233,1.6788e-11,2.797e-07,8.0078e-07,8.119e-68,8.9402e-05,3.9084e-22
89,6.9654e-13,2.7201e-05,4.3811e-11,1.7979e-12,6.5825e-08,6.8042e-11,0.000572,1.6303e-13,2.8097e-11,3.8042e-10,2.8097e-11,0.00034077,6.5482e-05,2.1274e-08,2.1931e-06,1.1229e-06,0.035409,1.1229e-06,0.00026145,4.9054e-05,9.8216e-09,1.4065e-38,1.3381e-14,2.883e-60,0.003872,8.7766e-37,4.5385e-94,5.6591e-07,0.22816
90,2.5476e-18,3.4047e-13,2.0823e-26,1.1156e-19,9.0945e-19,7.0464e-18,9.8282e-05,7.9588e-25,4.8312e-23,3.8482e-15,1.3535e-28,0.01143,3.1649e-17,8.4744e-24,3.723e-29,3.1588e-38,0.016319,3.1588e-38,6.925e-59,5.2049e-50,2.2898e-10,0.00066208,3.0605e-09,1.8713e-12,0.00041888,9.1616e-28,1.1717e-266,0.0053975,7.6332e-05
91,1.9467e-11,2.2573e-09,0.00028034,8.018e-09,1.0255e-13,1.5988e-07,6.9174e-06,1.1382e-05,8.5353e-07,1.5857e-10,0.011592,0.00028034,0.46148,0.0004256,0.00028034,0.011592,1.8539e-05,0.0059679,0.0029512,4.9331e-07,0.11034,6.1043e-10,0.11034,0.00018281,9.4825e-12,0.00018281,1.8658e-78,7.9605e-11,0.32402
92,0.090624,0.12546,0.030629,0.037116,0.53313,0.26101,0.10687,0.025162,0.090624,0.19747,1.2395e-13,0.076497,1.5792e-17,3.5056e-13,1.2395e-13,7.722e-11,0.0012941,4.0581e-19,1.6567e-16,4.1997e-23,6.0227e-06,5.1615e-17,1.163e-09,8.4427e-28,0.38227,3.2284e-20,1.9365e-98,2.241e-08,0.99102
93,1.2534e-10,0.031317,6.1517e-14,2.7222e-17,1.5858e-09,1.1538e-12,0.036581,8.5689e-12,1.4427e-13,2.252e-09,3.2148e-36,1.3455e-06,1.921e-37,3.2489e-42,3.2489e-42,1.0688e-27,1.7356e-08,1.0688e-27,1.0181e-34,3.0072e-31,3.1885e-09,4.5828e-16,1.6753e-14,2.1098e-05,1.9635e-27,1.2764e-25,2.2579e-292,3.9062e-18,1.1679e-22
94,0.0016106,7.3649e-11,3.5288e-06,2.6999e-05,0.00072483,9.5408e-05,0.0020819,8.1489e-08,5.0122e-06,0.35716,5.0122e-06,5.962e-29,0.15381,1.582e-08,3.1509e-22,0.0016106,1.1824e-10,0.016975,6.7763e-09,6.558e-15,0.0026786,1.9713e-35,1.582e-08,2.4144e-19,0.00023404,2.2786e-24,2.7086e-29,1.0577e-11,1.7303e-11
95,2.5767e-24,0.0016212,3.1316e-18,4.8723e-13,3.2543e-16,4.5861e-26,0.010346,2.3708e-17,1.2074e-21,3.8195e-27,7.0796e-28,1.1694e-06,1.103e-20,1.6223e-30,9.9982e-39,5.9211e-55,4.0434e-11,5.8209e-47,7.0691e-70,4.7352e-57,2.2174e-07,1.1938e-05,0.0037124,0.016692,2.5767e-24,1.7052e-16,3.7304e-100,7.0796e-28,0.99886
96,4.8261e-09,1.1986e-11,7.6765e-09,1.8763e-09,6.8921e-18,7.1361e-10,3.441e-11,1.9105e-08,2.9893e-08,1.178e-15,0.0027371,0.046578,0.00089262,0.037908,0.0027371,0.015742,7.3971e-15,7.1984e-08,1.1986e-11,6.1076e-06,7.1984e-08,7.0162e-12,2.1852e-15,1.3616e-12,4.4211e-14,8.8489e-06,7.9152e-163,1.6958e-07,3.3686e-26
97,0.0067033,0.023353,0.002944,0.003897,0.029426,0.002944,0.029426,0.00025015,0.00034786,0.045863,2.9571e-06,0.00066039,0.045863,2.8829e-11,9.2501e-13,3.718e-08,0.00025015,2.9836e-12,6.6784e-15,2.3569e-22,0.0016493,0.069738,9.4941e-16,6.5896e-06,0.4449,1.6246e-17,4.4145e-120,0.01125,1
98,2.3689e-29,1.3242e-08,3.1573e-26,1.5205e-27,9.5652e-31,1.0795e-31,3.647e-05,1.1584e-26,6.79e-29,1.2522e-35,3.1573e-26,7.1985e-17,2.7756e-18,6.0792e-25,5.44e-28,4.5034e-22,0.020742,6.0792e-25,8.5337e-26,9.3574e-20,1.6437e-11,2.3674e-05,5.6117e-13,1.3242e-08,4.4104e-53,1.0854e-23,5.1548e-108,1.3242e-08,1
99,6.9331e-05,9.0287e-07,0.0044584,2.871e-06,0.0030259,0.0030259,3.8053e-06,0.0020293,0.0036784,3.256e-05,7.2453e-42,0.14415,1.244e-30,1.244e-30,4.8122e-24,8.6015e-25,0.0010898,3.9909e-54,3.0329e-40,1.244e-30,1.3228e-39,6.711e-07,2.2013e-16,1.3764e-16,1.4886e-05,6.7133e-28,2.8581e-267,5.333e-17,0.0024817
100,0.021341,0.0028949,3.0156e-07,0.0054761,0.0054761,0.001176,0.042864,9.9463e-06,0.0023238,9.5937e-05,4.0042e-06,0.0044439,0.0014811,2.1438e-06,3.1801e-05,7.3193e-05,0.24461,1.3373e-05,1.8662e-09,2.3359e-12,4.214e-05,1.8e-08,2.1438e-06,7.0608e-35,0.34734,1.4976e-26,2.8941e-99,0.069609,0.036203
101,0.015325,0.038669,0.019492,0.0071804,0.030963,0.024642,0.024642,0.00014269,0.030963,0.011975,6.6358e-07,6.6358e-07,0.00038616,3.3228e-10,1.1489e-07,7.2987e-08,0.00072744,2.8925e-08,4.3704e-21,4.1718e-20,0.00010115,2.3193e-06,1.5556e-09,1.8276e-27,0.0071804,3.9004e-16,1.2262e-118,0.00038616,0.18367
102,0.088888,2.8511e-14,0.04623,0.21066,0.075928,0.015427,3.278e-13,0.064606,0.47726,0.00088481,0.0028717,2.0806e-11,0.10365,1.0637e-05,1.043e-08,0.1204,1.9519e-05,0.0018142,1.9519e-05,5.0139e-11,7.738e-11,0.0011285,5.7098e-07,0.00041668,1.8217e-10,2.7508e-16,2.4773e-203,3.5268e-05,0.032569
103,5.7641e-07,5.2125e-10,1.4403e-08,5.7641e-07,0.0002151,5.7728e-08,1.4403e-08,8.1003e-08,2.0481e-08,7.7989e-05,4.006e-29,0.12099,3.0333e-15,7.7697e-29,8.6925e-37,4.6244e-18,0.00044451,2.7378e-30,8.0574e-42,3.0906e-34,1.4699e-06,2.1935e-07,0.00010101,7.0515e-09,1.1619e-05,1.2808e-22,5.8265e-109,3.163e-14,0.0026592
104,2.4727e-06,1.9461e-05,3.4503e-14,3.6245e-08,1.3962e-05,3.6245e-08,7.008e-05,3.4503e-14,2.4002e-08,7.008e-05,3.5288e-06,0.008799,4.9977e-13,0.0034301,2.6999e-05,2.9558e-13,3.5288e-06,3.4503e-14,1.146e-14,2.2786e-24,1.582e-08,5.6013e-18,7.0857e-06,1.8893e-10,0.00012928,2.8174e-11,2.9232e-163,0.016975,4.756e-10
105,2.3686e-10,1.4602e-10,1.8051e-14,8.5158e-17,1.2152e-07,2.4495e-17,3.8795e-09,3.638e-18,1.9071e-18,1.4952e-12,1.4991e-40,2.4495e-17,1.548e-27,2.1435e-41,2.5118e-50,2.4118e-33,3.5763e-25,1.0015e-33,1.1968e-46,8.877e-75,2.5118e-50,0.042471,0.00071083,0.0016272,6.0738e-09,8.1575e-06,2.1526e-134,6.9988e-20,9.9474e-19
106,7.2285e-11,7.2285e-11,1.8659e-11,9.706e-10,1.7466e-10,2.9426e-11,4.6409e-12,4.7852e-07,1.1235e-08,6.8521e-13,1.3979e-42,7.2285e-11,8.479e-25,5.399e-26,3.6139e-35,3.2184e-27,3.1508e-17,1.5718e-39,6.6269e-40,1.515e-44,3.3498e-07,2.9426e-11,0.0015301,0.00010935,1.653e-19,4.6631e-23,1.7098e-101,3.2709e-22,0.0015301
107,0.0061704,0.12519,0.031872,0.0039216,0.00053926,0.0024502,0.014512,0.0061704,0.00053926,0.009544,0.031872,0.00053926,0.12519,0.009544,0.00090857,0.00053926,0.0039216,5.6401e-05,4.4866e-06,1.2492e-08,0.16881,2.4184e-09,0.0039216,0.014512,0.12519,1.142e-06,9.1779e-21,0.29108,0.67891
108,0.54939,0.0069731,0.074076,0.036161,0.1726,0.092612,1.5779e-08,0.046287,0.058786,0.058786,4.7777e-11,0.092612,1.6116e-14,5.7381e-07,5.3409e-10,2.9554e-10,0.092612,6.5389e-20,3.0072e-09,5.2668e-09,0.0010141,9.152e-09,2.1786e-05,0.0037838,0.012454,1.5779e-08,5.7891e-112,0.028029,1.9594e-12
109,0.014925,0.011787,0.0056162,0.023532,0.0072306,0.0001269,0.45479,0.0072306,0.0072306,0.0043381,5.1309e-15,1.7156e-20,7.4995e-07,5.6501e-14,7.4404e-11,2.0671e-10,0.08073,1.7528e-26,6.2243e-17,2.1399e-29,3.2969e-07,2.6988e-31,2.1254e-24,0.00033073,0.51242,5.752e-19,3.2307e-72,0.00045011,1
110,2.7205e-05,0.29564,0.00015012,0.00071932,0.00039092,0.010814,0.25486,0.00071932,0.00039092,0.0084587,1.9233e-12,0.4441,1.7093e-09,4.2811e-06,1.3206e-05,0.0039136,0.13262,2.7699e-09,1.964e-06,1.3206e-05,3.8629e-07,1.7199e-11,2.9324e-11,0.002993,0.34082,6.0715e-14,3.8882e-68,6.2672e-06,0.39037
111,0.00053487,0.0042037,1.8556e-07,9.2478e-08,2.1981e-08,0.00025184,0.0051899,7.1493e-07,5.131e-07,1.3728e-06,4.4645e-41,6.6697e-05,1.51e-33,6.687e-33,4.4384e-27,1.0671e-23,0.0010991,1.2126e-54,2.5653e-56,2.9017e-43,5.9606e-11,1.3693e-57,0.057566,1.9325e-66,8.9005e-06,1.51e-33,3.6848e-213,2.876e-05,0.067515
112,8.46e-11,2.3021e-05,1.3608e-10,4.4176e-12,9.5802e-08,1.2244e-21,3.3086e-13,3.2231e-11,8.6856e-10,1.2999e-19,8.6856e-10,0.0018883,2.038e-06,1.4141e-06,5.2343e-11,7.9134e-09,0.0018883,1.3608e-10,9.3036e-21,7.1902e-15,1.9752e-11,3.4017e-32,0.00036856,7.6663e-23,0.010221,6.7718e-20,8.6246e-156,0.0040072,0.99976
113,0.11554,8.042e-07,0.0099676,0.0028742,0.024531,0.055521,7.7221e-06,0.012583,0.01974,0.18939,2.1523e-22,1.4362e-11,1.9715e-09,1.0755e-26,1.7991e-41,1.5844e-16,7.7221e-06,8.4746e-17,5.3881e-25,1.2053e-35,5.828e-13,1.0573e-07,2.3775e-26,4.7577e-10,0.067213,2.9389e-08,3.75e-62,0.18939,0.99993
114,9.4085e-14,5.9078e-09,2.9978e-21,4.3202e-22,1.5657e-13,1.9898e-14,0.014744,1.5784e-21,5.6693e-21,1.4954e-16,0.038881,2.5842e-09,0.00010506,0.00010506,0.0097102,9.0202e-06,9.0202e-06,1.6982e-09,4.05e-15,4.8125e-17,1.6632e-73,2.7127e-17,1.9596e-56,1.4495e-38,4.6979e-10,7.9328e-16,1.1313e-103,1.1113e-09,7.7573e-34
115,1.662e-09,2.1827e-14,2.5781e-20,1.2946e-15,1.1336e-07,1.4391e-16,4.3426e-12,1.4548e-18,1.4548e-18,1.6797e-13,0.016177,0.016177,0.027221,0.0020711,0.0020711,0.5134,0.0028406,7.4224e-06,0.00012655,4.8047e-06,2.0973e-21,6.8633e-08,1.1958e-25,6.8633e-08,4.7042e-26,2.4603e-08,4.2434e-91,6.8633e-08,0.021063
116,0.0013821,1.5247e-17,2.4718e-08,0.00014264,0.015322,0.0017965,7.1877e-29,1.8464e-06,0.00046144,0.015322,2.6551e-06,0.00019269,4.4577e-09,1.8464e-06,0.0098421,2.7935e-07,0.0048871,4.7015e-10,6.89e-09,2.6551e-06,1.519e-05,6.9745e-25,0.0023239,3.0112e-24,8.216e-18,8.4836e-36,4.2145e-84,1.6558e-27,0.0885
117,0.001428,0.18763,0.0058086,0.0033744,0.00011053,0.0075522,0.091018,0.0010592,0.00057236,0.0075522,4.6503e-14,0.00078099,2.1304e-08,5.5495e-19,1.7729e-26,3.7013e-17,0.0033744,7.2978e-17,3.9602e-29,3.8712e-33,0.0025487,1.4194e-20,0.049632,1.4229e-10,0.049632,8.5802e-14,1.1856e-74,0.00078099,0.15804
118,1.1386e-24,0.0023036,2.9985e-27,2.1455e-28,2.3406e-30,4.9641e-25,2.1346e-06,6.9929e-22,7.1348e-27,4.6749e-34,4.6749e-34,4.8936e-10,6.9929e-22,5.8491e-30,6.5824e-35,6.0513e-47,1.0292e-17,8.8207e-40,1.2278e-53,2.0563e-76,9.2786e-07,5.4782e-66,9.2786e-07,6.5824e-35,0.08685,1.9728e-12,5.9529e-121,6.0614e-07,1
120,0.00035461,1.9315e-05,0.0026851,0.0010093,0.00078198,0.023074,0.00020495,0.00078198,0.0026851,0.0021158,0.15099,2.6242e-21,1.6172e-07,0.11147,6.5076e-05,0.17459,2.63e-11,1.6561e-14,5.9244e-10,2.5049e-12,7.4306e-06,1.3897e-06,2.5049e-12,5.8092e-13,9.8134e-07,5.77e-15,1.1453e-80,0.98591,0.11147
122,3.7646e-06,6.1625e-13,0.081444,0.0014901,9.3728e-05,1.483e-07,1.6534e-11,0.00083769,0.00046061,4.0987e-09,1.3265e-10,1.8862e-12,0.00046061,9.6892e-12,1.0318e-14,5.5013e-06,4.7692e-05,5.6265e-15,3.6343e-10,2.8058e-11,0.0093951,5.6265e-15,0.0033913,1.317e-16,1.0392e-08,2.1476e-89,5.1851e-158,1.7752e-42,1.5811e-09
123,0.10965,7.3096e-08,0.027653,0.0011068,0.0095177,0.056934,2.727e-05,0.016465,0.012565,0.016465,1.5603e-08,0.0015389,2.0714e-06,6.1013e-15,1.3404e-12,2.6301e-08,1.3135e-06,8.2676e-07,3.6938e-17,9.5952e-14,0.0095177,3.446e-16,0.012565,1.2051e-07,3.2784e-10,4.4009e-08,1.5707e-91,0.045086,0.44931
124,0.0012613,0.11456,3.9033e-05,0.17668,0.0050049,0.07166,0.07166,0.084126,0.0020287,0.0094509,8.9725e-71,9.297e-19,6.3452e-41,7.8908e-78,4.4756e-83,2.0453e-66,2.932e-18,2.584e-77,4.8006e-89,2.0453e-66,3.482e-15,6.9593e-05,2.3497e-21,1.2224e-06,3.9033e-05,8.9136e-20,1.2389e-115,0.00077182,0.37565
125,1.7083e-07,1.0125e-08,6.6386e-09,3.4942e-08,7.7977e-08,1.8201e-09,0.0014437,5.2319e-08,1.5372e-08,1.1096e-11,0.085031,0.25037,0.57518,0.00021136,0.022994,0.13894,0.11852,0.00028199,7.7977e-08,2.2991e-06,0.0014437,2.4279e-34,0.00049507,1.1096e-11,0.01225,1.963e-25,1.3717e-36,0.0011125,8.6564e-05
127,0.22323,2.0619e-19,0.003554,0.59763,0.014447,0.14105,7.3753e-07,0.022176,0.19252,0.0092304,0.00041706,6.918e-08,6.8154e-05,0.0007337,9.3466e-06,0.0021418,0.049285,0.049285,2.2549e-06,3.6224e-14,2.1238e-15,7.4286e-21,2.0116e-16,1.1819e-14,2.0934e-39,6.5985e-06,5.6484e-158,4.5077e-32,3.5338e-25
128,0.0057947,0.0011849,0.0020542,0.0094283,0.093932,0.0074111,0.18478,0.0015643,5.5069e-05,0.0034869,1.0973e-11,7.6652e-05,4.3054e-13,2.3115e-10,3.8084e-12,1.9142e-20,4.0247e-09,1.3953e-24,7.7318e-30,2.2997e-21,7.7408e-15,2.2259e-12,2.0461e-34,2.5332e-09,0.0045069,0.0074111,6.3392e-46,0.0057947,2.8183e-26
129,4.1481e-10,7.2019e-05,5.9296e-08,3.5372e-11,3.0412e-13,3.8752e-08,1.367e-07,1.0488e-08,2.5615e-10,1.0488e-08,9.9861e-14,9.9402e-05,1.708e-09,3.0412e-13,2.1287e-11,0.00082097,0.0002534,1.5108e-16,1.2744e-11,3.1239e-15,1.3309e-05,1.7472e-13,0.00061667,2.0596e-07,1.2744e-11,2.2773e-22,3.8712e-147,6.8294e-07,0.68103
130,0.33591,3.2905e-07,0.0016225,0.011433,0.19144,0.040279,0.43059,0.0072256,0.048845,0.19144,5.4915e-30,1.0017e-46,5.4839e-17,3.8146e-41,1.433e-64,2.0259e-31,6.3663e-36,5.8717e-24,1.2893e-47,1.433e-64,3.1921e-27,2.8942e-08,0.021936,5.1918e-09,2.4414e-18,2.4244e-30,5.7074e-144,4.9651e-20,4.4924e-06
131,1.1669e-06,0.0011203,1.0392e-08,4.0987e-09,3.4412e-07,2.3736e-05,0.019035,7.8103e-07,0.00018016,9.6549e-08,1.7338e-06,3.4412e-07,1.1554e-05,0.13971,0.0073431,1.483e-07,0.00062289,6.1625e-13,7.9473e-11,1.0392e-08,0.00024772,1.9085e-30,7.9948e-06,1.5811e-09,0.26507,3.4127e-14,5.7881e-54,2.3736e-05,0.91442
132,9.0762e-06,0.10272,5.9407e-07,4.8029e-05,0.00022515,5.872e-06,0.12649,2.2534e-07,9.5368e-07,0.00015476,1.09e-10,0.01934,8.2922e-08,6.7223e-16,1.195e-14,0.00093504,0.052555,1.9747e-09,5.9664e-09,1.9753e-10,0.00010558,4.8146e-14,1.9747e-09,5.8863e-15,0.15457,4.9735e-08,1.1117e-83,0.50131,0.50131
133,0.0097181,2.8311e-22,6.7554e-05,0.0018236,9.6641e-05,0.0043315,3.8849e-25,1.3278e-06,0.00027239,1.0252e-05,9.4107e-101,4.1592e-50,1.3489e-72,5.1929e-100,1.4916e-107,1.2829e-90,4.885e-48,9.4014e-86,9.5924e-93,4.2882e-109,2.6032e-18,9.054e-25,8.7124e-28,2.5069e-23,0.012562,7.5949e-13,1.219e-122,1.3278e-06,1
134,0.015052,2.5272e-06,0.00010951,0.00096202,0.0025752,0.018415,6.0964e-05,0.0051545,0.0032593,0.0005732,1.4781e-36,0.079289,3.6686e-21,2.1198e-34,1.249e-52,3.8364e-23,0.079289,7.4541e-23,9.3641e-35,3.7136e-39,3.3368e-05,3.4105e-12,1.2707e-06,0.00025537,2.73e-15,4.5438e-41,3.112e-177,4.7783e-34,0.99391
135,9.3683e-06,4.6943e-28,9.3713e-10,6.5986e-09,1.6059e-07,4.0495e-05,2.5898e-27,5.6699e-10,5.6699e-10,2.4755e-07,2.1018e-22,1.3189e-06,1.0811e-17,4.3096e-21,4.4826e-23,3.4106e-10,0.12267,4.5483e-14,1.4385e-29,1.9812e-28,6.6413e-08,6.5986e-09,1.65e-19,0.0024819,1.6059e-07,1.371e-18,8.1002e-96,5.6699e-10,0.5437
136,4.9102e-05,0.40417,9.632e-05,0.00063681,0.0020086,0.00013379,0.04563,6.8962e-05,1.1942e-05,0.00063681,0.11828,0.0026401,0.0026401,0.00047129,0.00034687,0.0057998,0.037094,5.6975e-06,3.722e-14,5.419e-07,0.012123,0.00047129,0.009534,8.1322e-07,0.098853,3.7857e-13,1.3017e-132,3.4769e-05,1
137,6.6093e-10,2.4655e-06,7.2305e-08,7.1609e-07,1.8852e-05,9.8037e-07,0.021301,2.0539e-09,4.301e-09,1.2709e-08,2.0539e-09,0.0025442,2.7721e-11,6.1927e-09,3.0519e-10,6.6093e-10,1.8852e-05,2.0635e-10,9.0235e-21,5.9464e-18,7.2881e-05,4.0274e-47,4.2863e-05,6.9939e-28,2.735e-07,9.3124e-22,2.1101e-67,1.424e-05,0.1033
138,6.4301e-21,0.00020304,9.1999e-19,3.4112e-23,4.1005e-19,4.1005e-19,6.8349e-08,9.3883e-16,9.1999e-19,4.1005e-19,0.010569,7.8914e-06,0.0031998,0.0023285,4.2558e-05,0.063694,1.8609e-05,1.9235e-12,7.8914e-06,1.3104e-11,4.4831e-16,2.291e-36,1.4163e-08,1.4639e-32,6.3624e-05,3.5102e-25,1.2453e-65,0.0031998,8.326e-23
68.639,0.023068,0.035799,0.019326,0.020624,0.029723,0.018186,0.040609,0.013586,0.015676,0.02374,0.028676,0.024735,0.026328,0.012852,0.005154,0.016934,0.022038,0.0011029,4.1441e-05,0.00021851,0.0068427,0.010231,0.013425,0.0045874,0.061222,0.00042002,1.4731e-16,0.032703,0.41023
