,0,1,2,3,4,5,6,7,8,9,10,11,12,13,14,15,16,17,18,19,20,21,22,23,24,25,26,27,28
0,-0.14397927,-0.6938059,-0.24362245,0.08509731,-0.47195205,-0.26865384,-0.70329064,-0.35363868,-0.43956563,-0.6338001,-0.119204864,-0.06340167,-0.12527187,-0.00064801413,-0.23022857,0.15183167,0.12782538,-0.0800918,0.13552144,0.015344808,0.076683335,0.78317374,-0.03196933,0.54234004,0.019480795,-0.9596456,-0.99909717,-0.6710124,-0.9998455
1,-0.061639342,-0.30606526,0.1414614,0.21693365,-0.26412997,-0.307489,-0.2940227,-0.20521027,-0.22849555,-0.36747512,-0.12336038,-0.51306057,-0.110471554,-0.10804275,-0.33438113,0.07307776,-0.16487007,0.08744372,-0.06301481,0.23251855,-0.040329106,0.9144713,-0.10218382,0.8433912,0.06644826,-0.99806327,-0.99899626,-0.81362236,-1.0
2,-0.86172867,-0.7667025,-0.95688117,-0.8867407,-0.8232557,-0.8340858,-0.822045,-0.91004413,-0.9170682,-0.8569077,0.6618799,0.4927113,0.3085871,0.66823256,0.6129969,0.5283029,0.37601873,0.3013381,0.82588196,0.8941623,0.47017735,-0.0006506144,0.80428326,0.111934215,-0.044635326,-0.5289276,-0.9997333,-0.51100415,0.9999362
3,-0.9937536,-0.93969023,-0.9999154,-0.9997076,-0.99581695,-0.99318784,-0.9827014,-0.9999486,-0.9996174,-0.996604,0.89173836,-0.9562464,0.86428815,0.7940934,0.6775688,0.9361959,-0.85385174,0.86912894,0.9436879,0.99087065,0.3236434,0.6320207,0.91506004,0.7954645,-0.8876391,-0.6186406,-0.9912552,-0.8431473,1.0
4,-0.6486395,-0.7674441,-0.8473123,-0.7438051,-0.78524905,-0.86421734,-0.6871424,-0.78831303,-0.6686574,-0.8188863,0.6134405,-0.6115449,0.7857661,0.62511486,0.644146,0.7454951,-0.3750967,0.7323901,0.86260426,0.81703895,0.5211137,0.30529097,0.79512966,-0.1101796,0.5681984,-0.63242096,-0.99920243,-0.503342,0.9999461
5,-0.19179383,-0.65262264,0.15363157,-0.033744574,-0.38198152,-0.31812844,-0.64710075,-0.1339557,-0.41881615,-0.5023222,0.13749062,0.08394665,-0.084757894,-0.045741882,0.051586717,0.100124575,0.40279004,-0.18238169,-0.010256916,0.33858952,0.30735272,0.7650698,-0.50703406,0.9033904,-0.14994678,-0.995581,-0.997948,-0.62664807,-0.99999654
6,-0.96033233,-0.9356539,-0.9750418,-0.9843697,-0.97796,-0.9798321,-0.9784907,-0.99125665,-0.9901438,-0.887348,0.8846195,-0.20239967,0.80302536,0.67438936,0.8226594,0.82053083,-0.30234456,0.8346454,0.8195872,0.95390445,0.60941505,0.5245633,-0.44947916,0.92279696,-0.83802664,-0.9759421,-0.9992907,-0.8127694,0.9999561
7,-0.9394804,-0.7982336,-0.98524714,-0.9694973,-0.9559008,-0.90234584,-0.8316463,-0.9877829,-0.98355716,-0.8808099,0.654049,-0.49611127,0.6287819,0.43634075,0.6421681,0.57754165,-0.35172522,0.53424704,0.7821544,0.7843561,0.81126404,0.3211762,0.28081957,0.564919,-0.426425,-0.30271152,-0.9992402,-0.4462121,0.9999817
8,-0.8157096,-0.82000893,-0.9301301,-0.8605669,-0.8273315,-0.7899535,-0.71973175,-0.96327704,-0.89225537,-0.874535,0.7191587,-0.681443,0.7496389,0.48546162,0.545469,0.71868956,-0.5875006,0.64902616,0.76539004,0.8674115,0.51261383,0.16426586,0.48921636,0.110546395,0.1505448,-0.42251307,-0.9992835,-0.59707963,0.99982506
9,0.24732913,-0.10799164,0.39086744,0.5072476,-0.024924478,0.037822302,-0.35275212,0.13102217,-0.17689438,-0.031574275,0.09751826,-0.66991913,0.22954462,0.020585248,0.011043825,0.27917683,-0.3980625,0.20977126,0.06986604,0.072020926,0.19630143,0.8357954,-0.2210758,0.90084416,-0.32405952,-0.99922454,-0.9988296,-0.66171473,-0.9999993
10,-0.9044959,-0.791594,-0.9748138,-0.9649107,-0.9174292,-0.9075977,-0.92917544,-0.98651516,-0.9914359,-0.979669,0.52143717,-0.43601242,0.24528718,0.319959,0.30673435,-0.05749765,-0.1482383,0.24895012,0.47669894,0.75745225,0.48599607,0.6707178,0.24744177,0.7756737,-0.75412226,-0.5885202,-0.9981983,-0.4474387,0.8633984
11,-0.942648,-0.6976021,-0.9775764,-0.938075,-0.96251804,-0.95345974,-0.9080634,-0.98831636,-0.9659047,-0.95752025,0.5059525,-0.024584318,0.524416,0.6168402,0.722475,0.63404655,0.080859184,0.53734875,0.63715917,0.9740577,0.30045,0.29306126,0.765047,0.40201205,-0.45285365,-0.7476663,-0.9987623,-0.7484802,0.99999964
12,-0.71577257,-0.42954725,-0.74954826,-0.7801402,-0.72417796,-0.7771569,-0.65738016,-0.7568662,-0.8117877,-0.7836904,0.10676035,0.13206314,0.1739855,0.46686658,-0.029751131,0.25187394,0.0063264957,0.13143156,0.64557004,0.476852,0.010102561,0.690021,0.5592161,0.071463116,-0.20521627,-0.81916195,-0.999101,-0.57284904,0.006425577
13,-0.9053634,-0.52888733,-0.9816904,-0.91614395,-0.9376653,-0.9035402,-0.6595483,-0.9689396,-0.9510355,-0.9528035,0.61659867,-0.5177779,0.6288407,0.665962,0.7371368,0.6381572,-0.41650847,0.56173635,0.72727615,0.8661847,0.445948,-0.057069372,0.6970267,0.28567532,0.12418375,-0.46473283,-0.99873483,-0.47096533,0.9999928
14,-0.571956,-0.7293383,-0.58734286,-0.5334098,-0.70742434,-0.6897889,-0.73327714,-0.68784887,-0.66937107,-0.49409127,0.3502232,0.3342011,0.3557642,0.46356013,0.42730147,0.49019822,0.40665618,0.20322259,0.6698699,0.80532545,0.18806283,0.34554827,0.5835084,0.42986116,0.22774968,-0.7754519,-0.9992531,-0.56142503,0.9264999
15,-0.95753837,-0.7411632,-0.99904215,-0.99771225,-0.9793448,-0.9818888,-0.8325021,-0.9989059,-0.99606764,-0.97523755,0.59958607,-0.9558992,0.83493596,0.49968737,0.656591,0.7694011,-0.88179433,0.71551,0.7050753,0.89648515,0.77281004,0.5830817,0.1979133,0.6207806,0.32407677,-0.44404623,-0.99868125,-0.5871767,1.0
16,-0.16210537,-0.52281743,-0.06344878,0.11245002,-0.28461593,-0.20455594,-0.5838659,-0.11409259,-0.24389695,-0.47492582,-0.04115541,0.09627349,-0.04562615,0.063269556,-0.051114753,0.13516657,0.23442042,-0.2544641,0.19424553,0.1973623,0.083737545,0.7881928,-0.37283224,0.78995365,-0.17763042,-0.99467474,-0.9978131,-0.74656296,-0.9999827
17,-0.9883298,-0.9371224,-0.99996585,-0.9999302,-0.9974286,-0.99459314,-0.9334715,-0.99995136,-0.99956495,-0.99887383,0.7353108,-0.98251855,0.89269793,0.7529517,0.7750917,0.9162388,-0.91856986,0.8843702,0.93925965,0.9890646,0.80803275,0.5680407,-0.06935844,0.77453953,-0.66324514,-0.85812867,-0.995443,-0.70012116,1.0
18,0.22862367,-0.49128503,0.38536835,0.6862459,0.14240532,0.00401992,-0.65126145,0.27635083,-0.12265857,-0.39836404,0.054137364,-0.7158897,0.19645244,-0.06345459,-0.22067505,0.25043285,-0.6102216,0.064951584,-0.015386234,-0.06904041,-0.32990962,0.9340927,0.5429862,0.89139706,-0.38451037,-0.9998367,-0.9981345,-0.7989867,-1.0
19,-0.9891591,-0.95411396,-0.9999778,-0.9999349,-0.99871904,-0.9978983,-0.9629532,-0.9999795,-0.9998959,-0.9992393,0.90229285,-0.9726552,0.9385379,0.7722647,0.8201624,0.8721779,-0.9180907,0.8672592,0.950031,0.98686165,0.7080448,0.48472178,0.17024232,0.39980814,-0.6624166,-0.77412254,-0.9898833,-0.72270554,1.0
20,-0.24248993,-0.47449696,-0.06760434,0.0061474633,-0.30405626,-0.24837668,-0.5487909,-0.29713485,-0.31982318,-0.46611542,0.18805075,-0.1648042,-0.104546815,0.0820303,0.12171725,0.18867566,0.12518863,-0.14624761,0.27966124,0.297443,-0.47887605,0.72631323,0.7940566,0.43738562,-0.21846478,-0.95943505,-0.9971758,-0.73532975,-0.99304557
21,-0.18891495,-0.3054558,-0.18888626,0.08898614,-0.3364316,-0.35028374,-0.2829707,-0.06296973,-0.1710265,-0.44409156,0.27191335,0.12162652,0.40541288,0.44871625,0.38248026,0.50597227,-0.07522771,0.2648024,0.54820347,0.67934024,0.14810696,0.157672,0.7629973,-0.35130548,0.4595309,-0.61728656,-0.99736893,-0.33561483,0.95557714
22,0.09516213,-0.50326633,0.053013302,0.24533756,-0.18213142,-0.3141607,-0.52235144,-0.096311145,-0.3538996,-0.2425392,-0.0061543207,-0.8147049,0.20004377,-0.22897887,-0.21656868,0.28859866,-0.47302285,0.06308723,0.03378023,0.2140661,-0.7883817,0.9515916,0.95039845,0.71019495,-0.12278085,-0.99483395,-0.99860054,-0.74934536,-0.99999875
23,-0.7217232,-0.6891036,-0.9141408,-0.86272156,-0.8073876,-0.72763675,-0.5720086,-0.8865337,-0.87051606,-0.8567846,0.32487953,-0.6865352,0.377774,0.3531657,0.4937542,0.44478947,-0.41589794,0.5022432,0.63655484,0.47936937,0.54723567,0.30215052,0.7855454,-0.41825747,0.48212537,-0.25623113,-0.99937147,-0.11847535,0.97976804
24,0.08466935,-0.38995177,-0.19017795,0.25148544,-0.11357189,-0.246695,-0.49111965,-0.32431665,-0.2618738,-0.2347663,0.41550785,-0.6389899,0.693982,0.43691978,0.23333675,0.71333367,-0.23482761,0.37342197,0.47586128,0.71885324,-0.5877125,0.6219407,0.92079884,0.20345023,0.04070112,-0.8116421,-0.99871296,-0.5725756,-0.51387995
25,-0.7770324,-0.70030737,-0.8549129,-0.816081,-0.9124989,-0.81486535,-0.6534305,-0.8653891,-0.95854616,-0.92688906,0.19013496,-0.5092586,0.25629923,0.20090199,0.27431938,0.3689987,-0.15231651,0.30959898,0.45234534,0.6167438,0.4578006,0.60461515,0.685961,3.9234754e-05,0.19841152,-0.08486927,-0.9989198,-0.31560653,0.9775893
26,-0.7109762,-0.6433188,-0.9396039,-0.84054065,-0.800553,-0.78977627,-0.8426351,-0.9391442,-0.8912225,-0.8121897,0.48207447,0.04643673,0.30092886,0.644943,0.4979848,0.43770546,0.09528428,0.48240376,0.6599467,0.8534246,0.45228973,0.47170734,0.12835863,0.84233725,-0.6224626,-0.60906583,-0.9993328,-0.5637593,0.9465588
27,-0.64275044,-0.61334574,-0.5916767,-0.5977291,-0.7105414,-0.67512697,-0.7447024,-0.72656953,-0.74162376,-0.6271708,-0.03138848,-0.26588053,-0.3016865,-0.09066395,-0.24227819,-0.02990736,0.1147097,-0.2873501,-0.013568287,0.32003492,0.016060108,0.7793358,0.14788368,0.5468295,0.17084278,-0.93570167,-0.9991882,-0.6074675,-0.99341977
28,0.18031135,0.03241068,0.18755744,0.4477276,0.30851784,0.090084605,-0.45941803,0.24628846,-0.27011865,-0.39059147,0.12086956,-0.6249996,0.108979896,-0.005300069,-0.1642788,0.2721726,-0.26314574,-0.008060744,0.009702671,0.25843054,-0.085039556,0.8442213,0.0015062677,0.9479985,-0.4148177,-0.999924,-0.99947274,-0.708776,-1.0
29,-0.14476186,-0.38120347,-0.15255,0.045021392,-0.13850115,-0.47703493,-0.30453312,-0.18645011,-0.26858813,-0.43400645,0.017274778,-0.48226726,-0.02917211,-0.12661579,-0.20831007,0.06585443,-0.17927423,-0.008949415,0.05202749,0.15979294,-0.2749087,0.69773597,0.52032137,0.41847175,0.21083428,-0.9607435,-0.9989642,-0.5821878,-0.9999701
30,-0.53018105,-0.75415355,-0.3551651,-0.3923956,-0.65949476,-0.57749355,-0.68848926,-0.6224899,-0.71523875,-0.62443405,0.3127339,0.42085704,-0.01678362,0.22656947,0.07099695,0.25284356,0.6228169,-0.06025519,0.34440327,0.59014535,0.56115204,0.75022835,-0.31040567,0.64103967,-0.11290514,-0.92459315,-0.99816865,-0.42435378,-0.9992688
31,-0.52458924,-0.26297566,-0.7425322,-0.5370518,-0.49047145,-0.71311337,-0.55942494,-0.75077885,-0.60979843,-0.61713505,0.384761,-0.672167,0.63378775,0.34955412,0.20643884,0.5233538,-0.5467538,0.5408729,0.54356605,0.53613573,0.346786,0.70338213,0.5767246,0.13389939,-0.023181641,-0.752042,-0.99874526,-0.5981359,-0.75549275
32,-0.74365014,-0.7305397,-0.9218927,-0.8061178,-0.788091,-0.87183326,-0.6034481,-0.8564999,-0.8810671,-0.7625066,0.7404541,-0.7121112,0.80724066,0.5364545,0.687194,0.80601203,-0.52692777,0.63200355,0.73135614,0.88786,0.32590294,0.30091557,0.66130006,-0.41952467,0.48531106,-0.7105645,-0.99962384,-0.53910166,0.9996953
33,-0.37735227,-0.64483017,-0.511779,-0.3551425,-0.59063464,-0.61755717,-0.66206515,-0.58684504,-0.62722015,-0.73145735,0.2979606,0.3776667,-0.06078031,0.22041614,0.4395489,0.4405943,0.47977093,0.10683182,0.28478158,0.657297,0.18166195,0.6607217,-0.5341587,0.76317537,0.28746286,-0.9734831,-0.99960357,-0.6734389,-0.9988805
34,-0.41957992,-0.6427385,-0.52617854,-0.3467348,-0.7109992,-0.5446159,-0.6189408,-0.46055377,-0.6517309,-0.49331492,0.4380549,0.32156867,0.36555707,0.31403053,0.47629684,0.39351705,0.053884838,0.38055396,0.686496,0.67858005,0.3009827,0.3392528,0.70333797,0.19846278,0.19900613,-0.53375703,-0.9978621,-0.48143685,0.9657982
35,-0.3218353,-0.5545607,-0.28896368,-0.27332625,-0.5136979,-0.386189,-0.66983885,-0.51660436,-0.5639263,-0.54292965,0.041848525,-0.2917672,0.065819815,0.049526736,0.01738425,0.30270508,-0.033677727,-0.03451208,0.10730153,0.47668558,0.22956914,0.65360135,-0.25861156,0.6547113,0.18629429,-0.96337104,-0.99882144,-0.6143499,-0.999264
36,-0.63319093,-0.68781996,-0.6538113,-0.3622713,-0.69935405,-0.59430516,-0.7281952,-0.7445082,-0.6919602,-0.7116103,0.5589928,0.7003433,0.1083912,0.64989316,0.42381564,0.5723095,0.57621944,0.16776146,0.6554586,0.8458659,0.8913332,0.07116619,-0.6425014,0.8173438,0.13388228,-0.99074554,-0.999689,-0.5920212,-0.07463072
37,-0.4887749,-0.4909559,-0.6574121,-0.4931373,-0.47495258,-0.6278749,-0.4467575,-0.47801736,-0.5788782,-0.5067923,0.2555472,-0.47108603,0.298111,0.18731542,-0.002502827,0.4034427,-0.13605595,0.1887988,0.3990442,0.37735987,0.19444717,0.72870237,0.6603133,0.3318071,0.32155398,-0.8374654,-0.99934477,-0.44503748,-0.8376827
38,-0.35988584,-0.7345574,-0.61686105,-0.3767502,-0.5273303,-0.45309138,-0.6234439,-0.6161164,-0.5355379,-0.6991179,0.38408345,-0.1000304,0.20302556,0.3044687,0.30997318,0.34496933,0.25819173,0.15806878,0.5805149,0.66566586,0.27735895,0.14398937,0.39253813,0.2697865,-0.14056873,-0.6376897,-0.9994357,-0.5307288,0.5135306
39,-0.8936472,-0.6756437,-0.9403482,-0.8811843,-0.8288086,-0.82704794,-0.7472606,-0.92177784,-0.86782426,-0.8680792,0.47051224,-0.5013979,0.59116095,0.5450686,0.5677357,0.70650715,-0.20263316,0.5926073,0.60980725,0.7526557,0.6536288,0.49030694,0.8258538,-0.37468764,0.33105448,-0.4179669,-0.99969167,-0.43403986,0.99991053
40,-0.76552016,-0.7958313,-0.88531595,-0.8214156,-0.78784555,-0.7724496,-0.75889176,-0.8349185,-0.9292371,-0.7650624,0.27732888,-0.7069122,0.3261318,0.07220308,0.12249355,0.27857104,-0.32823882,0.19229037,0.32746872,0.3797403,-0.22999908,0.6623504,0.86743563,0.3871677,0.045368347,-0.5721616,-0.9996047,-0.57773936,-0.66455406
41,-0.98531765,-0.8461496,-0.9991918,-0.9992558,-0.9931323,-0.98412734,-0.91432106,-0.99970555,-0.9990126,-0.9957809,0.8509619,-0.86564434,0.8095707,0.7087164,0.837542,0.848771,-0.6557421,0.7287982,0.87393427,0.9763875,0.5824124,0.65566957,0.5766605,0.06824949,-0.63133425,-0.70920265,-0.99810565,-0.578966,1.0
42,-0.72580904,-0.84947675,-0.8885891,-0.80722487,-0.79298365,-0.8545205,-0.80114204,-0.95459694,-0.87386763,-0.87950003,0.7229107,-0.60135317,0.71278316,0.55255324,0.6967513,0.76410025,-0.5308134,0.7809941,0.7381019,0.87011313,0.5966899,0.41704255,0.7416049,0.14107807,0.1617431,-0.7123756,-0.99912333,-0.5649061,0.9999985
43,-0.97091264,-0.88095593,-0.99713343,-0.988455,-0.9845962,-0.97302085,-0.9288568,-0.99778056,-0.9971046,-0.9898417,0.69314027,-0.5982822,0.6187235,0.60911083,0.78467673,0.76204056,-0.6132214,0.45959944,0.82413393,0.97004455,0.28762916,0.3371245,0.8817552,0.54987997,-0.5420196,-0.8167836,-0.99893296,-0.61815226,1.0
44,-0.6177901,-0.5288077,-0.65314084,-0.43415073,-0.60795593,-0.5798367,-0.54810673,-0.59242284,-0.62904066,-0.64482635,-0.006458408,-0.67685294,0.3051442,-0.044888947,0.019718915,0.30094293,-0.22441545,0.13487898,0.41215143,0.42342517,0.17489067,0.5263778,0.5595481,0.40952477,0.23224327,-0.844342,-0.9994141,-0.549858,-0.31712437
45,0.042661574,-0.43176785,0.384926,0.15786287,-0.18207808,-0.24525997,-0.46423408,-0.030255407,0.080466464,-0.24846673,0.3075435,0.4433461,0.2557435,0.2845209,0.33619592,0.40111125,0.3033679,0.34870005,0.36719915,0.64557,0.092665195,0.59111685,0.11407836,0.46218202,-0.14343609,-0.9638506,-0.99862987,-0.47364455,-0.9984036
46,0.32671887,-0.26924193,0.37702197,0.53397876,0.13942184,0.18349989,-0.4079098,0.44658148,0.18604876,-0.1753967,0.1375944,-0.078382164,0.10158725,0.12637943,-0.026574777,0.07658225,-0.09750644,-0.047692165,-0.05533684,0.23910873,0.8988969,0.60471183,-0.98485845,0.9923997,-0.43865976,-0.99997747,-0.9992397,-0.693883,-1.0
47,-0.45147952,-0.59531516,-0.6046364,-0.4451346,-0.72604316,-0.65969354,-0.66121846,-0.7148432,-0.69621706,-0.70465237,0.2718455,-0.001117609,0.12093892,0.052142188,0.22135693,0.27200484,0.06083286,0.07833223,0.5593456,0.61382943,0.11790188,0.68143207,0.66310847,0.5364126,0.18711998,-0.78951776,-0.99846226,-0.66543084,-0.45010477
48,-0.7672356,-0.7092866,-0.928697,-0.7757971,-0.74817145,-0.82999194,-0.76396793,-0.83593744,-0.93858445,-0.9157702,0.5420505,-0.12340432,0.4283585,0.48129052,0.6606043,0.48535666,-0.1560856,0.2538253,0.7216588,0.7717602,0.25321218,0.45313403,0.89001685,-0.19679722,0.2302903,-0.61994725,-0.9996501,-0.48417208,0.9999536
49,-0.091607735,-0.2928821,-0.016979476,0.17433295,-0.1918121,-0.07663013,-0.3154313,-0.2793041,-0.04149826,-0.09681625,0.4085054,-0.6228309,0.45754528,0.30850196,0.4115851,0.37509918,-0.30785236,0.5599818,0.43042612,0.66776305,0.50978035,0.22551918,0.22398171,0.53089035,0.46611473,-0.9254858,-0.9995895,-0.40550336,0.832462
50,-0.44080174,-0.73455787,-0.262392,-0.39440385,-0.48239776,-0.42678288,-0.76703846,-0.7244927,-0.5300826,-0.5920439,0.43959725,-0.17143345,0.30308408,0.38064897,0.1510595,0.22021846,0.21101055,0.3371012,0.5841822,0.79507434,0.7389151,0.28668398,-0.4850964,0.7440332,0.45953065,-0.93565583,-0.99893093,-0.49438447,0.87176377
51,-0.27658254,-0.45608762,-0.23515522,-0.11336941,-0.1973493,-0.6132313,-0.5651515,-0.5435589,-0.5356533,-0.6850873,-0.0076262103,-0.29218248,0.06404523,0.25978547,-0.052841,0.46575224,-0.0036138934,-0.019231936,0.22191474,0.4587448,0.06246672,0.7149188,0.47342956,0.45392385,0.18013337,-0.92858756,-0.99958587,-0.5959339,-0.9235124
52,-0.94762737,-0.8001267,-0.99044913,-0.9648568,-0.9776365,-0.96558625,-0.82309455,-0.98957545,-0.97726744,-0.97026706,0.66657215,-0.83360624,0.6969722,0.5819612,0.7238281,0.8573788,-0.64208984,0.6629129,0.7465865,0.9246914,0.32587913,0.69190246,0.73282665,0.000959545,-0.60575867,-0.51178634,-0.99865246,-0.5940371,0.9999998
53,-0.4663907,-0.71571374,-0.5310544,-0.37544245,-0.4172999,-0.7572401,-0.75269383,-0.794033,-0.6418853,-0.66520303,0.13432978,-0.22844546,0.123745345,0.11001437,0.08740298,0.25768736,0.01288485,-0.1153085,0.2918328,0.54348934,0.48113108,0.74982727,-0.6388746,0.8867122,0.114203535,-0.9968178,-0.99972147,-0.8217066,-0.99999505
54,0.105872214,-0.3526716,-0.27255255,0.046713203,-0.23100927,-0.19880232,-0.3941825,-0.19070399,-0.16195685,-0.15925862,0.24824914,-0.6029605,0.30851123,0.09542942,0.1463156,0.483644,-0.4252351,0.40269127,0.41274625,0.4373189,-0.011384702,0.69854677,0.70245504,0.5233116,0.36450732,-0.965934,-0.9970879,-0.64491916,-0.8736353
55,-0.99336857,-0.9203775,-0.99995893,-0.9996361,-0.9978744,-0.9987084,-0.9645635,-0.99990356,-0.99987435,-0.9993324,0.80179846,-0.9137374,0.82871515,0.59462744,0.81670475,0.65985817,-0.7945671,0.75520235,0.8639241,0.985122,0.15078108,0.6609356,0.69023526,0.9007161,-0.9579271,-0.85347223,-0.95420057,-0.68731946,1.0
56,-0.12916689,-0.4869943,0.031905692,0.24274088,-0.21269125,-0.049771618,-0.36666796,-0.006126259,0.0023653687,-0.32433116,0.32898122,0.51100326,0.29096767,0.31175342,0.16612042,0.36413053,0.17796141,0.23049447,0.30455402,0.64947504,0.96563023,0.4161585,-0.9966483,0.97845614,0.069233365,-0.999699,-0.9998181,-0.7377836,-0.9999998
57,-0.7681915,-0.800899,-0.8996491,-0.9024434,-0.86630166,-0.87910956,-0.85511726,-0.8348022,-0.91370845,-0.9274386,0.50690275,-0.49975145,0.64144343,0.4005219,0.66087705,0.74225974,-0.38560697,0.62579143,0.7930569,0.86003083,0.6354771,0.35003847,0.47254446,-0.17762953,0.004452608,-0.77328163,-0.9994948,-0.46389905,0.9997301
58,0.18837155,-0.380984,0.22581151,0.24850714,-0.031296965,0.0074362834,-0.4555207,-0.08086032,-0.09654833,-0.24318278,0.25041407,-0.12946345,0.15622382,0.031457305,0.32099572,0.34354356,0.26689854,0.0348819,0.28037778,0.4016748,-0.71074647,0.8331355,0.9155676,0.25771445,-0.18936689,-0.9644003,-0.9984235,-0.585507,-0.9976377
59,0.2629954,-0.38473636,0.17849348,0.65643936,0.17207004,-0.008530502,-0.5294731,0.1731853,-0.09705169,-0.16999798,0.360487,-0.028783718,0.23884156,0.4452148,0.07384852,0.4792763,-0.083768114,0.008312553,-0.016737211,0.43190986,0.98358697,0.5239138,-0.99847096,0.99555767,-0.23851417,-0.99999636,-0.9987667,-0.80515194,-1.0
60,-0.51988155,-0.63759583,-0.6878287,-0.39002177,-0.3724995,-0.5956663,-0.5828405,-0.6894578,-0.5430974,-0.70086294,0.09220192,-0.48775566,0.21092996,0.09533892,0.05044146,0.36799276,-0.11458991,0.051356614,0.41681957,0.5145985,0.36641273,0.6699653,-0.61716354,0.8666364,-0.050067976,-0.9719368,-0.999184,-0.8352969,-0.9989594
61,-0.4676613,-0.65654945,-0.6820383,-0.51545405,-0.5340855,-0.3879651,-0.5194793,-0.5477228,-0.4948544,-0.65112466,0.4087539,-0.7889799,0.3183405,0.26505256,0.2329754,0.48552224,-0.50441194,0.4916078,0.5196413,0.39237306,0.25788784,0.61169,0.70174676,-0.19340374,0.35267448,-0.56539536,-0.99937797,-0.5187858,0.5078989
62,0.2624294,-0.23811485,0.4171468,0.48336706,0.089015596,0.11640513,-0.37222978,0.35083178,-0.013763675,-0.07860952,0.14833277,-0.019068528,0.33643955,0.13678402,0.055897746,0.41167718,-0.09207996,0.26106054,0.17080349,0.34737688,0.6762279,0.5634505,-0.92223173,0.9396527,-0.3020204,-0.9998995,-0.99896294,-0.65262115,-1.0
63,-0.6607585,-0.85820794,-0.63173354,-0.5819542,-0.71564525,-0.81710535,-0.6647473,-0.7632825,-0.83010554,-0.8568363,0.32860875,0.19837098,-0.01867921,0.32911214,0.2984381,0.35217875,0.30710015,0.20922177,0.6674997,0.779092,0.36209607,0.50236845,0.5004552,0.31958428,0.17284968,-0.89681125,-0.99962753,-0.54355466,0.9566717
64,-0.9410734,-0.76154095,-0.9984802,-0.9960747,-0.9749494,-0.9789787,-0.90949696,-0.99900746,-0.9948347,-0.9728405,0.7796961,-0.8869694,0.87875247,0.70426214,0.7841104,0.84234166,-0.6508277,0.7636641,0.89045346,0.97505367,0.5512543,0.6283149,0.65264696,0.5876947,-0.57500196,-0.7674825,-0.9990126,-0.8110073,1.0
65,-0.9651611,-0.8630701,-0.98778,-0.95241755,-0.9578292,-0.98717505,-0.9256391,-0.9876377,-0.9753724,-0.97943383,0.46856096,-0.7240359,0.60324633,0.7158841,0.5898734,0.6309567,-0.5860267,0.68470293,0.79342926,0.87472117,0.76515436,0.3218151,-0.047754113,0.59226954,-0.31121498,-0.59136367,-0.9996622,-0.67657524,0.9999978
66,-0.25820726,-0.40761122,-0.11800609,-0.1162599,-0.3490222,-0.35961315,-0.44165522,-0.49891657,-0.5548871,-0.46587497,0.39380518,-0.28398213,0.27170208,0.39389357,0.27602726,0.5253646,0.029658437,0.36363158,0.34468192,0.7357682,0.42338088,0.4358721,0.3735489,0.30952013,-0.00021585842,-0.86029285,-0.99925107,-0.45925036,0.059906226
67,-0.25308114,-0.55350727,-0.066494316,0.006716284,-0.49741182,-0.4927354,-0.63284105,-0.21734019,-0.4343646,-0.5297739,0.4161477,0.26355422,0.10467134,0.10215245,0.19563141,0.37632656,0.336331,0.10019825,0.24852847,0.6372839,-0.036827844,0.81804734,0.119799286,0.7519584,-0.16716932,-0.99375826,-0.9992336,-0.76286423,-0.9999986
68,0.041042008,-0.5118831,0.06316524,0.16256468,-0.0949235,-0.36756423,-0.547578,-0.22183873,-0.17063747,-0.46297503,0.15583879,0.40682274,0.17424086,0.26681066,0.35204944,0.25964713,0.38861108,0.20913367,0.36192974,0.39642707,0.69395775,0.29119352,-0.81350726,0.831092,0.11440206,-0.991287,-0.99975336,-0.7215043,-0.9989473
69,-0.9956672,-0.8912485,-0.9999268,-0.99992263,-0.99874026,-0.9960599,-0.86485296,-0.9999614,-0.9999424,-0.9989325,0.7454824,-0.9902922,0.8933399,0.74746716,0.81649685,0.89447147,-0.9626576,0.9429441,0.9209962,0.9737185,0.8880224,0.7004719,0.29108083,0.88942194,-0.8070751,-0.70734775,-0.98466235,-0.65834755,1.0
70,-0.0021636188,-0.4031793,0.097914696,0.1622742,-0.14774458,-0.45110247,-0.64476377,0.10192776,-0.1618387,-0.28309977,0.27682912,-0.17283273,0.4585877,0.27073434,0.20583335,0.43848184,-0.0023506295,0.10799485,0.5328149,0.48107132,-0.71297693,0.70285594,0.9717207,0.12822746,-0.1865415,-0.97500163,-0.9986918,-0.6501827,-0.95716596
71,-0.34502324,-0.54096985,-0.25188944,-0.1259872,-0.5272547,-0.33376843,-0.22518039,-0.46116313,-0.46778482,-0.5455035,0.13333605,-0.6115122,0.13871633,-0.007130401,-0.06865996,0.111777306,-0.1732099,0.22402953,0.21375456,0.40852296,-0.26678592,0.7090557,0.82850695,0.42141667,0.23547737,-0.80090415,-0.9978243,-0.5793316,-0.9944831
72,-0.99214274,-0.91871166,-0.99777955,-0.98789793,-0.99038744,-0.98233336,-0.93537337,-0.99626684,-0.9893431,-0.99282026,0.720703,-0.56348747,0.65646094,0.5807687,0.79371595,0.79177547,-0.25571495,0.5442912,0.7725463,0.96638894,0.19391084,0.2843777,0.95567626,0.37908134,-0.486776,-0.6349156,-0.9982123,-0.05423448,1.0
73,-0.42353785,-0.53272164,-0.6967572,-0.6234815,-0.6773655,-0.7074667,-0.78944814,-0.6505182,-0.7544556,-0.6727213,0.33031753,-0.6660983,0.4711186,0.15266062,0.34650323,0.56035477,-0.39688736,0.5076624,0.55671114,0.30205885,0.03921806,0.78540874,0.92083406,0.00044926992,-0.11962086,-0.4669116,-0.9996457,-0.5812292,-0.008278491
74,-0.3935829,-0.5507322,-0.017259628,-0.07648248,-0.3491303,-0.12462788,-0.5846294,-0.18769504,-0.36496145,-0.3122298,0.5467956,-0.10157945,0.31316912,0.46069404,0.33710244,0.5529952,0.05086032,0.44927815,0.48830035,0.7632688,0.2520002,0.40272003,0.31597593,0.17814133,-0.018444128,-0.9312801,-0.9995405,-0.39089614,0.31584382
75,-0.72492385,-0.6126688,-0.9615857,-0.8729738,-0.80137587,-0.818225,-0.7160615,-0.9421035,-0.96160954,-0.8978874,0.5818355,-0.59698826,0.67669576,0.63552725,0.48729452,0.63909394,-0.4318134,0.5882916,0.59718025,0.8303324,0.5491832,0.53603053,0.7311844,0.068146974,-0.2036749,-0.3381699,-0.999479,-0.60662764,0.9995442
76,-0.8077667,-0.70014834,-0.9957312,-0.99307305,-0.95790225,-0.96810925,-0.88263637,-0.99378663,-0.9909676,-0.9835239,0.76114666,-0.77707493,0.8952064,0.7641111,0.77846676,0.9056888,-0.67216474,0.8104425,0.8990272,0.9628319,0.80598414,0.27431783,0.15663362,0.059758704,0.13841271,-0.79269075,-0.9990402,-0.59217477,1.0
77,-0.6046239,-0.6479125,-0.825681,-0.62716985,-0.74064153,-0.6886139,-0.60256463,-0.8451664,-0.8975153,-0.8562786,0.48223534,-0.4086214,0.5587975,0.27948758,0.4342518,0.5229788,-0.2935524,0.45065174,0.6018344,0.6780203,0.04145433,0.626691,0.819034,-0.05483996,0.056873474,-0.24296021,-0.99890214,-0.35952464,0.9953941
78,0.19246544,-0.39969972,0.12956198,0.35236046,0.14693712,-0.19166106,-0.5847226,-0.17989886,0.19746031,-0.16718829,0.3429949,-0.13917951,0.47067928,0.39473394,0.2672812,0.48563504,0.031775776,0.3555686,0.5351652,0.7043941,0.5613103,0.16237254,-0.19026272,0.59293395,0.14037457,-0.96293247,-0.99963295,-0.6121169,-0.35566974
79,-0.9834464,-0.8941742,-0.9965263,-0.997605,-0.9898667,-0.9752054,-0.93722004,-0.9993405,-0.9969215,-0.98706424,0.74916315,-0.84388685,0.7293205,0.5523312,0.79913497,0.82638973,-0.59803736,0.70699143,0.90365577,0.94691914,0.20526521,0.7571224,0.6361411,0.55976963,-0.844582,-0.55541754,-0.99760115,-0.7169245,1.0
80,-0.6269011,-0.69563365,-0.622146,-0.52495086,-0.73052096,-0.5486353,-0.71241224,-0.756632,-0.72407997,-0.7700678,-0.0529387,0.2026044,-0.22177683,0.0077527836,0.2608118,0.13790052,0.4136764,-0.33752954,0.16544771,0.23916605,0.046153665,0.66707295,0.5867872,0.63046575,-0.0027948397,-0.887629,-0.99943274,-0.39279976,-0.99718904
81,-0.85110235,-0.709298,-0.91362965,-0.83344555,-0.71453035,-0.91493404,-0.8821644,-0.90541136,-0.84938926,-0.8759349,0.76675814,-0.39197814,0.7803807,0.70032114,0.81290627,0.83029,-0.28730378,0.7991287,0.88846993,0.888279,0.7677761,0.22807479,0.7245799,-0.3957892,0.64852256,-0.69660276,-0.9989664,-0.43303284,0.9999995
82,-0.39537942,-0.7984623,-0.36360615,-0.3695404,-0.7773306,-0.7959193,-0.62978005,-0.7224376,-0.70837885,-0.69188136,0.1254359,-0.25817347,0.06466364,0.08471283,0.06262847,0.35175785,-0.09987265,0.09629864,0.3236483,0.41826954,-0.540565,0.7090038,0.90354824,-0.29276642,0.3003171,-0.75944847,-0.9988169,-0.6235853,-0.99891394
83,-0.8306448,-0.65744925,-0.9481548,-0.94988436,-0.8317461,-0.81515384,-0.63104033,-0.96645015,-0.9594927,-0.8961682,0.57197404,-0.65614074,0.7232291,0.55186397,0.48654464,0.674346,-0.35055512,0.5825991,0.55244774,0.9353465,0.697095,0.08536056,0.22938153,-0.109431505,0.5267316,-0.099901125,-0.9949355,-0.23695214,0.9999986
84,0.07107505,-0.41910383,0.41143352,0.50683683,-0.07589534,0.04789832,-0.35012442,0.023978358,0.019791838,-0.113992825,0.5496935,-0.03692673,0.5879189,0.51999277,0.3877028,0.6761911,0.09490666,0.32159033,0.5255654,0.68738145,0.89908063,0.27585292,-0.8468675,0.8890605,-0.10670609,-0.9993195,-0.9991616,-0.44867903,-0.9997602
85,-0.92532486,-0.75144285,-0.95318824,-0.9439656,-0.8188801,-0.82268476,-0.6997559,-0.9572068,-0.8881021,-0.89184123,0.48584402,-0.91688097,0.6683179,0.41290593,0.43423277,0.6829889,-0.65703034,0.6948907,0.8046269,0.8776797,0.65241265,0.37854534,0.6044566,0.20088893,0.4106291,-0.20900343,-0.9989012,-0.33004332,0.9999602
86,-0.8923406,-0.71517617,-0.9523175,-0.89437234,-0.8619814,-0.80284137,-0.7880486,-0.94571227,-0.8746799,-0.91923416,0.72968477,-0.5903088,0.5436546,0.5259733,0.62110645,0.79338866,-0.39809188,0.7154679,0.81925625,0.8360631,0.53659797,0.012319716,0.82285875,-0.45231408,-0.07513026,-0.273441,-0.9994682,-0.47316325,0.99999756
87,-0.6654648,-0.66869557,-0.85410756,-0.6242492,-0.7717643,-0.6322609,-0.8232399,-0.9173754,-0.80550545,-0.84320676,0.41441125,-0.4425802,0.57253754,0.48230988,0.5319468,0.6927577,-0.2529339,0.43634337,0.8104869,0.8587987,0.7157336,0.2480612,0.015125788,0.23118564,0.38473696,-0.79381645,-0.9994962,-0.49261582,0.9921902
88,-0.9750848,-0.8981603,-0.99948144,-0.99810666,-0.9843182,-0.9822127,-0.9653153,-0.9993001,-0.9983966,-0.9928549,0.68313694,-0.9293072,0.90879744,0.71532404,0.65428334,0.843846,-0.8877052,0.821022,0.8224193,0.96599567,0.7194899,0.61671,0.24506572,0.6538048,-0.003180374,-0.6633618,-0.99786603,-0.5866117,1.0
89,-0.6176013,-0.79801935,-0.7371762,-0.5242015,-0.80698764,-0.69651955,-0.75815654,-0.7315126,-0.7722819,-0.740163,0.14545828,-0.32391608,0.1778274,0.20687088,0.2126473,0.15932555,-0.009524927,-0.0448676,0.28640863,0.52981675,0.34675908,0.7460699,0.076638974,0.40114325,-0.0023593116,-0.63683754,-0.9995488,-0.6451516,-0.9724253
90,-0.42106968,-0.6282824,-0.4739057,-0.21313176,-0.45241562,-0.6194722,-0.6152062,-0.47523555,-0.46238387,-0.5986043,0.49498543,0.24813293,0.2887332,0.5071149,0.2908299,0.67243814,0.38006452,0.17255476,0.46349284,0.7934654,0.4653203,0.44746652,-0.07938614,0.5737806,0.028752562,-0.9737477,-0.9995453,-0.6845458,-0.7244489
91,-0.97400254,-0.9144777,-0.99860716,-0.98937535,-0.98402965,-0.97824246,-0.89421123,-0.9973799,-0.99430186,-0.98129696,0.7159512,-0.9333623,0.82136005,0.5206358,0.5745039,0.86539197,-0.8617404,0.8300548,0.82022095,0.95772594,0.7845299,0.51780546,0.7740824,0.14952375,0.17386311,-0.5750571,-0.99926794,-0.43901357,1.0
92,0.3055186,-0.128351,0.56527215,0.63168705,0.3038614,0.15984572,-0.2586971,0.3577444,0.40710256,0.47708628,0.48785907,-0.7221208,0.59609574,0.40323958,0.3255971,0.6534842,-0.46430814,0.5995291,0.38111022,0.5089788,0.5208289,0.45177063,-0.054810435,0.8382017,-0.017098963,-0.9930393,-0.99810916,-0.61981136,-0.99037826
93,-0.98576176,-0.8158988,-0.9997991,-0.9995609,-0.99645203,-0.9894334,-0.94560623,-0.9999136,-0.99870354,-0.9965809,0.5320609,-0.94117504,0.73270833,0.6237085,0.75696087,0.79516304,-0.7607688,0.82218564,0.948546,0.9881468,0.48622087,0.6668408,0.5207284,0.8806232,-0.95212203,-0.6286843,-0.985393,-0.8158188,1.0
94,-0.44949266,-0.43317917,-0.502566,-0.26276684,-0.35118783,-0.56531644,-0.46489376,-0.58759546,-0.46825022,-0.30939636,0.22802012,-0.598883,0.033524767,-0.15594248,-0.042360853,0.27721742,-0.092815116,-0.12930006,0.027514448,0.14633214,-0.4138037,0.86908484,0.7022473,0.61087185,-0.10771092,-0.94856906,-0.99905986,-0.6691143,-0.9998289
95,0.2234387,-0.6636807,0.16731805,0.3654744,-0.27420297,-0.015062761,-0.53881174,0.08514321,-0.08621116,-0.20965736,0.41328585,-0.47603875,0.53195745,0.45129472,0.42335457,0.5526248,-0.29828367,0.39817277,0.5842182,0.66980827,0.5239536,0.48360163,-0.033566166,0.71086013,0.06941541,-0.9933166,-0.999444,-0.68037957,-0.723168
96,-0.35855138,-0.7475322,-0.42981723,-0.29556745,-0.56974095,-0.54063743,-0.6218826,-0.58248025,-0.6309571,-0.6790918,0.13919201,-0.6278869,-0.0042464253,-0.06044333,0.035578918,0.41279417,-0.20805435,0.11825513,0.46677136,0.29592842,0.35661104,0.79368955,0.25243354,0.8179138,-0.2729292,-0.95221865,-0.998659,-0.71807647,-0.99825555
97,-0.70286846,-0.762442,-0.773156,-0.67917895,-0.72403044,-0.70733064,-0.58007765,-0.8444457,-0.77992916,-0.6636745,0.3819514,0.0023123503,0.31589633,0.11000809,0.05477702,0.52757466,0.22597021,0.24534166,0.39446548,0.6300962,0.32138458,0.47282144,0.55753124,0.37948474,0.060811963,-0.7478522,-0.99971855,-0.55289733,0.79836977
98,-0.06153893,-0.30486435,-0.11050236,0.22309616,-0.24929243,-0.091226436,-0.47095308,-0.36696184,-0.33262926,-0.30279306,0.41739982,-0.7101714,0.34872472,0.33600572,0.26828155,0.4918917,-0.23164412,0.4125809,0.43544316,0.48087546,0.34916392,0.6474085,-0.21162084,0.68888247,0.009441601,-0.981648,-0.999748,-0.7354319,-0.9970205
99,-0.10819827,-0.49490997,0.035884965,0.067386426,-0.19277373,-0.4153819,-0.6967992,-0.24818836,-0.2937182,-0.37128198,0.09932441,-0.55605114,0.11242501,-0.010793712,-0.08230844,0.30812362,-0.26118544,0.19443785,0.31504458,0.27568337,-0.1870603,0.6797102,0.65695685,0.63842213,-0.08969898,-0.9840923,-0.9986321,-0.68397737,-0.9995687
100,-0.6501358,-0.5334483,-0.87506866,-0.81582695,-0.801927,-0.61596805,-0.57927513,-0.9185728,-0.87708753,-0.7895905,0.25603527,-0.7834765,0.4197754,0.20424348,0.32693833,0.6272499,-0.6305656,0.3460089,0.40808448,0.5555543,0.794927,0.3888478,-0.044366326,0.7729689,0.31228238,-0.5302843,-0.99957037,-0.47061557,0.95130295
101,-0.7048829,-0.6063796,-0.8119699,-0.7833346,-0.72505426,-0.77816564,-0.7245843,-0.87837625,-0.83938205,-0.78605384,0.4446182,-0.3583297,0.6202149,0.4683027,0.70553184,0.7742721,-0.2199918,0.59040624,0.8209994,0.8906602,0.64425653,0.24582234,0.8036071,-0.23784122,0.76628166,-0.69868326,-0.99895996,-0.47564,0.99999756
102,-0.13301744,-0.48703593,0.13012709,0.146726,-0.11659962,-0.07922606,-0.4162323,-0.3921472,-0.25221968,-0.34455442,0.4543376,-0.59937197,0.3325921,0.16718559,0.26599535,0.48325142,-0.33910188,0.34045538,0.41895637,0.44487405,0.23535864,0.6112634,0.28169355,0.6952039,-0.10969336,-0.9876976,-0.9994174,-0.54779476,-0.99675363
103,-0.013124386,-0.4107684,0.1937175,0.22360983,-0.29139587,-0.18557002,-0.5263167,-0.087611176,-0.3548491,-0.31809142,-0.032339565,-0.3496825,-0.16909751,-0.049317114,-0.20182258,0.029803492,-0.12924339,0.004984872,-0.06454096,0.07688101,-0.04502325,0.80361134,-0.004986006,0.80037904,-0.15001763,-0.9972449,-0.99936855,-0.6973444,-0.9999769
104,-0.9130056,-0.7968686,-0.9839854,-0.9682629,-0.91424555,-0.89850444,-0.9296031,-0.98675984,-0.9706993,-0.96009785,0.720666,-0.72233236,0.6122884,0.54146,0.64386296,0.70197076,-0.48488757,0.66713595,0.6070274,0.9472439,0.42595747,0.6529214,0.75543773,0.80855906,-0.5073175,-0.54683316,-0.99831885,-0.6106304,1.0
105,-0.68605167,-0.59374183,-0.81741446,-0.7258842,-0.66014683,-0.5965494,-0.60767734,-0.8058445,-0.830031,-0.72326773,0.4327906,0.0025241543,0.13004819,0.36660305,0.24405764,0.4491023,0.13207133,-0.023550937,0.67566603,0.56552815,0.31079453,0.4190724,0.8301319,-0.062670365,0.036340807,-0.512385,-0.9963194,-0.59899753,0.7866519
106,-0.6142,-0.720403,-0.87679124,-0.83037204,-0.8306734,-0.8841087,-0.7360899,-0.86505276,-0.74358934,-0.8320427,0.43772873,-0.11502841,0.45469198,0.37906992,0.5701416,0.5448576,-0.027337346,0.427996,0.5053685,0.61863923,0.35971582,0.3884303,0.7200083,-0.08130821,0.25949326,-0.6135102,-0.99901146,-0.45538515,0.9947599
107,-0.7641523,-0.7453715,-0.8836522,-0.7631013,-0.8277198,-0.7236009,-0.7625144,-0.88227284,-0.8808598,-0.853539,-0.08326591,-0.6473982,-0.060194366,-0.021383928,-0.08273036,0.13413562,-0.08677868,-0.23788099,0.35325998,0.34860888,0.21306059,0.75744945,0.30777827,0.6744541,0.124430776,-0.4972743,-0.99950296,-0.48065135,-0.9971001
108,0.07638567,-0.421991,0.40609467,0.32987252,-0.27059942,-0.005338629,-0.49725384,-0.06662301,-0.06696333,-0.31706208,0.32287085,-0.05847084,0.22647516,0.22993147,0.2054576,0.37489286,0.29709747,0.27614155,0.422274,0.6429528,-0.32230046,0.74940956,0.7772838,0.40722713,-0.35937342,-0.9528678,-0.997999,-0.64872235,-0.98022485
109,-0.7664362,-0.73979056,-0.9728122,-0.97432977,-0.9431962,-0.907541,-0.9149016,-0.9797443,-0.9807375,-0.9480198,0.60163873,-0.4907838,0.6623954,0.64951295,0.7278136,0.7150333,-0.36940423,0.6654052,0.75906163,0.8905522,0.5628474,0.3134277,0.16929404,0.6015461,-0.62981915,-0.55180943,-0.99870765,-0.5910027,0.99998903
110,-0.89666903,-0.8421561,-0.95319325,-0.95227647,-0.95304495,-0.9319657,-0.8685053,-0.97348166,-0.9613954,-0.95373386,0.29904047,-0.5161962,0.2765957,0.5763983,0.5356345,0.5931959,-0.4289405,0.3473649,0.7591891,0.8695423,0.5966534,0.3265988,0.56714255,0.56803566,-0.4993961,-0.45524913,-0.99918413,-0.66255295,0.99943054
111,-0.9639427,-0.82687956,-0.9937705,-0.9884547,-0.9779421,-0.9582271,-0.90957415,-0.9928446,-0.982155,-0.9857128,0.6860254,-0.5289319,0.72125757,0.7464181,0.78387594,0.7082605,-0.38759664,0.67300594,0.8765894,0.95966184,0.44699392,0.2623466,0.6206633,0.59046656,-0.6460767,-0.73761183,-0.9991862,-0.72251505,0.9999997
112,-0.7530702,-0.8085069,-0.85710806,-0.69635105,-0.77528626,-0.77065456,-0.79663366,-0.9135832,-0.9118995,-0.8908212,0.1835979,-0.30546588,-0.09532557,0.16849422,0.06602352,0.2325054,-0.08376359,-0.009040025,0.61716413,0.6228262,0.6089019,0.32468513,-0.2954509,0.67060953,-0.076028414,-0.7947101,-0.9995362,-0.4590587,0.14605191
113,-0.92859024,-0.7105937,-0.9772583,-0.9624568,-0.9317685,-0.9281537,-0.5413486,-0.9867384,-0.98006636,-0.95526576,0.6441272,-0.6266234,0.5934249,0.47373015,0.47122312,0.74421304,-0.2898106,0.4874131,0.7465015,0.7774284,0.55647385,0.3391895,0.5337569,0.50967395,-0.54617465,-0.18665281,-0.9987162,-0.53374934,0.99795645
114,0.31159034,-0.43558887,0.36332834,0.4216402,-0.16239502,0.014737071,-0.49296483,0.1676716,0.09444056,-0.15254782,0.36792332,0.070281334,0.39059433,0.2059489,0.2153425,0.17441954,0.053743936,0.17544408,0.28161508,0.54651445,0.39658937,0.4739016,-0.56390643,0.80459774,0.029509107,-0.9966806,-0.9993011,-0.68026423,-0.99856037
115,-0.9310918,-0.7241477,-0.9971369,-0.9922954,-0.9808492,-0.91087234,-0.80056906,-0.99195135,-0.99484634,-0.9751879,0.599501,-0.79095113,0.5866524,0.43689355,0.7209181,0.68808764,-0.7241986,0.7532165,0.6950498,0.8591305,0.7735294,0.3604784,0.24540205,0.5384975,-0.62988764,-0.5854651,-0.99609685,-0.47035447,0.99999744
116,-0.27986896,-0.41864276,-0.4081058,-0.39800984,-0.46343246,-0.41921118,-0.38456696,-0.5151794,-0.24955586,-0.35964245,0.4743793,-0.3969878,0.58954877,0.32169345,0.48320585,0.63614815,-0.21350636,0.37561753,0.57422787,0.64586216,0.2596182,0.27817807,0.7805199,-0.052987356,0.6370331,-0.7516479,-0.99687696,-0.41778135,0.9942647
117,-0.33063367,-0.52095604,-0.34594846,-0.1769168,-0.38227218,-0.61313254,-0.58358026,-0.34104288,-0.4703275,-0.4897993,0.21635522,-0.12867941,0.22603723,0.2869106,0.18523782,0.4348525,0.15582329,0.17363623,0.44756982,0.5208657,-0.2117647,0.49435773,0.79348886,-0.048667878,0.068707034,-0.8111975,-0.99873084,-0.59409624,-0.4375839
118,-0.3689436,-0.3243752,-0.25739557,-0.356179,-0.33409354,-0.5232989,-0.34492683,-0.25896472,-0.6336645,-0.5507578,0.1769012,-0.36830544,0.15253192,0.14243579,0.25931862,0.3615968,-0.08182939,0.1449007,0.29385126,0.43102136,0.054239795,0.64795554,0.5742162,0.5241863,0.1375856,-0.91475725,-0.99926716,-0.629931,-0.99557805
119,-0.7476587,-0.712566,-0.8442072,-0.61817414,-0.62155557,-0.7243366,-0.7200217,-0.8644584,-0.6811214,-0.76792765,0.55957806,0.48418632,0.5087574,0.7537518,0.6808016,0.7147391,0.4714976,0.56106,0.7870543,0.9581699,0.8778747,-0.04086378,-0.13504206,0.3024981,0.07418736,-0.8158835,-0.99962056,-0.1402235,0.9993218
120,-0.66356343,-0.7268526,-0.81543726,-0.7337082,-0.77111626,-0.77833027,-0.73975253,-0.88809115,-0.7956751,-0.7644103,0.45705667,0.14626604,0.15657234,0.22295061,0.45931664,0.28934732,0.36441252,0.06223289,0.58164567,0.84617525,0.52123266,0.54137933,-0.1261368,0.795352,0.23571332,-0.9178669,-0.9989219,-0.69817954,0.007404179
121,-0.9889659,-0.9049228,-0.9991948,-0.99887484,-0.9957961,-0.9905213,-0.94344497,-0.9993572,-0.9985026,-0.9975746,0.6936224,-0.8928874,0.8122222,0.8061472,0.7306057,0.83751,-0.7482876,0.761119,0.91634405,0.98165554,0.77034444,0.49524555,0.21972941,0.6258025,-0.58270323,-0.79307973,-0.9976994,-0.71174484,1.0
122,-0.7364923,-0.7164373,-0.73542845,-0.74746126,-0.6258434,-0.641929,-0.7310504,-0.78338754,-0.8893042,-0.8034622,0.56117445,-0.34827,0.27050665,0.5294534,0.39910257,0.6025017,-0.115891546,0.19701906,0.63952553,0.67297804,0.47396767,0.5939814,0.7236175,0.44661784,0.1707379,-0.71469307,-0.99846745,-0.21783891,0.9986653
123,-0.95804805,-0.7081599,-0.9954212,-0.9889373,-0.9810684,-0.97033924,-0.92197037,-0.9985035,-0.9902661,-0.9814473,0.4650715,-0.6899544,0.6495364,0.71651274,0.7014312,0.66497034,-0.6580019,0.57440966,0.69963473,0.96616477,0.481894,0.63713676,-0.0056434865,0.7205121,-0.44936156,-0.7392459,-0.9986599,-0.6617426,1.0
124,0.047074195,-0.4440815,0.06925723,0.05177244,-0.23568876,-0.39572,-0.5631835,-0.054022234,-0.44075078,-0.498015,0.15796457,0.07779154,-0.07246501,0.09003765,0.028568849,0.046455003,0.20047505,-0.13141921,0.13612382,0.2584453,0.2168981,0.66160417,-0.29415253,0.53375065,0.029463416,-0.97651684,-0.99868745,-0.77276874,-0.999862
125,-0.89874375,-0.8245464,-0.9788318,-0.95490515,-0.9375137,-0.9137655,-0.8770352,-0.97230124,-0.9912596,-0.9403035,0.7739486,-0.269118,0.4763707,0.47026986,0.5747274,0.48801917,0.02865603,0.5100323,0.6835795,0.87441343,0.41408485,0.20512976,0.6177109,0.3358324,-0.32106575,-0.7662601,-0.99909675,-0.4912644,0.9999522
126,-0.58373576,-0.6366095,-0.7821807,-0.47409496,-0.67504865,-0.7018004,-0.7962754,-0.7365577,-0.66705215,-0.7380341,0.49133247,-0.5136167,0.6161233,0.3931017,0.2696642,0.7419073,-0.088919625,0.38436136,0.55000556,0.5223211,0.46254086,0.5012963,0.54943275,0.20690168,0.36529794,-0.77224386,-0.9998322,-0.51423615,0.92063653
127,-0.8858819,-0.6155385,-0.95812726,-0.9421634,-0.8754345,-0.6406856,-0.6595086,-0.9623256,-0.9666586,-0.9369444,0.49871767,-0.81085944,0.6693392,0.5528972,0.4732548,0.7344678,-0.6702328,0.6952416,0.61777633,0.90355855,0.76194376,0.47566357,0.24727048,0.20251307,0.0027866138,-0.35677108,-0.9991408,-0.27797428,0.99950856
128,-0.9621175,-0.8303699,-0.9985256,-0.9964591,-0.97868997,-0.9822976,-0.89809614,-0.9990139,-0.99791974,-0.9855625,0.8591241,-0.9189088,0.88610256,0.6671574,0.7696305,0.8584783,-0.813133,0.8006441,0.86825335,0.973232,0.56826895,0.34276012,0.23557128,0.7059212,-0.5718579,-0.84185076,-0.99919575,-0.8265886,1.0
129,-0.80864674,-0.87639797,-0.98212415,-0.93331313,-0.88799906,-0.97633564,-0.9052059,-0.97895634,-0.96520776,-0.9428301,0.8307528,-0.72456443,0.93274,0.85203713,0.82541996,0.9578052,-0.7324228,0.91890866,0.94882786,0.9651475,0.7885942,0.38445565,0.7753345,-0.5479823,0.81744796,-0.78754574,-0.9996266,-0.63608724,1.0
130,-0.97354233,-0.9207331,-0.99625784,-0.98333734,-0.96872276,-0.9764633,-0.9307942,-0.9983618,-0.98595077,-0.9886333,0.71454185,-0.78900987,0.7762348,0.5485964,0.71000993,0.81203014,-0.6869134,0.6810638,0.88101333,0.98214924,0.6220754,0.5893475,0.8009932,0.15143894,0.09362947,-0.25135902,-0.99906355,-0.3914692,1.0
131,-0.74318075,-0.6292001,-0.72184503,-0.77416486,-0.7839061,-0.6909075,-0.7403031,-0.8293829,-0.8525689,-0.75620455,-0.09943475,-0.49087542,-0.07461687,0.14589754,-0.083725475,0.31867307,-0.20291083,-0.108073354,0.58328855,0.2330019,0.11395826,0.7432656,0.82078713,0.24247445,0.17580982,-0.29695207,-0.9995012,-0.21550779,-0.8012072
132,-0.391889,-0.5015106,-0.4179549,-0.3421509,-0.4401058,-0.4475037,-0.6544437,-0.30994415,-0.35778224,-0.4304599,0.10898594,-0.40259948,0.12777202,-0.050960343,-0.021005701,0.21012221,-0.10250646,0.1228643,0.29369652,0.33331203,0.37376606,0.6507179,-0.0844868,0.8072208,-0.057270538,-0.9384684,-0.99899465,-0.5122709,-0.99617416
133,-0.28767136,-0.39388868,-0.12122974,0.014814596,-0.3017953,-0.19679001,-0.6018487,-0.2434537,-0.28598377,-0.34181666,0.11640943,0.017137093,0.05038505,0.048809394,-0.04440736,0.08597929,-0.034046892,0.0015967306,0.15750338,0.3406378,-0.24274461,0.5468449,0.33434013,0.47883815,0.004964549,-0.9616963,-0.99704903,-0.7568774,-0.99737406
134,-0.6013128,-0.6408549,-0.350167,-0.22133976,-0.5974428,-0.59752023,-0.7405807,-0.45708948,-0.6037546,-0.7102855,0.32820037,0.06509076,0.18690984,0.35006973,0.00032514328,0.3413589,0.13012592,0.19925323,0.4843895,0.60357904,-0.10104201,0.62837833,0.7936288,0.31937504,-0.12209691,-0.8928183,-0.99956787,-0.5849391,0.09707579
135,-0.11222207,-0.34524462,-0.00087879563,0.19661266,-0.27500606,-0.16734613,-0.3688062,-0.27141806,-0.010788378,-0.29759464,0.17147678,-0.028493237,-0.0007613001,0.19741294,0.046104725,0.2093836,0.21936357,-0.093702525,0.27030015,0.4108727,0.23475133,0.6355386,-0.27013198,0.73536456,0.0749231,-0.9932462,-0.99916786,-0.5927317,-0.9999527
136,-0.9455056,-0.85744905,-0.98836285,-0.9921145,-0.9303466,-0.925192,-0.7678285,-0.99450874,-0.9872427,-0.9732365,0.32169396,-0.8780571,0.5207039,0.4220288,0.3721393,0.5774751,-0.41809195,0.36999807,0.6565846,0.6051874,0.634684,0.3794309,0.22767323,0.4784381,-0.5434167,0.061623506,-0.99937546,-0.2004562,0.9983476
137,-0.946165,-0.8524218,-0.9820181,-0.9436457,-0.89681,-0.9543846,-0.83442026,-0.99038476,-0.95344347,-0.9820028,0.43073294,-0.92914724,0.7212264,0.5285634,0.4286675,0.8157111,-0.69725424,0.6652646,0.71954966,0.862096,0.572945,0.6679834,0.4670091,0.7881037,-0.09232424,-0.52503955,-0.99949616,-0.6183687,0.9997613
138,-0.6673016,-0.6592965,-0.5712151,-0.6254383,-0.7395898,-0.5341935,-0.7076946,-0.6534675,-0.76836205,-0.7455145,0.25535452,-0.45800406,0.24376114,0.30668974,0.2381989,0.4625155,-0.20949094,0.27931204,0.45515454,0.3433252,0.034215115,0.51619965,0.83267266,-0.10431266,0.256529,-0.37012032,-0.99797904,-0.34233224,0.13182992
139,-0.12387187,-0.5873672,-0.031601183,0.13452892,-0.22353394,-0.4785032,-0.7253749,-0.12352191,-0.4294318,-0.5353253,0.07438348,0.45025632,0.027463986,0.31726164,0.23209894,0.23433371,0.3949913,0.0332765,0.20032683,0.50579727,0.38144094,0.5609171,-0.1902917,0.51019937,0.24957664,-0.9559175,-0.99771464,-0.49447745,-0.88050026
140,0.3085392,-0.25100622,0.2574881,0.65030634,0.1270904,0.20314105,-0.27266964,0.22749509,0.16584678,0.016216263,0.08881332,-0.61388147,0.16534466,-0.009776212,0.09182386,0.34609216,-0.39824834,0.15930371,0.13206154,0.27623644,0.21275407,0.70116806,-0.05291819,0.8684018,-0.12456941,-0.9945988,-0.99879146,-0.722038,-0.99997765
141,-0.4217682,-0.49084958,-0.47487107,-0.2957701,-0.42616493,-0.42005193,-0.59179795,-0.4258081,-0.69710743,-0.5356247,0.040268525,-0.75571585,-0.16708328,0.07848662,-0.24789855,0.33580306,-0.27018812,0.11816898,0.2955381,0.38430607,-0.01623055,0.88352495,0.5096159,0.61112565,-0.07685812,-0.8558417,-0.99907726,-0.39097697,-0.9987316
142,0.029790442,-0.34663025,-0.028170595,0.31536406,-0.3358026,-0.0155504355,-0.425168,-0.16527376,-0.11530516,-0.25225005,0.2478488,0.08659292,-0.0397048,0.06669928,0.025980668,0.21444242,0.28114453,-0.14217846,0.035852104,0.568284,-0.027452074,0.7947341,0.22423416,0.59814495,0.02189435,-0.91990006,-0.9994348,-0.5419653,-0.9994815
143,-0.34349018,-0.685284,-0.5160774,-0.32809886,-0.42864677,-0.2364819,-0.67709726,-0.61774325,-0.779227,-0.76626563,0.09034912,0.17543773,-0.0069870255,0.24535948,0.13265836,0.36238763,0.36957288,-0.0010913474,0.3239444,0.6949486,0.74533194,0.48676592,-0.8404596,0.8690496,0.26489016,-0.9731457,-0.9995945,-0.56056505,-0.9976324
144,-0.5980016,-0.61756545,-0.67848897,-0.50391865,-0.81049097,-0.69747156,-0.7564556,-0.74021417,-0.68498003,-0.76358557,0.36884278,-0.52290577,0.31435272,0.20154946,0.12055125,0.2613389,-0.30961782,0.22981465,0.2980197,0.5252219,0.59973407,0.6362213,-0.49859944,0.6945006,0.049386535,-0.9212212,-0.9996401,-0.62320703,-0.97312635
145,-0.8881263,-0.7544172,-0.97566247,-0.9500525,-0.82604796,-0.7022297,-0.86486495,-0.9821054,-0.94883513,-0.9057902,0.7350021,-0.35688215,0.6053555,0.5156807,0.6933697,0.7393211,-0.36327595,0.5573735,0.77348953,0.96152997,0.8005548,0.38065088,-0.0035763232,0.7599169,-0.071578555,-0.8228931,-0.9989743,-0.6528613,0.99998534
146,-0.6704737,-0.6952471,-0.6508722,-0.44847873,-0.71941507,-0.76268584,-0.721848,-0.62646836,-0.63456565,-0.7805307,0.5090224,0.14961782,0.41298673,0.48967916,0.5043655,0.39653414,0.0781148,0.21141855,0.6713786,0.6029506,0.52548563,0.25056747,0.74841815,-0.18075085,0.5032145,-0.5623355,-0.99902934,-0.42166042,0.99929345
147,-0.41748467,-0.71263605,-0.51265156,-0.41700476,-0.5620433,-0.48968205,-0.5812351,-0.6249489,-0.66489506,-0.7054235,0.5623647,-0.40623116,0.43738136,0.41243163,0.5211946,0.49428988,-0.17730342,0.47594225,0.65156496,0.68983775,0.27381563,0.22731556,0.6924904,-0.17219988,0.5280496,-0.52120394,-0.99922925,-0.46850356,0.96657985
148,-0.41666868,-0.6380469,-0.4419501,-0.4358484,-0.66016245,-0.533711,-0.7703047,-0.49307525,-0.67931855,-0.61924106,0.047550775,-0.46903604,-0.043323427,-0.2001551,-0.25158098,-0.12119285,-0.12867086,-0.16490027,0.052501064,0.14812262,-0.15470505,0.8383898,0.53029644,0.49913305,-0.09203413,-0.8618286,-0.9998116,-0.63756764,-0.99901444
149,-0.9233721,-0.5678211,-0.9671834,-0.9511883,-0.9002849,-0.88399565,-0.8339972,-0.9563145,-0.9668754,-0.9025009,0.53025436,-0.72381777,0.6132901,0.6774101,0.5896068,0.63737816,-0.49853638,0.49056876,0.44406205,0.8654587,0.5492071,0.43356478,0.7212614,0.11662033,-0.052463505,-0.6745677,-0.9994633,-0.47326627,0.99999815
150,-0.1683986,-0.6209553,-0.19864957,0.082683235,-0.4270429,-0.21025439,-0.6367043,-0.20153847,-0.41646254,-0.58623606,0.12901253,0.047532286,0.07027153,0.20544747,0.08474496,0.24724437,0.322429,-0.12096176,0.3744109,0.4821172,0.5863141,0.6384335,-0.67819726,0.7418278,0.086357154,-0.9665153,-0.9991713,-0.5362394,-0.9995998
151,-0.7065822,-0.6853594,-0.78009236,-0.7335993,-0.6485322,-0.62832516,-0.6624675,-0.81919235,-0.68679285,-0.6662363,0.74094146,-0.18804014,0.6623843,0.66080284,0.67634785,0.81928456,0.013643744,0.5508701,0.7974391,0.9128003,0.5300585,0.10119711,0.8724036,-0.35041085,0.510479,-0.41970363,-0.9987898,-0.28443015,0.9999917
152,-0.60484344,-0.6557851,-0.46705642,-0.36921966,-0.4212356,-0.58777034,-0.63855785,-0.6045788,-0.72011364,-0.52522177,-0.19554356,-0.52345437,-0.009093376,-0.015287749,-0.09273329,0.10407529,-0.2501779,-0.09651246,0.11924911,0.24671878,0.3371063,0.7516979,-0.19412118,0.7801894,-0.039675765,-0.9425741,-0.99899065,-0.67276484,-0.99878424
153,-0.88171196,-0.8433446,-0.91844404,-0.8554243,-0.88574886,-0.84666395,-0.8759812,-0.9448202,-0.8146062,-0.7618724,0.58167666,0.06298786,0.38180432,0.29582703,0.600348,0.5890209,-0.05626553,0.3152146,0.5830459,0.66989857,0.45098665,0.198537,0.6017422,0.32281846,0.007800271,-0.3294452,-0.9992045,-0.54967815,0.9996561
154,-0.13737217,-0.48568404,-0.3978757,-0.13273752,-0.13440177,-0.61570704,-0.5734687,-0.3433127,-0.5386395,-0.29388198,0.32171768,0.5094856,0.36367735,0.3113114,0.2140515,0.41871914,0.33328018,0.1993635,0.5329372,0.7872893,0.4216956,0.3903298,0.26193118,0.30878004,0.28109336,-0.8787133,-0.99844867,-0.6006735,0.8857005
155,-0.66765785,-0.7640232,-0.4081807,-0.3523058,-0.66967,-0.7377457,-0.63708,-0.58675426,-0.6163824,-0.62119555,0.08426059,-0.46017292,0.0612218,0.2319205,0.18077268,0.22160397,-0.2199802,0.025772275,0.3819411,0.5157547,0.6983183,0.62532943,-0.35886967,0.55106026,0.2104495,-0.91702557,-0.99929476,-0.62342423,-0.5557977
156,-0.07641548,-0.7578308,-0.2863497,-0.18325686,-0.5560485,-0.48109406,-0.74731845,-0.4246411,-0.62316275,-0.44040427,0.5787202,-0.4859993,0.6926492,0.47120845,0.46204513,0.7094155,-0.19584586,0.5824932,0.6390802,0.81942636,0.26121005,0.51639736,0.7561921,0.06275089,0.17752005,-0.8395696,-0.9992252,-0.5832851,0.97562087
157,-0.75779223,-0.66091317,-0.880837,-0.83091384,-0.6921596,-0.75853896,-0.45140642,-0.8249834,-0.7525718,-0.7117858,0.5608485,-0.6141097,0.684544,0.45010957,0.5416304,0.7616351,-0.34179682,0.55669194,0.62413037,0.69198084,0.53020585,0.20191379,0.8921308,-0.4023956,0.5945737,-0.33492666,-0.99861836,-0.2743414,0.99991536
158,-0.998118,-0.9739381,-0.99999267,-0.999979,-0.9995734,-0.999278,-0.99134827,-0.99999475,-0.9999853,-0.9998632,0.8493618,-0.98019457,0.91424626,0.8520092,0.7230824,0.9342773,-0.9581135,0.9140839,0.9768098,0.99055976,0.75004274,0.75881267,0.23683313,0.5026256,-0.62565595,-0.8714251,-0.9924148,-0.81525594,1.0
159,-0.75175315,-0.66906893,-0.7113103,-0.56886184,-0.71636975,-0.63010997,-0.5491317,-0.7054229,-0.64608955,-0.766947,0.43854108,-0.34547964,0.6372435,0.53805053,0.62703556,0.68520945,-0.011145168,0.43909132,0.769471,0.62879896,0.55629146,0.039856106,0.87086576,-0.12200536,0.7309692,-0.4022567,-0.99804276,-0.17977041,0.9999864
160,-0.6171258,-0.6091293,-0.82562137,-0.73437184,-0.7657483,-0.7173247,-0.59690243,-0.83527076,-0.8504217,-0.7242635,0.46573445,-0.5544553,0.5535936,0.35324314,0.43563372,0.65522856,-0.29091775,0.58358073,0.6125939,0.6945787,0.36955592,0.59698874,0.85590345,-0.12823871,0.37777746,-0.20437853,-0.9985548,-0.41063604,0.9936034
161,-0.29980698,-0.63830054,-0.320576,-0.0038136723,-0.607855,-0.4616793,-0.5122015,-0.30596486,-0.3842572,-0.44475573,0.1940687,-0.22364007,0.040818535,0.12641905,0.1467894,0.343175,-0.084208295,0.042602845,0.5704636,0.43577248,-0.3844285,0.5272992,0.7913403,0.13747896,0.1346851,-0.8353097,-0.9989386,-0.594388,-0.95311695
162,-0.51326066,-0.66994405,-0.8026966,-0.65516204,-0.42411837,-0.4794972,-0.6392385,-0.594495,-0.62383187,-0.43396524,0.63632154,-0.23423998,0.6508968,0.593268,0.55266035,0.66059476,-0.37737837,0.64059776,0.77871877,0.77193,0.34149432,0.12615484,0.5639232,-0.47416407,0.34627807,-0.43493113,-0.99877864,-0.35753077,0.9998198
163,-0.21724188,-0.6251667,-0.36151484,-0.32734036,-0.3098874,-0.42710778,-0.5322944,-0.5065706,-0.44927824,-0.27002627,0.33344784,-0.44254172,0.63158023,0.26469678,0.2414033,0.5975344,0.07457167,0.24335773,0.5900358,0.59578717,0.37151897,0.11678786,0.33897558,-0.1098399,0.2515217,-0.53244525,-0.99821985,-0.43851584,0.9505028
164,-0.34662762,-0.6799553,-0.19616424,-0.033711664,-0.40511107,-0.49633527,-0.71697223,-0.49408767,-0.49681708,-0.6935829,-0.036277857,-0.47639486,-0.09713587,-0.017893488,-0.10200169,-0.036672574,-0.16831505,-0.108697854,0.053355176,0.3411806,0.3151829,0.841043,-0.38482785,0.8486831,0.00664421,-0.9923826,-0.999528,-0.7449608,-0.99998736
165,-0.81454617,-0.6200727,-0.9622199,-0.93658406,-0.75992215,-0.80529326,-0.7950293,-0.9280744,-0.9680573,-0.9256698,0.55848676,-0.83241886,0.635799,0.38941726,0.3766357,0.36893427,-0.6401139,0.43561357,0.5989289,0.5713415,0.72957456,0.3798053,0.20991161,0.5094453,-0.38126674,-0.0014938923,-0.998891,-0.19658865,0.98878676
166,-0.5263337,-0.54227394,-0.5095647,-0.22549339,-0.43203884,-0.46215674,-0.555909,-0.6237943,-0.73422056,-0.6178788,0.47828966,-0.42539522,0.50351113,0.39800987,0.35548875,0.64287144,-0.21056354,0.52971816,0.696442,0.8293011,0.22834535,0.41465518,0.8664068,-0.18351947,0.66063374,-0.69022256,-0.9981511,-0.42361265,0.9960508
167,-0.78069013,-0.7343364,-0.7636315,-0.55099267,-0.74416655,-0.55422133,-0.6201407,-0.8925628,-0.6630822,-0.8131382,0.24613474,-0.13682045,0.31546748,0.46156868,0.49402565,0.6439042,0.10287809,0.2116649,0.66745013,0.82557833,0.61571896,0.12981002,0.41769958,0.41525015,0.10353505,-0.44937733,-0.99893403,-0.16579959,0.9937284
168,-0.64417905,-0.58376676,-0.7963656,-0.6284237,-0.6531257,-0.6922994,-0.5153966,-0.6542723,-0.7362309,-0.67860705,0.36352018,-0.83830196,0.58647656,0.28386837,0.3502103,0.7123969,-0.5613007,0.5749157,0.54481345,0.5276123,0.23466964,0.34906012,0.8437419,-0.15814029,0.5345644,-0.085372694,-0.9989577,-0.29113182,0.9721077
169,-0.94191134,-0.9552707,-0.99715275,-0.99570495,-0.98188543,-0.9832671,-0.8912862,-0.99901044,-0.99836123,-0.9937612,0.73305756,-0.9332837,0.87879354,0.67046535,0.76976347,0.76197076,-0.80042386,0.7726461,0.8877825,0.97154766,0.81584996,0.35534793,0.40260622,0.2629626,0.23535137,-0.7002036,-0.99722254,-0.78578097,1.0
170,-0.9239147,-0.7356481,-0.9853274,-0.9807231,-0.9323656,-0.9158631,-0.8802778,-0.99134207,-0.9900233,-0.9630547,0.7080996,-0.17587566,0.7008675,0.56027997,0.7816249,0.8108895,0.00357587,0.4707023,0.7850096,0.86035377,0.23627467,0.06491964,0.92410094,0.2349505,-0.5153279,-0.4444029,-0.99949753,-0.30322152,0.99997914
171,-0.15309888,-0.42161804,0.05138354,0.10438898,-0.12971415,-0.13050814,-0.52649343,-0.20139982,-0.22851302,-0.12867475,0.0865843,-0.0072365403,-0.04646384,0.20639507,0.03452038,0.28592294,0.21867865,-0.050252125,0.42050403,0.2975356,-0.013514686,0.6464163,0.42653772,0.40363818,0.09230428,-0.96647197,-0.99839187,-0.5086717,-0.929914
172,-0.82995516,-0.6676645,-0.9398196,-0.9188692,-0.8371178,-0.7623533,-0.67807174,-0.92530507,-0.9073662,-0.7985488,0.42963868,-0.6948046,0.3828612,0.1393269,0.52181697,0.46446374,-0.3127769,0.5655406,0.61598456,0.86134076,0.44502473,0.19262597,0.73030406,-0.012506279,-0.07335199,-0.26294675,-0.9992457,-0.26223284,0.9990276
173,-0.48617563,-0.48931986,-0.5751784,-0.29778364,-0.39675534,-0.5347026,-0.6786367,-0.65352947,-0.583029,-0.5719009,-0.11719037,-0.19716021,-0.09508701,-0.012365347,0.012066228,0.24226199,0.2196662,-0.15864135,0.31941107,0.36718854,-0.19891255,0.6248478,0.72172195,0.5568239,0.12735948,-0.85523605,-0.9989615,-0.64846665,-0.69019413
174,-0.77314615,-0.62150806,-0.9333717,-0.8688896,-0.84572244,-0.7600695,-0.5408526,-0.93120986,-0.9279894,-0.8468159,0.6086677,-0.62921625,0.57836735,0.42779914,0.5726803,0.7043032,-0.356367,0.5826941,0.65666795,0.87244064,0.40668696,0.56321573,0.891049,-0.4172721,0.14270651,-0.27699992,-0.99914044,-0.37468097,0.9996902
175,-0.13031638,-0.5679645,-0.09694701,0.17338058,-0.37063888,-0.4981372,-0.5320497,-0.19932492,-0.3862646,-0.5360903,0.371407,0.27812988,0.0012047433,0.25465825,0.14320344,0.25771654,0.44448188,0.106953405,0.24810308,0.5334201,0.27127254,0.5613723,0.38603884,0.21099277,0.13338646,-0.93585354,-0.99908596,-0.65280706,-0.87250066
176,-0.14027414,-0.28974044,-0.1157477,0.054427534,-0.21251582,-0.31406397,-0.44482762,-0.39802086,-0.32778922,-0.33016443,0.114297345,-0.30466783,0.18463099,0.06537968,0.1443405,0.31700164,-0.07632496,0.13472594,0.31479108,0.37144762,0.34516612,0.7638456,0.31238356,0.7601587,-0.02214308,-0.98071194,-0.9995749,-0.6808197,-0.99887383
177,-0.80553854,-0.82141787,-0.947386,-0.84510225,-0.8473668,-0.8414668,-0.56154203,-0.95082283,-0.8780978,-0.87931097,0.51225835,-0.6546501,0.22273733,0.080670595,0.37232694,0.27045882,-0.2191527,0.26179308,0.70986545,0.7106586,0.71507496,0.32042012,0.3316365,0.63867056,-0.55041134,-0.73175097,-0.99972904,-0.52555776,0.8730732
178,-0.07438183,-0.7067376,0.06544621,0.3939564,-0.32570368,-0.01775357,-0.68589854,-0.1739887,-0.22035788,-0.42616,0.15603448,-0.6161233,0.35849905,-0.05931186,-0.016574444,0.34411845,-0.32122895,0.038988467,0.23557074,0.18398389,0.39781982,0.8070236,-0.16549726,0.94577074,-0.22533742,-0.99721944,-0.99795055,-0.7615212,-0.9999994
179,-0.4855808,-0.50855625,-0.4727389,-0.44340724,-0.28913075,-0.48602614,-0.49670222,-0.6388301,-0.33966172,-0.5348374,0.46367335,0.028560713,0.5064035,0.49543598,0.48714444,0.7054327,0.32206205,0.2915956,0.5378866,0.8390951,0.045672685,0.31781316,0.7500745,-0.080606885,0.19485623,-0.74419224,-0.9993592,-0.48356947,0.98857623
180,-0.8041639,-0.8060014,-0.89384377,-0.9024346,-0.9075228,-0.79478735,-0.8558826,-0.91361606,-0.9723107,-0.81383884,0.6766474,-0.62029314,0.5476807,0.4593025,0.47183037,0.5869069,-0.36587462,0.504183,0.67466766,0.83487374,0.5864905,0.7313197,0.32487944,0.64476675,-0.18673575,-0.63832915,-0.9996875,-0.37168533,0.97204584
181,0.3157274,-0.29851025,0.17042138,0.5213906,0.08166694,0.0036819817,-0.6099584,0.25614846,-0.085397705,-0.37385246,-0.18861316,-0.26918563,0.013128238,-0.0708631,-0.062335428,0.16496623,0.037592452,0.035095695,0.04705787,0.19073306,-0.58592397,0.9039575,0.71794283,0.6713344,-0.16153833,-0.9943812,-0.9995751,-0.8130585,-0.99999875
182,-0.82110316,-0.75479764,-0.93428516,-0.9131453,-0.85889214,-0.7828482,-0.74105835,-0.9475205,-0.948593,-0.8225599,0.4074416,-0.08860204,-0.036146693,0.43251887,0.5324214,0.34851444,0.106428675,0.17577599,0.59925216,0.7036466,0.60333633,0.5025591,0.5439907,0.48390344,-0.16621085,-0.5067883,-0.99938506,-0.46332288,0.9987301
183,-0.8644107,-0.7358221,-0.8092541,-0.67610943,-0.81111956,-0.6060691,-0.8676569,-0.9317751,-0.9133984,-0.8770346,0.048552196,-0.060089264,0.20194684,0.24531719,0.20098375,0.37650752,-0.05469628,0.21499363,0.72734064,0.84211427,0.6338424,0.58905834,0.12492306,0.743674,0.012920405,-0.6261723,-0.9998439,-0.3434434,0.046955284
184,-0.67620826,-0.78217417,-0.84221774,-0.6234809,-0.774313,-0.5540066,-0.6551456,-0.8481934,-0.7286884,-0.7538865,0.47207218,-0.4085058,0.32841456,0.34525788,0.37457523,0.3564341,-0.09485917,0.21876736,0.57773924,0.638721,0.42014396,0.2873354,0.3336728,0.5916168,-0.03755234,-0.7273855,-0.9997004,-0.5689999,0.9621636
185,-0.931855,-0.8052185,-0.99407023,-0.9866074,-0.97462505,-0.9365433,-0.92539436,-0.9965088,-0.98738474,-0.9830768,0.7115145,-0.8585378,0.8786541,0.72613925,0.716197,0.7671051,-0.65006787,0.6846275,0.90730286,0.9708332,0.81768,0.29033646,-0.28866118,0.5464699,-0.52109253,-0.7967059,-0.99934053,-0.6168219,1.0
186,-0.9006665,-0.64026076,-0.985503,-0.9768228,-0.93511146,-0.87562513,-0.7373293,-0.9885579,-0.9809807,-0.9554249,0.64495564,-0.8058901,0.7161718,0.43900898,0.6127033,0.697752,-0.51000893,0.5968703,0.62755054,0.91300505,0.7108197,0.40727344,0.26554298,0.25700668,0.3899513,-0.5791666,-0.999325,-0.3249322,0.9999814
187,-0.52719855,-0.5716144,-0.43115026,-0.47291908,-0.55137545,-0.36959955,-0.4795727,-0.5765677,-0.57969755,-0.45342147,-0.016441608,-0.58603185,-0.021992413,-0.025611792,-0.08415688,0.24702868,-0.22156893,-0.012238026,0.23083785,0.34261188,0.15265942,0.8086136,0.10152596,0.6800147,0.016831238,-0.89881766,-0.9996784,-0.65386766,-0.9974973
188,-0.51636285,-0.6375749,-0.6949875,-0.48827747,-0.6618921,-0.63867897,-0.5281511,-0.8165061,-0.59628755,-0.5844333,0.5571047,-0.12669821,0.55189943,0.5234359,0.67707765,0.5171968,-0.27525148,0.70020306,0.8003374,0.74621475,0.5967119,0.4531608,0.15759498,0.06224534,0.5281771,-0.46893847,-0.99949986,-0.54287547,0.99998546
189,-0.9792753,-0.79000276,-0.9996976,-0.99975264,-0.99407816,-0.99279624,-0.81526875,-0.9998174,-0.9994486,-0.9937878,0.7621363,-0.96191067,0.87986135,0.79131943,0.67163134,0.9622745,-0.8979768,0.8779982,0.91901344,0.9332005,0.793725,0.47028196,0.046384938,0.4098847,-0.64186805,-0.25444832,-0.99918866,-0.59539604,1.0
190,-0.8026674,-0.6213235,-0.9030864,-0.88562495,-0.82044077,-0.7790859,-0.4300924,-0.87360877,-0.9106438,-0.83459395,0.29587817,-0.78291684,0.44449118,0.2363638,0.12276459,0.26446298,-0.36652005,0.501803,0.50525874,0.4935855,0.68256205,0.2945063,0.39427337,0.1183215,0.15653585,-0.26198453,-0.9984781,-0.2678869,0.9485995
191,-0.82491285,-0.74936384,-0.9184138,-0.8627492,-0.8966167,-0.83949155,-0.74391955,-0.9162982,-0.9371229,-0.8819507,0.6033954,-0.45267937,0.5042675,0.51753217,0.4799763,0.5611221,-0.2990824,0.45722756,0.7322295,0.7151949,0.5646123,0.37143147,0.72001517,0.1931887,0.06442978,-0.60716516,-0.9994065,-0.33362684,0.9987409
192,-0.22061403,-0.5463611,-0.5324723,-0.23492256,-0.44589725,-0.41082087,-0.55410194,-0.39679655,-0.43114623,-0.4672199,0.2207482,-0.5851377,0.25607592,0.26352146,0.28801697,0.55355686,-0.23756489,0.24882041,0.5033363,0.24738286,-0.23676486,0.72386795,0.8862686,0.15736821,0.37072995,-0.72104174,-0.99912006,-0.37107053,-0.91629016
193,-0.9233942,-0.67656195,-0.9950621,-0.98321205,-0.9751278,-0.98186994,-0.6905977,-0.99494714,-0.98226386,-0.93984807,0.7670352,-0.50901616,0.8253632,0.7318902,0.74331003,0.869209,-0.23316926,0.76353574,0.9016697,0.9622428,0.7581617,0.131442,0.62882054,-0.13350597,-0.119282976,-0.3441432,-0.99943197,-0.62637615,1.0
194,-0.33149612,-0.23407136,-0.48359284,-0.1847839,-0.30274463,-0.47892764,-0.5431999,-0.43734422,-0.38265625,-0.4983943,-0.060729995,-0.5062314,0.21590936,0.022890247,0.0012216561,0.3638021,-0.19534898,0.19354235,0.29559717,0.3903292,-0.1410253,0.7850635,0.25762782,0.5720945,0.10751622,-0.94399565,-0.99948215,-0.69616646,-0.99693936
195,-0.17855094,-0.5544226,-0.3681639,-0.068875216,-0.55484533,-0.41053304,-0.46780488,-0.27619675,-0.27828997,-0.20809253,0.28835398,-0.63281274,0.5712561,0.4549411,0.17055172,0.50338095,-0.40308008,0.4232811,0.4333282,0.20272227,-0.18758638,0.6942103,0.8669861,-0.07472987,0.3227289,-0.9505763,-0.9994856,-0.48791426,-0.47605392
196,-0.863292,-0.7608377,-0.9732131,-0.9565323,-0.95372015,-0.9436288,-0.89610046,-0.9595461,-0.936869,-0.94374675,0.6275661,0.23908922,0.3844337,0.595766,0.8394526,0.76904756,0.28308752,0.46361148,0.73625875,0.92849493,0.48300505,0.22116388,0.8371313,0.25663203,-0.10973526,-0.6179852,-0.9976129,-0.52146596,1.0
197,-0.4776451,-0.4706868,-0.3008539,0.09473997,-0.45027146,-0.45829326,-0.70386034,-0.37831783,-0.3902405,-0.5662691,-0.1102968,-0.2669999,-0.118979506,0.01019971,-0.17157622,0.040732544,-0.042075995,-0.11844272,0.21792814,0.11014497,-0.31650996,0.84357685,0.60701406,0.5783229,0.12298207,-0.9748537,-0.99931985,-0.7002978,-0.99998313
198,-0.64774007,-0.610613,-0.8428496,-0.80552065,-0.8627348,-0.867298,-0.48799816,-0.86992794,-0.7922413,-0.8335952,-0.0077716,0.008185286,0.2786538,0.29108247,0.18257384,0.4869295,0.041253407,0.30511978,0.49622935,0.67901593,0.3496036,0.42901865,0.14677659,0.13467276,0.014748784,-0.73684615,-0.998925,-0.5461655,0.80324334
199,0.08590981,-0.6154775,-0.03074481,0.31859282,-0.2924756,-0.28416857,-0.5661791,-0.08917425,-0.32247418,-0.4798347,0.29087266,-0.53478086,0.27359414,0.23107724,-0.07229413,0.22548129,-0.41347706,0.2476491,0.31925133,0.32595897,0.65786105,0.74333197,-0.7076353,0.90807134,-0.21833535,-0.99771816,-0.99897236,-0.6224517,-0.999976
200,-0.80220604,-0.8138964,-0.9304601,-0.686248,-0.8273136,-0.81599116,-0.82564664,-0.86646,-0.8759547,-0.88984865,0.571082,-0.037780397,0.49835712,0.5465898,0.41555175,0.6475143,0.36698595,0.2994616,0.6380731,0.85316974,-0.22098152,0.44551745,0.94165874,-0.0037510323,-0.00097414834,-0.83263904,-0.999726,-0.42167884,0.998096
201,-0.742583,-0.6001047,-0.70876044,-0.62384415,-0.7372618,-0.58611375,-0.57424897,-0.7847077,-0.7416514,-0.79961157,0.5396934,-0.37850517,0.35271588,0.4939846,0.4403366,0.57720864,-0.15991159,0.34477082,0.6130766,0.81020486,0.72350883,0.09753297,0.36140803,0.082668014,0.36684552,-0.38280174,-0.9993796,-0.37198398,0.99818367
202,-0.359888,-0.67175686,-0.27059346,-0.15347353,-0.6103406,-0.6651052,-0.7555316,-0.5230655,-0.63740313,-0.7483748,-0.27083486,-0.48228642,-0.19718578,-0.1934744,-0.3159109,-0.012028184,-0.24573873,-0.050460435,-0.012964563,0.070350036,-0.17298584,0.9509835,0.3641254,0.78115135,0.0050890446,-0.99516046,-0.9997683,-0.77641135,-1.0
203,-0.9035615,-0.909215,-0.96784145,-0.9201373,-0.9492099,-0.924025,-0.9100177,-0.9541702,-0.9620549,-0.92854375,0.736125,-0.64311755,0.76527095,0.64785564,0.5684912,0.7432961,-0.37492725,0.60620594,0.7974498,0.8162436,0.61619747,0.43650928,0.68150276,-0.29508448,0.0019219491,-0.6515347,-0.9994388,-0.4990843,0.9999893
204,-0.99273956,-0.8677849,-0.9987198,-0.99730366,-0.98066723,-0.9935253,-0.9291997,-0.9980849,-0.99742585,-0.9903765,0.6659027,-0.52651024,0.7963596,0.7964119,0.72550017,0.6009976,-0.44855073,0.8171498,0.78805816,0.96581554,0.34800294,0.5413214,0.6134832,0.025150921,-0.11764715,-0.61532116,-0.9989155,-0.63264865,1.0
205,0.03741833,-0.6013467,0.24527442,0.37658647,-0.11395377,-0.17303003,-0.71903664,0.1399301,-0.23824294,-0.24893169,0.21802424,-0.6262062,0.019919608,-0.21365733,-0.111395516,0.32233387,-0.2632757,0.068676315,0.07432429,0.3900457,-0.7061431,0.90288866,0.9716551,0.53124243,-0.24867012,-0.97735304,-0.9973299,-0.7716175,-0.9999936
206,-0.9278514,-0.7765061,-0.9751551,-0.9191174,-0.9276247,-0.91768295,-0.8326247,-0.9809854,-0.9723441,-0.96765864,0.6741792,-0.060234204,0.6033017,0.5009336,0.7351712,0.7999964,-0.14299683,0.7032317,0.858072,0.9381157,0.6374892,0.19302636,0.82421744,0.07715324,-0.0779287,-0.3303306,-0.9975556,-0.45128882,0.99999183
207,-0.20987485,-0.55528206,-0.040291846,0.09735482,-0.2601584,-0.27825168,-0.4697935,-0.0010948624,-0.2546509,-0.42298776,0.2752422,0.39517546,-0.1474264,0.14040875,-0.01489942,-0.17048176,0.2624296,-0.07385601,0.11722072,0.4484111,0.8987994,0.7348659,-0.98883957,0.96748406,-0.17894922,-0.99983656,-0.9993249,-0.7168927,-1.0
208,-0.78290117,-0.6963161,-0.93103737,-0.8576493,-0.7340101,-0.8454447,-0.66059923,-0.916546,-0.8283277,-0.65442234,0.62982786,-0.5069565,0.7556183,0.77856314,0.6806479,0.76580834,-0.51796293,0.6455008,0.77743655,0.9099925,0.76254535,0.18119119,0.53475934,-0.30256847,0.8439193,-0.7264578,-0.99686956,-0.6321731,0.9999995
209,-0.4096286,-0.52337724,-0.4112757,-0.33076957,-0.4147188,-0.4993793,-0.5825548,-0.5599261,-0.6824566,-0.37021422,0.552595,-0.5136733,0.46626744,0.5596608,0.5200195,0.8079483,-0.34850124,0.59745127,0.75135714,0.7917488,0.35493127,0.67324775,0.8032109,-0.051568758,0.31991112,-0.70501614,-0.99982244,-0.5370235,0.9922776
210,-0.37222853,-0.49570903,-0.47794533,0.09710597,-0.2986858,-0.3047593,-0.63305885,-0.3064483,-0.44525692,-0.51616824,0.2762761,0.18810414,0.18009567,0.48301706,0.37704843,0.45743796,0.38701668,0.030263606,0.50235516,0.8001115,0.6443472,0.32259908,0.05112491,0.40652657,0.44932622,-0.9571851,-0.9993098,-0.4339155,0.43726015
211,-0.81123,-0.7804984,-0.9235753,-0.9037243,-0.8315069,-0.82700074,-0.69518447,-0.9675149,-0.91624296,-0.90748125,0.3211392,-0.6416636,0.41184217,0.42399397,0.44477594,0.46663028,-0.18730643,0.2041282,0.6586213,0.67417526,0.6676124,0.6281966,-0.54479235,0.78138757,-0.56554276,-0.7961788,-0.9997514,-0.7238109,-0.55691653
212,-0.45384544,-0.5975492,-0.4271732,-0.17736217,-0.5713556,-0.5533272,-0.57662857,-0.5724194,-0.4178959,-0.61245084,0.12719564,-0.13530329,0.20163673,0.1631936,0.1851445,0.48029926,-0.036928978,0.14136189,0.49313244,0.39122298,-0.115733035,0.7882534,0.61601555,0.41853267,0.2527087,-0.81841683,-0.99870235,-0.53562313,-0.86217296
213,0.22808145,-0.32219654,0.19389457,0.29342592,-0.086471386,0.0101322755,-0.49567848,0.14896251,-0.21329851,-0.16581695,0.007889111,-0.47160345,0.16610149,0.10375478,0.13310157,0.186529,-0.41117284,0.21731019,0.02952103,-0.049640745,0.037172683,0.80259526,-0.29415464,0.86032957,-0.29022577,-0.99950904,-0.99949837,-0.73173267,-1.0
214,-0.9505697,-0.7926806,-0.99075407,-0.97044486,-0.9568703,-0.97423095,-0.7996758,-0.9839811,-0.9815101,-0.969563,0.55385435,-0.498611,0.41239357,0.55802536,0.6587275,0.44255927,-0.47974175,0.5252265,0.7140369,0.71145433,0.6716898,0.18547124,0.62319946,0.10173647,-0.25560126,-0.30316138,-0.99955696,-0.072223544,0.99936956
215,-0.65372723,-0.5982673,-0.7559811,-0.5951112,-0.6967364,-0.5655337,-0.7404723,-0.8119682,-0.8005888,-0.84308195,0.40416163,0.38921306,0.24921401,0.5537263,0.5722337,0.77785873,0.4199947,0.40686393,0.7107,0.8223814,-0.08678104,0.36360037,0.96205086,-0.46990922,0.34417087,-0.57829773,-0.9986104,-0.22703236,0.99979395
216,-0.39245328,-0.6683225,-0.45059645,-0.19798511,-0.30845368,-0.4254847,-0.61009276,-0.5035266,-0.58994055,-0.49817652,0.18028374,-0.46275938,0.16681921,-0.039071355,-0.01584076,0.18402529,-0.17464776,-0.01379462,0.30657598,0.31911212,-0.020219631,0.653001,0.23237558,0.71114314,-0.024893725,-0.93673563,-0.9996772,-0.6238489,-0.9846972
217,-0.99212146,-0.92652315,-0.9999856,-0.99996865,-0.9996033,-0.9985445,-0.9791462,-0.9999782,-0.99993885,-0.9997745,0.81511134,-0.9333116,0.88953733,0.71634394,0.83024865,0.86463314,-0.8643852,0.8382042,0.92901045,0.9928965,0.18153647,0.7352775,0.5454992,0.5155678,-0.85093135,-0.86629933,-0.9926034,-0.7595571,1.0
218,-0.32059854,-0.55509245,-0.25939572,-0.23915158,-0.4282152,-0.46353593,-0.6801956,-0.5201752,-0.41904056,-0.5787908,0.24190639,-0.1292078,0.07564405,0.02653301,0.10150509,0.26421422,0.06410632,-0.0038471792,0.20755662,0.10561101,-0.23235989,0.84211844,0.3157601,0.6963003,-0.016388781,-0.9790084,-0.9978155,-0.6789589,-0.9973557
219,-0.020864127,-0.5104923,0.13122453,0.30447015,-0.30169028,-0.3591927,-0.68688697,-0.055979226,-0.32357445,-0.48589274,0.2688335,-0.15703861,0.024316305,0.042650662,-0.038682643,0.18941146,-0.078862414,-0.15397152,0.04764995,0.10021507,0.3189948,0.87910664,-0.47135866,0.9103019,-0.18063477,-0.9990421,-0.9994254,-0.79521734,-1.0
220,-0.7187191,-0.42086518,-0.71508986,-0.29240084,-0.46977806,-0.6019352,-0.5602559,-0.57382953,-0.45808843,-0.6294239,0.38422742,0.17088734,0.20387354,0.53516555,0.3739062,0.57195413,0.036147647,0.18465184,0.34449977,0.7647062,0.35998386,0.41095683,0.731763,0.14503086,0.15129422,-0.77119535,-0.99918365,-0.42115906,0.95478654
221,-0.6729172,-0.81118035,-0.64822686,-0.7125626,-0.7821465,-0.6561551,-0.64515287,-0.7745603,-0.87068933,-0.8454618,0.3851476,-0.66365784,0.314163,0.40766856,0.4235443,0.46709162,-0.20319243,0.34117338,0.6018249,0.74136037,0.6233607,0.7285346,0.4728714,0.2795825,0.17422159,-0.5565177,-0.9988171,-0.29369652,0.7527035
222,-0.8092721,-0.79594934,-0.9737805,-0.9716089,-0.9281208,-0.9648767,-0.76743156,-0.9804206,-0.9761625,-0.9254581,0.47125828,-0.5948753,0.4216785,0.4024715,0.3706097,0.4958177,-0.14599383,0.45140645,0.6235403,0.84013516,0.3035364,0.53664637,0.85460156,-0.39637753,-0.07814282,-0.3081504,-0.99855274,-0.6357201,0.9999977
223,-0.62638044,-0.5198939,-0.61740005,-0.6789254,-0.60399544,-0.58577806,-0.59180975,-0.6725409,-0.6866929,-0.7103733,0.1018391,-0.23436107,-0.092321165,0.07277317,0.22028807,0.17353785,0.13578546,-0.030408867,0.3546399,0.47895283,0.25965935,0.49249724,0.4161773,0.45462132,-0.014587677,-0.6534053,-0.9993791,-0.43968543,-0.7042023
224,-0.2895464,-0.7327751,-0.36723095,-0.22301526,-0.29824197,-0.39625734,-0.6757618,-0.4886535,-0.45544636,-0.49220443,0.38439104,0.7372817,0.034105245,0.45981196,0.3211069,0.20461676,0.73327655,-0.13446839,0.44585922,0.624328,0.76287574,0.24482214,-0.76855385,0.9359922,-0.24606486,-0.99871004,-0.9997415,-0.70640075,-0.9997526
225,-0.98783976,-0.9098984,-0.99950826,-0.99917984,-0.9969502,-0.99190295,-0.96054614,-0.99948335,-0.9992749,-0.99621224,0.80591863,-0.6411688,0.7652718,0.71144116,0.8599219,0.8606274,-0.6606453,0.76464623,0.8853945,0.9779979,0.6753535,0.33448642,0.26728937,0.51453274,-0.81587243,-0.60659784,-0.99548167,-0.39553326,1.0
226,-0.3746053,-0.62999874,-0.33329004,-0.25774083,-0.535394,-0.6091388,-0.62024873,-0.5688812,-0.6202881,-0.57021576,-0.083903246,-0.10236199,-0.026032247,-0.0072438414,-0.1388013,0.23902339,0.08115356,-0.060191542,0.29725853,0.4649564,0.31635123,0.637921,-0.041984964,0.6934323,0.25721073,-0.8756962,-0.9987563,-0.6562083,-0.97765964
227,-0.25133142,-0.76913965,-0.33524323,-0.12519844,-0.5868094,-0.6484043,-0.7811363,-0.5719187,-0.6567698,-0.70841616,0.03603308,-0.14529616,-0.3246301,-0.13734107,-0.3654224,-0.0435259,-0.09269794,-0.2901898,-0.13256493,0.052506797,0.7960517,0.88654405,-0.9610984,0.9793978,0.025006752,-0.99983805,-0.99973375,-0.88355863,-1.0
228,-0.6611096,-0.7781746,-0.90837,-0.86477095,-0.719159,-0.81636393,-0.78758484,-0.8940646,-0.90139854,-0.7490605,0.639042,-0.63321954,0.7393882,0.53226364,0.64058536,0.87653995,-0.26125988,0.54880214,0.83384734,0.89504594,0.48332235,0.588573,0.87643546,-0.43120268,0.101321585,-0.20016989,-0.9985643,-0.6750413,0.9958488
229,-0.58324075,-0.4999635,-0.5585417,-0.63771886,-0.46623528,-0.71790564,-0.54982394,-0.8344369,-0.64224637,-0.7119716,0.49983785,-0.118312776,0.44611737,0.5449529,0.6874003,0.29327357,-0.22840734,0.5041307,0.6683718,0.78367627,0.4630497,0.37961984,0.8076571,-0.19939469,0.39929816,-0.5591777,-0.9993554,-0.46947294,0.9997338
230,-0.27228567,-0.6697514,-0.25271863,-0.2940952,-0.55211467,-0.3854876,-0.51419425,-0.38717037,-0.5299201,-0.4399595,0.10154054,-0.08500408,0.079268835,-0.06009414,0.1500857,0.20175375,0.021456003,0.02209664,0.30803752,0.25289986,-0.46318918,0.6088578,0.9259491,-0.18313375,0.3347001,-0.5729783,-0.9969401,-0.49103928,-0.37074316
231,-0.12454151,-0.70173484,-0.2415797,0.42031607,-0.35948262,-0.22470395,-0.6795828,-0.13875587,-0.32594225,-0.60738975,0.31356454,-0.17666136,0.098612614,0.06532587,-0.17036326,0.29066104,-0.16590294,-0.07898693,0.05080321,0.2989765,0.9586966,0.7995438,-0.9960845,0.9934104,0.13592194,-0.9999968,-0.9996112,-0.85297084,-1.0
232,-0.4795338,-0.50637984,-0.23854165,-0.3384343,-0.2989299,-0.33680132,-0.5646985,-0.6085765,-0.4401022,-0.4893907,0.16560577,-0.38793412,0.10994687,0.047040455,0.015693437,0.24142526,0.018437136,0.030935982,0.41706204,0.43198955,0.018914804,0.68129593,0.19996673,0.6057222,-0.12597291,-0.93662715,-0.99785197,-0.57959414,-0.99858516
233,-0.7384506,-0.8209914,-0.7849057,-0.74433726,-0.8115051,-0.6841198,-0.825089,-0.9215793,-0.8093093,-0.6890678,0.45005995,0.4494405,0.39560208,0.58538616,0.51737404,0.42538944,0.42285222,0.2874468,0.5622826,0.93310726,0.5892572,0.17822097,0.16198476,0.78715837,-0.17310251,-0.9450886,-0.9992555,-0.6966016,0.98685706
234,0.39781234,-0.06947671,0.45028055,0.40701973,0.04810179,0.2216063,-0.26397213,0.20522176,-0.11297237,-0.0932871,-0.03943645,-0.3694585,0.08256156,-0.009201624,0.07181349,0.24284379,-0.060949214,0.15081806,0.13135338,0.31808445,-0.8063182,0.91645044,0.9098607,0.5947124,-0.22531295,-0.9918933,-0.9984779,-0.62694764,-0.9999996
235,0.0046995636,-0.4769231,-0.039411426,0.20845605,-0.22555967,-0.20581013,-0.4588596,-0.14725496,-0.23665527,-0.2657618,0.1063359,-0.6898204,0.19460197,-0.13005625,-0.18635385,0.21530679,-0.4466481,0.090642594,0.0038068069,0.18898544,0.1928139,0.81665397,-0.24345337,0.9035791,-0.32984912,-0.9984886,-0.9991515,-0.73194706,-0.9999934
236,-0.35288525,-0.39021224,-0.38787374,-0.16525733,-0.3287315,-0.33831558,-0.59194386,-0.5122634,-0.62335587,-0.36972004,0.5265149,-0.68719566,0.7325763,0.63070655,0.5544332,0.7815508,-0.49741614,0.70710194,0.82180727,0.6929099,0.50248647,0.336552,0.82099116,-0.27972922,0.6013235,-0.8201286,-0.9993539,-0.44913155,0.9956998
237,-0.47539943,-0.66253203,-0.6402672,-0.52553046,-0.4918725,-0.6665687,-0.69060767,-0.6236225,-0.5249124,-0.69627124,0.45551634,0.083377875,0.51998925,0.47115913,0.5178931,0.55831724,0.14200816,0.4534076,0.64199245,0.74860984,-0.4129075,0.4509445,0.90215045,-0.57902956,0.36070842,-0.6453067,-0.9996039,-0.5089422,0.9256699
238,-0.73034996,-0.61851066,-0.9380877,-0.88082296,-0.8656562,-0.91922617,-0.745671,-0.96171826,-0.9161646,-0.9302135,0.5774966,-0.6743567,0.7279137,0.54489255,0.5004958,0.6362128,-0.48083767,0.6235645,0.74939454,0.87203354,0.6884289,0.21948731,0.5332555,0.17803028,0.5149153,-0.2768471,-0.99945366,-0.5042688,0.9999893
239,-0.8039322,-0.71019536,-0.89858323,-0.7562926,-0.7520664,-0.7275479,-0.58349097,-0.9155637,-0.84749204,-0.79410005,0.34840348,0.39854956,0.22888541,0.46587119,0.4109501,0.22998942,0.39019352,0.26583135,0.6258917,0.68292654,0.5800293,0.2090273,0.19723864,0.5370514,-0.036525708,-0.60390085,-0.9987672,-0.6486238,0.9387432
240,0.2440423,-0.23737906,0.3449724,0.4193757,0.25849038,-0.12633961,-0.46451795,0.20507592,-0.014660626,0.007950995,0.22655603,-0.7230475,0.4994291,0.27548978,0.019571422,0.56200504,-0.5636307,0.42727363,0.37609592,0.27959046,0.5939342,0.8555537,-0.4583976,0.8751944,-0.47506425,-0.9993857,-0.9994097,-0.43214208,-0.9999999
241,-0.92499566,-0.9627233,-0.9863729,-0.97129387,-0.9833456,-0.9757365,-0.972665,-0.9954178,-0.9931727,-0.9703009,0.77955174,-0.072131164,0.63797545,0.75536984,0.7547874,0.7866889,-0.097681195,0.7208663,0.8645021,0.92902946,0.5709262,0.29282838,0.4634743,0.38409853,-0.584585,-0.45798722,-0.99902934,-0.38739803,0.9999994
242,-0.8703179,-0.69114345,-0.98329645,-0.95055544,-0.92521864,-0.91143596,-0.8769872,-0.98364705,-0.979413,-0.91179186,0.5285727,-0.6714982,0.50509965,0.44692802,0.62684536,0.8375036,-0.28807363,0.5303925,0.72575676,0.8727888,0.55786747,0.4863074,0.85453165,0.38569343,0.004864713,-0.5930872,-0.9994358,-0.49041125,0.9999998
243,-0.58670753,-0.7503555,-0.59125346,-0.44706088,-0.64136684,-0.63758934,-0.64518446,-0.6879509,-0.58480245,-0.6898309,0.053876836,-0.5274242,-0.014371962,-0.060205746,-0.0766869,0.097513914,-0.17300747,-0.016413571,0.2696595,0.3481709,-0.14847709,0.82717204,0.59769213,0.45769733,0.1000913,-0.6341254,-0.99872947,-0.65087646,-0.9664403
244,-0.7145091,-0.7611284,-0.82163584,-0.76459783,-0.8108823,-0.7082166,-0.88347405,-0.8841308,-0.863234,-0.78514045,0.62051594,0.14792734,0.472472,0.33958542,0.5784721,0.5913647,0.26103044,0.2741153,0.7745676,0.7464313,0.30766118,0.3617659,0.71189976,0.51737154,0.11471667,-0.7842066,-0.998975,-0.5910462,0.9855289
245,-0.97357655,-0.91935986,-0.99782336,-0.9971776,-0.9923342,-0.9915896,-0.94346607,-0.99954355,-0.998759,-0.98901,0.80398333,-0.79227525,0.87547666,0.6735214,0.8873682,0.8980275,-0.61780113,0.8593873,0.9203157,0.9808768,0.71638405,0.6499615,0.26933149,0.5699533,-0.5605111,-0.9261009,-0.9996223,-0.7441044,1.0
246,-0.4718993,-0.6079573,-0.59273404,-0.29421988,-0.51038826,-0.5386407,-0.5570891,-0.7142632,-0.6261076,-0.5352832,-0.045137327,-0.6511991,-0.056666195,-0.14332475,-0.25453958,0.16030465,-0.16209161,-0.052586816,0.15520209,0.18735766,-0.09664948,0.8751266,0.71111846,0.64203745,0.11608811,-0.91639256,-0.9994839,-0.60912836,-0.9999289
247,-0.18339325,-0.51570535,-0.14876132,-0.10493289,-0.35800505,-0.07453121,-0.5552535,-0.35354224,-0.36075655,-0.49423537,0.18517104,0.7594348,-0.042889513,0.15060219,0.19676001,0.18579563,0.6287907,-0.16240942,0.39730117,0.7052478,0.633429,0.2500987,-0.4030695,0.54961056,0.21020047,-0.8472771,-0.99869174,-0.3758571,-0.9398744
248,-0.6423344,-0.8558697,-0.6782592,-0.62978244,-0.74837035,-0.76906693,-0.8356067,-0.68279713,-0.6824122,-0.7346783,0.13634877,-0.17414401,0.09630444,0.0909995,-0.11397527,0.3640324,0.061458398,-0.08505579,0.6408135,0.5375192,0.55804974,0.6277733,-0.21096617,0.5926764,-0.23670307,-0.9446707,-0.9993936,-0.7797592,-0.9474042
249,-0.043338574,-0.49902025,-0.017760254,0.3583034,0.040991478,-0.037625663,-0.5565832,0.17746572,-0.25708345,-0.3083482,0.2390581,-0.062429022,0.2808878,-0.099526495,-0.03885254,0.35749286,0.31159106,-0.07960365,0.14585406,0.38593513,-0.31054145,0.8900678,0.8390609,0.74070907,-0.22388728,-0.9656335,-0.9986255,-0.73453593,-0.9999952
250,-0.14398499,-0.52084965,-0.16984883,0.2677194,-0.1289124,-0.100878365,-0.5236798,0.04527074,-0.22595459,-0.21081337,0.123685054,-0.8979914,0.4527128,-0.005808034,-0.21420191,0.44232273,-0.71861386,0.31162167,0.045988694,-0.09653085,0.73703754,0.9159072,-0.87168926,0.9750027,-0.14386727,-0.9998582,-0.9990888,-0.81800133,-1.0
251,-0.370629,-0.664756,-0.4834017,-0.113951325,-0.6422932,-0.34685358,-0.51974905,-0.5953558,-0.5362318,-0.5686648,0.32316217,-0.6703045,0.47563013,0.16577527,-0.01104007,0.41797116,-0.5400367,0.4529369,0.5166879,0.3860804,0.3198907,0.7066495,0.09425736,0.30502284,0.3068412,-0.7465428,-0.9992697,-0.23568012,-0.7819069
252,-0.42657337,-0.47756693,-0.61700517,-0.50473726,-0.2639325,-0.56338084,-0.5456892,-0.5210145,-0.7499865,-0.43565267,0.4723564,-0.41368404,0.32159835,0.27413678,0.3303318,0.46888632,-0.12640442,0.3582278,0.37562576,0.7815327,-0.19805571,0.554439,0.8733333,0.19188446,-0.17332894,-0.83199865,-0.99884844,-0.45547324,0.18656842
253,-0.84215444,-0.69703877,-0.94087,-0.8502625,-0.87869924,-0.80486596,-0.5119683,-0.93103856,-0.9603551,-0.8715906,0.37866628,-0.7392591,0.5531208,0.28586844,0.3519647,0.7065103,-0.53585565,0.5086454,0.6382054,0.7385804,0.5314531,0.47226733,0.6369402,-0.08545604,0.31166434,-0.12842761,-0.9994143,-0.34944162,0.9951201
254,-0.60719323,-0.62557477,-0.6339049,-0.5454721,-0.81597984,-0.757069,-0.55640155,-0.7292759,-0.796602,-0.6943925,0.28507873,-0.21927066,0.22461522,0.12777896,0.35496885,0.2662487,-0.003825517,0.11762521,0.2555429,0.64216775,0.4143743,0.32613403,0.29867828,0.26677385,0.20179735,-0.6519519,-0.9987418,-0.29569766,0.96640825
255,-0.94570225,-0.8468192,-0.9476567,-0.96230143,-0.93244547,-0.9320747,-0.8164137,-0.9640706,-0.9575101,-0.8983913,0.73598945,-0.42199662,0.68811405,0.6126913,0.7706424,0.7108422,-0.4835973,0.72862595,0.8341829,0.90702057,0.6580864,0.38711882,0.7147806,0.023294264,-0.06818189,-0.41949975,-0.9976746,-0.36239186,1.0
256,-0.51797,-0.61477864,-0.47319058,-0.3617178,-0.45968652,-0.49218425,-0.7059449,-0.5580504,-0.56146234,-0.72919726,0.4443021,0.610749,-0.015387473,0.48765793,0.6341583,0.28875995,0.37046084,0.19723038,0.5364235,0.80760485,0.51118183,0.540457,0.34501213,0.47613642,0.26798877,-0.89574856,-0.99908215,-0.38079277,0.94596463
257,-0.8304479,-0.81951433,-0.9405394,-0.8585364,-0.88641363,-0.8581838,-0.81182563,-0.9367082,-0.90262055,-0.9089395,0.5463756,-0.39593053,0.4499652,0.5466063,0.6384116,0.45712203,-0.0440545,0.17820011,0.75596607,0.78673327,0.7703792,0.021018134,0.2914662,0.4509063,0.08517888,-0.4930492,-0.9991732,-0.49619496,0.9995477
258,-0.9088881,-0.7696077,-0.9858499,-0.96428776,-0.944122,-0.90584844,-0.7191643,-0.9896752,-0.98841417,-0.95632386,0.5728948,-0.684102,0.48533866,0.42863792,0.7014207,0.69261634,-0.5463218,0.77042335,0.8183811,0.884905,0.45893428,0.41637415,0.5671208,0.41901782,-0.54422253,-0.46775883,-0.9978731,-0.4362744,0.99999994
259,-0.43662405,-0.81800216,-0.4911838,-0.09413124,-0.6622254,-0.49061707,-0.7452248,-0.5415205,-0.68315256,-0.71928924,0.38722292,0.14409855,0.28377783,0.14191015,-0.14119206,0.3290117,-0.016906248,0.2482715,0.10992317,0.34906206,0.9465489,0.7065623,-0.9983997,0.9830134,0.37131655,-0.99976104,-0.99950355,-0.7455957,-1.0
260,-0.42810616,-0.43007594,-0.3286832,-0.33401394,-0.37600043,-0.4459242,-0.52163076,-0.31430724,-0.43772024,-0.5790744,0.20823865,-0.40942496,0.27819535,-0.07776938,0.05112305,0.4374068,-0.121465996,0.12003618,0.3208638,0.26441365,-0.16605036,0.86467075,0.59143895,0.36989018,-0.032147232,-0.9771405,-0.9986824,-0.4090218,-0.9980009
261,-0.16636533,-0.5709904,-0.37173584,-0.027396914,-0.4493216,-0.38020402,-0.6465973,-0.32005003,-0.29244357,-0.4430759,-0.11350209,0.34738374,-0.22434224,0.045713548,-0.13076426,0.08570744,0.09685231,-0.28490943,-0.028692773,0.34186256,0.7771716,0.9121252,-0.946152,0.9481677,0.0009238714,-0.99990916,-0.9996537,-0.84302914,-1.0
262,-0.15993688,-0.5796885,-0.0698963,0.17053649,-0.17488581,-0.5786611,-0.7629626,-0.244302,-0.35312456,-0.55564654,0.117761664,-0.21385156,0.13633148,0.25463942,0.08943173,0.46998328,0.07051744,-0.10236891,0.18435368,0.44151583,-0.3305723,0.77327865,0.84485066,0.58909,-0.14376046,-0.9942277,-0.9992937,-0.7421793,-0.99692726
263,-0.067385055,0.104617275,-0.41802612,-0.060721584,-0.23870821,-0.2655655,-0.32060105,-0.37563524,-0.5144341,-0.19543105,0.56489146,-0.5567816,0.6893067,0.4196379,0.35244805,0.7804191,-0.43479532,0.40050575,0.65273577,0.7328338,0.26976654,0.4405732,0.49943003,0.1994272,0.3424779,-0.88718075,-0.9992526,-0.65737224,0.69058007
264,-0.5863637,-0.6635377,-0.6042059,-0.7278508,-0.7372979,-0.80416524,-0.743763,-0.6912494,-0.7873578,-0.7058096,0.74043643,-0.4009114,0.8181262,0.7291588,0.7653595,0.8133864,-0.26888546,0.772004,0.77352476,0.9014072,0.5745393,0.16425127,0.85981023,-0.68619084,0.6441032,-0.6388443,-0.9995188,-0.40223968,0.9999482
265,-0.5503723,-0.7285663,-0.30088878,-0.21690874,-0.44258195,-0.5512031,-0.5322202,-0.40953612,-0.65110755,-0.52908087,0.58219457,0.15624005,0.6029865,0.5260565,0.5101588,0.46150196,0.039947983,0.55087125,0.6115633,0.83413595,0.78902483,0.54347074,-0.2436949,0.68732834,0.04191248,-0.9547874,-0.99946064,-0.6370252,0.9774196
266,-0.42430732,-0.7466938,-0.5679038,-0.46465358,-0.4820248,-0.58429635,-0.72310096,-0.7173902,-0.70023394,-0.65264523,0.22582111,-0.15463513,-0.057811446,0.09439359,0.1925195,0.3913198,0.23762126,-0.17659825,0.4799592,0.45547795,-0.22272106,0.67869943,0.48686427,0.4185792,0.23832363,-0.78591996,-0.9984475,-0.5963755,-0.98759043
267,-0.9540862,-0.7382858,-0.9973698,-0.995698,-0.97887826,-0.9794423,-0.8147807,-0.9982638,-0.99436283,-0.9846108,0.57796067,-0.95472914,0.887021,0.52927864,0.4654404,0.81548935,-0.8154873,0.76386416,0.7952366,0.8934251,0.79210496,0.53444374,0.013564708,0.28640792,0.4113205,-0.6405589,-0.9986671,-0.54459924,1.0
268,-0.92416257,-0.7440823,-0.9646194,-0.9576615,-0.9281572,-0.88690346,-0.50097245,-0.9740826,-0.9560637,-0.956045,0.4982643,-0.45814815,0.37320027,0.4093738,0.5180389,0.4903727,-0.11198559,0.3916208,0.6896594,0.7734909,0.5283074,0.31897455,0.76898235,0.08920293,0.09743432,-0.43643332,-0.9995728,-0.47733936,0.9998768
269,-0.8109348,-0.7658808,-0.86444706,-0.7361946,-0.80746615,-0.72677267,-0.65394056,-0.9103373,-0.8638517,-0.8470937,0.53026474,-0.05279637,0.40677834,0.6037142,0.5129063,0.619906,0.11928555,0.3932024,0.6732649,0.8868282,0.021383697,0.31463066,0.7090516,0.22513542,-0.0691432,-0.60462767,-0.9993983,-0.64831495,0.99513847
270,-0.78937024,-0.76703626,-0.83819085,-0.89114696,-0.7908124,-0.6869398,-0.7411483,-0.82721895,-0.86929744,-0.8242442,0.39512023,-0.40922755,0.22468795,0.324351,0.37010312,0.29093638,0.028080888,0.18877728,0.6029435,0.64713234,0.32560447,0.48516718,0.476524,0.3302223,-0.14948471,-0.42254713,-0.9989414,-0.5807143,0.8148251
271,-0.99530506,-0.9424204,-0.9997441,-0.99876696,-0.9974581,-0.996183,-0.9832951,-0.9998736,-0.9988356,-0.99376637,0.8171213,-0.2591862,0.7562998,0.6445055,0.75242794,0.86466336,-0.3866836,0.67786986,0.8366564,0.95952755,0.8383264,0.34990188,0.7023922,0.39228782,-0.3695325,-0.84039634,-0.9998203,-0.8173512,1.0
272,0.23681735,-0.37009707,0.07545589,0.5163659,-0.05055691,-0.008831959,-0.5767372,0.11926197,-0.013744121,-0.3178446,0.18142484,-0.7768063,0.38847607,0.02103492,-0.08464088,0.30808687,-0.6467032,0.16110852,-0.05882708,-0.0030902298,0.31914875,0.76814765,-0.19456713,0.930093,-0.34577996,-0.99877477,-0.99888283,-0.7973498,-0.9999993
273,-0.5893823,-0.64228386,-0.63640577,-0.5347051,-0.49155426,-0.45844114,-0.62765956,-0.68893224,-0.71461517,-0.6147025,0.5262063,-0.13439062,0.5050696,0.4710553,0.51469,0.469089,0.013991009,0.26329142,0.68860173,0.71131533,0.5353585,0.2948537,0.7180691,-0.037360657,0.18909898,-0.7013912,-0.9992414,-0.38628945,0.965237
274,-0.7294784,-0.7783744,-0.69556725,-0.5064807,-0.73950094,-0.68448794,-0.7162424,-0.7884923,-0.7715945,-0.768397,-0.07050709,0.24497375,0.07789667,-0.101067945,0.19239095,0.2790197,0.28165767,0.09222829,0.38155827,0.60349023,0.43871382,0.5382943,0.22329213,0.49575227,0.2899492,-0.854811,-0.9992681,-0.46524754,0.6573929
275,-0.089094944,-0.40567303,0.0951257,0.19207376,0.03550958,0.018746901,-0.5931295,0.0073391963,-0.13842443,-0.23277652,0.31197286,-0.55685997,0.38724253,0.122574,0.053754978,0.5192965,-0.20179483,0.33626878,0.33683652,0.5226057,-0.15517908,0.6931091,0.5508841,0.6795146,-0.19365488,-0.98793757,-0.9990451,-0.64097345,-0.9977875
276,-0.87328,-0.8728783,-0.9702296,-0.96770823,-0.96130884,-0.93765086,-0.8447279,-0.9870667,-0.988092,-0.958292,0.55323195,-0.71444046,0.6498135,0.54392815,0.49660155,0.73640096,-0.37570325,0.5287999,0.8559355,0.9032587,0.4707277,0.5433854,0.83426154,0.10166097,0.23905502,-0.6751373,-0.99862885,-0.4223252,0.9999996
277,-0.88691247,-0.81358725,-0.9864605,-0.9680611,-0.9165982,-0.94644094,-0.8012326,-0.97990453,-0.96281534,-0.886164,0.7091468,-0.79565555,0.91871387,0.7674015,0.7427886,0.8682168,-0.6348017,0.80414516,0.91087794,0.95752925,0.7887862,0.24322543,0.65777624,-0.064041965,0.7512473,-0.2074315,-0.9991605,-0.67441994,1.0
278,-0.32652226,-0.4745734,-0.08773638,-0.16810511,-0.4947551,-0.29039872,-0.30185595,-0.2354355,-0.32762524,-0.27914706,0.5686874,-0.43865353,0.43676376,0.2965776,0.21732745,0.73287725,-0.035743356,0.44069567,0.4024483,0.6706913,0.16872875,0.43405077,0.832302,0.11666439,0.34448215,-0.8789018,-0.99886936,-0.440077,0.79168874
279,-0.7852672,-0.76924664,-0.8791165,-0.8202168,-0.8393668,-0.8015471,-0.64101684,-0.86253375,-0.8565117,-0.8060798,0.3722018,-0.24004231,0.22003932,0.30519566,0.49684802,0.31089982,-0.23388013,0.21953055,0.6122061,0.7125594,0.34276798,0.57735956,0.76423824,0.2828384,0.027652571,-0.4830676,-0.99951583,-0.6349959,0.8215464
280,-0.6673752,-0.68663865,-0.7465487,-0.527391,-0.7518849,-0.4132295,-0.6337647,-0.72134894,-0.79543805,-0.7826306,0.43875542,-0.28725564,0.3221889,0.3351254,0.3473603,0.3262077,-0.07058974,0.22686362,0.45547852,0.5786425,0.6858138,0.2907365,0.19727415,0.53121614,0.2929119,-0.7170217,-0.99926084,-0.57581586,0.78776425
281,-0.45448026,-0.40813708,-0.5364785,-0.4216241,-0.36045906,-0.52000237,-0.65380454,-0.602717,-0.4802583,-0.5255404,0.4024694,0.27001357,0.31027564,0.339506,0.4105053,0.34903824,0.04581918,0.07685672,0.61548907,0.4964176,0.25363946,0.46963593,0.4990367,0.1681521,0.17340238,-0.71876097,-0.9985334,-0.3747794,0.26700133
282,-0.43394697,-0.60925853,-0.4793656,-0.45365068,-0.5650759,-0.57869524,-0.5625894,-0.23794912,-0.57118195,-0.47930825,-0.09706097,-0.44597763,-0.120181866,-0.21302865,-0.1253173,0.17503294,-0.18361495,-0.07915148,0.17097282,0.25479722,0.06265976,0.7629932,0.40265462,0.626059,0.019606324,-0.85328615,-0.9989429,-0.60368073,-0.9909985
