0.10139,0.0043364,0.13743,0.096207,0.061348,0.10586,0,0.21492,0.10586,0.047554,0.24314,0.40124,0.18431,0.2902,0.2902,0.062332,0.071604,0.045732,0.070093,0.0625,0.27562,0.22195,0.35446,0.13164,0.22746,0.024659,0.40032,0.18895,1,0
0.076784,0.051464,0.047602,0.039564,0.061506,0.088575,0.048893,0.12189,0.046228,0.065326,0.21648,0.1962,0.2353,0.2353,0.2353,0.057345,0.065218,0.04878,0.058411,0.0625,0.2635,0.097397,0.22639,0.43763,0.76177,0.10705,0.39417,0.61807,1,0
0.084807,0.036006,0.069286,0.080473,0.070035,0.13208,0,0.24912,0.13208,0.059334,0.16471,0,0.16471,0.16471,0.16471,0.024933,0.04134,0.015244,0.023364,0.028646,0.34271,0.16233,0.2991,0.24924,0.21244,0.025529,0.39986,0.17053,1,0
0.075283,0.037063,0.052218,0.083207,0.065979,0.070914,0.03782,0.10571,0.07573,0.053232,0.18039,0,0.18039,0.18039,0.18039,0.049865,0.05063,0.042683,0.046729,0.052083,0.27077,0.23257,0.33215,0.090686,0.32304,0.046417,0.39912,0.2617,1,0
0.063152,0.03883,0.034645,0.059925,0.0591,0.11159,0,0.2224,0.11159,0.050129,0.17255,1.6734e-16,0.17255,0.17255,0.17255,0.033243,0.023868,0.027439,0.035047,0.03125,0.33867,0.14698,0.31397,0.2036,0.13848,0.023209,0.39979,0.11116,1,0
0.0020229,0.0016858,0.00084023,0.0011125,0.0012205,0.0023037,0.0014795,0.078027,0.0015302,0.0009424,0.2196,0,0.2196,0.2196,0.2196,0.054852,0.02067,0.04878,0.046729,0.052083,0.3322,0.14049,0.31893,0.17084,0.077445,0.55265,0.40004,0.064443,1,0
0.14703,0.12254,0.03533,0.13951,0.15617,0.29475,0,0.46128,0.29475,0.13241,0.23006,0.37895,0.17451,0.2745,0.2745,0.041555,0.047736,0.030488,0.046729,0.041667,0.21662,0.39195,0.31728,0.23929,0.36459,0.024949,0.40001,0.29434,1,0
0.04091,0.022555,0.024972,0.025837,0.039094,0.033443,0.013729,0.10071,0.026369,0.019397,0.26442,0.25486,0.21176,0.30588,0.30588,0.053427,0.085104,0.030488,0.058411,0.0625,0.30391,0.18712,0.35528,0.069038,0.26836,0.070206,0.39905,0.21672,1,0
0.055907,0.020463,0.053146,0.040929,0.044961,0.068205,0.024246,0.12774,0.068205,0.043751,0.18824,0,0.18824,0.18824,0.18824,0.037399,0.033753,0.030488,0.035047,0.036458,0.35241,0.16882,0.34206,0.25451,0.19603,0.036263,0.39704,0.15924,1,0
0.01862,0.018368,0.0030321,0.0040609,0.016824,0.016562,0.0155,0.080109,0.0037853,0.0083629,0.27058,0.20062,0.28236,0.28236,0.28236,0.056099,0.044942,0.04878,0.05257,0.052083,0.2926,0.12868,0.28175,0.17143,0.10137,0.24717,0.39912,0.18238,1,0
0.022301,0.026349,0.0016805,0.0041371,0.013231,0.024666,0.024504,0.078879,0.0040778,0.011766,0.26996,0.097434,0.2745,0.2745,0.2745,0.059707,0.037937,0.051829,0.058411,0.052083,0.28613,0.060209,0.22722,0.25216,0.44035,0.24746,0.39874,0.35559,1,0
0.016686,0.0076841,0.007062,0.016974,0.014667,0.017374,0.0068673,0.084209,0.016089,0.011937,0.20728,0.2832,0.16471,0.25098,0.25098,0.044523,0.060049,0.02439,0.040888,0.052083,0.31523,0.20719,0.39164,0.10941,0.23981,0.15289,0.40017,0.19376,1,0
0.067121,0.042288,0.035387,0.063691,0.063402,0.11971,0,0.23299,0.11971,0.053777,0.14902,0,0.14902,0.14902,0.14902,0.029088,0.023868,0.02439,0.023364,0.028646,0.34675,0.13045,0.30406,0.1919,0.1603,0.024587,0.4003,0.12911,1,0
0.0058101,0.0034324,0.0033776,0.0040609,0.0044782,0.0058333,0.0024108,0.080252,0.0049197,0.0035448,0.20392,0.20911,0.14902,0.2353,0.2353,0.043632,0.04183,0.02439,0.046729,0.041667,0.26916,0.18476,0.31562,0.12989,0.13451,0.25747,0.40023,0.10918,1,0
0.01512,0.010628,0.0034645,0.0069075,0.017062,0.015659,0.0095948,0.079757,0.0069665,0.013346,0.19608,2.8168e-16,0.19608,0.19608,0.19608,0.050598,0.027229,0.04878,0.046729,0.044271,0.27966,0.18299,0.28505,0.18079,0.0018405,0.22193,0.40208,0.21628,1,0
0.0038794,0.002061,0.0037575,0.0034747,0.0024837,0.0040152,0.00083071,0.080954,0.0042338,0.0022106,0.19876,0.21038,0.16471,0.16471,0.25098,0.048553,0.04054,0.04878,0.046729,0.052083,0.25703,0.17709,0.30323,0.11116,0.15672,0.43371,0.39998,0.12789,1,0
0.10706,0.062004,0.066458,0.077123,0.10076,0.15579,0.056499,0.19134,0.15579,0.10054,0.17647,0.26091,0.1451,0.16471,0.20784,0.034282,0.039581,0.02439,0.029206,0.036458,0.27643,0.21073,0.36189,0.070208,0.33279,0.034813,0.39983,0.26779,1,0
0.075656,0.031496,0.056609,0.080722,0.064611,0.10294,0.019117,0.17994,0.11992,0.055071,0.18039,0,0.18039,0.18039,0.18039,0.037399,0.04134,0.02439,0.035047,0.041667,0.33463,0.079098,0.30984,0.2311,0.34346,0.048738,0.3971,0.27611,1,0
0.028186,0.0068534,0.028218,0.026236,0.020967,0.031297,0.0066496,0.10352,0.032341,0.017786,0.12549,0,0.12549,0.12549,0.12549,0.037399,0.046218,0.02439,0.035047,0.041667,0.30715,0.19893,0.37594,0.095366,0.2466,0.094285,0.39993,0.20078,1,0
0.036937,0.018307,0.034214,0.028357,0.028401,0.043215,0.017984,0.10862,0.035534,0.028017,0.14902,0,0.14902,0.14902,0.14902,0.044523,0.046876,0.030488,0.046729,0.041667,0.33543,0.2125,0.37594,0.10239,0.24633,0.072527,0.39844,0.19793,1,0
0.013008,0.0097723,0.0028794,0.0066837,0.013232,0.013691,0.0088262,0.07966,0.0074493,0.010321,0.14118,1.3984e-16,0.14118,0.14118,0.14118,0.036833,0.032469,0.02439,0.035047,0.041667,0.24652,0.36066,0.24539,0.35514,0.011641,0.27995,0.40176,0.24277,0,0
0.089641,0.040955,0.064662,0.10112,0.075087,0.13307,0.014125,0.22823,0.13307,0.067415,0.2255,0.25096,0.2,0.25098,0.25098,0.056099,0.071604,0.042683,0.058411,0.057292,0.28371,0.22608,0.33959,0.08893,0.31062,0.036554,0.39894,0.25075,1,0
0.14774,0.045738,0.1421,0.17182,0.1084,0.14255,0.052383,0.18053,0.14255,0.092365,0.14902,0,0.14902,0.14902,0.14902,0.040516,0.039581,0.030488,0.040888,0.041667,0.24976,0.36184,0.37346,0.14861,0.50293,0.036844,0.39981,0.40376,1,0
0.017312,0.0090026,0.0081972,0.014477,0.016321,0.018878,0.0087792,0.083631,0.013237,0.014454,0.13333,0,0.13333,0.13333,0.13333,0.04017,0.040176,0.02439,0.046729,0.041667,0.33382,0.19656,0.35363,0.12755,0.15093,0.094285,0.39647,0.12146,1,0
0.1149,0.053476,0.096948,0.073725,0.099025,0.14554,0.062238,0.16895,0.14554,0.099033,0.26862,0.21236,0.24706,0.2902,0.2902,0.049865,0.058465,0.036585,0.05257,0.052083,0.2441,0.16351,0.20326,0.33466,0.39079,0.037134,0.39802,0.31489,1,0
0.012371,0.0084296,0.0085688,0.0079639,0.0095944,0.013344,0.0077804,0.085345,0.0093823,0.0059758,0.18039,4.2113e-16,0.18039,0.18039,0.18039,0.027558,0.017316,0.02439,0.023364,0.020833,0.33463,0.1399,0.31645,0.21765,0.18027,0.22396,0.39861,0.19993,1,0
0.020772,0.014145,0.0049492,0.013702,0.02259,0.022899,0.013454,0.08203,0.014488,0.020998,0.32418,0.20911,0.26666,0.35294,0.35294,0.074798,0.024929,0.073171,0.070093,0.0625,0.068704,0.25559,0.21482,0.24573,0.22838,0.13925,0.40139,0.20113,0,0
0.025243,0.011241,0.016533,0.023362,0.021683,0.028272,0.010638,0.092356,0.02906,0.019364,0.24444,0.16531,0.25882,0.25882,0.25882,0.050905,0.054212,0.036585,0.05257,0.052083,0.33705,0.22431,0.38668,0.088345,0.30534,0.12881,0.39852,0.24529,1,0
0.070507,0.029059,0.063409,0.048831,0.05861,0.092256,0.030183,0.14979,0.092256,0.057765,0.22746,0,0.22746,0.22746,0.22746,0.056099,0.079161,0.036585,0.058411,0.0625,0.31119,0.15761,0.23796,0.24865,0.24129,0.037134,0.40038,0.19494,1,0
0.025917,0.01759,0.0057147,0.020053,0.024993,0.023882,0.013846,0.079798,0.018137,0.019846,0.31504,0.16531,0.32942,0.32942,0.32942,0.068565,0.032978,0.060976,0.070093,0.0625,0.31442,0.13163,0.28423,0.26679,0.30885,0.1658,0.39808,0.25507,1,0
0.069837,0.023404,0.070295,0.068908,0.05327,0.089474,0.014159,0.17054,0.086295,0.048118,0.28888,0.39632,0.28236,0.28236,0.36862,0.070642,0.085392,0.060976,0.070093,0.072917,0.25946,0.35063,0.33711,0.18488,0.37912,0.057441,0.39936,0.30718,1,0
0.033164,0.019623,0.025048,0.024124,0.025671,0.038426,0.020296,0.097126,0.029278,0.027542,0.26666,0,0.26666,0.26666,0.26666,0.058176,0.033753,0.04878,0.05257,0.052083,0.27966,0.12986,0.25118,0.20711,0.18277,0.060923,0.39937,0.14819,1,0
0.1027,0.061687,0.076196,0.070308,0.081915,0.1197,0.06345,0.13756,0.092252,0.086634,0.2719,0.27698,0.2353,0.27844,0.32156,0.062332,0.036975,0.04878,0.058411,0.0625,0.2441,0.41143,0.32141,0.16206,0.55823,0.057731,0.39831,0.45101,1,0
0.019543,0.011207,0.013518,0.016646,0.013836,0.021556,0.010943,0.089592,0.017451,0.012319,0.18824,0,0.18824,0.18824,0.18824,0.04294,0.041909,0.033537,0.046729,0.041667,0.29583,0.14816,0.28918,0.22408,0.17306,0.094285,0.39609,0.14036,1,0
0.025799,0.013835,0.019276,0.025392,0.022043,0.028128,0.015345,0.087748,0.029821,0.021329,0.28236,0,0.28236,0.28236,0.28236,0.059838,0.018488,0.057927,0.058411,0.052083,0.24895,0.10979,0.24539,0.15914,0.11284,0.048448,0.39637,0.090979,1,0
0.013526,0.011995,0.0026123,0.0066742,0.0095,0.013917,0.010644,0.079571,0.0059799,0.0077966,0.25882,5.5828e-16,0.25882,0.25882,0.25882,0.062851,0.03334,0.060976,0.058411,0.0625,0.30391,0.17472,0.29827,0.1644,0.027608,0.3503,0.40208,0.27899,1,0
0.018989,0.0045881,0.019627,0.015712,0.013506,0.020048,0.0043124,0.096223,0.017507,0.010744,0.24804,0.15015,0.25882,0.25882,0.25882,0.057657,0.073079,0.04878,0.058411,0.057292,0.32089,0.18535,0.37594,0.12696,0.14709,0.0821,0.40035,0.11873,1,0
0.042501,0.015658,0.033335,0.042081,0.034877,0.03905,0.011827,0.10662,0.038582,0.024831,0.21176,0,0.21176,0.21176,0.21176,0.051943,0.048328,0.036585,0.046729,0.052083,0.33139,0.1582,0.29993,0.25977,0.23709,0.062083,0.39901,0.19121,1,0
0.06304,0.027478,0.055703,0.075503,0.050337,0.060258,0.027907,0.10878,0.079466,0.040984,0.15686,0,0.15686,0.15686,0.15686,0.034906,0.053901,0.02439,0.023364,0.036458,0.33624,0.21368,0.38007,0.090101,0.27669,0.047578,0.39837,0.22247,1,0
0.021915,0.019228,0.0044058,0.01494,0.018919,0.024388,0.020104,0.080639,0.010647,0.020607,0.17255,1.4967e-16,0.17255,0.17255,0.17255,0.043632,0.034587,0.036585,0.046729,0.041667,0.29745,0.18476,0.28588,0.23344,0.11553,0.058602,0.3989,0.09296,1,0
0.014957,0.006725,0.012011,0.011486,0.014348,0.017027,0.0062478,0.088866,0.013623,0.012455,0.1098,0,0.1098,0.1098,0.1098,0.029385,0.026181,0.02439,0.023364,0.03125,0.26754,0.36184,0.30736,0.26094,0.2238,0.16333,0.39879,0.18054,1,0
0.023972,0.018643,0.0091756,0.018056,0.02044,0.027658,0.019411,0.083022,0.018022,0.022723,0.28236,2.9935e-16,0.28236,0.28236,0.28236,0.064409,0.040646,0.04878,0.064252,0.0625,0.29421,0.12927,0.31149,0.070208,0.12995,0.058312,0.3965,0.10454,1,0
0.022986,0.010203,0.018958,0.016819,0.017877,0.018747,0.004019,0.094831,0.017662,0.010651,0.17255,1.4967e-16,0.17255,0.17255,0.17255,0.035322,0.03112,0.02439,0.035047,0.03125,0.31038,0.21545,0.3495,0.16148,0.12646,0.058892,0.39996,0.10186,1,0
0.023514,0.0091807,0.023186,0.021664,0.019593,0.024587,0.0084477,0.097981,0.02331,0.013893,0.19679,0.25926,0.15686,0.15686,0.25098,0.044199,0.046638,0.027439,0.046729,0.041667,0.2732,0.20542,0.32141,0.091271,0.25855,0.11677,0.39899,0.20822,1,0
0.096443,0.016819,0.11282,0.091514,0.065696,0.12365,0,0.23813,0.12365,0.055548,0.20392,1.6734e-16,0.20392,0.20392,0.20392,0.029088,0.023868,0.02439,0.023364,0.028646,0.33139,0.12691,0.26688,0.20653,0.21231,0.023209,0.40041,0.1705,1,0
0.00566,0.0080556,0.0017689,0.0023985,0.0021783,0.0055734,0.0065028,0.078942,0.0030141,0.0019552,0.18039,2.7622e-16,0.18039,0.18039,0.18039,0.040052,0.029781,0.036585,0.035047,0.041667,0.3128,0.16941,0.32141,0.20068,0.072929,0.73629,0.41959,0.23803,1,0
0.13138,0.031113,0.14212,0.12466,0.094234,0.17736,0,0.30818,0.17736,0.079673,0.16732,0.11146,0.15098,0.18039,0.18039,0.041555,0.086057,0.021341,0.046729,0.049479,0.32008,0.19302,0.38172,0.064943,0.29395,0.023499,0.39931,0.23892,1,0
0.052793,0.026802,0.031469,0.043108,0.044608,0.059508,0.026349,0.098825,0.061229,0.039218,0.28432,0.1966,0.26274,0.30588,0.30588,0.067007,0.062255,0.054878,0.058411,0.072917,0.26916,0.38427,0.35528,0.20711,0.40663,0.08181,0.39945,0.32712,1,0
0.022554,0.016037,0.0051844,0.012233,0.020597,0.024207,0.014999,0.081958,0.013445,0.018085,0.24732,0.14944,0.25882,0.25882,0.25882,0.056514,0.040943,0.04878,0.058411,0.052083,0.32331,0.23021,0.38255,0.076059,0.34817,0.17581,0.39876,0.27992,1,0
0.018619,0.021129,0.0042399,0.0071231,0.012367,0.020288,0.019468,0.08084,0.0084278,0.010041,0.20364,0.16564,0.18824,0.18824,0.18824,0.048975,0.03886,0.04878,0.046729,0.041667,0.32897,0.22903,0.34785,0.15387,0.1637,0.44735,0.39565,0.46884,1,0
0.024384,0.01888,0.0033609,0.01519,0.027184,0.02665,0.019086,0.079688,0.0076046,0.025305,0.18824,0,0.18824,0.18824,0.18824,0.048084,0.015625,0.04878,0.046729,0.041667,0.2934,0.16528,0.28753,0.23403,0.15739,0.083551,0.39625,0.12687,1,0
0.089656,0.016735,0.10358,0.079864,0.061608,0.097678,0.018592,0.17698,0.085631,0.054623,0.2196,0,0.2196,0.2196,0.2196,0.049865,0.058465,0.042683,0.046729,0.046875,0.34837,0.10743,0.26605,0.2744,0.39955,0.047578,0.39973,0.32202,1,0
0.011482,0.0046852,0.0073387,0.010152,0.010274,0.012841,0.0044549,0.084111,0.012393,0.0088728,0.13333,1.4271e-16,0.13333,0.13333,0.13333,0.029088,0.026926,0.02439,0.023364,0.026042,0.29502,0.36893,0.31645,0.29897,0.1502,0.13983,0.39733,0.12107,1,0
0.028948,0.016117,0.0082098,0.035204,0.028157,0.030174,0.015708,0.08067,0.028818,0.025621,0.25882,0,0.25882,0.25882,0.25882,0.052982,0.019137,0.04878,0.046729,0.046875,0.22793,0.1275,0.21234,0.22642,0.22492,0.082971,0.397,0.1808,1,0
0.090077,0.033889,0.079735,0.085474,0.07187,0.13549,0,0.25357,0.13549,0.060865,0.19608,0,0.19608,0.19608,0.19608,0.037399,0.04134,0.027439,0.035047,0.039062,0.29502,0.20542,0.33463,0.11058,0.21338,0.024949,0.39886,0.17416,1,0
0.0089399,0.0073465,0.0023186,0.0033788,0.0088829,0.0093561,0.0064651,0.079525,0.0034927,0.0074328,0.28656,0.20199,0.25882,0.25882,0.3451,0.061887,0.030777,0.04878,0.058411,0.057292,0.31038,0.38605,0.29414,0.3645,0.054366,0.66522,0.40215,0.2162,1,0
0.08627,0.041548,0.055321,0.087707,0.077459,0.080851,0.041959,0.11541,0.067902,0.060816,0.30588,0.36932,0.26666,0.2902,0.37648,0.072305,0.094269,0.060976,0.070093,0.075521,0.25622,0.35063,0.33298,0.19015,0.36755,0.045547,0.39941,0.29614,1,0
0.051997,0.032546,0.027716,0.04934,0.048993,0.092568,0,0.19759,0.092568,0.041583,0.16471,0,0.16471,0.16471,0.16471,0.024933,1.4053e-17,0.02439,0.023364,0.020833,0.33382,0.16705,0.31315,0.22057,0.1301,0.025239,0.39964,0.10453,1,0
0.060117,0.04788,0.021706,0.042081,0.042535,0.067937,0.045211,0.095653,0.055154,0.036253,0.26004,0.11779,0.26666,0.26666,0.26666,0.058496,0.045864,0.057927,0.058411,0.052083,0.3419,0.1824,0.34454,0.22408,0.096625,0.15347,0.39344,0.66271,1,0
0.023989,0.016702,0.00541,0.023862,0.025627,0.019536,0.01566,0.079824,0.0084249,0.017777,0.24314,0,0.24314,0.24314,0.24314,0.049865,0,0.04878,0.046729,0.041667,0.25703,0.18299,0.24952,0.22993,0.11001,0.057441,0.39807,0.088534,1,0
0.010332,0.0063781,0.005314,0.006729,0.0089814,0.0099703,0.00486,0.081596,0.0065467,0.0071243,0.25098,0,0.25098,0.25098,0.25098,0.054021,0.025516,0.04878,0.046729,0.049479,0.32897,0.17413,0.31893,0.24222,0.15727,0.18654,0.39776,0.12781,1,0
0.042621,0.026158,0.032176,0.02583,0.033207,0.050804,0.026632,0.10465,0.036414,0.036072,0.26666,0.18915,0.28236,0.28236,0.28236,0.064409,0.071204,0.060976,0.064252,0.0625,0.30391,0.20011,0.35528,0.096536,0.23712,0.058312,0.39935,0.1913,1,0
0.18959,0.088653,0.14339,0.1799,0.16129,0.30377,0,0.47305,0.30377,0.13646,0.32942,0,0.32942,0.32942,0.32942,0.078954,0.095472,0.060976,0.058411,0.083333,0.34998,0.15052,0.2801,0.33056,0.4216,0.020888,0.3993,0.33921,1,0
0.081381,0.0042659,0.10921,0.077222,0.049697,0.084161,0,0.18662,0.084161,0.037807,0.15948,0.2452,0.12353,0.18824,0.18824,0.029088,0.063148,0.015244,0.023364,0.036458,0.30634,0.15347,0.28505,0.23461,0.18877,0.024659,0.39875,0.15155,1,0
0.023892,0.025648,0.0079963,0.0085775,0.013506,0.026011,0.024442,0.083774,0.010095,0.0073586,0.2183,0.15604,0.22746,0.22746,0.22746,0.052982,0.053249,0.04878,0.05257,0.052083,0.28451,0.21073,0.34372,0.084835,0.28821,0.12881,0.39929,0.23287,1,0
0.11127,0.069545,0.058437,0.072371,0.10496,0.13794,0.068193,0.14145,0.12502,0.10169,0.26798,0.19598,0.25882,0.25882,0.25882,0.058176,0.062238,0.04878,0.058411,0.0625,0.25218,0.40907,0.32637,0.13574,0.60962,0.058602,0.39783,0.49267,1,0
0.075426,0.04898,0.037707,0.071571,0.072091,0.1361,0,0.25437,0.1361,0.06114,0.28236,0,0.28236,0.28236,0.28236,0.049865,2.8106e-17,0.04878,0.046729,0.041667,0.21823,0.21309,0.2487,0.12813,0.18916,0.025529,0.39847,0.15249,1,0
0.077627,0.0040536,0.10419,0.07366,0.047396,0.089218,0,0.19322,0.089218,0.040078,0.24052,0.42353,0.17843,0.2902,0.2902,0.054021,0.086057,0.033537,0.058411,0.059896,0.25946,0.21486,0.28505,0.13047,0.18615,0.025529,0.39763,0.15102,1,0
0.021511,0.0056396,0.022046,0.020303,0.016326,0.023448,0.0052317,0.099227,0.022352,0.014078,0.217,0.21354,0.14902,0.24314,0.24314,0.051251,0.04679,0.04878,0.046729,0.052083,0.27481,0.389,0.33298,0.20945,0.40023,0.20061,0.39834,0.32406,1,0
0.069565,0.029502,0.04911,0.068093,0.060615,0.092582,0.022371,0.16004,0.10683,0.052929,0.19922,0.27922,0.16275,0.17255,0.25882,0.034906,0.053901,0.021341,0.035047,0.041667,0.27966,0.20365,0.33628,0.067283,0.30969,0.047287,0.39899,0.24858,1,0
0.015973,0.018145,0.0030388,0.0022525,0.012513,0.016497,0.01671,0.079963,0.0028355,0.0072747,0.26144,0.23726,0.26666,0.26666,0.26666,0.060946,0.050905,0.04878,0.058411,0.0625,0.33059,0.21545,0.38172,0.077229,0.31099,0.21091,0.39859,0.25071,1,0
0.098517,0.024121,0.10546,0.093482,0.071122,0.13392,0,0.25152,0.13392,0.060159,0.26144,0.37895,0.20588,0.30588,0.30588,0.058176,0.063148,0.042683,0.058411,0.059896,0.26996,0.22431,0.3305,0.13574,0.2109,0.022918,0.39998,0.17178,1,0
0.117,0.059377,0.081902,0.11102,0.10223,0.19276,0,0.32826,0.19276,0.086591,0.22746,0.26749,0.18824,0.25882,0.25882,0.041555,0.086057,0.021341,0.046729,0.049479,0.30957,0.12986,0.31397,0.25392,0.27854,0.025239,0.3552,0.22527,1,0
0.012878,0.0066843,0.0053275,0.012501,0.010311,0.013716,0.0060136,0.082386,0.01414,0.0086267,0.18599,0.21537,0.14902,0.14902,0.2353,0.048084,0.037629,0.045732,0.046729,0.041667,0.23683,0.41143,0.29332,0.28493,0.28497,0.24659,0.39924,0.23014,1,0
0.065192,0.020557,0.074962,0.060791,0.046656,0.071667,0.020082,0.1499,0.072503,0.041141,0.28932,0.22384,0.25098,0.25098,0.33726,0.072028,0.049684,0.060976,0.070093,0.065104,0.24167,0.43091,0.36355,0.18605,0.56674,0.092834,0.39954,0.45716,1,0
0.022424,0.0078667,0.019916,0.018518,0.017288,0.02498,0.0075698,0.09681,0.021325,0.014904,0.25098,0,0.25098,0.25098,0.25098,0.056099,0.029232,0.04878,0.058411,0.052083,0.31119,0.24556,0.29414,0.34227,0.22316,0.1056,0.39766,0.18058,1,0
0.084255,0.019968,0.091127,0.079949,0.060443,0.11385,0,0.22535,0.11385,0.051146,0.24836,0.31445,0.20784,0.2196,0.29608,0.049865,0.071604,0.033537,0.058411,0.052083,0.32897,0.15111,0.31149,0.23286,0.18888,0.023499,0.39837,0.15323,1,0
0.019794,0.016114,0.006058,0.010712,0.014814,0.021635,0.014921,0.082226,0.011039,0.012646,0.25882,2.8001e-16,0.25882,0.25882,0.25882,0.046897,0.031767,0.036585,0.046729,0.041667,0.28613,0.096807,0.28092,0.20945,0.25314,0.24804,0.39245,0.3474,1,0
0.13505,0.069884,0.092638,0.12815,0.11878,0.22391,0,0.36889,0.22391,0.10058,0.26666,0,0.26666,0.26666,0.26666,0.058176,0.023868,0.051829,0.058411,0.052083,0.27886,0.29514,0.32719,0.16206,0.29773,0.024079,0.3986,0.23897,1,0
0.067501,0.045401,0.031536,0.064051,0.065423,0.12354,0,0.23798,0.12354,0.055497,0.18824,0,0.18824,0.18824,0.18824,0.049865,0.04134,0.039634,0.046729,0.049479,0.30957,0.21781,0.34867,0.15036,0.15435,0.024079,0.39957,0.12427,1,0
0.0049139,0.0037774,0.0016805,0.0025183,0.0039861,0.0049049,0.0027741,0.078886,0.003158,0.00297,0.235,0.19211,0.21176,0.21176,0.29804,0.055619,0.021017,0.04878,0.046729,0.052083,0.30715,0.20011,0.31645,0.21179,0.030188,0.32782,0.4064,0.11168,1,0
0.015983,0.013026,0.0033004,0.01366,0.011,0.011854,0.0062736,0.079926,0.012375,0.0073957,0.18824,0,0.18824,0.18824,0.18824,0.046125,0.027903,0.04878,0.046729,0.041667,0.32978,0.16705,0.2991,0.22935,0.15398,0.16246,0.3999,0.12526,1,0
0.080688,0.039279,0.058841,0.076565,0.069538,0.13118,0,0.24795,0.13118,0.05893,0.23006,0.33732,0.18235,0.21176,0.28236,0.04571,0.086057,0.027439,0.035047,0.054688,0.30068,0.22313,0.33628,0.13574,0.1954,0.024949,0.39873,0.15784,1,0
0.042585,0.0036733,0.055111,0.040409,0.026838,0.042562,0,0.13236,0.042562,0.01912,0.20916,0.28979,0.16667,0.24314,0.24314,0.041555,0.063148,0.027439,0.035047,0.046875,0.33867,0.24438,0.35776,0.20243,0.090356,0.022918,0.39829,0.073782,1,0
0.10012,0.0072884,0.13147,0.095005,0.06232,0.1172,0,0.22971,0.1172,0.052648,0.22222,0.37895,0.16667,0.26666,0.26666,0.041555,0.047736,0.030488,0.046729,0.041667,0.29745,0.17059,0.23713,0.25509,0.21844,0.023209,0.40026,0.17624,1,0
0.025748,0.01307,0.019951,0.019442,0.022508,0.029681,0.013487,0.092322,0.02823,0.021339,0.28758,0.21932,0.25882,0.25882,0.3451,0.066487,0.033753,0.060976,0.064252,0.0625,0.29098,0.21014,0.32967,0.14919,0.14091,0.058602,0.39976,0.11386,1,0
0.18687,0.12499,0.088288,0.17732,0.18072,0.3408,0,0.52135,0.3408,0.15309,0.24836,0.2452,0.2196,0.2196,0.28432,0.054021,0.063148,0.039634,0.046729,0.057292,0.33543,0.12278,0.29993,0.32647,0.46051,0.025239,0.39707,0.37142,1,0
0.032277,0.028762,0.0028183,0.0057429,0.042492,0.024974,0.025581,0.079053,0.0047272,0.021679,0.25882,0,0.25882,0.25882,0.25882,0.064409,0.016877,0.060976,0.058411,0.052083,0.28451,0.16705,0.24787,0.23871,0.17619,0.058312,0.39988,0.14203,1,0
0.087863,0.027505,0.085604,0.083373,0.066894,0.12607,0,0.24128,0.12607,0.056631,0.19608,0,0.19608,0.19608,0.19608,0.041555,0.047736,0.030488,0.046729,0.041667,0.27643,0.21368,0.33628,0.1293,0.20207,0.024369,0.40003,0.16239,1,0
0.012948,0.00371,0.01287,0.010927,0.010658,0.013288,0.0030902,0.089601,0.011759,0.0082268,0.13333,0,0.13333,0.13333,0.13333,0.029088,0.02067,0.02439,0.023364,0.03125,0.32331,0.19775,0.34785,0.14627,0.11395,0.093415,0.39881,0.091894,1,0
0.042046,0.01841,0.033564,0.039897,0.035045,0.066217,0,0.16322,0.066217,0.029746,0.17255,1.6734e-16,0.17255,0.17255,0.17255,0.020777,0.023868,0.015244,0.023364,0.020833,0.32493,0.17354,0.30736,0.20887,0.090814,0.023499,0.40007,0.072919,1,0
0.023541,0.0084061,0.024396,0.016743,0.01749,0.02423,0.0078545,0.10137,0.019247,0.011415,0.24608,0.17745,0.25882,0.25882,0.25882,0.060773,0.026494,0.054878,0.058411,0.052083,0.32331,0.21841,0.35942,0.13749,0.1815,0.0821,0.39893,0.14605,1,0
0.011329,0.005787,0.0081587,0.0091646,0.0078547,0.012058,0.0051517,0.084927,0.010212,0.0059024,0.20392,0.16766,0.2196,0.2196,0.2196,0.044199,0.041787,0.036585,0.046729,0.041667,0.34352,0.1824,0.35033,0.17728,0.0079166,0.25704,0.40532,0.2116,1,0
0.049433,0.026282,0.025814,0.034341,0.05268,0.049471,0.023231,0.10232,0.032917,0.044298,0.23726,0.19208,0.21568,0.25882,0.25882,0.038438,0.037219,0.02439,0.035047,0.041667,0.28936,0.19007,0.27927,0.24924,0.13784,0.13084,0.39806,0.48561,1,0
0.10443,0.055532,0.056235,0.10414,0.081101,0.10983,0.054924,0.11137,0.10469,0.070906,0.2951,0.25936,0.31372,0.31372,0.31372,0.068565,0.069878,0.060976,0.070093,0.0625,0.30391,0.24792,0.2677,0.34753,0.23635,0.08239,0.39927,0.66172,1,0
0.029366,0.017842,0.017257,0.025881,0.027011,0.034391,0.019538,0.089228,0.034048,0.026673,0.15686,0,0.15686,0.15686,0.15686,0.032412,0.022643,0.02439,0.035047,0.03125,0.30957,0.18417,0.31232,0.12286,0.13291,0.060923,0.41466,0.10723,1,0
0.0093129,0.0093426,0.0037,0.0040106,0.0074621,0.0094998,0.0080125,0.080891,0.004681,0.0053041,0.2196,0,0.2196,0.2196,0.2196,0.046199,0.031417,0.036585,0.046729,0.041667,0.29098,0.12868,0.31397,0.12345,0.027578,0.44401,0.40121,0.26886,0,0
0.044651,0.017667,0.038145,0.038706,0.036191,0.047991,0.019569,0.10969,0.037774,0.032954,0.18039,0,0.18039,0.18039,0.18039,0.039892,0.06793,0.021341,0.046729,0.044271,0.30795,0.21545,0.33215,0.12637,0.19583,0.046417,0.39684,0.1572,1,0
0.076567,0.037642,0.051342,0.07794,0.067018,0.11403,0.020517,0.19336,0.11403,0.062318,0.25294,0.28957,0.22352,0.28236,0.28236,0.059215,0.078255,0.042683,0.064252,0.0625,0.31684,0.20365,0.36685,0.092441,0.25262,0.035103,0.3991,0.20458,1,0
0.14796,0.10615,0.059755,0.14039,0.14724,0.27776,0,0.43913,0.27776,0.12477,0.20916,0.28979,0.16667,0.24314,0.24314,0.04571,0.063148,0.030488,0.046729,0.049479,0.28532,0.35771,0.34454,0.20945,0.33333,0.024079,0.39892,0.26788,1,0
0.010456,0.0072504,0.0035889,0.0070232,0.0093469,0.010658,0.0065341,0.080187,0.0080874,0.005479,0.17255,1.4221e-16,0.17255,0.17255,0.17255,0.02781,0.024769,0.02439,0.023364,0.020833,0.32978,0.1759,0.32554,0.21765,0.098018,0.14128,0.39801,0.11237,1,0
0.009397,0.0053398,0.0051933,0.0098555,0.008635,0.0099369,0.0068204,0.079104,0.0099369,0.0081521,0.2902,0,0.2902,0.2902,0.2902,0.071681,0.02067,0.067073,0.070093,0.0625,0.25703,0.14639,0.25613,0.16382,0.042929,0.049028,0.39884,0.034761,1,0
0.019374,0.01456,0.0032991,0.0076188,0.023757,0.018612,0.012525,0.080275,0.0080111,0.0162,0.25098,0,0.25098,0.25098,0.25098,0.059454,0.034398,0.04878,0.058411,0.052083,0.3023,0.14462,0.30158,0.16323,0.045774,0.13911,0.39899,0.20254,1,0
0.064096,0.026947,0.05274,0.06082,0.052777,0.099583,0,0.20674,0.099583,0.044735,0.14902,0,0.14902,0.14902,0.14902,0.029088,0.023868,0.02439,0.023364,0.028646,0.34675,0.15702,0.30654,0.21121,0.14487,0.023789,0.40037,0.11682,1,0
0.077114,0.05474,0.031972,0.073173,0.076402,0.14425,0,0.265,0.14425,0.0648,0.15686,0,0.15686,0.15686,0.15686,0.033243,0.023868,0.027439,0.035047,0.03125,0.28047,0.22372,0.31149,0.14159,0.18253,0.024369,0.39847,0.14733,1,0
0.010343,0.012165,0.0011791,0.0015731,0.0066833,0.0082772,0.0079447,0.078373,0.0018173,0.0036106,0.20392,2.8119e-16,0.20392,0.20392,0.20392,0.050557,0.022295,0.04878,0.046729,0.041667,0.26754,0.18948,0.26109,0.21297,0.05927,0.59501,0.39958,0.15459,1,0
0.054097,0.0266,0.03408,0.048754,0.048822,0.066598,0.027481,0.11712,0.07553,0.044962,0.24314,0,0.24314,0.24314,0.24314,0.049865,0.029232,0.045732,0.046729,0.044271,0.29745,0.14226,0.25944,0.24163,0.23463,0.048448,0.39937,0.18866,1,0
0.020613,0.041638,0.0042318,0.0063691,0.0083954,0.022774,0.038578,0.080937,0.0066916,0.0066688,0.25632,0.061775,0.25882,0.25882,0.25882,0.05186,0.056834,0.036585,0.046729,0.052083,0.33301,0.17768,0.35033,0.2311,0.12333,0.3989,0.40651,0.45165,1,0
0.084874,0.037385,0.069324,0.064727,0.072514,0.10192,0.046152,0.13732,0.10192,0.070742,0.26274,0.27027,0.2353,0.2902,0.2902,0.062332,0.089304,0.042683,0.064252,0.067708,0.28613,0.2066,0.37181,0.096536,0.27127,0.033943,0.40019,0.21959,1,0
0.031802,0.032368,0.00041751,0.015203,0.02729,0.036141,0.030939,0.077508,0.01203,0.024398,0.28306,0.41095,0.25882,0.3451,0.3451,0.067998,0.072464,0.073171,0.070093,0.0625,0.28613,0.20188,0.33793,0.051486,0.33824,0.16449,0.39844,0.27238,1,0
0.075599,0.04328,0.045991,0.071735,0.068896,0.13002,0,0.24643,0.13002,0.058406,0.18824,0,0.18824,0.18824,0.18824,0.054021,0.023868,0.04878,0.046729,0.049479,0.25865,0.20306,0.28505,0.12637,0.16974,0.023209,0.39812,0.13687,1,0
0.055622,0.027536,0.036954,0.064356,0.047643,0.04355,0.025238,0.094028,0.04355,0.033211,0.22746,0,0.22746,0.22746,0.22746,0.056099,0.023868,0.04878,0.05257,0.052083,0.2732,0.2125,0.2991,0.12872,0.18486,0.035973,0.39765,0.14958,1,0
0.03963,0.03857,0.0017091,0.037605,0.045298,0.085721,0,0.18866,0.085721,0.038507,0.2353,0,0.2353,0.2353,0.2353,0.04571,0.023868,0.039634,0.046729,0.041667,0.30472,0.2125,0.32637,0.14451,0.14891,0.481,0.39737,0.12012,1,0
0.058572,0.022377,0.048024,0.058726,0.0483,0.078387,0.013946,0.15545,0.082564,0.042884,0.2604,0.24173,0.2549,0.28236,0.28236,0.067318,0.062695,0.054878,0.070093,0.065104,0.28936,0.20011,0.35942,0.08659,0.26803,0.048448,0.39983,0.21743,1,0
0.039569,0.023209,0.017341,0.037147,0.038821,0.050686,0.023459,0.10343,0.0644,0.034846,0.18824,0,0.18824,0.18824,0.18824,0.044879,0.036975,0.042683,0.046729,0.041667,0.29906,0.12986,0.28505,0.20711,0.1774,0.05396,0.39796,0.14257,1,0
0.041115,0.023678,0.029186,0.029762,0.030099,0.046357,0.024726,0.10438,0.028978,0.032167,0.17255,1.4967e-16,0.17255,0.17255,0.17255,0.039476,0.060853,0.02439,0.040888,0.041667,0.24572,0.19775,0.24044,0.24163,0.10292,0.060923,0.39755,0.17815,1,0
0.098439,0.037581,0.080816,0.10302,0.081132,0.13232,0.021258,0.21362,0.14478,0.070382,0.28236,0.4899,0.23726,0.2745,0.36862,0.052359,0.079518,0.039634,0.058411,0.054688,0.32331,0.20601,0.27596,0.38849,0.41887,0.045547,0.39834,0.34081,1,0
0.011869,0.0037996,0.011922,0.0099501,0.0076251,0.012082,0.0026472,0.089117,0.011313,0.0059212,0.24314,2.8358e-16,0.24314,0.24314,0.24314,0.060551,0.031845,0.04878,0.058411,0.052083,0.33382,0.22195,0.36189,0.1451,0.16974,0.15144,0.39812,0.13672,1,0
0.038221,0.027665,0.020444,0.02663,0.023787,0.04434,0.026067,0.093707,0.04193,0.024883,0.19323,0.14056,0.18824,0.18824,0.18824,0.052132,0.040583,0.04878,0.046729,0.052083,0.33382,0.16941,0.3462,0.11175,0.12518,0.11952,0.39106,0.33722,1,0
0.0042384,0.0047195,0.00055724,0.0011124,0.0023239,0.0039928,0.0036197,0.077755,0.0015367,0.0011166,0.24314,2.797e-16,0.24314,0.24314,0.24314,0.077631,0.031072,0.073171,0.070093,0.072917,0.28613,0.17177,0.27018,0.21355,0.10252,0.52625,0.39966,0.08351,1,0
0.56872,0.28292,0.3753,0.41849,0.46511,0.62116,0.28884,0.42443,0.45549,0.43838,0.32222,0.38366,0.26666,0.33334,0.4,0.54229,0.44042,0.43902,0.58411,0.52083,0.32356,0.11391,0.28118,0.28293,0.38621,0.0087032,0.3983,0.31566,1,1
0.060317,0.0033313,0.0807,0.057234,0.036932,0.062315,0,0.15813,0.062315,0.027993,0.66928,0.11146,0.65294,0.68236,0.68236,0.21054,0.12729,0.17886,0.21807,0.19444,0.42912,0.38653,0.49736,0.32391,0.1609,0.028431,0.40051,0.13137,1,1
0.065974,0.024903,0.060155,0.050796,0.053724,0.0869,0.02384,0.15276,0.0869,0.051929,0.16863,0.27027,0.14118,0.19608,0.19608,0.037399,0.047736,0.02439,0.035047,0.041667,0.28775,0.21132,0.34537,0.11467,0.22575,0.036554,0.39974,0.18127,1,1
0.07994,0.070119,0.012184,0.057838,0.060434,0.076909,0.064726,0.088305,0.039346,0.041762,0.41778,0.42004,0.4,0.46666,0.46666,0.64992,0.46136,0.58842,0.67757,0.60417,0.067441,0.19276,0.071263,0.1385,0.11699,0.023644,0.38073,0.10004,1,1
0.33523,0.17684,0.25651,0.28405,0.31858,0.37733,0.17094,0.31261,0.33648,0.29609,0.31666,0.69618,0.2,0.3,0.46666,0.49242,0.68714,0.28049,0.59579,0.53125,0.32053,0.21306,0.29318,0.3579,0.33087,0.012039,0.39754,0.26907,1,1
0.277,0.10305,0.3366,0.29474,0.212,0.30816,0.082239,0.43313,0.33063,0.17079,0.21176,0.18147,0.19412,0.21176,0.22942,0.99731,0,0.97561,0.93458,0.83333,0.64581,0.39785,0.76929,0.26729,0.33078,0.012185,0.40037,0.26612,1,1
1,0.6915,0.37301,1,1,1,0.87965,0,1,0.9249,0.3,0.62841,0.2,0.26666,0.4,0.46438,0.6669,0.30488,0.37967,0.51562,0.27658,0.10422,0.20566,0.2162,0.27894,0.0069626,0.40009,0.22477,1,1
0.038278,0.019458,0.036166,0.025794,0.024492,0.043891,0.018716,0.11351,0.030525,0.021689,0.44444,0.37821,0.4,0.45,0.475,0.13121,0.10817,0.11317,0.11963,0.115,0.184,0.10555,0.10518,0.27937,0.41008,0.11778,0.39951,0.33779,1,1
0.24646,0.12186,0.10519,0.27517,0.23594,0.27501,0.10058,0.28446,0.29743,0.19609,0.21932,0.2474,0.21176,0.21176,0.24706,0.99731,0,0.97561,0.93458,0.83333,0.71532,0.5407,0.77444,0.37378,0.36707,0.016246,0.398,0.29602,1,1
0.087481,0.10115,0.026257,0.017871,0.026908,0.098427,0.096854,0.096133,0.020071,0.048798,0.39394,0.64735,0.4,0.46666,0.46666,0.58705,0.59288,0.52439,0.65421,0.58333,0.29704,0.23427,0.30906,0.18969,0.094945,0.020888,0.39426,0.076397,1,1
0.18191,0.11204,0.11862,0.12048,0.14814,0.20995,0.10452,0.22607,0.12466,0.15139,0.44444,0.63552,0.4,0.46666,0.53334,0.69534,0.66071,0.6006,0.75935,0.67708,0.29931,0.17985,0.25871,0.26099,0.19851,0.014505,0.39983,0.15997,1,1
0.060383,0.04201,0.037882,0.040261,0.043526,0.068226,0.037872,0.11502,0.050041,0.037126,0.71274,0.12173,0.69804,0.71764,0.72942,0.23686,0.059166,0.22764,0.21807,0.19444,0.61558,0.49665,0.48157,0.63954,0.40187,0.13519,0.40052,0.52225,1,1
0.058393,0.050445,0.016818,0.023156,0.054515,0.064323,0.047207,0.081964,0.027344,0.044651,0.31852,0.6308,0.23334,0.33334,0.41666,0.53467,0.62814,0.41768,0.60748,0.54167,0.24892,0.21214,0.25523,0.19152,0.041706,0.013345,0.37929,0.039296,1,1
0.010176,0.0048772,0.0088126,0.0070953,0.0069793,0.011886,0.0046694,0.085757,0.0091902,0.0064512,0.2658,0.23521,0.2196,0.30588,0.30588,0.062332,0.05063,0.060976,0.058411,0.0625,0.071128,0.22785,0.062794,0.18252,0.097605,0.10531,0.40543,0.078813,1,1
0.02457,0.0090795,0.021249,0.024758,0.019809,0.033062,0.0051876,0.11129,0.033361,0.017809,0.10275,0.11695,0.085294,0.10588,0.11863,0.99731,0,0.97561,0.93458,0.83333,0.45281,0.34741,0.47638,0.32388,0.050238,0.057441,0.40005,0.10626,1,1
0.43924,0.27788,0.15886,0.32492,0.43363,0.51837,0.24828,0.33191,0.52163,0.36575,0.3,0.7845,0.2,0.2,0.46666,0.70279,0.66326,0.45122,0.79439,0.70833,0.33705,0.66171,0.4563,0.4636,0.46249,0.014505,0.39986,0.37505,1,1
0.18377,0.087046,0.10912,0.19435,0.13521,0.2056,0.073744,0.21948,0.21594,0.10896,0.07619,0.11576,0.070588,0.078432,0.094118,0.99731,0,0.97561,0.93458,0.83333,0.51416,0.26483,0.52471,0.39785,0.3011,0.020017,0.25889,0.25722,1,1
0.33238,0.24143,0.11947,0.24025,0.29771,0.36507,0.21854,0.2078,0.27063,0.26514,0.21932,0.18258,0.21176,0.21176,0.24706,0.99731,0,0.97561,0.93458,0.83333,0.77837,0.54011,0.55457,0.58595,0.39613,0.015666,0.40124,0.32016,0,1
0.56872,0.28292,0.3753,0.41849,0.46511,0.62116,0.28884,0.42443,0.45549,0.43838,0.32222,0.38366,0.26666,0.33334,0.4,0.54229,0.44042,0.43902,0.58411,0.52083,0.32356,0.11391,0.28118,0.28293,0.38621,0.0087032,0.3983,0.31566,1,1
0.21243,0.10229,0.20022,0.15585,0.18027,0.22703,0.09919,0.25143,0.16382,0.15299,0.3037,0.59416,0.23334,0.26666,0.4,0.51251,0.59602,0.3811,0.58411,0.52083,0.27393,0.21721,0.30752,0.11838,0.21987,0.013925,0.39821,0.1769,1,1
0.15283,0.094007,0.085185,0.13402,0.11147,0.16668,0.090481,0.13127,0.16639,0.084877,0.3,0.39225,0.23334,0.3,0.36666,0.51112,0.45395,0.39024,0.51986,0.52083,0.30462,0.21629,0.33889,0.15678,0.13524,0.013925,0.39952,0.10919,1,1
0.045249,0.015909,0.035661,0.038347,0.037223,0.04597,0.014401,0.10814,0.043704,0.029861,0.64392,0.33035,0.65882,0.65882,0.6745,0.18949,0.10458,0.1626,0.18692,0.16667,0.068937,0.20393,0.070341,0.1183,0.18648,0.044677,1,0.15343,1,1
0.01751,0.0084495,0.011982,0.02034,0.014843,0.026666,0.0025642,0.10761,0.026666,0.013366,0.070588,0,0.070588,0.070588,0.070588,0.035199,0,0.034433,0.032985,0.029412,0.4214,0.24331,0.42769,0.20992,0.069659,0.042066,0.41072,0.055933,1,1
0.36603,0.26717,0.19042,0.19256,0.40613,0.30689,0.25293,0.17314,0.14739,0.21442,0.3619,1,0.16667,0.46666,0.46666,0.60729,0.86738,0.35061,0.71262,0.63542,0.30424,0.093153,0.2622,0.24957,0.35811,0.014505,0.39849,0.28911,1,1
0.15001,0.11184,0.072508,0.062734,0.12796,0.17658,0.10569,0.14554,0.080229,0.11489,0.10937,0.17089,0.081372,0.09804,0.12745,0.99731,0,0.97561,0.93458,0.83333,0.071837,0.33089,0.030346,0.5813,0.56759,0.040615,0.39605,0.45677,1,1
0.11035,0.042896,0.09573,0.10471,0.08884,0.1674,0,0.29519,0.1674,0.0752,0.18039,0.33437,0.13137,0.2196,0.2196,0.037399,0.071604,0.021341,0.046729,0.041667,0.28451,0.24202,0.32045,0.13324,0.24175,0.023209,0.39814,0.19424,1,1
0.054226,0.029394,0.02207,0.049471,0.051562,0.061369,0.028497,0.0942,0.068937,0.047773,0.31896,0.3861,0.3451,0.3451,0.3451,0.076183,0.069928,0.073171,0.070093,0.072917,0.25703,0.11274,0.31593,0.14062,0.10556,0.091094,0.40193,0.37414,0,1
0.024483,0.014397,0.017662,0.016897,0.01576,0.028045,0.013369,0.096305,0.020474,0.014081,0.9,0.32818,0.9,0.93334,0.93334,0.87763,0.40781,0.80732,0.87383,0.79583,0.47688,0.31698,0.50901,0.25974,0.12578,0.055991,0.39912,0.10367,1,1
0.19283,0.10962,0.087035,0.1839,0.17229,0.22883,0.0957,0.21535,0.271,0.14874,0.21482,0.48616,0.11667,0.26666,0.26666,0.3449,0.39382,0.25915,0.40888,0.36458,0.31144,0.40398,0.35283,0.28705,0.25794,0.017406,0.39842,0.21012,1,1
0.072382,0.027038,0.063541,0.089501,0.054786,0.10325,0.00019751,0.21121,0.10325,0.046491,0.68628,0.2452,0.64314,0.68628,0.72942,0.22439,0.10555,0.19512,0.2025,0.20833,0.46493,0.40316,0.46761,0.38185,0.041304,0.043516,0.40356,0.23889,1,1
0.044205,0.030902,0.013999,0.02041,0.039268,0.039709,0.02421,0.090785,0.022271,0.029127,0.68806,0.40164,0.67648,0.69804,0.74314,0.3431,0.13492,0.32999,0.32619,0.30964,0.34675,0.37837,0.33793,0.3487,0.06409,0.14621,0.40289,0.48548,1,1
0.039041,0.00010007,0.055136,0.037046,0.022716,0.042685,0,0.13252,0.042685,0.019175,0.069282,0.080372,0.056862,0.07451,0.080392,0.99731,0,0.97561,0.93458,0.83333,0.39954,0.39341,0.4571,0.3571,0.1059,0.028721,0.40082,0.085038,0,1
0.03853,0.020047,0.010606,0.035909,0.038979,0.04855,0.017128,0.11923,0.040886,0.033783,0.57366,0.93396,0.50196,0.50196,0.75294,0.91183,1,0.78049,0.74766,1,0.9275,0.14311,0.95704,0.09223,0.11127,0.030171,0.39637,0.089578,1,1
0.10848,0.074974,0.036045,0.04659,0.10012,0.11787,0.068243,0.11406,0.046136,0.085729,0.39556,0.61356,0.3,0.46666,0.46666,0.61334,0.4934,0.57013,0.64252,0.57292,0.071987,0.23519,0.064679,0.17506,0.12989,0.022918,0.4074,0.11447,1,1
0.09873,0.075046,0.028555,0.058074,0.11694,0.11084,0.067527,0.095917,0.0634,0.097846,0.17333,0.35278,0.13333,0.2,0.2,0.30667,0.29632,0.34146,0.3271,0.29167,0.57085,0.062535,0.57385,0.11025,0.10845,0.014505,0.39687,0.08749,1,1
0.14688,0.1038,0.061551,0.13937,0.14525,0.046492,0,0.13749,0.046492,0.020885,0.069282,0.12854,0.05,0.082352,0.085294,0.99731,0,0.97561,0.93458,0.83333,0.45443,0.58511,0.47649,0.40046,0.39968,0.029011,0.3877,0.32318,1,1
0.17923,0.091355,0.1067,0.15177,0.1539,0.18933,0.080394,0.17308,0.17528,0.12461,0.21512,0.27419,0.21176,0.21176,0.24706,0.99731,0,0.97561,0.93458,0.83333,0.67734,0.55369,0.8312,0.39715,0.402,0.025239,0.40044,0.32405,1,1
0.26705,0.094191,0.30636,0.27822,0.183,0.26622,0.089181,0.35118,0.30179,0.13943,0.21818,0.15183,0.18529,0.21176,0.24706,0.99731,0,0.97561,0.93458,0.83333,0.28371,0.35299,0.28967,0.49861,0.33087,0.012692,0,0.2666,1,1
0.05619,0.0051674,0.072268,0.053318,0.035598,0.055819,0,0.14966,0.055819,0.025075,0.38692,0.21264,0.3549,0.40784,0.41372,0.19294,0.071429,0.17312,0.19058,0.17238,0.45506,0.49466,0.47922,0.42037,0.15709,0.029591,0.39688,0.12611,1,1
0.15041,0.10554,0.031203,0.10047,0.14878,0.17889,0.095059,0.11001,0.14771,0.13507,0.47914,0.37252,0.50196,0.50196,0.50196,0.76158,0.39885,0.78049,0.74766,0.66667,0.49977,0.59477,0.55919,0.26851,0.71805,0.050769,0.39535,0.57752,1,1
0.13358,0.096301,0.028799,0.06368,0.14159,0.13213,0.086131,0.10077,0.057177,0.1158,0.60686,0.034172,0.60392,0.61176,0.61176,0.25763,0.049301,0.2439,0.24922,0.22223,0.15025,0.43941,0.091928,0.29476,0.32785,0.031912,0.40353,0.26622,1,1
0.016353,0.013609,0.0026282,0.0071359,0.017623,0.017008,0.01314,0.079414,0.0053634,0.015143,0.082352,0.07782,0.070588,0.090196,0.094118,0.99731,0,0.97561,0.93458,0.83333,0.092823,0.61578,0.10179,0.53375,0.1707,0.16014,0.39129,0.14313,1,1
0.028908,0.022057,0.0094566,0.014283,0.022193,0.024469,0.014796,0.08635,0.012678,0.017804,0.92222,0.18948,0.93334,0.93334,0.93334,0.62664,0.10395,0.60732,0.59112,0.5375,0.075978,0.2491,0.076014,0.26487,0.040066,0.15956,0.39148,0.34845,1,1
0,0,0,0,0,0.00026429,0,0.077197,0.00026429,0.00011872,0,0,0,0,0,0,0,0,0,0,0,0,0,0,0,0,0.40144,0,0,1
0.013102,0.018218,0.0019317,0.0030813,0.0053096,0.015355,0.017572,0.07904,0.0032819,0.0051913,0.53334,5.761e-16,0.53334,0.53334,0.53334,0.7592,0.13138,0.73171,0.73598,0.65625,0.5371,0.24025,0.53334,0.29451,0.12784,0.16101,0.39815,0.13275,1,1
0.099364,0.10106,0.01261,0.033804,0.11941,0.13824,0.12207,0.065484,0.13824,0.12811,0.25,0.31421,0.2,0.23334,0.3,0.39269,0.35801,0.29268,0.36799,0.40625,0.21747,0.21398,0.23974,0.20432,0.032442,0.0058021,0.40103,0.026236,0,1
0.21974,0.012736,0.29315,0.20851,0.13489,0.22569,0,0.37122,0.22569,0.10139,1,0,1,1,1,0.46932,0.42994,0.37877,0.38482,0.47304,0.48321,0.12687,0.40936,0.39118,0.60529,0.029301,0.39856,0.48803,1,1
0.31559,0.21293,0.20257,0.22251,0.24092,0.33984,0.19067,0.26927,0.2515,0.17638,0.24282,0.14467,0.21176,0.24706,0.28236,0.99731,0,0.97561,0.93458,0.83333,0.60055,0.34236,0.60153,0.71806,0.84269,0.031622,0.37341,0.68256,1,1
0.16809,0.083378,0.091541,0.1524,0.13393,0.16655,0.07283,0.16309,0.13639,0.098108,0.2263,0.15121,0.21176,0.24706,0.24706,0.99731,0,0.97561,0.93458,0.83333,0.81878,0.34059,0.67555,0.43095,0.32832,0.020308,0.40091,0.26635,0,1
0.062822,0.0227,0.053995,0.05962,0.050785,0.05504,0.015804,0.12227,0.055364,0.033771,0.06353,0.066032,0.055882,0.058824,0.07353,0.99731,0,0.97561,0.93458,0.83333,0.37856,0.174,0.31259,0.31636,0.34087,0.057441,0.39966,0.27422,1,1
0.020333,0.026376,0.0029652,0.0036246,0.013882,0.02131,0.024334,0.080174,0.0042695,0.0089218,0.66666,5.6073e-16,0.66666,0.66666,0.66666,0.76793,0.1051,0.7561,0.7243,0.65625,0.43081,0.32613,0.37511,0.37808,0.15952,0.29272,0.40067,0.45962,1,1
0.13616,0.10496,0.088715,0.079931,0.11078,0.15681,0.10886,0.13134,0.10542,0.12211,0.11111,0.16947,0.066666,0.13333,0.13333,0.187,0,0.18293,0.17523,0.15625,0.28189,0.39844,0.27073,0.33641,0.13301,0.011459,0.40451,0.10896,1,1
0.096561,0.077956,0.026762,0.091626,0.10111,0.19089,0,0.32583,0.19089,0.085752,0.29282,0.31208,0.24706,0.32942,0.32942,0.049865,0.071604,0.033537,0.058411,0.052083,0.029098,0.10153,0.071057,0.20243,0.23562,0.024804,0.40369,0.18934,1,1
0,0,0,0,0,0.00026429,0,0.077197,0.00026429,0.00011872,0,0,0,0,0,0,0,0,0,0,0,0,0,0,0,0,0.40144,0,0,1
0.010632,0.011893,0.0013605,0.0053744,0.0073383,0.010922,0.010152,0.07854,0.0055555,0.0060146,0.79514,0.29774,0.8,0.80784,0.82352,0.3965,0.10001,0.39024,0.3775,0.34313,0.4397,0.33705,0.46104,0.38321,0.11081,1,0.40532,0.59018,1,1
0.033437,0.037226,0.0018241,0.011056,0.023433,0.035133,0.037604,0.078559,0.0032625,0.024071,1,0,1,1,1,0.87551,0.7043,0.73266,0.93458,0.83333,0.40491,0.31839,0.32967,0.4181,0.26386,0.087032,0.40032,0.22071,1,1
0.93708,0.36326,1,0.80956,0.67693,0.98642,0.34332,1,0.91997,0.56569,0.17647,0.17374,0.14118,0.17647,0.20294,0.99731,0,0.97561,0.93458,0.83333,0.70967,0.95626,0.73215,0.4983,1,0.012475,0.34009,0.82558,1,1
0.012347,0.0062532,0.0059572,0.012272,0.011498,0.013545,0.0065633,0.082139,0.013104,0.010348,0.11634,0.074933,0.11373,0.11765,0.12157,0.99731,0,0.97561,0.93458,0.83333,0.17354,0.32558,0.16172,0.35672,0.079588,0.072164,0.39945,0.067039,1,1
0.0449,0.045072,0,0.042605,0.052116,0,0,0.076852,0,0,0.37778,0.37895,0.33334,0.33334,0.43334,0.56514,0.16707,0.52439,0.50234,0.50261,0.26521,0.38691,0.20217,0.1938,0.43571,0.05396,0.40395,0.34972,1,1
0.013235,0.0052909,0.010411,0.013331,0.011459,0.013741,0.0049989,0.085609,0.014213,0.010015,0.09902,0.054358,0.092156,0.10392,0.10588,0.99731,0,0.97561,0.93458,0.83333,0.33982,0.56269,0.3849,0.50861,0.12422,0.10197,0.40024,0.10209,1,1
0.031109,0.031725,0.0018301,0.0036686,0.034925,0.030159,0.032595,0.078905,0.002943,0.02639,0.13137,0.077939,0.11373,0.13725,0.1451,0.99731,0,0.97561,0.93458,0.83333,0.95142,0.25583,0.93547,0.34593,0.2136,0.087177,0.39916,0.17461,1,1
0.013444,0.00865,0.0029872,0.01169,0.012607,0.01079,0.0057461,0.079323,0.011137,0.0081647,0.88572,0.24809,0.86666,0.86666,0.93334,0.61121,0.18947,0.57317,0.58411,0.55,0.099418,0.27802,0.080146,0.28376,0.03843,0.087612,0.40109,0.088743,0,1
0.027742,0.018202,0.012035,0.018373,0.022323,0.028733,0.016168,0.08533,0.019207,0.018872,0.20934,0.24817,0.2,0.2,0.26666,0.31166,0,0.30488,0.29206,0.26042,0.023869,0.23012,0.0003873,0.15358,0.17,0.10096,0.40428,0.13859,1,1
0,0,0,0,0,0.00026429,0,0.077197,0.00026429,0.00011872,0,0,0,0,0,0,0,0,0,0,0,0,0,0,0,0,0.40144,0,0,1
0.013343,0.0085888,0.005246,0.009306,0.010675,0.01423,0.0076736,0.081933,0.010761,0.0086112,0.68382,0.11826,0.68236,0.6902,0.69804,0.29503,0.037041,0.29268,0.28037,0.25,0.42704,1,0.64187,0.77305,0.58311,0.52132,0.40046,0.47967,1,1
0.16697,0.1379,0.04191,0.15844,0.17663,0.030956,0,0.11723,0.030956,0.013906,0.048366,0.044582,0.043138,0.043138,0.054902,0.99731,0,0.97561,0.93458,0.83333,0.34466,0.67948,0.41502,0.48794,0.42437,0.02814,0.39873,0.34125,1,1
0.1352,0.13446,0.042173,0.095612,0.085357,0.14738,0.12673,0.13115,0.08382,0.068734,0.5,0.38077,0.46666,0.46666,0.6,0.76223,0.43384,0.68293,0.70093,0.73958,0.54117,0.091034,0.60806,0.039218,0.14264,0.030461,0.40058,0.11678,1,1
0.24939,0.24153,0.068985,0.12066,0.18335,0.28637,0.23351,0.13136,0.11132,0.19039,0.28888,0.63552,0.18333,0.26666,0.41666,0.46125,0.61246,0.3506,0.38551,0.5,0.48244,0.114,0.50091,0.23695,0.27602,0.024659,0.41608,0.22691,1,1
0.09918,0.10611,0.041009,0.042016,0.062539,0.11152,0.10017,0.11635,0.043726,0.054147,0.6377,0.039828,0.6353,0.6353,0.64314,0.20969,0.082799,0.19512,0.18692,0.19444,0.44836,0.42066,0.32339,0.64656,0.55327,0.065202,0.39988,0.4489,1,1
0.046712,0.027629,0.013891,0.042903,0.045781,0.06078,0.022549,0.12482,0.052615,0.041036,0.4661,0.46698,0.50196,0.50196,0.50196,0.74086,0.50002,0.78049,0.74766,0.66667,0.99119,0.11362,1,0.17191,0.13353,0.030751,0.39733,0.1078,1,1
0.017265,0.010809,0,0.013555,0.018373,0.019761,0.009946,0.085207,0.020095,0.015762,0.18353,0.24297,0.14118,0.21176,0.21176,0.99731,0,0.97561,0.93458,0.83333,0.70078,0.54542,0.70974,0.53867,0.011265,0.0098636,0.4017,0.011808,0,1
0.19467,0.17633,0.04509,0.0828,0.14962,0.21257,0.15911,0.12808,0.11516,0.13059,0.22916,0.41458,0.2,0.26666,0.26666,0.41918,0.43539,0.35976,0.40888,0.42188,0.29136,0.16648,0.29164,0.28979,0.27775,0.02611,0.383,0.22473,1,1
0.083939,0.059325,0.03978,0.064432,0.081124,0.1024,0.064211,0.10647,0.088182,0.083392,0.63844,0.69315,0.54706,0.6745,0.73334,0.31836,0.23284,0.26686,0.31519,0.30556,0.34952,0.24811,0.39693,0.20234,0.11531,0.059182,0.40043,0.3869,1,1
0.013449,0.011635,0.0022385,0.0069025,0.011893,0.013999,0.011113,0.079236,0.0065436,0.0084894,0.40628,0.14075,0.40784,0.41176,0.42352,0.20259,0.04728,0.19895,0.19241,0.17647,0.35241,0.57139,0.36355,0.49011,0.16967,0.14853,0.38032,0.1364,1,1
0.50943,0.39998,0.13231,0.33784,0.43745,0.59492,0.36763,0.29499,0.3256,0.45497,0.48888,0.56843,0.43334,0.53334,0.55,0.82555,0.72487,0.7378,0.88785,0.79167,0.30196,0.18815,0.13555,0.40635,0.55996,0.017987,0.40027,0.45635,1,1
0.028414,0.014143,0.018689,0.031537,0.024621,0.021811,0.012118,0.086273,0.021811,0.01635,0.1451,0.18314,0.11569,0.13922,0.17451,0.99731,0,0.97561,0.93458,0.83333,0.51174,0.3421,0.51239,0.38938,0.11318,0.042936,0.39714,0.091779,1,1
0.20706,0.081342,0.20393,0.22489,0.16545,0.2296,0.068393,0.31902,0.24921,0.13854,0.04374,0.029326,0.039216,0.047058,0.04804,0.99731,0,0.97561,0.93458,0.83333,0.058196,0.40021,0.025523,0.26615,0.29525,0.015956,0.40495,0.24001,1,1
0.064797,0.058417,0.026139,0.02567,0.064495,0.025866,0.0062423,0.1016,0.021462,0.015209,0.053334,0.017267,0.052942,0.054902,0.054902,0.99731,0,0.97561,0.93458,0.83333,0.21015,0.52712,0.14377,0.44816,0.19962,0.051929,0.40239,0.26055,1,1
0.061752,0.047172,0.0068477,0.033103,0.06782,0.077994,0.04251,0.10343,0.061649,0.063637,0.47058,0.43681,0.50196,0.50196,0.50196,0.74798,0.46771,0.78049,0.74766,0.66667,1,0.066696,0.99769,0.15198,0.1949,0.035683,0.39823,0.15799,1,1
0.15229,0.13084,0.002303,0.073817,0.17393,0.15115,0.12317,0.079061,0.0046637,0.15367,0.33334,0.61397,0.31666,0.4,0.4,0.50153,0.50971,0.43902,0.54907,0.48958,0.26181,0.33342,0.33036,0.17598,0.35759,0.038294,0.39918,0.29137,1,1
0.21661,0.10238,0.11728,0.20929,0.18635,0.2352,0.085237,0.21012,0.23243,0.15078,0.25412,0.14482,0.24706,0.24706,0.28236,0.99731,0,0.97561,0.93458,0.83333,0.58034,0.8022,0.59655,1,0.45583,0.022048,0.45819,0.36708,1,1
0.094833,0.071315,0.048309,0.049368,0.066314,0.10233,0.068244,0.1168,0.048103,0.056696,0.52444,0.59315,0.46666,0.6,0.6,0.76959,0.60846,0.74696,0.7243,0.77083,0.5279,0.089375,0.6016,0.049091,0.13132,0.025529,0.40085,0.10642,0,1
0.043301,0.031255,0.0085747,0.036376,0.046744,0.061525,0.028147,0.10946,0.075381,0.04249,0.5804,0.066873,0.5745,0.58824,0.58824,0.24601,0.06038,0.22764,0.21807,0.22223,0.69954,0.53422,0.66499,0.62953,0.23605,0.058312,0.39961,0.19122,1,1
0.15627,0.068536,0.13289,0.13207,0.11827,0.16987,0.059777,0.20438,0.15026,0.095353,0.3909,0.30878,0.33334,0.4,0.4,0.54852,3.758e-16,0.53659,0.51402,0.45833,0.04688,0.2857,0.077223,0.51375,0.51499,0.042066,0.40864,0.41414,1,1
0.48666,0.22286,0.35857,0.52194,0.42588,0.55845,0.17783,0.59498,0.64129,0.34798,0.26824,0.20394,0.24706,0.28236,0.28236,0.99731,0,0.97561,0.93458,0.83333,0.70401,0.50942,0.61575,0.70507,0.47436,0.011604,0.39967,0.38394,1,1
0.021621,0.01656,0.011541,0.010662,0.020364,0.011107,0.0020401,0.088376,0.0097202,0.0061652,0.079216,0.099754,0.061764,0.07451,0.097058,0.99731,0,0.97561,0.93458,0.83333,0.40358,0.35212,0.41338,0.29727,0.1151,0.058021,0.34403,0.09318,1,1
0.18824,0.11103,0.11651,0.12984,0.17238,0.20478,0.094427,0.19868,0.14221,0.14105,0.19832,0.15996,0.17647,0.21176,0.21176,0.99731,0,0.97561,0.93458,0.83333,0.77029,0.44684,0.84029,0.2421,0.45438,0.029011,0.39796,0.3685,1,1
0.78624,1,0.18421,0.22005,0.38958,0.84341,0.95774,0.26877,0.25545,0.22435,0.40666,0.47558,0.33334,0.4,0.46666,0.71058,0.48563,0.64634,0.74766,0.66667,0.27127,0.09869,0.21186,0.29345,0.44723,0.015376,0.3987,0.36252,1,1
0.03004,0.020491,0.0082117,0.021563,0.027065,0.033979,0.019738,0.085238,0.0266,0.023959,0.67922,0.041504,0.6745,0.68236,0.68236,0.24601,0.056927,0.22764,0.21807,0.22223,0.4505,0.33704,0.49547,0.3796,0.1153,0.14563,0.40263,0.31481,1,1
0.025444,0.0059282,0.027581,0.022572,0.018468,0.032091,0.0048392,0.11111,0.032091,0.017033,0.22352,0.21954,0.2,0.24314,0.24706,0.046749,0.02067,0.042683,0.046729,0.041667,0.21662,0.14049,0.070231,0.16733,0.24623,0.14063,0.40127,0.25871,0,1
0.38101,0.26765,0.12868,0.27897,0.38951,0.51005,0.24771,0.34358,0.44599,0.37356,0.28,0.67257,0.21666,0.26666,0.4,0.46375,0.55032,0.34146,0.53738,0.47917,0.24437,0.21629,0.29706,0.13073,0.2004,0.0075428,0.39981,0.16184,1,1
0.42114,0.23354,0.12704,0.44575,0.41798,0.50633,0.19501,0.49396,0.52134,0.37977,0.34166,0.5389,0.23334,0.36666,0.43334,0.49554,0.40308,0.38415,0.4965,0.5,0.23415,0.37539,0.27886,0.20752,0.3713,0.014505,0.39762,0.29953,1,1
0.073586,0.08468,0.031942,0.028724,0.035888,0.081631,0.079349,0.10958,0.034019,0.031263,0.1563,0.26141,0.10588,0.14118,0.21176,0.99731,0,0.97561,0.93458,0.83333,0.66279,0.53362,0.69432,0.50587,0.057659,0.039527,0.40018,0.10237,1,1
0.26747,0.27596,0.063893,0.10028,0.1301,0.28271,0.25092,0.127,0.10772,0.11095,0.37222,0.5847,0.36666,0.4,0.46666,0.63059,0.61025,0.62805,0.67757,0.60417,0.25953,0.22966,0.23084,0.37481,0.33188,0.020598,0.39753,0.26702,1,1
0.072429,0.068811,0.0054939,0.068728,0.081818,0.1546,0,0.27849,0.1546,0.069447,0.4,0.65122,0.3,0.45,0.4875,0.12766,0.16094,0.09561,0.097196,0.13667,0.21225,0.056608,0.19593,0.14933,0.21001,0.029809,0.39738,0.17016,1,1
0.2728,0.21954,0.078958,0.17805,0.19887,0.28699,0.19453,0.19074,0.19568,0.16083,0.20206,0.18449,0.17647,0.21176,0.22942,0.99731,0,0.97561,0.93458,0.83333,0.59004,0.4616,0.60164,0.46084,0.0077412,0.059762,0.39944,1,1,1
0.0062681,0.0068561,0.0029439,0.0024843,0.0038163,0.0054601,0.0048214,0.079938,0.0030523,0.0023119,0.53948,0.22587,0.55,0.55,0.55,0.2173,0.12295,0.21073,0.21308,0.2,0.20781,0.072233,0.18932,0.08387,0.045489,0.26226,0.40095,0.12405,0,1
0.11801,0.10712,0.023145,0.026301,0.11794,0.12608,0.099631,0.099022,0.026814,0.097277,0.41112,0.53896,0.4,0.43334,0.46666,0.60046,0.46665,0.64634,0.61916,0.55208,0.060242,0.21629,0.062743,0.15358,0.13525,0.019147,0.35354,0.11379,1,1
0.086237,0.098392,0.023093,0.020013,0.069381,0.11004,0.10014,0.091876,0.032311,0.09369,0.68496,0.16136,0.6902,0.69412,0.70588,0.22162,0.090012,0.22764,0.21807,0.19444,0.64066,0.52925,0.6248,0.58343,0.13923,0.026037,0.39965,0.11265,1,1
0.0082266,0.0023752,0.0080848,0.0073471,0.0057729,0.00962,0.0022124,0.085933,0.0089869,0.0050998,0.49444,0.41633,0.4,0.55,0.55,0.17774,0.16257,0.13951,0.18692,0.18333,0.20337,0.1144,0.21862,0.076562,0.083631,0.11778,0.39829,0.073459,1,1
0.066907,0.02625,0.058394,0.053825,0.055201,0.090066,0.023217,0.15787,0.090066,0.053015,0.19412,0.25096,0.16863,0.2196,0.2196,0.056099,0.071604,0.042683,0.046729,0.057292,0.33382,0.22962,0.36768,0.13164,0.21746,0.034813,0.39811,0.17688,1,1
0.064064,0.013918,0.071072,0.06079,0.045225,0.054786,0,0.14831,0.054786,0.024611,0.14118,0.084148,0.12843,0.14902,0.15196,0.99731,0,0.97561,0.93458,0.83333,0.39873,0.29137,0.40182,0.36509,0.16996,0.02814,0.38934,0.13642,1,1
0.024489,0.012801,0.017224,0.018719,0.018221,0.025858,0.011413,0.093299,0.020048,0.014699,0.24444,0.23373,0.2,0.26666,0.26666,0.34906,2.0304e-15,0.34146,0.3271,0.29167,0.38231,0.61094,0.4845,0.47755,0.3207,0.15724,0.40018,0.2676,1,1
0.25245,0.14573,0.057287,0.25872,0.25786,0.29701,0.12203,0.23424,0.29146,0.21402,0.069282,0.063295,0.057844,0.070588,0.07353,0.99731,0,0.97561,0.93458,0.83333,0.54887,0.39872,0.56395,0.28003,0.25623,0.013055,0.36493,0.21226,1,1
0.024756,0.019248,0.0045978,0.018071,0.020197,0.027049,0.01862,0.081006,0.014869,0.020882,0.405,0.077835,0.4,0.4,0.4,0.12087,0.059831,0.11317,0.11963,0.10667,0.1723,0.16481,0.17077,0.17446,0.026106,0.13171,0.39954,0.24989,1,1
0.88019,0.8985,0.15669,0.3665,0.95741,0.99326,1,0.079163,0.027677,1,0.30666,0.29353,0.26666,0.26666,0.35,0.47871,0.4302,0.32927,0.53738,0.47917,0.25234,0.18262,0.29784,0.10284,0.18487,0.0066725,0.39964,0.15032,1,1
0.0045768,0.0045944,0,0.0043429,0.0053125,0.00024843,0,0.077176,0.00024843,0.0001116,0.4,0.56843,0.31666,0.46666,0.46666,0.76045,4.4968e-16,0.7439,0.71262,0.63542,0.20611,0.26091,0.21993,0.2586,0.014554,0.091674,0.40144,0.011682,0,1
0.00038603,0.00024407,0.00017648,0.00047312,0.0003594,0.00062375,0.00030006,0.077194,0.00062375,0.00044246,0.1549,0.14575,0.13333,0.16471,0.17647,0.99731,0,0.97561,0.93458,0.83333,0.35918,0.22649,0.36801,0.22566,0.002921,0.08841,0.4027,0.002547,1,1
0.065976,0.05603,0.032701,0.031737,0.050841,0.076562,0.053421,0.10529,0.037443,0.045691,0.64706,0.25692,0.65882,0.66666,0.66666,0.23603,0.096527,0.22764,0.21807,0.22223,0.48683,0.37928,0.52889,0.25356,0.27662,0.045257,0.39785,0.22475,1,1
0.062341,0.069923,0.0062134,0.018786,0.051263,0.077558,0.066434,0.089087,0.023525,0.059315,0.31198,0.53177,0.2196,0.39216,0.39216,0.15557,0.17863,0.10712,0.18325,0.1634,0.34522,0.24457,0.33353,0.34987,0.24098,0.11633,0.39635,0.5682,1,1
0,0,0,0,0,0.00026429,0,0.077197,0.00026429,0.00011872,0,0,0,0,0,0,0,0,0,0,0,0,0,0,0,0,0.40144,0,0,1
0.022381,0.010304,0.011276,0.021361,0.020816,0.026072,0.0090384,0.091142,0.031501,0.017737,0.072096,0.072891,0.058824,0.07451,0.082352,0.99731,0,0.97561,0.93458,0.83333,0.49075,0.37395,0.52476,0.3154,0.12817,0.060923,0.39925,0.1041,1,1
0.07707,0.010179,0.093612,0.07588,0.050663,0.077131,0.0083562,0.16433,0.077131,0.039168,0.22746,0.34677,0.18431,0.22746,0.27058,0.056099,0.079161,0.036585,0.058411,0.0625,0.32331,0.14934,0.34248,0.26006,0.24995,0.034813,0.41,0.20224,1,1
0.040982,0.037154,0.017469,0.021761,0.020941,0.046068,0.03759,0.092396,0.023132,0.027151,0.32156,0.2218,0.28824,0.32156,0.32156,0.16028,0.12948,0.15854,0.16355,0.15365,0.10103,0.20424,0.054532,0.1685,0.10768,0.069046,0.40207,0.22514,0,1
0.034373,0.021684,0.025874,0.024897,0.022956,0.038506,0.020052,0.10004,0.031214,0.021,0.90222,0.36935,0.93334,0.93334,0.93334,1,0.53855,1,1,0.89475,0.88102,0.1517,0.92341,0.088767,0.14164,0.047578,0.39896,0.11663,1,1
0.21733,0.14631,0.086494,0.15327,0.20422,0.27472,0.13446,0.15934,0.27196,0.19656,0.34286,0.61187,0.25,0.4,0.4,0.53071,0.47964,0.45122,0.57243,0.51042,0.10723,0.15218,0.11929,0.21666,0.14721,0.013345,0.40766,0.12658,1,1
0.0057244,0.0044705,0.0022099,0.0031743,0.0057385,0.0079327,0.0045189,0.080335,0.0055553,0.0061944,0.65882,0.086334,0.65686,0.66666,0.66666,0.19946,0.11024,0.1626,0.18692,0.19444,0.42912,0.33235,0.4403,0.34382,0.032152,0.075428,0.40948,0.025855,1,1
0.034235,0.017009,0.028189,0.02032,0.030041,0.045644,0.018496,0.10734,0.045644,0.030507,0.61176,0.68851,0.52156,0.64314,0.70196,0.30506,0.23128,0.25442,0.30053,0.29248,0.42435,0.40316,0.4636,0.33934,0.14204,0.044386,0.39958,0.11435,1,1
0.075302,0.041087,0.040165,0.072132,0.061006,0.07783,0.038058,0.10906,0.078046,0.050086,0.10672,0.056754,0.10588,0.1098,0.1098,0.99731,0,0.97561,0.93458,0.83333,0.42214,0.31851,0.39852,0.36845,0.12836,0.019727,0.39997,0.10498,1,1
0.040992,0.03169,0.011962,0.023387,0.043298,0.053362,0.028607,0.093515,0.039242,0.04097,0.4661,0.46698,0.50196,0.50196,0.50196,0.74086,0.50002,0.78049,0.74766,0.66667,0.44699,0.34592,0.46912,0.29194,0.1149,0.030171,0.39761,0.092738,1,1
