0.41727,0.19,0.32034,0.3401,0.47981,0.39703,0.18972,0.29969,0.33247,0.45177,0.43807,0.055965,0.45,0.45,0.45,0.15758,0.037348,0.13333,0.16667,0.16667,364.22,557.03,399.84,431.25,130.73,315,-3.5307,131.96,1
0.91856,0.33114,0.70257,0.89,1.2325,0.80119,0.32071,0.64323,0.73056,1.0355,0.3625,5.9344e-17,0.3625,0.3625,0.3625,0.14583,0.030538,0.13333,0.13333,0.16667,359.06,653.91,384.84,561.72,95.725,105,-3.5758,96.448,1
0.90129,0.093991,0.8241,0.88908,0.97847,0.87764,0.089366,0.80974,0.9073,0.93813,0.3525,0.078262,0.34375,0.3875,0.3875,0.10667,0.049441,0.083333,0.1,0.14167,337.03,626.56,359.53,564.84,65.692,75,-2.7431,66.15,1
0.3153,0.3006,0.15436,0.21956,0.34939,0.29151,0.29755,0.13208,0.20372,0.31652,0.41453,0.081677,0.3625,0.3625,0.5,0.14955,0.035678,0.13333,0.16667,0.16667,325.31,676.56,383.91,504.69,181.59,645,-2.9333,183.66,1
1.5899,0.56323,1.0876,1.7469,1.8986,1.5019,0.61381,0.8875,1.6674,1.8193,0.42187,0.075223,0.38125,0.4625,0.4625,0.11667,0.043644,0.1,0.11667,0.15,340.31,535.94,285.47,729.69,201.36,120,-3.5328,202.73,1
0.90154,0.60247,0.301,0.92901,1.3438,0.83198,0.58332,0.22653,0.82231,1.2806,0.53688,0.083161,0.5625,0.5625,0.5625,0.16333,0.047016,0.13333,0.16667,0.2,312.19,488.28,206.25,736.72,270.08,345,-2.3451,273.2,1
1.4977,0.44803,1.1606,1.4812,1.8364,1.2974,0.33095,1.021,1.3768,1.5276,0.50909,0.13039,0.4375,0.5875,0.5875,0.14848,0.04799,0.13333,0.16667,0.16667,290.16,449.22,210,652.34,218.37,150,-2.5341,224.34,1
0.57121,0.37463,0.34461,0.42133,0.90766,0.50565,0.34721,0.28618,0.3968,0.69982,0.45688,0.083161,0.45,0.45,0.45,0.13833,0.040861,0.13333,0.13333,0.16667,234.38,524.22,192.19,717.19,197.53,344,-4.5741,198.99,1
1.3776,0.20793,1.2093,1.3332,1.5333,1.2335,0.15393,1.1169,1.166,1.3753,0.41667,0.0625,0.4375,0.4375,0.4375,0.15926,0.040062,0.15833,0.16667,0.175,269.06,628.91,339.38,482.03,162.84,119,-2.0889,163.59,1
1.2335,0.28021,0.98357,1.1891,1.4719,1.1335,0.28628,0.91514,1.1007,1.3804,0.40139,0.070833,0.425,0.425,0.425,0.14815,0.033793,0.13333,0.16667,0.16667,279.38,625.78,341.72,477.34,161,135,-2.381,162.43,1
0.51671,0.33384,0.28584,0.39665,0.88082,0.44565,0.3121,0.23299,0.34858,0.61949,0.3875,0,0.3875,0.3875,0.3875,0.14524,0.021111,0.13333,0.13333,0.16667,270.94,625,312.66,515.62,117.06,225,-2.6217,117.75,1
2.5372,0.61078,2.1581,2.5648,3.0594,2.38,0.70611,1.8294,2.5321,2.9306,0.49792,0.1661,0.425,0.49375,0.5625,0.15,0.054772,0.1,0.16667,0.2,318.75,457.81,233.44,675.78,234.07,90,-2.5549,237.26,1
1.3514,0.50989,0.98034,1.4382,1.6912,1.1943,0.45795,0.85266,1.3474,1.5399,0.49063,0.1205,0.44375,0.5125,0.5125,0.15278,0.026432,0.13333,0.13333,0.16667,294.38,456.25,212.34,683.59,241.69,180,-2.7714,244.04,1
1.7459,0.40779,1.3391,1.8746,2.0791,1.6422,0.45728,1.2082,1.898,1.9983,0.3875,0.066144,0.4125,0.4125,0.4125,0.1381,0.048795,0.10833,0.13333,0.18333,214.69,685.94,270.47,518.75,176.25,105,-2.9972,176.84,1
0.47974,0.41653,0.13793,0.27678,0.84391,0.37898,0.33366,0.11618,0.24384,0.64543,0.3875,0,0.3875,0.3875,0.3875,0.13077,0.02135,0.125,0.13333,0.13333,273.28,621.09,305.62,536.72,90.362,209,-2.6087,90.721,1
1.0031,0.36822,0.90884,0.99745,1.2522,0.93164,0.41618,0.80285,0.89709,1.2838,0.325,0,0.325,0.325,0.325,0.12083,0.024801,0.11667,0.13333,0.13333,338.91,678.91,354.84,549.22,130.66,134,-8.1373,131.45,1
2.6663,0.44287,2.3344,2.8582,2.9502,2.8186,0.045757,2.7862,2.8186,2.8509,0.45625,0.1125,0.4,0.5125,0.5125,0.14167,0.016667,0.13333,0.13333,0.15,354.38,435.94,261.56,606.25,193.96,75,-1.835,194.56,1
2.506,0.44701,2.2208,2.5576,2.8674,2.3302,0.51794,1.9152,2.4398,2.7451,0.4625,0.15969,0.4125,0.5,0.5875,0.11667,0.054772,0.066667,0.13333,0.16667,322.97,458.59,232.03,666.41,226.84,91,-2.2852,228.14,1
2.1735,0.40795,2.0194,2.2543,2.4906,2.0384,0.4646,1.7222,2.2663,2.3663,0.325,0.066144,0.35,0.35,0.35,0.12381,0.041786,0.13333,0.13333,0.13333,311.72,650,369.38,464.06,194.67,90,-3.2249,195.55,1
1.4461,0.64982,1.1704,1.3659,1.805,1.2278,0.47703,1.0378,1.2425,1.5029,0.33068,0.0065279,0.325,0.325,0.3375,0.1303,0.017979,0.13333,0.13333,0.13333,295.78,650,335.16,526.56,129.57,697,-3.1349,378.38,1
0.16866,0.27739,0.014846,0.060739,0.16829,0.14959,0.25601,0.01471,0.054405,0.1565,0.41265,0.066821,0.325,0.4625,0.4625,0.14147,0.02604,0.13333,0.13333,0.16667,302.81,657.81,283.12,595.31,65.527,6274,3.1746,289.7,1
2.7774,0.013675,2.7677,2.7774,2.787,2.6025,0,2.6025,2.6025,2.6025,0.33333,0.079386,0.2875,0.2875,0.39062,0.066667,0.033333,0.041667,0.066667,0.091667,320.16,496.09,289.69,573.44,83.129,30,-2.5385,83.321,1
0.77918,0.59842,0.32763,0.76003,0.88589,0.58596,0.29366,0.29017,0.68934,0.82531,0.38269,0.062404,0.4,0.4,0.4,0.14872,0.044337,0.13333,0.16667,0.16667,283.12,621.88,349.22,449.22,184.87,225,-2.6123,186.36,1
1.8449,0.37641,1.5769,1.7073,2.2275,1.6096,0.32752,1.4067,1.5352,1.8125,0.44167,0.11955,0.375,0.5125,0.5125,0.12222,0.034427,0.1,0.13333,0.13333,304.69,543.75,276.09,678.91,138.15,75,-4.7268,138.92,1
2.6112,0.50164,2.2532,2.5106,2.9943,2.2454,0.2287,2.0837,2.2454,2.4072,0.3875,0.086603,0.3125,0.3875,0.4625,0.13333,0.072008,0.083333,0.15,0.18333,279.84,708.59,339.38,527.34,190.78,75,-3.0446,193.16,1
1.1919,0.34146,1.0584,1.1866,1.3948,1.1057,0.38704,0.88849,1.0857,1.3832,0.38929,0.094491,0.425,0.425,0.425,0.14762,0.053945,0.14167,0.16667,0.16667,314.06,609.38,353.44,490.62,125.11,105,-3.0159,125.53,1
0.62505,0.36642,0.34386,0.62509,0.91531,0.56604,0.36237,0.31504,0.48269,0.86255,0.3375,0.043301,0.35,0.35,0.35,0.13056,0.036121,0.13333,0.13333,0.15,307.97,624.22,345,507.81,122.15,194,-3.1435,122.43,1
1.2797,0.23046,1.0583,1.3071,1.389,1.2681,0.21097,1.1554,1.243,1.4045,0.41607,0.073497,0.3375,0.475,0.475,0.13333,0.033333,0.1,0.13333,0.16667,295.31,628.91,337.03,480.47,154.19,119,-3.5581,155.45,1
1.3746,0.40732,1.091,1.364,1.4603,1.3403,0.41738,1.0272,1.3084,1.408,0.36719,0.057452,0.3875,0.3875,0.3875,0.12083,0.024801,0.11667,0.13333,0.13333,310.31,485.16,264.38,619.53,142.01,104,-2.9252,142.14,1
3.3916,0.61249,3.0965,3.3775,3.6184,2.9184,0.35727,2.7104,3.0605,3.1264,0.49583,0.13799,0.4625,0.53125,0.6,0.16111,0.038968,0.13333,0.16667,0.2,303.28,437.5,225,677.34,252.3,75,-3.0639,254.5,1
1.2134,0.29982,1.1049,1.1092,1.238,1.1405,0.30905,1.0304,1.036,1.2671,0.50568,0.11241,0.4375,0.575,0.575,0.1697,0.058603,0.14167,0.16667,0.2,305.16,575,364.69,405.47,179.68,150,-2.8478,182.09,1
1.9251,0.39974,1.673,1.9945,2.1995,1.866,0.40767,1.5784,1.9928,2.1791,0.475,0.13444,0.34062,0.4625,0.6,0.1381,0.067847,0.083333,0.16667,0.16667,352.03,419.53,277.5,616.41,210.51,120,-2.6415,212.22,1
0.65718,0.6471,0.13114,0.34745,1.095,0.56149,0.58297,0.12441,0.25968,0.80737,0.61645,0.11932,0.625,0.625,0.625,0.17193,0.055847,0.13333,0.13333,0.225,316.41,437.5,253.12,608.59,182.42,345,-2.7037,187.3,1
2.0982,0.28948,1.8895,2.0499,2.3191,2.1728,0.26465,1.9856,2.1728,2.3599,0.46875,0.1125,0.4125,0.525,0.525,0.16667,0.03849,0.13333,0.16667,0.2,285.94,646.88,347.81,454.69,201.9,90,-3.1061,202.82,1
1.6081,0.26331,1.4627,1.6843,1.7886,1.6049,0.14439,1.4797,1.6638,1.7013,0.45,0.085391,0.36875,0.5,0.5,0.16667,0.04714,0.13333,0.16667,0.2,303.75,634.38,349.69,477.34,163.61,104,-3.4184,165.01,1
0.88867,0.55069,0.54905,0.92901,1.1605,0.71317,0.4121,0.52196,0.71107,1.017,0.3375,5.798e-17,0.3375,0.3375,0.3375,0.13611,0.026432,0.13333,0.13333,0.13333,316.41,642.97,357.19,502.34,146.42,165,-3.4483,146.63,1
3.0566,0.62979,2.8115,3.1401,3.4543,2.903,0.69203,2.4232,3.2267,3.3533,0.4875,0.17515,0.38437,0.4875,0.6375,0.15238,0.063413,0.13333,0.16667,0.19167,348.28,447.66,281.25,750.78,310.45,105,-4.5221,318.23,1
3.8797,0.34021,3.6933,3.9345,4.1067,3.6416,0.38538,3.4015,3.7435,3.8818,0.62292,0.17579,0.5625,0.6625,0.7625,0.17222,0.049065,0.13333,0.18333,0.2,343.12,384.38,245.62,656.25,288.83,75,-2.7885,290.98,1
3.2303,0.38852,2.9336,3.3122,3.5066,3.2259,0.21473,3.0741,3.2259,3.3778,0.55625,0.1125,0.5,0.6125,0.6125,0.19167,0.041944,0.16667,0.2,0.21667,263.44,639.84,308.91,505.47,141.86,44,-2.9553,142.56,1
0.47988,0.42931,0.082502,0.33207,0.92459,0.4736,0.40773,0.095773,0.36563,0.85671,0.58333,0.067237,0.5625,0.6,0.6,0.20952,0.049602,0.19167,0.2,0.23333,277.97,606.25,359.53,409.38,213.1,718,-2.4138,215.7,1
1.0123,0.17374,0.92708,1.0389,1.082,0.89746,0.14291,0.82421,0.92991,1.0027,0.3625,5.9959e-17,0.3625,0.3625,0.3625,0.14762,0.026227,0.13333,0.13333,0.15833,315.94,594.53,340.78,507.81,90.207,90,-3.4906,91.104,1
0.5038,0.47572,0.24296,0.33657,0.48513,0.36704,0.24989,0.21088,0.30423,0.40715,0.47083,0.06455,0.4875,0.4875,0.4875,0.13556,0.034427,0.13333,0.13333,0.16667,289.22,701.56,323.91,582.81,123.71,255,-3.4234,124.51,1
3.3483,0.56268,2.9553,3.2273,3.7414,3.2973,0.55044,2.9084,3.1713,3.7177,0.535,0.18883,0.45938,0.5375,0.6875,0.15333,0.069121,0.13333,0.16667,0.2,309.38,467.97,246.56,657.03,199.22,60,-3.01,200.9,1
2.7261,0.37652,2.4599,2.7261,2.9923,2.379,0,2.379,2.379,2.379,0.425,0.19486,0.28438,0.5375,0.5375,0.15556,0.10715,0.075,0.2,0.225,285,661.72,334.69,478.91,189.44,74,-3.6792,190.02,1
1.7544,0.26732,1.6286,1.7935,1.9314,1.7465,0.12751,1.6551,1.7335,1.838,0.4125,6.0809e-17,0.4125,0.4125,0.4125,0.15,0.018257,0.13333,0.15,0.16667,308.44,636.72,337.97,510.94,129.2,74,-4.2593,129.78,1
1.2547,0.38174,1.1069,1.1963,1.5798,1.0978,0.36772,0.97299,1.1091,1.257,0.33906,0.066291,0.3625,0.3625,0.3625,0.12917,0.027817,0.13333,0.13333,0.13333,323.44,615.62,352.5,487.5,131.38,105,-4.4086,131.66,1
0.38146,0.54416,0.015109,0.10875,0.40874,0.34898,0.5159,0.014927,0.10284,0.35408,0.35776,0.033016,0.3625,0.3625,0.3625,0.12184,0.025403,0.1,0.13333,0.13333,323.44,619.53,300.94,663.28,49.197,4797,-1.9444,614.36,1
3.0714,0.39034,2.7652,3.0612,3.3776,3.0083,0.33318,2.7544,3.0547,3.2505,0.4675,0.16144,0.35313,0.575,0.575,0.14667,0.069121,0.10833,0.16667,0.2,318.28,502.34,268.59,678.91,183.42,60,-3.5535,183.98,1
1.8694,0.31353,1.6857,1.9483,2.0531,1.739,0.37838,1.45,1.8184,2.0081,0.57,0.075312,0.4875,0.625,0.625,0.18,0.038006,0.15833,0.16667,0.20833,312.19,492.19,266.25,628.91,144.23,75,-2.9762,144.53,1
1.9813,0.46449,1.6727,1.9374,2.1066,1.7127,0.28877,1.4961,1.6914,1.9722,0.44286,0.090386,0.375,0.5125,0.5125,0.14286,0.041786,0.11667,0.16667,0.16667,307.5,626.56,369.84,396.88,238,120,-3.6842,239.61,1
1.9752,0.69784,1.9791,2.1984,2.2722,1.8319,0.69698,1.7367,2.0629,2.172,0.37375,0.049459,0.375,0.3875,0.4,0.14,0.030631,0.13333,0.13333,0.16667,305.62,623.44,339.38,510.94,117.45,706,-3.3333,405.88,1
2.2365,0.75369,1.6297,2.2651,2.7293,1.8063,0.56175,1.3397,1.8238,2.273,0.4,0.091856,0.4375,0.4375,0.4375,0.13889,0.057413,0.13333,0.15,0.16667,306.56,683.59,328.59,518.75,166.31,75,-7.4823,166.7,1
4.2891,0.25291,4.1103,4.2891,4.468,3.8124,0,3.8124,3.8124,3.8124,0.47083,0.24506,0.28437,0.5,0.65,0.15556,0.050918,0.11667,0.16667,0.19167,247.5,519.53,218.44,644.53,128.33,30,-4.3011,128.67,1
3.9769,0.391,3.6582,3.9612,4.2956,3.8547,0.32822,3.6067,3.8716,4.0986,0.6775,0.15969,0.55,0.7875,0.7875,0.22,0.064979,0.18333,0.2,0.275,313.59,442.97,245.16,670.31,237.42,60,-3.3219,238.61,1
1.1642,0.18911,0.99745,1.1626,1.3155,1.06,0.19953,0.9175,0.95584,1.2427,0.46429,0.061419,0.4875,0.4875,0.4875,0.14762,0.017817,0.13333,0.13333,0.16667,307.97,692.19,319.69,588.28,104.56,90,-8.8667,104.66,1
1.8271,0.30818,1.6957,1.7945,1.902,1.7253,0.34319,1.5236,1.7109,1.8973,0.43036,0.085042,0.4625,0.4625,0.4625,0.13333,0.04714,0.13333,0.13333,0.16667,302.34,679.69,330.47,520.31,161.84,89,-5.6667,162.53,1
3.9417,0.3594,3.6841,4.0995,4.1965,3.6117,0.37826,3.3167,3.66,3.9068,0.58542,0.17165,0.55,0.63125,0.7125,0.18333,0.065828,0.16667,0.2,0.2,310.31,432.03,232.03,711.72,290.44,75,-3.5729,295.63,1
1.2797,0.60678,0.766,1.3391,1.8264,1.3154,0.55073,1.1797,1.3159,1.835,0.6375,0.16929,0.5875,0.68125,0.7625,0.24167,0.068429,0.21667,0.25,0.3,221.25,690.62,258.75,561.72,134.25,105,-3.4375,134.57,1
1.8555,0.44959,1.5107,1.9762,2.2002,1.7482,0.55476,1.3478,2.0685,2.0685,0.5175,0.19316,0.36563,0.65,0.65,0.17333,0.076012,0.11667,0.2,0.21667,243.28,636.72,273.28,529.69,111.16,60,-3.5677,111.33,1
1.5929,0.36604,1.4118,1.7403,1.8512,1.4684,0.39934,1.1775,1.7151,1.7377,0.4375,0.099216,0.475,0.475,0.475,0.15238,0.046576,0.13333,0.16667,0.19167,273.75,597.66,320.16,462.5,142.9,90,-2.9125,143.36,1
2.1499,1.1416,1.2502,1.9334,2.7218,1.5992,0.62559,1.0709,1.589,2.0753,0.45536,0.085042,0.4875,0.4875,0.4875,0.1381,0.035635,0.13333,0.13333,0.16667,279.38,646.09,330.47,464.06,189.07,89,-3.5627,189.39,1
1.6906,0.36909,1.3843,1.6633,1.9969,1.4541,0.25389,1.2853,1.3607,1.6463,0.4075,0.095033,0.39688,0.45,0.45,0.15333,0.07303,0.10833,0.2,0.2,284.53,592.97,322.03,476.56,122.3,75,-3.1042,123.1,1
2.1186,0.28699,1.9182,2.0755,2.2997,1.9486,0.31897,1.7435,1.8661,2.1536,0.4875,0.12247,0.5375,0.5375,0.5375,0.14444,0.045542,0.13333,0.15,0.16667,285,619.53,331.88,467.97,158.65,75,-3.2333,159.06,1
0.77149,0.33482,0.38484,0.84511,0.98852,0.65701,0.28589,0.35015,0.76696,0.85493,0.47875,0.071212,0.5125,0.5125,0.5125,0.14667,0.035832,0.13333,0.15,0.16667,289.69,638.28,313.59,538.28,102.82,135,-4.183,103.91,1
2.819,0.76823,2.1824,2.9326,3.4555,2.8105,0.98042,2.0957,3.3462,3.3913,0.5675,0.20264,0.41563,0.6,0.75,0.18,0.069121,0.125,0.16667,0.24167,336.09,409.38,262.97,715.62,314.86,104,-4.188,319.29,1
3.776,0.5043,3.4296,3.6138,4.1224,3.2779,0.22547,3.118,3.2284,3.4501,0.685,0.19772,0.55937,0.8125,0.8125,0.22667,0.072265,0.18333,0.2,0.3,326.25,433.59,262.5,650,225.6,60,-3.3946,226.56,1
2.5271,0.48614,2.1695,2.7777,2.822,2.6491,0.0034784,2.6466,2.6491,2.6515,0.58437,0.08125,0.54375,0.625,0.625,0.20833,0.041944,0.18333,0.2,0.23333,300.94,528.91,267.19,637.5,113.72,45,-3.2176,113.72,1
3.5312,0.61036,3.0997,3.5312,3.9628,3.7562,0,3.7562,3.7562,3.7562,0.4,0.10825,0.32188,0.4625,0.4625,0.15556,0.07698,0.1,0.2,0.2,277.5,596.88,302.81,494.53,105.43,30,-4.0432,105.94,1
0.95957,0.76874,0.1584,1.1665,1.7253,0.96024,0.72427,0.14382,1.2008,1.7061,0.53281,0.096055,0.525,0.525,0.525,0.19375,0.045896,0.2,0.2,0.2,274.22,607.81,372.19,386.72,241.83,255,-2.2568,245.54,1
1.2794,0.40688,1.0318,1.302,1.4872,1.1097,0.28732,0.94825,1.1222,1.364,0.41346,0.041603,0.425,0.425,0.425,0.16154,0.044817,0.13333,0.16667,0.2,261.09,665.62,336.56,450,228.45,180,-2.8571,230.82,1
0.40896,0.4322,0.12148,0.25718,0.43501,0.31242,0.25873,0.1143,0.20559,0.38899,0.44511,0.057989,0.475,0.475,0.475,0.14783,0.026258,0.13333,0.13333,0.16667,261.56,690.62,301.41,550,146.16,390,-3.5294,147.72,1
1.3391,0.15754,1.2266,1.355,1.4717,1.223,0.15627,1.1096,1.2144,1.3363,0.46667,0.11227,0.5125,0.5125,0.5125,0.16667,0.036515,0.16667,0.16667,0.2,333.28,530.47,382.5,427.34,114.27,89,-2.0952,115.64,1
0.73414,0.35164,0.49474,0.85353,0.91254,0.60175,0.25954,0.37793,0.6739,0.81751,0.48,0.13166,0.4375,0.51875,0.5875,0.16333,0.055444,0.16667,0.18333,0.2,344.06,555.47,377.81,464.84,96.705,134,-2.6852,97.743,1
0.39588,0.36189,0.1975,0.21066,0.4729,0.37023,0.36082,0.15286,0.19678,0.45644,0.45217,0.06696,0.3625,0.5,0.5,0.14638,0.019434,0.13333,0.13333,0.16667,383.91,619.53,396.09,489.84,130.26,330,-10.641,130.67,1
0.36888,0.1888,0.16605,0.3699,0.47303,0.31383,0.16537,0.14617,0.34966,0.3867,0.35375,0.072181,0.3,0.3,0.4375,0.12333,0.022498,0.13333,0.13333,0.13333,407.34,584.38,395.16,510.94,74.442,180,6.0256,75.177,1
0.37941,0.16522,0.20833,0.45845,0.52457,0.35067,0.16153,0.19615,0.41438,0.4883,0.51447,0.070497,0.475,0.475,0.6125,0.17719,0.033431,0.16667,0.16667,0.2,394.22,615.62,404.06,506.25,109.82,285,-11.111,110.36,1
0.47515,0.35456,0.20833,0.39402,0.58054,0.4499,0.36386,0.18036,0.35806,0.57251,0.4,1.1406e-16,0.4,0.4,0.4,0.15965,0.028499,0.13333,0.16667,0.16667,370.78,620.31,381.09,484.38,136.33,285,-13.182,136.83,1
0.36605,0.29986,0.12614,0.28886,0.44112,0.32212,0.28636,0.11632,0.25535,0.35668,0.63906,0.090012,0.6625,0.6625,0.6625,0.20417,0.04746,0.2,0.2,0.23333,304.22,667.19,369.84,535.16,147.44,420,-2.0119,148.34,1
2.925,0.32654,2.6941,2.925,3.1559,3.0361,0,3.0361,3.0361,3.0361,0.50833,0.13712,0.40938,0.5875,0.5875,0.21111,0.096225,0.14167,0.26667,0.26667,320.16,489.84,281.72,618.75,134.51,45,-3.3537,135.09,1
0.56238,0.44797,0.16271,0.41918,1.0583,0.49612,0.406,0.15673,0.36409,0.96235,0.66019,0.11051,0.6125,0.6125,0.7625,0.2358,0.049722,0.2,0.23333,0.26667,320.16,502.34,380.16,410.16,109.99,512,-1.5365,292.89,1
1.615,0.08318,1.556,1.6069,1.6547,1.5321,0.078734,1.4823,1.511,1.582,0.52292,0.12758,0.575,0.575,0.575,0.2,0.069921,0.2,0.21667,0.23333,296.25,698.44,332.34,581.25,122.62,76,-3.2468,122.75,1
1.9194,0.37627,1.6503,1.8111,2.1822,1.8538,0.34104,1.5658,1.7396,2.0733,0.60556,0.058333,0.625,0.625,0.625,0.25185,0.044444,0.225,0.26667,0.275,314.53,671.88,389.06,454.69,229.62,120,-2.914,230.33,1
1.222,0.46037,0.93956,1.155,1.608,1.1654,0.47273,0.85438,1.2379,1.5905,0.66667,0.15848,0.6125,0.75,0.75,0.22593,0.066202,0.19167,0.23333,0.26667,318.28,637.5,366.09,499.22,146.31,121,-2.8922,148,1
0.64672,0.34401,0.34023,0.40997,0.89656,0.63062,0.34868,0.33493,0.58033,0.85605,0.58304,0.076838,0.6125,0.6125,0.6125,0.2,0.039223,0.2,0.2,0.2,348.28,546.88,391.88,431.25,123.57,195,-2.6523,126.07,1
0.50654,0.473,0.15934,0.39659,0.72176,0.42874,0.39557,0.14857,0.35551,0.56636,0.72454,0.067358,0.7375,0.7375,0.7375,0.24815,0.028244,0.23333,0.26667,0.26667,320.16,399.22,234.38,650.78,265.79,646,-2.9326,270.17,1
0.69721,0.92239,0.066278,0.22132,1.0633,0.63288,0.85397,0.060586,0.17952,0.96767,0.84801,0.15355,0.7875,0.7875,0.9625,0.31691,0.071085,0.26667,0.33333,0.36667,275.16,656.25,217.5,627.34,64.497,2017,0.50136,841.96,0
0.93115,0.63993,0.38145,0.92849,1.2361,0.80012,0.52325,0.35602,0.77882,1.1311,0.84427,0.11492,0.8125,0.8125,0.95,0.30139,0.043383,0.28333,0.3,0.33333,299.53,410.94,367.97,343.75,95.905,423,-0.98174,327.37,0
2.0924,0.36606,1.8056,2.082,2.3791,2.1412,0.30103,1.9303,2.0657,2.371,0.535,0.14588,0.50938,0.5875,0.6125,0.21333,0.069121,0.175,0.23333,0.26667,257.34,746.88,318.75,543.75,212.2,105,-3.3079,212.39,1
2.0193,0.45234,1.6988,2.1429,2.3397,1.7854,0.50318,1.4022,1.8505,2.1522,0.52,0.22683,0.34063,0.5625,0.725,0.18667,0.096032,0.13333,0.2,0.26667,286.41,610.94,337.5,502.34,120.01,60,-2.1254,121.16,1
2.3949,0.26801,2.1979,2.361,2.592,2.2648,0.32309,2.0235,2.2572,2.508,0.4575,0.15652,0.34375,0.5625,0.5625,0.12667,0.054772,0.10833,0.13333,0.16667,298.12,628.91,344.06,496.09,140.53,59,-2.8912,141.58,1
1.3222,0.42547,0.94664,1.446,1.656,1.1103,0.37269,0.80188,1.1269,1.4188,0.47708,0.11737,0.525,0.525,0.525,0.14444,0.058373,0.13333,0.16667,0.16667,303.28,615.62,326.72,519.53,98.911,75,-4.1,99.601,1
2.4918,0.54104,2.257,2.694,2.7907,2.2214,0.55372,1.8589,2.4304,2.5839,0.58333,0.19149,0.45,0.7,0.7,0.18333,0.072265,0.13333,0.2,0.23333,302.34,408.59,213.28,614.06,223.94,90,-2.307,225.9,1
4.2441,1.0054,3.4925,4.2256,5.0004,4.5739,0.69672,4.0812,4.5739,5.0666,0.625,0.10104,0.5375,0.625,0.7125,0.175,0.031914,0.15,0.18333,0.2,314.53,371.09,229.22,603.91,247.95,59,-2.7289,249.11,1
0.68075,0.35992,0.41179,0.46451,1.0709,0.72549,0.34931,0.42411,0.72117,1.0269,0.67917,0.08165,0.7125,0.7125,0.7125,0.26111,0.038968,0.23333,0.26667,0.3,343.59,403.91,369.38,353.91,56.255,90,-1.9394,58.024,1
0.60967,0.94961,0.085528,0.10417,0.3699,0.59289,0.9227,0.080345,0.10136,0.59554,0.59185,0.076834,0.55,0.55,0.6875,0.22174,0.029488,0.2,0.2,0.23333,321.09,678.12,364.22,474.22,208.42,481,-4.7283,211.07,1
2.5459,0.16775,2.4203,2.6196,2.6531,2.4775,0.042136,2.4477,2.4775,2.5073,0.50313,0.11875,0.44375,0.5625,0.5625,0.19167,0.031914,0.16667,0.18333,0.21667,308.44,664.06,330.47,549.22,116.94,46,-5.2128,117.19,1
1.5977,0.57255,1.0363,1.7592,2.0764,1.3594,0.54332,0.90379,1.3728,1.8149,0.4375,0,0.4375,0.4375,0.4375,0.17778,0.045542,0.16667,0.18333,0.2,309.38,669.53,339.84,537.5,135.5,90,-4.3333,135.95,1
0.47486,0.31709,0.3037,0.41958,0.78209,0.42963,0.30651,0.25529,0.38817,0.61894,0.5535,0.045,0.5625,0.5625,0.5625,0.21467,0.033444,0.2,0.23333,0.23333,303.75,599.22,262.03,715.62,123.66,481,-2.7903,188.19,1
0.58535,0.48365,0.18384,0.34181,1.0628,0.52688,0.4517,0.1464,0.24876,1.0018,0.7178,0.041343,0.725,0.725,0.725,0.25859,0.026392,0.23333,0.26667,0.26667,321.56,455.47,248.91,747.66,301.09,631,-4.0215,305.93,1
2.0206,0.72259,1.5211,2.1921,2.5385,1.8885,0.75071,1.2484,2.2999,2.4011,0.60972,0.13387,0.5625,0.7,0.7,0.18889,0.055277,0.15833,0.2,0.21667,329.06,417.19,244.69,639.84,238.11,120,-2.6389,242.01,1
0.2456,0.30982,0.060739,0.10875,0.37186,0.19569,0.2302,0.056365,0.10175,0.23476,0.51089,0.058518,0.525,0.525,0.525,0.16667,0.029814,0.16667,0.16667,0.2,332.81,593.75,364.69,474.22,123.71,705,-3.75,125.96,1
2.1133,0.74604,1.4597,2.3078,2.7298,2.2005,0.58508,1.7969,2.4236,2.6625,0.59643,0.20975,0.49688,0.7125,0.7125,0.19524,0.089087,0.15,0.2,0.25833,342.66,396.88,259.22,628.12,245.84,119,-2.7715,248.27,1
2.2588,0.27664,2.0475,2.3176,2.4554,2.0945,0.42962,1.7907,2.0945,2.3983,0.55625,0.19405,0.4,0.6,0.7125,0.175,0.05,0.13333,0.16667,0.21667,292.97,506.25,254.06,636.72,136.15,60,-3.3534,136.41,1
0.60892,0.67556,0.099161,0.32626,1.0162,0.55673,0.66344,0.084448,0.26344,0.88285,0.72898,0.097008,0.6875,0.6875,0.85,0.24848,0.042072,0.23333,0.23333,0.26667,293.44,545.31,367.03,362.5,197.07,1280,-2.4841,201.48,1
1.2587,0.85176,0.46706,1.0644,1.7632,1.201,0.83935,0.43086,1.0135,1.8379,0.43571,0.053452,0.45,0.45,0.45,0.16905,0.03572,0.16667,0.16667,0.2,276.56,646.09,355.78,409.38,249.62,210,-2.9882,252.19,1
3.0032,0.40782,2.7456,2.8168,3.3074,2.9915,0.54509,2.6061,2.9915,3.377,0.6375,0.32803,0.3875,0.66875,0.8875,0.225,0.14498,0.11667,0.25,0.33333,343.59,378.12,243.28,593.75,237.82,75,-2.1495,239.27,1
1.4312,0.66999,0.87003,1.1993,2.2925,1.369,0.68253,0.79305,1.0963,2.1617,0.71705,0.15271,0.68438,0.7875,0.7875,0.26667,0.059628,0.24167,0.26667,0.3,320.16,462.5,249.38,685.94,234.38,166,-3.1567,237.6,1
0.35506,0.34622,0.12365,0.2001,0.44453,0.29623,0.30659,0.10755,0.15547,0.41102,0.73646,0.091479,0.725,0.725,0.725,0.26667,0.049147,0.23333,0.26667,0.3,307.97,539.84,351.56,460.16,90.832,467,-1.828,132.78,1
0.30088,0.26219,0.14488,0.22298,0.38426,0.28581,0.26182,0.12264,0.16543,0.37133,0.70302,0.051066,0.7125,0.7125,0.7125,0.27011,0.042112,0.25833,0.26667,0.3,292.5,625.78,347.34,510.16,127.97,467,-2.1083,128.38,1
0.79482,0.63814,0.32661,0.64904,0.98191,0.54632,0.29522,0.26884,0.51603,0.83401,0.56806,0.095833,0.6,0.6,0.6,0.21111,0.02357,0.2,0.2,0.23333,291.09,662.5,325.31,557.03,110.88,136,-3.0822,111.14,1
1.9953,0.74769,1.388,2.1127,2.6805,1.8486,0.80829,1.2004,1.808,2.6655,0.625,0.10607,0.6625,0.6625,0.6625,0.20417,0.033034,0.2,0.2,0.23333,280.31,629.69,359.06,394.53,247.99,120,-2.9861,252,1
1.8224,0.44619,1.6681,1.836,2.1417,1.6903,0.47512,1.5243,1.8051,1.997,0.54063,0.14892,0.53125,0.6125,0.6125,0.20417,0.072237,0.2,0.23333,0.23333,299.06,660.16,352.03,476.56,191.08,106,-3.4661,192.99,1
1.9482,0.58229,1.5042,2.0965,2.3922,2.0881,0.28623,1.8712,2.1909,2.2793,0.605,0.12857,0.59062,0.6625,0.6625,0.22667,0.049441,0.19167,0.23333,0.25,280.78,633.59,322.03,523.44,117.63,61,-2.6705,118.06,1
1.181,0.30953,1.1705,1.2552,1.3689,1.0992,0.33932,1.0718,1.2326,1.3099,0.56875,0.16202,0.54375,0.65,0.65,0.21667,0.08165,0.2,0.23333,0.26667,285,671.09,337.03,538.28,142.64,120,-2.5526,144.56,1
1.2571,0.40692,1.2265,1.4054,1.5033,1.1815,0.44064,1.0603,1.382,1.4114,0.50714,0.14752,0.44688,0.5875,0.5875,0.18095,0.060422,0.15,0.2,0.225,301.41,642.19,350.62,518.75,132.89,105,-2.5079,133.35,1
0.57943,0.57085,0.15934,0.37044,0.78375,0.57008,0.56305,0.2722,0.34678,0.78956,0.62961,0.1321,0.5625,0.7,0.7,0.24035,0.064386,0.23333,0.26667,0.26667,290.62,637.5,271.41,702.34,67.632,422,-3.374,185.72,1
0.2715,0.3122,0.052083,0.13203,0.38542,0.24027,0.28464,0.04689,0.12336,0.31001,0.6875,0,0.6875,0.6875,0.6875,0.23101,0.028541,0.2,0.23333,0.26667,342.19,451.56,262.03,637.5,202.48,1911,-2.3197,205.68,1
1.5991,0.56444,1.4516,1.6445,1.9867,1.4709,0.56324,1.3715,1.5135,1.9094,0.35,0.046771,0.3625,0.3625,0.3625,0.12143,0.028063,0.1,0.13333,0.13333,325.31,245.31,293.44,560.94,317.23,209,-9.902,318.04,1
1.8758,0.21178,1.6937,1.8792,1.9769,1.7807,0.21115,1.5871,1.7917,1.8594,0.3625,0.070711,0.3875,0.3875,0.3875,0.10833,0.034503,0.1,0.11667,0.13333,343.59,328.91,324.84,524.22,196.21,105,-10.417,196.96,1
0.25278,0.22406,0.10875,0.2095,0.37317,0.23492,0.21818,0.10271,0.18024,0.35408,0.41939,0.027488,0.425,0.425,0.425,0.1381,0.028054,0.13333,0.13333,0.16667,376.41,432.81,328.59,604.69,178.4,1515,-3.5948,205.32,1
1.6235,0.64068,1.1282,1.6693,2.2328,1.3924,0.58917,0.99357,1.3292,1.8763,0.35781,0.048614,0.375,0.375,0.375,0.125,0.01543,0.11667,0.13333,0.13333,399.38,539.84,408.75,370.31,169.79,105,-18.083,170.47,1
1.8969,0.32283,1.7314,1.8492,2.0925,1.8424,0.27063,1.6791,1.7565,2.0207,0.34583,0.05,0.3625,0.3625,0.3625,0.12593,0.027778,0.125,0.13333,0.13333,295.78,625.78,349.69,405.47,226.81,120,-4.087,227.16,1
1.945,0.344,1.7155,1.8289,2.2038,1.8686,0.34917,1.6089,1.7815,2.1466,0.375,0,0.375,0.375,0.375,0.12857,0.023002,0.10833,0.13333,0.13333,312.19,577.34,366.09,410.94,174.92,90,-3.087,175.05,1
0.58179,0.48101,0.26025,0.4729,0.88543,0.47718,0.33233,0.20783,0.37871,0.70582,0.39279,0.06033,0.3625,0.3625,0.3625,0.14487,0.02096,0.13333,0.13333,0.16667,333.75,664.84,394.69,436.72,236.12,420,-3.7436,238.51,1
0.62545,0.41466,0.1875,0.76088,1.0097,0.57765,0.39101,0.16059,0.69817,0.94299,0.75756,0.089814,0.69063,0.7,0.8375,0.25659,0.03215,0.23333,0.26667,0.26667,298.12,621.09,285.94,559.38,62.911,844,5.0641,446.65,1
0.10195,0.077566,0.034722,0.079672,0.13021,0.089426,0.066644,0.03402,0.075043,0.10068,0.4125,1.6997e-16,0.4125,0.4125,0.4125,0.14667,0.02357,0.13333,0.13333,0.16667,359.06,685.16,355.31,632.81,52.478,780,13.958,52.908,1
0.2428,0.17273,0.13237,0.16829,0.3502,0.22141,0.17187,0.09826,0.15507,0.3127,0.47917,0.035355,0.4875,0.4875,0.4875,0.16667,0.03792,0.13333,0.15,0.2,324.84,689.84,350.62,593.75,99.492,375,-3.7273,99.773,1
1.1895,0.32551,1.0557,1.1821,1.3943,1.1294,0.35208,0.9964,1.1761,1.3235,0.4375,0.12247,0.4125,0.5,0.5,0.15833,0.063621,0.13333,0.16667,0.2,331.88,697.66,370.78,542.97,159.51,135,-3.9759,160.22,1
0.1863,0.17189,0.053491,0.11161,0.37896,0.15257,0.15336,0.051146,0.078073,0.28969,0.57708,0.10483,0.525,0.59375,0.6625,0.19722,0.030011,0.18333,0.2,0.21667,304.22,747.66,302.34,785.16,37.547,500,-20,98.552,1
0.60123,0.77613,0.035769,0.11512,1.3204,0.60182,0.76039,0.031897,0.10065,1.2918,0.59926,0.054571,0.6125,0.6125,0.6125,0.21373,0.048675,0.16667,0.23333,0.24167,347.81,567.19,376.41,382.03,187.35,707,-6.4754,191.13,1
1.808,0.27203,1.5744,1.8158,1.8899,1.7241,0.27007,1.5212,1.7334,1.8002,0.475,0.075,0.5,0.5,0.5,0.18148,0.047467,0.13333,0.2,0.20833,260.16,726.56,314.53,518.75,214.81,120,-3.8218,216.46,1
1.1252,0.61605,0.89843,0.99755,1.251,1.0671,0.60549,0.84373,0.97311,1.2453,0.66985,0.12991,0.6375,0.6375,0.8,0.23725,0.051211,0.2,0.23333,0.26667,326.72,408.59,229.69,670.31,279.13,270,-2.6973,281.84,1
1.1887,0.045265,1.1694,1.1826,1.2265,1.1211,0.058202,1.084,1.1091,1.1732,0.68929,0.1426,0.65938,0.7625,0.7625,0.2381,0.052453,0.18333,0.26667,0.26667,314.06,536.72,374.06,409.38,140.77,120,-2.1224,142.07,1
0.49983,0.45684,0.15934,0.32135,0.89,0.46831,0.44795,0.14795,0.21346,0.81479,0.6125,3.3857e-16,0.6125,0.6125,0.6125,0.25161,0.029613,0.23333,0.26667,0.26667,321.09,724.22,383.44,502.34,230.47,618,-3.5589,231.57,1
0.52997,0.69836,0.027188,0.21806,0.84143,0.48891,0.66605,0.025224,0.13759,0.76276,0.65665,0.040113,0.6625,0.6625,0.6625,0.22199,0.032805,0.2,0.23333,0.23333,328.59,464.06,352.5,467.19,24.11,3426,0.13072,394.31,0
0.66043,0.3355,0.33454,0.77332,0.83813,0.53128,0.24735,0.29161,0.56259,0.764,0.45,0,0.45,0.45,0.45,0.15,0.030861,0.13333,0.15,0.16667,330.47,644.53,350.62,574.22,73.145,120,-3.4884,73.475,1
2.1179,0.33974,1.8792,2.035,2.3773,2.0831,0.48138,1.7427,2.0831,2.4235,0.49062,0.22624,0.30625,0.5375,0.675,0.16667,0.086066,0.1,0.16667,0.23333,316.41,463.28,256.88,620.31,167.94,75,-2.6378,169.59,1
0.30828,0.60768,0.054377,0.12148,0.1743,0.29105,0.57934,0.052564,0.11026,0.16082,0.68382,0.033895,0.6875,0.6875,0.6875,0.25176,0.02887,0.23333,0.26667,0.26667,312.19,483.59,328.59,475.78,18.171,2525,-0.47619,433.8,0
0.4798,0.2625,0.32884,0.47803,0.53286,0.47662,0.25989,0.31411,0.45118,0.50612,0.58333,0.13831,0.5625,0.65,0.65,0.17778,0.049916,0.13333,0.2,0.2,265.78,689.06,254.53,765.62,77.385,165,-6.8056,79.167,1
2.3859,0.49576,2.0308,2.2922,2.7644,2.504,0.48282,2.1626,2.504,2.8454,0.61875,0.1625,0.5375,0.7,0.7,0.21667,0.043033,0.18333,0.21667,0.25,343.59,407.81,275.62,589.06,193.58,75,-2.6667,195.02,1
0.44099,0.57105,0.079272,0.15315,0.65973,0.4212,0.55697,0.058889,0.14665,0.76261,0.71667,0.098768,0.75,0.75,0.75,0.23333,0.040825,0.2,0.23333,0.26667,325.78,512.5,283.12,657.03,150.69,496,-3.3883,151.94,1
0.37558,0.53385,0.060739,0.14536,0.42708,0.36586,0.52121,0.05745,0.15125,0.44908,0.68657,0.082547,0.725,0.725,0.725,0.21728,0.039625,0.2,0.2,0.23333,318.28,536.72,379.22,394.53,154.7,571,-2.3333,156.01,1
2.4362,0.58496,1.9712,2.1226,3.0476,2.1392,0.56732,1.8248,1.8905,2.4537,0.43542,0.06634,0.4625,0.4625,0.4625,0.18333,0.027889,0.16667,0.16667,0.2,333.75,727.34,328.12,550.78,176.65,75,31.389,181.58,1
1.7835,0.27233,1.6218,1.8541,1.9453,1.6369,0.33798,1.3795,1.74,1.8685,0.4575,0.14296,0.36563,0.55,0.55,0.14667,0.050553,0.11667,0.16667,0.175,314.06,587.5,348.28,484.38,108.65,61,-3.0137,108.87,1
1.4174,0.44555,1.0892,1.4691,1.7457,1.1526,0.36761,0.87179,1.2302,1.4139,0.4925,0.12857,0.47813,0.55,0.55,0.16667,0.052705,0.125,0.16667,0.20833,334.69,670.31,363.75,590.62,84.822,60,-2.7419,85.047,1
4.1152,0.70595,3.5828,4.3936,4.578,4.3398,0.21562,4.1874,4.3398,4.4923,0.5375,0.21818,0.3875,0.61875,0.6875,0.16667,0.08165,0.1,0.18333,0.23333,322.5,352.34,226.41,586.72,253.31,60,-2.439,254.78,1
0.044519,0.03421,0.016421,0.030121,0.060739,0.042873,0.033035,0.015602,0.028677,0.059833,0.825,6.7206e-16,0.825,0.825,0.825,0.24503,0.033029,0.23333,0.23333,0.26667,335.62,457.81,330,398.44,59.641,5439,10.556,100.78,1
0.56584,0.88576,0.15934,0.21066,0.41646,0.53362,0.86647,0.14872,0.1981,0.36793,0.53929,0.056695,0.55,0.55,0.55,0.20714,0.031891,0.2,0.2,0.23333,279.84,700,359.06,420.31,290.69,481,-3.5306,293.08,1
1.5388,0.30679,1.3887,1.6902,1.7228,1.3833,0.33162,1.1543,1.4843,1.6124,0.375,0.091856,0.4125,0.4125,0.4125,0.12222,0.050185,0.1,0.13333,0.16667,307.97,607.81,344.53,500.78,113.1,74,-2.9274,113.9,1
0.15351,0.16006,0.034722,0.119,0.15625,0.11247,0.12789,0.028505,0.08652,0.14321,0.55,1.1644e-16,0.55,0.55,0.55,0.20303,0.023355,0.2,0.2,0.225,322.97,462.5,311.72,500.78,39.9,375,-3.4028,41.224,1
1.8427,0.83222,1.2994,1.508,2.4696,1.3109,0.17215,1.1892,1.3109,1.4326,0.46563,0.11875,0.40625,0.525,0.525,0.15833,0.073912,0.1,0.16667,0.21667,311.25,633.59,351.56,490.62,148.54,89,-3.5465,149.27,1
2.5917,0.17884,2.4462,2.6254,2.7372,2.4459,0.21508,2.2902,2.5684,2.5709,0.6625,0.16274,0.61562,0.6875,0.72813,0.2,0.057735,0.175,0.23333,0.23333,314.06,384.38,255.47,528.12,155.23,60,-2.4533,155.72,1
2.1463,0.65577,1.6715,2.0024,2.1877,1.7511,0.23766,1.5181,1.8156,1.9108,0.67143,0.141,0.6,0.75,0.75,0.22381,0.056811,0.175,0.2,0.28333,322.5,393.75,247.03,571.88,193.45,91,-2.3602,195.2,1
1.4244,0.79498,1.0217,1.3286,2.1395,1.3813,0.79051,0.88305,1.4213,2.0283,0.55795,0.13137,0.6125,0.6125,0.6125,0.17879,0.063723,0.14167,0.2,0.225,309.84,410.94,245.16,635.94,234.11,165,-3.4783,236,1
0.36009,0.48272,0.070221,0.10475,0.64424,0.27409,0.37891,0.063639,0.09647,0.2881,0.59079,0.040148,0.6,0.6,0.6,0.17018,0.038321,0.13333,0.16667,0.2,292.97,482.81,256.41,594.53,117.55,525,-3.0556,118.65,1
0.32737,0.68547,0.041794,0.060739,0.15934,0.31114,0.65027,0.039043,0.059716,0.15226,0.81121,0.10045,0.7625,0.7625,0.9,0.33137,0.059818,0.3,0.33333,0.36667,242.34,753.91,355.31,397.66,373.73,2358,-3.1535,377.41,1
2.3846,0.86095,1.7598,2.2587,3.0408,1.7432,0.41774,1.4478,1.7432,2.0386,0.54375,0.1625,0.4625,0.625,0.625,0.19167,0.068718,0.15,0.2,0.23333,255.47,639.06,282.19,533.59,108.8,46,-3.9474,108.9,1
1.0858,0.45861,0.60739,1.2429,1.4727,0.94011,0.4585,0.50589,0.97306,1.3822,0.46071,0.12085,0.42188,0.525,0.525,0.1619,0.067847,0.091667,0.2,0.2,277.97,619.53,302.81,525,97.741,91,-3.805,98.254,1
1.619,0.16499,1.5049,1.5725,1.7448,1.445,0.095418,1.3775,1.445,1.5124,0.44375,0.1375,0.375,0.5125,0.5125,0.15833,0.05,0.11667,0.16667,0.2,268.12,635.16,300.47,512.5,126.85,75,-3.7923,126.93,1
0.53166,0.37509,0.26781,0.46597,0.56467,0.43143,0.33249,0.18019,0.41082,0.51795,0.43636,0.045227,0.45,0.45,0.45,0.14545,0.037336,0.13333,0.13333,0.16667,287.34,632.03,310.78,540.62,94.363,180,-3.9,94.626,1
3.9174,0.30226,3.7037,3.9174,4.1312,4.0077,0,4.0077,4.0077,4.0077,0.57083,0.26702,0.37813,0.725,0.725,0.15556,0.050918,0.11667,0.16667,0.19167,325.78,373.44,247.5,591.41,231.6,60,-2.7844,235.05,1
0.60638,0.48226,0.21066,0.4729,0.91457,0.52481,0.40663,0.19553,0.40056,0.79397,0.69875,0.11041,0.7125,0.7125,0.7125,0.23333,0.04714,0.2,0.23333,0.26667,315,485.16,243.28,778.91,302.38,496,-4.0959,306.48,1
1.8686,0.50832,1.4814,1.9991,2.3238,1.6765,0.48142,1.2668,1.704,2.0599,0.68125,0.15537,0.625,0.775,0.775,0.22333,0.062952,0.2,0.23333,0.26667,296.72,442.97,239.53,686.72,250.37,136,-4.2623,254.37,1
0.68966,0.86395,0.044549,0.1743,1.146,0.60342,0.7815,0.038148,0.15865,0.99269,0.74628,0.022605,0.75,0.75,0.75,0.26036,0.033183,0.23333,0.26667,0.3,323.91,446.88,336.56,437.5,15.75,1234,-0.74074,389.92,0
2.52,0.40482,2.212,2.6487,2.7957,2.1714,0.4068,1.8838,2.1714,2.4591,0.50312,0.18857,0.36875,0.56875,0.6375,0.16667,0.066667,0.13333,0.2,0.2,268.12,590.62,304.69,485.94,110.89,44,-2.8632,111.33,1
1.6903,0.89608,1.238,1.6732,2.356,1.8593,0.62149,1.3279,1.8022,2.3104,0.63214,0.14646,0.6875,0.6875,0.6875,0.20476,0.052453,0.2,0.2,0.23333,271.88,596.88,322.5,453.91,151.67,90,-2.8241,152.13,1
0.12978,0.11828,0.04794,0.10875,0.17388,0.072264,0.03806,0.040394,0.070361,0.10413,0.66875,0.22104,0.625,0.7875,0.7875,0.20556,0.090472,0.2,0.23333,0.23333,253.12,592.97,248.44,608.59,16.313,134,-3.3333,16.511,1
1.2527,0.40484,1.0877,1.3401,1.5395,1.1008,0.38946,0.97883,1.2147,1.3285,0.41111,0.079167,0.4375,0.4375,0.4375,0.16667,0.044096,0.15833,0.16667,0.2,323.44,600.78,354.38,456.25,147.81,120,-4.6717,149.69,1
0.84118,0.18157,0.78083,0.86157,0.94649,0.77443,0.21073,0.63961,0.82842,0.90924,0.42292,0.06634,0.45,0.45,0.45,0.15,0.045947,0.13333,0.16667,0.16667,345.47,545.31,373.59,490.62,61.496,74,-1.9444,62.55,1
0.75878,0.62704,0.16829,0.66283,1.2481,0.68559,0.58982,0.14802,0.60764,1.1332,0.68321,0.10087,0.675,0.675,0.675,0.24571,0.044344,0.23333,0.26667,0.26667,294.38,453.12,304.69,489.84,38.139,616,3.5606,446.97,1
0.76138,0.52188,0.45724,0.66813,1.0194,0.50325,0.26842,0.3202,0.56089,0.6863,0.51458,0.056134,0.5375,0.5375,0.5375,0.16111,0.032773,0.13333,0.15,0.2,275.62,675,307.5,600.78,80.774,90,-2.3284,80.903,1
0.37812,0.26534,0.11288,0.42133,0.48737,0.32171,0.2151,0.095316,0.37932,0.45301,0.7375,2.2727e-16,0.7375,0.7375,0.7375,0.23939,0.0265,0.23333,0.23333,0.26667,275.62,523.44,236.25,639.06,122.15,421,-2.9365,122.95,1
1.3079,0.87369,0.9625,1.0018,1.1907,0.96965,0.27637,0.89906,0.94472,0.96561,0.6425,0.1026,0.5625,0.7,0.7,0.23,0.045677,0.2,0.23333,0.26667,307.03,678.12,372.19,413.28,272.74,195,-4.0647,274.83,1
1.4824,0.66054,0.88762,1.5876,1.9935,1.2965,0.68516,0.72945,1.205,1.8727,0.56786,0.19174,0.44688,0.5875,0.725,0.17619,0.083254,0.10833,0.16667,0.23333,287.81,445.31,216.09,628.12,196.38,119,-2.549,199.29,1
0.48129,0.58732,0.052599,0.080551,1.0249,0.34878,0.45142,0.050633,0.060645,0.73351,0.57788,0.11089,0.5125,0.5125,0.65,0.19231,0.036398,0.16667,0.2,0.23333,251.25,496.88,210.94,600.78,111.45,360,-2.5775,111.98,1
1.7522,0.49886,1.3732,1.8029,2.1185,1.3841,0.38259,1.1136,1.3841,1.6547,0.52188,0.18912,0.38125,0.58125,0.6625,0.16667,0.066667,0.13333,0.2,0.2,289.69,545.31,318.75,472.66,78.253,45,-2.5,78.428,1
0.13116,0.27544,0.025829,0.06212,0.12551,0.071134,0.051775,0.023781,0.055206,0.10057,0.45,2.8305e-16,0.45,0.45,0.45,0.17436,0.017147,0.16667,0.16667,0.2,263.91,669.53,284.06,601.56,70.894,1049,-3.3721,71.898,1
0.6969,0.79806,0.15934,0.31843,1.2294,0.68889,0.77591,0.13082,0.34859,1.4875,0.45,0,0.45,0.45,0.45,0.17451,0.025082,0.16667,0.16667,0.2,312.66,664.84,282.66,736.72,77.885,300,-2.3958,170.85,1
1.0363,0.61303,0.55356,0.9967,1.1564,0.79959,0.33751,0.48715,0.91446,1.004,0.48068,0.11241,0.4125,0.55,0.55,0.16061,0.051247,0.14167,0.16667,0.19167,329.53,551.56,359.53,401.56,152.97,150,-5,155.44,1
1.4056,0.38681,1.1009,1.3305,1.5117,1.1954,0.18875,1.0427,1.2243,1.3263,0.40179,0.061419,0.425,0.425,0.425,0.15238,0.042414,0.14167,0.16667,0.16667,318.75,758.59,327.66,558.59,200.2,149,-22.456,201.73,1
1.6026,0.54715,1.4587,1.5057,1.694,1.3073,0.31917,1.1611,1.3824,1.4995,0.38929,0.094491,0.425,0.425,0.425,0.12857,0.059094,0.083333,0.13333,0.16667,301.41,702.34,338.91,539.84,166.77,105,-4.3333,169.64,1
0.64542,0.36749,0.35153,0.55356,0.98534,0.54741,0.35271,0.29893,0.4916,0.70595,0.40875,0.092805,0.45,0.45,0.45,0.15667,0.052234,0.16667,0.16667,0.2,314.53,662.5,339.38,579.69,86.459,134,-3.3333,87.271,1
3.1112,0.14166,3.011,3.1112,3.2113,2.7895,0,2.7895,2.7895,2.7895,0.56667,0.22512,0.39688,0.575,0.73438,0.21111,0.069389,0.15833,0.23333,0.25833,271.88,483.59,240.47,567.97,90.031,29,-2.6866,90.324,1
0.29064,0.24781,0.13159,0.26042,0.33265,0.18594,0.11673,0.095413,0.19272,0.30353,0.6375,1.1869e-16,0.6375,0.6375,0.6375,0.2,0.017817,0.2,0.2,0.2,324.38,520.31,340.31,492.97,31.649,180,-1.7157,31.876,1
1.4453,0.59934,1.3601,1.6389,1.8534,1.338,0.62052,1.1962,1.5052,1.7985,0.39375,0.10437,0.34375,0.45,0.45,0.125,0.061075,0.083333,0.13333,0.16667,303.28,646.88,318.75,524.22,123.63,598,-7.9293,290.46,1
3.5482,0.45417,3.2331,3.4229,3.8946,3.1718,0.16414,3.0557,3.1718,3.2879,0.62187,0.15824,0.49375,0.65625,0.75,0.19167,0.031914,0.16667,0.18333,0.21667,322.03,396.09,242.81,645.31,261.51,75,-3.146,262.36,1
0.46962,0.35504,0.23963,0.33657,0.75434,0.38068,0.29175,0.16923,0.31058,0.49488,0.72589,0.090201,0.75,0.75,0.75,0.23571,0.040222,0.2,0.25,0.26667,323.44,478.12,352.97,394.53,88.657,208,-2.8307,89.936,1
2.1674,0.56584,1.7673,2.1674,2.5675,1.6988,0,1.6988,1.6988,1.6988,0.34583,0.11547,0.2625,0.4125,0.4125,0.12222,0.050918,0.083333,0.13333,0.15833,329.53,729.69,350.62,586.72,144.52,75,-6.7778,144.55,1
2.0884,0.27082,1.9095,2.0575,2.3443,1.971,0.30222,1.7371,2.0417,2.2049,0.45,0,0.45,0.45,0.45,0.15556,0.040369,0.13333,0.15,0.2,325.78,645.31,364.69,493.75,156.48,75,-3.8956,156.63,1
1.0997,0.28548,0.96654,1.1154,1.346,1.0992,0.21916,0.99755,1.0605,1.3121,0.425,5.8514e-17,0.425,0.425,0.425,0.16333,0.024595,0.13333,0.16667,0.16667,301.88,664.06,343.12,510.16,159.34,150,-3.7311,159.87,1
2.5027,0.64346,2.2143,2.6169,2.8609,2.3061,0.70068,1.8427,2.4783,2.7553,0.68036,0.1669,0.6375,0.7875,0.7875,0.21905,0.046576,0.2,0.23333,0.25833,296.72,428.12,225,635.94,219.84,89,-2.8976,221.94,1
2.0947,0.43721,1.8081,2.0358,2.4959,2.0013,0.46811,1.6315,2.1058,2.3711,0.60833,0.1633,0.675,0.675,0.675,0.18333,0.065828,0.16667,0.2,0.2,302.81,446.88,244.22,614.06,177.16,90,-2.8533,179.43,1
0.209,0.24343,0.094586,0.12148,0.23535,0.18803,0.24988,0.065453,0.10744,0.18366,0.58929,0.087686,0.6,0.6,0.6,0.19524,0.05368,0.2,0.2,0.2,307.5,472.66,291.56,514.06,44.368,435,-2.598,44.776,1
1.8276,0.30072,1.5247,1.9294,2.0635,1.6755,0.33612,1.3894,1.6724,1.9615,0.3625,0,0.3625,0.3625,0.3625,0.15,0.03496,0.13333,0.15,0.16667,357.66,642.19,381.09,508.59,135.63,75,-5.7,137.07,1
1.656,0.48043,1.2835,1.8822,1.9649,1.4998,0.52264,1.0835,1.5589,1.9161,0.51458,0.1241,0.45,0.5875,0.5875,0.16111,0.057413,0.1,0.16667,0.2,319.22,624.22,363.28,478.12,152.59,90,-3.3156,152.75,1
1.1603,0.38093,0.84609,1.1345,1.5095,1.0174,0.34674,0.77693,0.94431,1.2156,0.48281,0.048614,0.5,0.5,0.5,0.18333,0.025198,0.16667,0.2,0.2,313.59,598.44,360.94,469.53,137.33,120,-2.7228,138.29,1
0.32898,0.26624,0.13265,0.22846,0.59067,0.24921,0.22619,0.12178,0.15884,0.24519,0.55,1.1869e-16,0.55,0.55,0.55,0.19167,0.01543,0.18333,0.2,0.2,292.97,631.25,312.66,578.91,55.924,135,-2.6587,56.405,1
1.6868,0.68383,1.244,1.5866,2.0615,1.3214,0.3875,1.0394,1.3849,1.6033,0.475,0.14642,0.3875,0.5625,0.5625,0.16111,0.053403,0.13333,0.18333,0.2,315.47,642.19,355.31,494.53,152.94,90,-3.7059,153.99,1
2.7903,0.53722,2.4283,2.6068,3.1981,2.9049,0.58168,2.4936,2.9049,3.3162,0.48438,0.26366,0.26875,0.5375,0.7,0.16667,0.11222,0.083333,0.16667,0.25,330.47,418.75,240.94,626.56,226.28,75,-2.3211,227.42,1
1.9295,0.3661,1.6207,1.886,2.2383,1.9131,0.35629,1.641,1.9815,2.168,0.6275,0.13416,0.6125,0.6875,0.6875,0.2,0.04714,0.18333,0.2,0.21667,281.25,591.41,257.81,703.91,114.92,60,-4.8,115.77,1
0.82954,0.35808,0.70388,0.89541,0.93077,0.69065,0.29908,0.59291,0.83664,0.86274,0.58906,0.15958,0.59375,0.6625,0.6625,0.20417,0.078553,0.18333,0.21667,0.26667,304.22,521.88,357.19,392.97,139.36,150,-2.4336,141.18,1
0.38627,0.35153,0.10875,0.28282,0.4729,0.29874,0.27574,0.10014,0.24855,0.40761,0.675,1.1492e-16,0.675,0.675,0.675,0.24,0.013801,0.23333,0.23333,0.23333,269.06,726.56,293.44,647.66,82.585,227,-3.2372,83.13,1
1.5027,0.40667,1.2123,1.6011,1.6624,1.3067,0.34939,1.0324,1.4819,1.5563,0.42031,0.048614,0.4375,0.4375,0.4375,0.17083,0.033034,0.13333,0.18333,0.2,321.56,620.31,360.94,469.53,155.84,105,-3.8294,157,1
0.7788,0.57191,0.35868,0.5292,1.0641,0.59599,0.35408,0.31812,0.49121,0.99643,0.49167,0.072169,0.5125,0.5125,0.5125,0.16667,0.034816,0.13333,0.16667,0.2,297.19,685.16,332.34,527.34,161.68,195,-4.4889,162.28,1
3.1585,0.37161,2.9015,3.0531,3.4418,3.1033,0.52261,2.7338,3.1033,3.4729,0.65,0.31358,0.4,0.725,0.9,0.24167,0.15,0.11667,0.26667,0.36667,307.5,414.06,224.06,650.78,250.99,76,-2.8371,253.56,1
2.534,0.36985,2.3179,2.6903,2.75,2.5488,0.085071,2.4868,2.5377,2.6136,0.5525,0.1664,0.4375,0.6625,0.6625,0.16667,0.04714,0.125,0.2,0.2,304.69,460.16,251.25,600.78,150.44,60,-2.6316,151.25,1
1.3726,0.28482,1.1009,1.3226,1.423,1.2956,0.28722,1.0264,1.2762,1.4306,0.64659,0.15693,0.7125,0.7125,0.7125,0.22121,0.076409,0.20833,0.23333,0.26667,295.31,496.88,380.62,321.09,195.39,149,-2.0604,204.34,1
1.2041,0.43265,0.95003,1.3294,1.4976,1.1887,0.42889,1.0396,1.3745,1.4203,0.45694,0.060632,0.45312,0.4875,0.4875,0.14815,0.017568,0.13333,0.13333,0.16667,295.31,633.59,349.22,479.69,163.07,135,-2.8551,165.75,1
0.815,1.4523,0.013505,0.026042,0.64973,0.78238,1.4204,0.013236,0.021557,0.51215,0.40188,0.046466,0.3875,0.3875,0.3875,0.13833,0.016312,0.13333,0.13333,0.13333,295.31,667.97,366.56,409.38,268.23,1497,-3.6294,274.17,1
0.80753,0.15737,0.71724,0.87788,0.89782,0.73047,0.18851,0.5938,0.83676,0.84057,0.56,0.11739,0.54688,0.6125,0.6125,0.16667,0.052705,0.125,0.16667,0.20833,261.56,654.69,251.25,701.56,47.996,60,-4.5455,48.452,1
0.69802,0.77777,0.14438,0.22571,1.1397,0.58799,0.67189,0.11838,0.20523,0.95633,0.67548,0.061286,0.6875,0.6875,0.6875,0.22821,0.042887,0.2,0.23333,0.26667,310.78,425.78,223.59,704.69,292.22,465,-3.1989,299.14,1
0.78986,0.29052,0.62207,0.8113,0.88757,0.71596,0.31254,0.51952,0.73644,0.79798,0.48438,0.07955,0.5125,0.5125,0.5125,0.1875,0.035355,0.16667,0.2,0.2,318.28,590.62,344.06,511.72,83.011,105,-3.0606,83.479,1
2.8859,0.63607,2.4065,2.9064,3.3602,2.7784,0.92715,2.1228,2.7784,3.4339,0.65938,0.23571,0.49375,0.74375,0.825,0.21667,0.063828,0.16667,0.23333,0.26667,307.03,378.12,214.69,637.5,275.32,90,-2.8088,278.81,1
2.3264,0.13439,2.2667,2.3391,2.4186,2.2262,0.060347,2.1771,2.2145,2.2752,0.63542,0.13356,0.6,0.66875,0.7375,0.20556,0.044305,0.2,0.2,0.23333,290.62,463.28,240,629.69,173.94,75,-3.287,174.48,1
0.67343,0.93741,0.034345,0.072502,1.2902,0.47484,0.66998,0.032871,0.035505,0.90615,0.82132,0.063855,0.85,0.85,0.85,0.31569,0.044281,0.3,0.33333,0.33333,282.66,500,226.88,708.59,215.92,574,-3.7395,217.51,1
0.86929,0.7587,0.12148,0.79679,1.3924,0.75659,0.6874,0.11225,0.70594,1.2529,0.52337,0.096332,0.4625,0.6,0.6,0.1913,0.047373,0.16667,0.2,0.225,286.88,658.59,383.91,386.72,288.67,421,-2.8019,292.25,1
1.572,0.38682,1.3264,1.4988,1.7735,1.3362,0.22327,1.1664,1.3491,1.5059,0.48542,0.096959,0.525,0.525,0.525,0.15556,0.034427,0.13333,0.16667,0.16667,277.03,632.03,335.16,479.69,163.06,105,-2.621,163.41,1
4.2323,0.31882,4.0209,4.1668,4.4438,4.0111,0.43579,3.7057,3.9016,4.3438,0.785,0.23425,0.58125,0.95,0.95,0.28667,0.07303,0.24167,0.33333,0.33333,314.53,396.09,212.81,690.62,311.6,75,-2.8955,315.75,1
1.4033,0.71095,0.61903,1.5364,2.0222,1.2596,0.70955,0.53046,1.2386,1.9097,0.6525,0.071151,0.675,0.675,0.675,0.23,0.029186,0.2,0.23333,0.26667,270.47,545.31,230.62,730.47,189.39,136,-4.6471,190.1,1
2.4001,0.2972,2.19,2.4001,2.6103,2.016,0,2.016,2.016,2.016,0.425,0.10825,0.34687,0.4875,0.4875,0.15556,0.03849,0.13333,0.13333,0.18333,286.88,546.09,314.53,479.69,71.935,30,-2.4011,72.004,1
1.7522,0.32027,1.5015,1.7301,1.8851,1.4986,0.15612,1.3644,1.4947,1.6329,0.2875,6.0809e-17,0.2875,0.2875,0.2875,0.11111,0.040369,0.066667,0.11667,0.13333,314.06,573.44,357.66,450.78,130.17,75,-2.8136,131.42,1
1.5648,0.26036,1.3986,1.5148,1.7596,1.4682,0.29245,1.2404,1.462,1.696,0.36875,0.076547,0.4,0.4,0.4,0.11667,0.045947,0.1,0.13333,0.13333,282.19,585.94,325.78,477.34,117.02,75,-2.491,117.3,1
2.0982,0.4698,1.7128,2.1866,2.4836,1.8512,0.52409,1.481,1.7311,2.2515,0.3875,0,0.3875,0.3875,0.3875,0.14667,0.018257,0.13333,0.13333,0.16667,285.47,679.69,352.97,455.47,234.16,104,-3.3218,235.79,1
0.98203,0.47745,0.79416,0.83033,1.1391,0.79538,0.25543,0.71196,0.75957,0.95744,0.44167,0.072169,0.4625,0.4625,0.4625,0.15556,0.04569,0.13333,0.16667,0.18333,283.59,660.94,337.03,493.75,175.52,179,-3.1287,176.08,1
4.2842,0.24073,4.114,4.2842,4.4544,4.3173,0,4.3173,4.3173,4.3173,0.59167,0.23094,0.425,0.725,0.725,0.18889,0.083887,0.125,0.2,0.25,310.78,370.31,209.53,610.94,261.06,60,-2.3765,262.5,1
2.2896,0.15735,2.1706,2.2991,2.4063,2.1524,0.2651,1.965,2.1524,2.3399,0.5125,0.125,0.45,0.575,0.575,0.18333,0.057735,0.13333,0.18333,0.23333,284.06,689.06,320.16,557.03,136.88,60,-3.658,137.52,1
1.6527,0.22738,1.4511,1.6526,1.8651,1.5484,0.2543,1.3378,1.4737,1.7961,0.55937,0.076401,0.53125,0.6,0.6,0.19167,0.038832,0.16667,0.2,0.2,304.69,633.59,373.12,451.56,194.47,121,-2.6598,196.74,1
0.58935,0.30344,0.32493,0.52475,0.81476,0.60422,0.29979,0.36533,0.51738,0.79932,0.47222,0.081437,0.475,0.5125,0.5125,0.16296,0.030932,0.15833,0.16667,0.175,325.78,536.72,359.53,436.72,105.54,165,-2.963,107.34,1
1.8323,0.77077,1.2456,1.6829,2.363,1.7776,0.729,1.1911,1.6098,2.2267,0.83482,0.12674,0.775,0.775,0.9,0.32619,0.095343,0.23333,0.33333,0.4,125.16,396.09,472.97,303.91,359.82,197,-0.26505,362.34,0
3.1106,0.72339,2.5334,3.0494,3.743,3.0532,0.6712,2.3526,3.2568,3.6255,0.72679,0.16543,0.7,0.7,0.8625,0.21429,0.046576,0.2,0.2,0.25833,208.12,180.47,477.66,134.38,273.44,89,-0.17101,276.43,0
2.6727,0.30782,2.5341,2.8144,2.8645,2.5887,0.18922,2.4586,2.6261,2.6899,0.575,0.1354,0.475,0.65,0.65,0.22,0.078881,0.16667,0.25,0.26667,55.781,723.44,445.78,749.22,390.85,150,0.066106,396.91,0
0.86674,0.5189,0.33457,0.97433,1.3651,0.8003,0.4958,0.26937,0.82988,1.2899,0.8125,0.21557,0.65,0.925,0.9875,0.26429,0.089318,0.2,0.26667,0.33333,128.44,167.97,478.12,203.91,351.53,512,0.10277,355.21,0
1.5398,0.19354,1.3838,1.6073,1.6899,1.4591,0.17726,1.3299,1.5239,1.5962,0.69107,0.13187,0.7375,0.7375,0.7375,0.23571,0.056181,0.23333,0.26667,0.26667,120,58.594,419.53,88.281,301,196,0.099113,301.84,0
1.546,0.55193,1.0676,1.5095,2.0118,1.4245,0.55604,0.95288,1.2346,1.9383,0.75682,0.22799,0.70625,0.875,0.875,0.26667,0.091894,0.20833,0.3,0.33333,234.38,361.72,454.22,331.25,221.95,150,-0.13859,232.23,0
1.4815,0.57666,0.92408,1.3643,2.0962,1.4209,0.54744,0.89157,1.2686,1.9798,0.8375,0.089922,0.8375,0.8375,0.84688,0.43922,0.078382,0.4,0.46667,0.5,100.31,502.34,419.53,653.91,353.37,244,0.47479,362.73,0
2.0972,0.56278,1.6518,2.3024,2.5151,2.0718,0.48056,1.9433,2.2179,2.4182,0.82222,0.25061,0.79688,0.825,0.9875,0.44815,0.16924,0.45833,0.5,0.53333,95.625,685.16,336.09,755.47,250.54,120,0.2924,251.66,0
3.0697,1.203,2.3176,3.1828,3.8811,2.886,1.2441,2.0793,2.9873,3.8093,0.805,0.27279,0.75,0.875,0.875,0.37667,0.13971,0.33333,0.43333,0.46667,142.03,408.59,477.19,161.72,416.27,137,-0.7366,419.53,0
1.8925,0.63003,1.4472,1.7821,2.5201,1.8835,0.53037,1.4129,1.8553,2.4363,0.90114,0.13925,0.85,0.85,1.0375,0.39091,0.073168,0.34167,0.4,0.43333,184.22,201.56,465.47,143.75,287.13,153,-0.20556,289.29,0
2.0174,0.44552,1.6334,2.0022,2.3667,1.8709,0.4345,1.5035,1.8493,2.239,0.55938,0.076988,0.5875,0.5875,0.5875,0.18958,0.041667,0.16667,0.2,0.21667,27.656,503.12,472.97,520.31,445.64,225,0.038596,452.71,0
2.509,0.67377,1.8315,2.7106,2.9591,2.4703,0.56873,1.9743,2.6066,2.8625,0.58125,0.18524,0.4125,0.575,0.7625,0.20333,0.082327,0.13333,0.21667,0.26667,119.06,701.56,448.12,656.25,332.17,135,-0.1377,338.86,0
1.9918,0.33674,1.9625,2.0955,2.2177,1.8428,0.34343,1.7506,1.8939,2.0768,0.47167,0.09791,0.40313,0.525,0.525,0.14,0.044006,0.13333,0.13333,0.16667,17.344,291.41,425.16,348.44,411.78,209,0.13985,414.96,0
2.9017,0.94452,2.0236,2.8633,3.8207,2.8392,0.8242,2.1186,2.9924,3.6406,0.43333,0.10104,0.4625,0.4625,0.4625,0.14444,0.043423,0.13333,0.13333,0.16667,435,373.44,0.46875,547.66,468.16,164,-0.40093,475.19,0
0.86723,0.33979,0.73451,0.87003,1.1274,0.7687,0.31703,0.64566,0.80301,1.0105,0.48542,0.080098,0.4,0.55,0.55,0.16389,0.022285,0.15,0.16667,0.16667,313.12,553.91,363.75,421.09,142.13,165,-2.6235,143.45,1
0.68268,0.57118,0.25605,0.48513,1.1007,0.54119,0.35722,0.21336,0.46004,0.90528,0.75114,0.15473,0.625,0.85,0.85,0.28333,0.058869,0.26667,0.3,0.3,257.34,608.59,308.91,403.91,211.08,316,-3.9697,213.9,1
1.8035,0.48661,1.2433,1.9549,2.1896,1.668,0.47858,1.151,1.8013,2.0868,0.74018,0.16985,0.725,0.725,0.875,0.23095,0.067259,0.2,0.23333,0.3,126.09,490.62,478.12,461.72,353.22,196,-0.082113,353.72,0
2.1181,0.50722,1.8383,2.0921,2.4438,2.0356,0.45466,1.8013,2.0046,2.333,0.72143,0.060134,0.7375,0.7375,0.7375,0.24286,0.040146,0.23333,0.25,0.26667,448.12,356.25,90.469,555.47,409.4,195,-0.55701,411.64,0
2.0729,0.31046,1.9101,2.0447,2.2836,1.8895,0.26787,1.7564,1.8676,2.0505,0.7925,0.13942,0.8,0.8,0.8375,0.28667,0.060159,0.26667,0.3,0.33333,48.75,517.97,471.56,424.22,433.08,211,-0.22173,436.18,0
0.51697,0.60523,0.14851,0.34939,0.66226,0.34546,0.27682,0.11597,0.29843,0.52763,0.73125,0.12475,0.675,0.8125,0.8125,0.23125,0.035421,0.21667,0.23333,0.26667,451.41,363.28,341.72,396.09,114.49,406,-0.29915,119.89,0
3.1027,0.57197,2.6073,3.2184,3.5422,2.8922,0.60577,2.3994,2.9222,3.4047,0.78,0.1988,0.75,0.8125,0.95,0.27667,0.099443,0.23333,0.28333,0.33333,52.969,500,479.06,323.44,461.23,150,-0.41437,461.76,0
3.424,1.1094,2.5259,3.5771,4.2136,3.4667,0.88683,2.7994,3.4812,4.0603,0.70781,0.20852,0.675,0.8125,0.8125,0.2375,0.074402,0.23333,0.26667,0.26667,434.06,342.19,129.84,534.38,359.84,106,-0.63174,363.83,0
3.3199,0.94452,2.682,3.002,4.0372,3.5695,0.96082,2.8901,3.5695,4.2489,0.70938,0.08125,0.66875,0.75,0.75,0.275,0.031914,0.25,0.28333,0.3,432.19,346.88,262.03,444.53,196.19,61,-0.57392,197,0
2.9033,0.34808,2.7549,3.0596,3.0979,2.8608,0.11963,2.7743,2.8806,2.9472,0.57292,0.096959,0.6125,0.6125,0.6125,0.21111,0.027217,0.2,0.21667,0.23333,419.06,447.66,247.5,575,213.66,74,-0.74226,214.68,0
2.8605,0.35594,2.5579,2.8382,3.0109,2.6896,0.38229,2.3413,2.7712,2.8314,0.76944,0.21461,0.6375,0.9,0.9,0.24444,0.084984,0.18333,0.26667,0.30833,140.16,441.41,473.44,364.84,341.96,120,-0.22972,343.04,0
1.4949,0.15829,1.342,1.5816,1.6152,1.3833,0.18435,1.225,1.3888,1.5417,0.5,0.12247,0.55,0.55,0.55,0.13889,0.057413,0.13333,0.15,0.16667,412.03,479.69,277.03,564.06,159.2,105,-0.625,159.57,0
2.4291,0.40798,2.1563,2.3817,2.7006,2.3672,0.34246,2.0915,2.2751,2.6333,0.65714,0.2377,0.525,0.8125,0.8125,0.2,0.090267,0.15,0.23333,0.25833,447.19,402.34,276.09,532.03,214.69,89,-0.75799,215.57,0
3.2061,0.80159,2.5957,3.4193,3.8294,2.9752,0.84666,2.3104,3.4137,3.6571,0.57778,0.23216,0.3625,0.6625,0.8125,0.19259,0.075971,0.13333,0.23333,0.26667,54.375,515.62,420,419.53,378.04,120,-0.26282,383.97,0
3.0662,0.84996,2.397,3.0055,3.5152,2.8976,0.9622,2.1731,2.6743,3.6221,0.6875,0.12247,0.7375,0.7375,0.7375,0.25556,0.034427,0.23333,0.26667,0.26667,87.656,485.94,286.88,380.47,225.41,74,-0.52941,225.55,0
3.0433,0.42826,2.7718,3.0781,3.3147,3.0325,0.25205,2.8862,2.8885,3.2148,0.6175,0.072672,0.60938,0.65,0.65,0.24667,0.029814,0.225,0.26667,0.26667,160.31,428.91,325.78,359.38,179.48,59,-0.42021,179.54,0
3.486,0.49546,3.0258,3.5252,3.875,3.3696,0.47553,3.0316,3.4442,3.7076,0.78542,0.20317,0.7125,0.9,0.9,0.28889,0.075031,0.23333,0.31667,0.33333,69.844,455.47,284.06,314.06,256.68,74,-0.6601,257.33,0
3.405,0.47004,3.0181,3.4723,3.7919,3.3728,0.32618,3.1263,3.4968,3.5883,0.65,0,0.65,0.65,0.65,0.21333,0.050553,0.18333,0.23333,0.24167,390,432.03,220.31,542.97,202.73,60,-0.65378,204.3,0
3.389,0.30548,3.1648,3.4142,3.6131,3.0531,0.27059,2.8467,3.1283,3.2407,0.605,0.21243,0.58125,0.7,0.7,0.19333,0.092496,0.15833,0.23333,0.24167,404.06,371.88,231.09,477.34,202.59,60,-0.60976,203.34,0
3.4657,0.65073,3.0055,3.4657,3.9258,3.7254,0,3.7254,3.7254,3.7254,0.64583,0.26702,0.45313,0.8,0.8,0.21111,0.096225,0.14167,0.26667,0.26667,358.12,352.34,270.47,407.81,103.73,30,-0.6328,103.97,0
2.1917,0.50027,1.795,2.1891,2.5884,2.2489,0.37225,1.9665,2.2806,2.5234,0.6075,0.095033,0.59688,0.65,0.65,0.22,0.055777,0.18333,0.23333,0.26667,415.31,357.03,299.53,421.88,132.7,61,-0.56005,133.12,0
1.6561,0.15194,1.5688,1.6498,1.7384,1.5565,0.16062,1.4637,1.5442,1.6299,0.49861,0.10977,0.4125,0.5875,0.5875,0.17037,0.038889,0.13333,0.16667,0.2,432.66,409.38,256.88,500,197.77,120,-0.51556,198.21,0
2.8873,0.67565,2.3862,3.2131,3.307,3.0983,0.036523,3.0724,3.0983,3.1241,0.71563,0.16875,0.63125,0.8,0.8,0.26667,0.072008,0.21667,0.28333,0.31667,296.72,214.06,419.53,172.66,129.6,45,-0.33715,129.93,0
2.9532,1.1659,2.1288,2.9532,3.7776,2.0267,0,2.0267,2.0267,2.0267,0.5,0.3204,0.26562,0.4625,0.74375,0.16667,0.13333,0.066667,0.16667,0.26667,196.88,398.44,412.97,264.84,254.05,74,-0.61822,254.81,0
1.7896,0.38103,1.3697,1.9259,2.1018,1.7734,0.30305,1.5769,1.9409,1.972,0.6125,0.22856,0.45937,0.775,0.775,0.21429,0.11362,0.13333,0.26667,0.3,180.94,425.78,315.47,344.53,157.16,89,-0.60395,158.98,0
2.2081,0.45417,1.8637,2.2158,2.5669,2.2187,0.34467,1.9426,2.2068,2.4949,0.46667,0.2106,0.35,0.46875,0.5875,0.16111,0.082776,0.13333,0.15,0.23333,92.344,532.81,247.97,574.22,161.04,74,0.26606,163.44,0
0.99518,0.31531,0.78808,0.82739,1.2759,0.8912,0.31925,0.73874,0.74869,1.1993,0.475,0.1557,0.35625,0.50625,0.6125,0.1625,0.065314,0.11667,0.16667,0.2,386.72,571.88,289.69,567.97,97.11,105,0.040258,103.35,0
1.587,0.24499,1.5014,1.6361,1.6901,1.5023,0.26453,1.4147,1.5509,1.6306,0.48929,0.082421,0.41563,0.5375,0.5375,0.17619,0.025198,0.16667,0.16667,0.2,410.62,386.72,285,453.12,142.1,90,-0.52861,142.38,0
1.3059,0.44486,0.94888,1.1951,1.6087,1.3071,0.45128,0.90314,1.3386,1.6196,0.6625,0.22788,0.55,0.825,0.825,0.21905,0.081325,0.175,0.26667,0.26667,398.44,425,265.31,489.06,147.74,106,-0.48122,148.53,0
2.7256,0.39905,2.4211,2.8306,3.0039,2.4734,0.55579,2.0804,2.4734,2.8665,0.50625,0.1875,0.4125,0.6,0.6,0.15833,0.063099,0.11667,0.18333,0.2,371.25,417.19,292.97,507.81,119.75,44,-1.1577,119.82,1
2.5934,0.75235,2.0897,2.8456,3.0143,2.3687,0.84903,1.7427,2.4404,2.9947,0.57083,0.14634,0.5625,0.5625,0.7125,0.17778,0.065546,0.13333,0.2,0.23333,463.12,328.91,312.19,440.62,187.79,74,-0.74017,190.84,0
1.7847,0.7414,1.2043,1.6883,2.4403,1.9078,0.58339,1.4279,1.9232,2.3876,0.54375,0.15406,0.4375,0.6375,0.6375,0.22222,0.058373,0.16667,0.25,0.26667,49.219,581.25,181.88,592.97,133.17,75,0.088339,133.85,0
2.561,0.70781,2.0643,2.5159,3.0577,2.6796,0.53537,2.3185,2.4979,3.0861,0.515,0.21367,0.3125,0.475,0.7375,0.14,0.079582,0.083333,0.13333,0.20833,101.25,585.94,247.5,618.75,149.89,60,0.22436,153.66,0
2.3212,0.69803,1.7203,2.4425,2.8429,2.3992,0.53176,2.0194,2.445,2.7789,0.525,0.17357,0.325,0.5375,0.7125,0.17222,0.092896,0.1,0.16667,0.26667,80.625,617.19,249.84,636.72,170.34,74,0.11542,170.91,0
2.2401,0.41016,1.942,2.1819,2.5526,2.2896,0.33387,2.0535,2.2896,2.5257,0.50313,0.22017,0.31875,0.5375,0.6875,0.175,0.05,0.13333,0.16667,0.21667,70.781,485.16,167.34,465.62,98.518,44,-0.20227,98.62,0
1.9091,0.42843,1.5944,2.0285,2.2237,1.9847,0.17704,1.8521,2.0622,2.0979,0.465,0.17464,0.31562,0.5875,0.5875,0.14667,0.060553,0.11667,0.13333,0.18333,62.344,475,172.97,464.06,111.16,59,-0.09887,112.28,0
2.4968,0.18103,2.3688,2.4968,2.6248,2.2522,0,2.2522,2.2522,2.2522,0.45417,0.10104,0.38125,0.5125,0.5125,0.16667,0.033333,0.14167,0.16667,0.19167,384.84,484.38,298.12,558.59,114.14,45,-0.85586,114.28,0
1.8884,0.22006,1.7284,2.0104,2.0179,1.8957,0.013132,1.8864,1.8957,1.905,0.75,0.2,0.65,0.85,0.85,0.25833,0.041944,0.23333,0.26667,0.28333,369.38,447.66,291.09,483.59,86.136,46,-0.45908,86.613,0
1.9192,0.50896,1.5921,1.9862,2.2121,1.9136,0.38103,1.6653,2.0173,2.0688,0.79583,0.24709,0.75313,0.8125,0.975,0.31111,0.12247,0.25833,0.33333,0.4,436.41,325.78,212.34,360.94,226.8,121,-0.1569,230.45,0
2.1725,0.2526,2.1573,2.2431,2.3057,2.1246,0.10875,2.0255,2.1404,2.1894,0.65536,0.12287,0.6375,0.6375,0.75938,0.20952,0.046004,0.175,0.23333,0.23333,427.97,277.34,266.72,386.72,194.84,90,-0.67829,195.14,0
2.1521,0.19533,1.9777,2.1726,2.2917,2.0614,0.17511,1.9302,2.0672,2.1927,0.62083,0.22772,0.525,0.70625,0.7875,0.20556,0.092896,0.2,0.21667,0.26667,384.84,337.5,246.09,418.75,160.79,75,-0.58559,161.41,0
3.1382,0.45257,3.0048,3.2722,3.3721,3.125,0.13807,3.0188,3.1055,3.2312,0.73125,0.1684,0.8,0.8,0.8,0.27222,0.064693,0.23333,0.28333,0.33333,395.16,303.91,198.28,428.12,232.79,74,-0.63095,233.01,0
1.8803,0.47092,1.521,1.9588,2.22,2.0218,0.2187,1.8671,2.0218,2.1764,0.60312,0.11875,0.54375,0.6625,0.6625,0.20833,0.031914,0.18333,0.21667,0.23333,443.91,401.56,370.31,442.97,84.442,45,-0.56263,84.613,0
0.81889,0.22151,0.65743,0.82721,0.98035,0.74877,0.26974,0.54857,0.73379,0.95271,0.6425,0.23025,0.52813,0.65,0.8375,0.24,0.064118,0.20833,0.26667,0.275,427.5,470.31,388.59,500.78,49.417,61,-0.78313,49.903,0
1.1694,0.23531,1.0234,1.1977,1.3446,1.185,0.13023,1.0822,1.1813,1.2877,0.48333,0.071443,0.5125,0.5125,0.5125,0.2,0.036515,0.2,0.2,0.23333,427.03,654.69,342.66,672.66,86.267,75,-0.21296,87.707,0
1.9008,0.6552,1.4543,2.0409,2.401,2.0238,0.376,1.7221,2.0521,2.3255,0.67292,0.1582,0.7375,0.7375,0.7375,0.23333,0.059628,0.2,0.25,0.26667,423.28,353.91,300.94,425.78,141.89,75,-0.58748,142.56,0
1.6191,0.40248,1.3463,1.6457,1.9723,1.6653,0.24248,1.4654,1.6894,1.8653,0.575,1.2162e-16,0.575,0.575,0.575,0.21111,0.017213,0.2,0.2,0.23333,397.03,532.81,287.34,585.94,121.88,75,-0.48433,122.37,0
1.7721,0.089344,1.7089,1.7721,1.8353,1.7213,0,1.7213,1.7213,1.7213,0.74583,0.18042,0.61562,0.85,0.85,0.26667,0.088192,0.2,0.3,0.325,390.94,464.84,352.5,501.56,53.157,30,-0.95528,53.162,0
1.3489,0.59182,0.85146,1.2793,1.779,1.2561,0.59208,0.76072,1.1718,1.6834,0.84231,0.21582,0.84062,0.8875,1,0.30256,0.0995,0.26667,0.33333,0.36667,424.69,343.75,222.66,477.34,242.21,181,-0.66125,243.87,0
2.4016,0.56792,2.2174,2.4644,2.8323,2.1731,0.55724,1.8813,2.2791,2.5399,0.57,0.1275,0.625,0.625,0.625,0.21,0.058899,0.16667,0.23333,0.26667,244.22,727.34,317.81,416.41,319.53,135,-4.2251,324.21,1
2.1829,0.59989,1.6443,2.4692,2.6606,2.1783,0.45515,1.8841,2.4163,2.4943,0.60972,0.19251,0.51562,0.75,0.75,0.2,0.10408,0.125,0.16667,0.3,85.312,471.88,330,397.66,255.7,119,-0.30332,260.72,0
2.8179,0.50367,2.4489,2.9756,3.1903,2.8266,0.28844,2.6214,2.8751,3.0318,0.8375,0.25274,0.7,0.9,1.0625,0.31667,0.075277,0.33333,0.33333,0.36667,440.62,344.53,264.38,460.16,210.79,75,-0.65603,211.34,0
1.9678,0.79442,1.3385,1.9304,2.7145,2.1047,0.59125,1.6199,2.163,2.5895,0.6875,0.18591,0.65,0.7875,0.7875,0.23333,0.05164,0.23333,0.25,0.26667,421.88,380.47,292.03,449.22,146.92,75,-0.52948,147.59,0
2.0756,0.20527,1.9304,2.0756,2.2207,2.092,0,2.092,2.092,2.092,0.45833,0.24506,0.27188,0.4875,0.6375,0.14444,0.10184,0.066667,0.16667,0.21667,363.28,410.94,312.19,446.09,62.02,30,-0.68807,62.267,0
1.8905,0.56427,1.4869,1.9063,2.299,1.7638,0.5723,1.324,1.692,2.1962,0.8175,0.16978,0.7375,0.8375,0.9375,0.34667,0.084911,0.3,0.35,0.4,465.94,351.56,234.84,525.78,289.41,168,-0.75389,292.6,0
1.3878,0.44594,1.1064,1.3581,1.715,1.3599,0.45545,1.0416,1.43,1.6849,0.77321,0.1977,0.73125,0.7875,0.92812,0.28095,0.069007,0.275,0.3,0.325,447.19,329.69,340.31,393.75,124.6,90,-0.59942,124.9,0
2.042,0.79638,1.3432,2.0104,2.7719,2.1529,0.64193,1.6433,2.2109,2.6625,0.64375,0.20059,0.6125,0.75,0.75,0.23889,0.080046,0.2,0.26667,0.26667,399.84,369.53,257.81,457.03,166.82,89,-0.61606,166.88,0
2.7558,0.11783,2.6809,2.7635,2.8307,2.5911,0.11357,2.5069,2.5838,2.677,0.67,0.19031,0.56562,0.7875,0.7875,0.23333,0.040825,0.21667,0.23333,0.26667,367.97,407.81,194.06,517.19,205.44,75,-0.62893,206.89,0
2.4713,0.31277,2.3101,2.4226,2.7056,2.2126,0.25339,2.0875,2.2212,2.3499,0.59643,0.20447,0.5125,0.7375,0.7375,0.21905,0.094,0.15,0.23333,0.29167,97.969,587.5,312.19,552.34,217.08,89,-0.16411,220.11,0
3.0029,0.76437,2.2876,2.9747,3.7558,2.9331,0.74779,2.5322,2.7735,3.6006,0.60536,0.1669,0.5625,0.7125,0.7125,0.2381,0.12387,0.14167,0.23333,0.35,143.91,562.5,383.44,442.97,267.7,90,-0.49902,270.26,0
4.1313,0.62853,3.6524,4.2197,4.5881,4.1929,0.40615,3.9057,4.1929,4.48,0.71875,0.33127,0.5,0.85,0.9375,0.26667,0.16102,0.16667,0.31667,0.36667,199.69,489.84,375.94,433.59,185.01,45,-0.31915,185.91,0
4.1661,1.1358,3.3568,4.4256,4.9754,3.8718,1.4,2.8127,4.3923,4.8009,0.6125,0.29208,0.39375,0.7125,0.80625,0.22667,0.12561,0.15833,0.23333,0.31667,175.31,375,414.84,309.38,248.36,60,-0.27397,249.97,0
3.3129,0.96382,2.5938,3.4344,4.1685,3.4509,0.6079,2.966,3.555,3.9357,0.73958,0.24295,0.6625,0.875,0.875,0.27222,0.097563,0.23333,0.3,0.33333,91.875,450.78,313.12,340.62,247.16,75,-0.49788,248.47,0
2.1869,0.3505,1.9468,2.1857,2.4297,2.1295,0.29508,1.8522,2.2468,2.3115,0.53214,0.12371,0.40937,0.5125,0.65,0.17143,0.067847,0.13333,0.16667,0.225,139.69,475,325.78,419.53,194.18,89,-0.29807,194.39,0
2.0108,0.2406,1.8353,2.0289,2.1864,1.9801,0.15252,1.8732,1.9418,2.0965,0.595,0.2407,0.45625,0.6875,0.72813,0.20667,0.098319,0.14167,0.2,0.3,107.34,510.94,224.06,485.16,119.53,60,-0.22088,120.65,0
4.0548,0.046498,4.0219,4.0548,4.0877,3.7191,0,3.7191,3.7191,3.7191,0.7875,0.19486,0.64688,0.9,0.9,0.32222,0.050918,0.28333,0.33333,0.35833,339.84,417.19,246.56,474.22,109.33,27,-0.61139,109.38,0
1.7089,0.97177,0.80474,1.6137,2.4012,1.7802,0.89869,1.0575,1.8026,2.335,0.85313,0.10872,0.78125,0.925,0.925,0.39167,0.055635,0.35,0.4,0.43333,434.06,336.72,271.88,414.84,180.02,106,-0.4817,181.05,0
1.9901,0.50471,1.6642,1.9806,2.3162,1.8189,0.54002,1.4739,1.6265,2.2817,0.78036,0.17661,0.73125,0.8625,0.88125,0.29524,0.086984,0.26667,0.3,0.35833,440.16,353.91,296.72,457.81,177.12,90,-0.7244,178.53,0
1.8615,0.55241,1.3729,1.848,2.3438,1.8404,0.53407,1.2781,2.1449,2.2283,0.72143,0.13419,0.59375,0.8,0.8,0.27619,0.049868,0.24167,0.26667,0.325,456.56,350.78,322.97,447.66,165.02,90,-0.72515,166.47,0
1.682,0.55454,1.2284,1.6119,2.1147,1.6623,0.5371,1.2465,1.7428,2.0094,0.69687,0.16308,0.6625,0.66875,0.85,0.25,0.061721,0.21667,0.26667,0.3,429.38,326.56,292.03,438.28,177.04,106,-0.81342,177.96,0
3.4423,0.94175,2.7867,3.1906,4.1609,3.6461,0.89433,3.0137,3.6461,4.2785,0.70625,0.16724,0.60625,0.7375,0.80625,0.24167,0.056928,0.2,0.25,0.28333,411.56,321.88,286.88,414.06,155.07,45,-0.73935,155.44,0
2.7547,0.72302,2.1518,2.8126,3.3575,2.8555,0.55057,2.4363,3.0258,3.232,0.82,0.15925,0.74375,0.8,0.9625,0.30667,0.072265,0.25,0.33333,0.36667,411.56,351.56,272.81,439.84,164.45,60,-0.63626,165.28,0
2.343,1.0266,1.5695,2.3731,3.109,2.7451,0.64492,2.2891,2.7451,3.2011,0.74063,0.26836,0.5875,0.825,0.89375,0.26667,0.072008,0.21667,0.28333,0.31667,421.41,353.91,334.22,417.19,107.73,46,-0.72581,107.81,0
1.5517,0.16123,1.3942,1.5547,1.6688,1.4264,0.17079,1.2792,1.3811,1.576,0.77321,0.15769,0.8,0.8,0.8125,0.28571,0.063413,0.26667,0.3,0.325,431.25,330.47,307.97,400,141.54,92,-0.56401,142.39,0
2.1765,0.49424,1.7825,2.2633,2.5705,2.2505,0.29561,2.0292,2.3801,2.4393,0.735,0.2292,0.70938,0.8375,0.8375,0.22667,0.079582,0.175,0.26667,0.275,374.53,407.03,249.84,443.75,129.98,61,-0.29449,132.14,0
1.0452,0.027199,1.0259,1.0452,1.0644,0.95496,0,0.95496,0.95496,0.95496,0.59167,0.079386,0.53438,0.6375,0.6375,0.18889,0.019245,0.175,0.2,0.2,394.22,592.97,365.16,604.69,31.336,30,-0.40323,31.355,0
1.3873,0.63459,1.0054,1.2282,1.9595,1.4655,0.5281,1.0449,1.2455,1.9466,0.85893,0.19104,0.8125,0.8125,1.0125,0.34286,0.083254,0.30833,0.33333,0.39167,417.66,348.44,300,389.06,124.47,92,-0.34529,125.4,0
1.4404,0.49455,1.0225,1.5312,1.7554,1.4107,0.42567,0.98483,1.4715,1.7296,0.68482,0.15645,0.7375,0.7375,0.7375,0.25952,0.069404,0.26667,0.26667,0.3,315.94,664.06,30.469,607.03,291.11,225,0.19978,299.29,0
1.8054,0.5865,1.4069,1.843,2.3158,1.8694,0.41177,1.5216,1.9002,2.2212,0.67857,0.089767,0.7125,0.7125,0.7125,0.2619,0.06506,0.24167,0.26667,0.3,437.81,364.84,288.75,428.12,161.94,90,-0.42453,162.49,0
1.752,0.56043,1.3375,1.7074,2.1304,1.7193,0.52123,1.5043,1.5854,2.1153,0.84583,0.25822,0.73438,0.7875,1.075,0.31111,0.095743,0.25,0.33333,0.375,433.59,348.44,240.94,425.78,207.6,120,-0.40146,209.44,0
3.3569,0.59602,3.1667,3.4659,3.7227,3.3899,0.18531,3.2482,3.3775,3.5316,0.6375,0.24251,0.4625,0.65625,0.8875,0.22222,0.13109,0.13333,0.2,0.33333,92.344,435.16,324.38,361.72,243.38,75,-0.3165,251.77,0
3.2735,0.44425,2.8724,3.3031,3.7023,2.939,0.45051,2.5756,2.8913,3.3023,0.64375,0.24054,0.5,0.7875,0.7875,0.24444,0.13278,0.2,0.23333,0.36667,122.81,435.16,345.47,350,238.38,74,-0.38246,241.8,0
2.6649,0.34293,2.4452,2.716,2.8846,2.6386,0.17975,2.5135,2.5907,2.7758,0.61,0.25378,0.40938,0.6625,0.8375,0.21333,0.076739,0.15,0.26667,0.26667,168.75,407.03,321.56,374.22,156.3,59,-0.21472,157.15,0
2.7434,0.29729,2.5153,2.7431,2.9393,2.6461,0.24567,2.4619,2.6092,2.8304,0.67708,0.18429,0.55,0.7,0.8625,0.25556,0.088611,0.16667,0.28333,0.3,113.91,451.56,303.28,385.16,200.68,74,-0.35066,202.59,0
1.2464,0.40549,0.77887,1.3493,1.4646,1.163,0.44546,0.71494,1.313,1.482,0.87321,0.13701,0.925,0.925,0.925,0.32381,0.08759,0.275,0.36667,0.36667,454.69,367.19,352.97,415.62,112.66,91,-0.47619,112.9,0
1.7412,0.37531,1.4826,1.8858,1.984,1.7707,0.20248,1.645,1.7842,1.8965,0.59792,0.18881,0.675,0.675,0.675,0.19444,0.071233,0.16667,0.21667,0.23333,423.28,392.19,305.62,439.84,126.94,74,-0.40505,128.65,0
1.733,0.31481,1.6078,1.7825,1.9375,1.7266,0.1749,1.598,1.6784,1.8677,0.83393,0.23824,0.66875,0.8875,1.0375,0.31905,0.083571,0.275,0.33333,0.39167,447.66,339.84,308.91,410.94,155.9,91,-0.51239,157,0
2.3732,0.29665,2.1118,2.2762,2.6848,2.2743,0.30183,2.0248,2.3268,2.5238,0.70417,0.26536,0.55,0.825,0.825,0.25,0.10698,0.2,0.28333,0.33333,227.81,393.75,397.97,350.78,175.5,75,-0.25253,177.99,0
3.7209,0.54358,3.3059,3.8202,4.111,3.7823,0.24186,3.6113,3.7823,3.9533,0.98125,0.1625,0.9,1.0625,1.0625,0.34167,0.056928,0.3,0.35,0.38333,420.94,364.06,271.88,439.06,166.87,45,-0.50314,167.44,0
3.4409,0.34221,3.1805,3.5484,3.6745,3.4106,0.1443,3.3086,3.4106,3.5127,0.9125,0.14434,0.7875,0.9125,1.0375,0.40833,0.078764,0.35,0.43333,0.46667,395.62,364.84,253.12,431.25,157.21,46,-0.46601,158.39,0
2.5418,0.40564,2.255,2.5418,2.8287,2.0664,0,2.0664,2.0664,2.0664,0.85833,0.13712,0.75937,0.9375,0.9375,0.33333,0.057735,0.29167,0.36667,0.36667,367.5,369.53,299.06,403.12,76.238,30,-0.49087,76.255,0
2.4592,0.33665,2.2212,2.4592,2.6973,2.0414,0,2.0414,2.0414,2.0414,0.5,0.275,0.29375,0.5,0.70625,0.11111,0.069389,0.058333,0.13333,0.15833,352.97,334.38,426.09,325.78,73.628,30,-0.11752,73.777,0
1.9074,0.18318,1.7926,1.9321,2.0222,1.863,0.11379,1.7908,1.812,1.9481,0.645,0.24568,0.5,0.8,0.8,0.22667,0.082999,0.175,0.23333,0.3,339.84,331.25,452.34,312.5,114.05,60,-0.16667,114.45,0
2.1196,0.3083,1.8947,2.0804,2.3543,2.1322,0.24036,1.9622,2.1322,2.3021,0.85,0.075,0.8125,0.8875,0.8875,0.34167,0.05,0.31667,0.36667,0.36667,421.88,323.44,330.94,348.44,94.311,45,-0.27491,94.769,0
3.0803,0.45614,2.7333,3.135,3.4138,2.6458,0.36123,2.3904,2.6458,2.9012,0.77812,0.26875,0.64375,0.9125,0.9125,0.325,0.13437,0.23333,0.36667,0.41667,357.19,340.62,229.69,392.19,137.53,45,-0.40441,138.62,0
3.0155,0.60781,2.5857,3.0155,3.4453,3.2785,0,3.2785,3.2785,3.2785,1.025,0,1.025,1.025,1.025,0.36667,0.066667,0.31667,0.36667,0.41667,326.72,353.91,244.69,395.31,91.889,31,-0.50476,92.192,0
2.4236,0.35834,2.1762,2.5416,2.671,2.4384,0.11122,2.3544,2.4809,2.5118,0.9075,0.25412,0.84063,0.9625,1.0281,0.32667,0.10111,0.26667,0.36667,0.38333,442.03,342.19,298.12,360.16,145.02,60,-0.12486,145.41,0
1.5169,0.30083,1.295,1.4821,1.7387,1.4523,0.36765,1.1735,1.4821,1.7237,0.6775,0.28193,0.4875,0.8625,0.8625,0.25333,0.13864,0.15833,0.33333,0.34167,288.28,394.53,376.88,368.75,92.269,61,-0.29101,92.585,0
1.897,0.24022,1.7407,1.7989,2.0778,1.8551,0.28409,1.6542,1.8551,2.056,0.63125,0.24163,0.4625,0.71875,0.8,0.20833,0.10319,0.13333,0.23333,0.28333,282.19,363.28,364.69,341.41,85.351,45,-0.26515,85.364,0
1.6802,1.2821,0.72099,1.1979,2.7808,1.6823,1.2914,0.52333,1.2994,2.9026,0.68472,0.17741,0.71875,0.7625,0.7625,0.21852,0.066898,0.2,0.23333,0.26667,456.09,345.31,271.88,421.09,199.2,121,-0.41137,202.74,0
4.3726,0.20989,4.2164,4.3089,4.5435,4.1368,0.19036,3.9807,4.1089,4.293,0.86458,0.24321,0.8875,0.8875,1.0625,0.33333,0.086923,0.33333,0.35,0.4,424.22,349.22,136.41,497.66,323.84,75,-0.51574,327.95,0
3.3342,0.32093,3.237,3.4756,3.5002,3.2542,0.068797,3.2039,3.269,3.3045,0.81042,0.2572,0.75,0.825,1.05,0.33889,0.12722,0.3,0.38333,0.43333,404.06,348.44,182.34,457.81,247.23,75,-0.49331,250.06,0
2.7331,0.28644,2.5306,2.7331,2.9357,2.7724,0,2.7724,2.7724,2.7724,0.63333,0.32843,0.38438,0.75,0.85312,0.23333,0.1453,0.125,0.3,0.325,350.16,328.91,272.34,361.72,84.448,31,-0.42169,84.524,0
3.9699,0.12399,3.8822,3.9699,4.0575,3.7898,0,3.7898,3.7898,3.7898,0.8625,1.3597e-16,0.8625,0.8625,0.8625,0.35556,0.10184,0.28333,0.33333,0.43333,335.16,360.16,228.28,401.56,114.62,29,-0.38743,115.21,0
2.0731,0.33331,1.7966,2.1141,2.3497,1.9795,0.392,1.6882,2.1653,2.2244,0.69,0.29214,0.47188,0.8875,0.8875,0.25333,0.1169,0.19167,0.26667,0.34167,284.53,321.88,402.66,295.31,121.07,58,-0.22487,121.2,0
1.5551,0.44901,1.2599,1.4159,1.8502,1.228,0.12705,1.1322,1.2321,1.3227,0.8075,0.33976,0.59688,1.025,1.025,0.26,0.12561,0.16667,0.33333,0.34167,380.62,338.28,294.38,371.09,92.281,60,-0.38043,93.304,0
2.2748,0.69726,1.7175,2.4705,2.7145,2.3046,0.54583,1.7953,2.4087,2.5692,0.67344,0.18915,0.5625,0.73125,0.825,0.24583,0.081528,0.18333,0.25,0.3,88.125,702.34,303.75,795.31,234.81,105,0.43116,238.85,0
1.8289,0.43529,1.5359,1.8721,2.2067,1.8395,0.27645,1.6336,1.9236,2.0708,0.47656,0.17506,0.3875,0.46875,0.61875,0.16667,0.07127,0.11667,0.15,0.23333,100.31,668.75,308.91,688.28,209.51,119,0.093633,211.67,0
2.0518,0.30442,2.0253,2.1054,2.2285,2.0312,0.14024,1.9095,2.0468,2.1243,0.42143,0.13782,0.29375,0.425,0.54688,0.14286,0.062994,0.13333,0.13333,0.18333,112.5,662.5,291.09,694.53,181.44,89,0.17935,182.64,0
1.4826,0.25744,1.2365,1.5763,1.7103,1.4315,0.24171,1.273,1.4727,1.6642,0.55781,0.19582,0.45,0.5875,0.7375,0.15833,0.070711,0.11667,0.18333,0.2,124.69,550,277.5,532.03,153.87,104,-0.11759,153.92,0
1.5681,0.35427,1.3106,1.6498,1.8488,1.5445,0.24074,1.44,1.5524,1.7363,0.61591,0.1461,0.5,0.7125,0.7125,0.22727,0.068017,0.175,0.26667,0.26667,101.25,650.78,332.81,679.69,233.36,150,0.12483,235.09,0
1.7961,0.34645,1.6594,1.7514,2.0871,1.7793,0.24211,1.5807,1.7313,2.0269,0.50313,0.14027,0.38125,0.5375,0.625,0.17083,0.045207,0.13333,0.18333,0.2,114.38,683.59,292.03,742.19,187.07,105,0.32982,188.02,0
1.8369,0.31626,1.5013,1.8623,2.0007,1.7842,0.28916,1.5823,1.7906,1.9728,0.73036,0.18127,0.725,0.725,0.8625,0.28571,0.069007,0.24167,0.3,0.33333,418.12,674.22,262.03,696.09,157.62,90,-0.14014,164.51,0
1.253,0.14401,1.1537,1.3,1.3523,1.2581,0.050614,1.2202,1.2803,1.2904,0.5775,0.13846,0.5125,0.5625,0.7,0.2,0.040825,0.16667,0.2,0.21667,420,534.38,328.12,558.59,95.013,75,-0.26361,95.286,0
2.0466,0.1393,1.9288,2.0902,2.1577,1.959,0.096979,1.8886,1.9745,2.0295,0.46042,0.096959,0.5,0.5,0.5,0.17778,0.065546,0.16667,0.18333,0.2,401.25,556.25,263.91,624.22,153.24,75,-0.49488,153.5,0
2.6955,0.31245,2.4343,2.7574,2.8927,2.6081,0.26271,2.4453,2.6072,2.7709,0.75,0.21535,0.725,0.8625,0.8625,0.25556,0.062063,0.26667,0.26667,0.3,406.88,479.69,225.94,567.97,201.33,75,-0.48791,202.17,0
3.8666,1.2911,2.8103,3.951,4.9634,4.0151,1.0313,3.2341,4.1899,4.796,0.75417,0.28687,0.6375,0.825,1,0.28889,0.13931,0.23333,0.33333,0.4,425.62,423.44,164.06,543.75,287.91,75,-0.45998,289.99,0
4.332,0.40337,4.0468,4.332,4.6172,3.739,0,3.739,3.739,3.739,0.83333,0.26702,0.64063,0.9875,0.9875,0.26667,0.1,0.19167,0.26667,0.34167,302.34,444.53,189.38,508.59,129.87,30,-0.56708,129.96,0
3.8049,0.57837,3.3646,3.9848,4.2001,3.9254,0.11435,3.8445,3.9254,4.0062,0.6625,0.2,0.5625,0.7625,0.7625,0.225,0.063099,0.18333,0.25,0.26667,420,417.19,216.56,495.31,217.92,60,-0.38402,218.59,0
2.6924,0.39087,2.576,2.8377,2.9104,2.4687,0.41819,2.2321,2.6233,2.7426,0.49464,0.18227,0.37813,0.5,0.65,0.17619,0.083254,0.11667,0.2,0.23333,160.31,653.12,391.88,671.09,232.26,89,0.077598,239.49,0
2.9927,0.070639,2.9357,2.9888,3.0497,2.7788,0.08408,2.7227,2.7486,2.8425,0.435,0.15522,0.32812,0.5375,0.5375,0.13333,0.062361,0.10833,0.13333,0.175,165.94,682.81,337.97,650.78,174.99,59,-0.18619,176.65,0
3.3031,0.11586,3.2212,3.3031,3.385,3.1703,0,3.1703,3.1703,3.1703,0.49583,0.18042,0.36562,0.6,0.6,0.14444,0.050918,0.10833,0.13333,0.18333,212.81,645.31,310.31,629.69,98.744,30,-0.16026,99.093,0
2.7776,0.37853,2.5108,2.6887,3.0667,2.7993,0.38743,2.5253,2.7993,3.0732,0.54688,0.10625,0.49375,0.6,0.6,0.2,0.04714,0.16667,0.21667,0.23333,207.66,634.38,379.22,615.62,172.58,60,-0.10929,172.88,0
2.1655,0.64944,1.7693,2.1635,2.6644,2.2215,0.46841,1.8061,2.2337,2.588,0.67679,0.21108,0.61875,0.7875,0.7875,0.25238,0.092009,0.21667,0.3,0.3,164.53,545.31,356.25,527.34,192.56,90,-0.093725,193.1,0
2.2949,0.33791,2.1088,2.3582,2.5168,2.2779,0.16838,2.1583,2.2506,2.3975,0.49375,0.10717,0.5375,0.5375,0.5375,0.17778,0.065546,0.13333,0.2,0.23333,198.28,532.03,369.84,520.31,171.96,75,-0.068306,172.12,0
2.893,0.24489,2.7063,2.9646,3.0617,2.8432,0.075261,2.79,2.8432,2.8964,0.75937,0.18125,0.66875,0.85,0.85,0.3,0.090267,0.25,0.33333,0.35,388.12,457.03,270.47,508.59,128.46,45,-0.43825,130.18,0
4.0506,0.25685,3.8627,4.0203,4.246,3.8997,0.23689,3.7322,3.8997,4.0672,0.83125,0.2375,0.7125,0.95,0.95,0.3,0.10541,0.21667,0.31667,0.38333,416.72,466.41,245.16,517.19,178.92,45,-0.29599,182.28,0
3.0457,0.23336,2.9006,2.9744,3.2784,2.7853,0.23082,2.635,2.7635,2.9356,0.80417,0.28893,0.7625,0.9125,0.9125,0.30556,0.14517,0.26667,0.35,0.4,416.25,465.62,197.34,538.28,230.65,76,-0.33191,231.37,0
2.4625,0.32226,2.2281,2.6408,2.6524,2.1891,0.38836,1.9145,2.1891,2.4637,0.62813,0.30676,0.41875,0.74375,0.8375,0.26667,0.16997,0.15,0.3,0.38333,351.09,468.75,247.97,507.03,110,45,-0.37121,110.81,0
3.7175,0.33017,3.4653,3.7946,3.9504,3.7031,0.076918,3.6487,3.7031,3.7575,0.74375,0.2375,0.625,0.8625,0.8625,0.28333,0.11055,0.2,0.31667,0.36667,405.94,458.59,198.75,525.78,217.81,61,-0.32428,221.42,0
2.8183,0.38685,2.4762,2.9692,3.118,2.7235,0.30139,2.5955,2.8072,2.9342,0.47344,0.11049,0.5125,0.5125,0.5125,0.15,0.059094,0.13333,0.15,0.18333,99.375,576.56,388.12,561.72,289.13,104,-0.051407,292.7,0
2.7624,0.2644,2.5863,2.7961,2.9386,2.4775,0.21417,2.3175,2.5736,2.6134,0.4475,0.11739,0.43438,0.5,0.5,0.16,0.054772,0.14167,0.16667,0.2,181.41,632.81,348.75,622.66,167.65,61,-0.060691,168.16,0
2.2433,0.11122,2.1485,2.2441,2.3381,2.1135,0.12125,2.0218,2.1595,2.1936,0.4325,0.12298,0.41875,0.4875,0.4875,0.12,0.060553,0.083333,0.13333,0.15,190.78,636.72,322.5,629.69,131.91,59,-0.053381,132.24,0
2.993,0.29941,2.8054,3.0138,3.1806,2.6788,0.25618,2.4888,2.8025,2.8379,0.4025,0.10621,0.39063,0.45,0.45,0.14,0.064118,0.10833,0.16667,0.175,149.53,650.78,325.78,625.78,178.01,60,-0.14184,179.58,0
2.0601,0.49836,1.757,2.2814,2.3805,2.1028,0.25334,1.9725,2.2163,2.2546,0.57679,0.14585,0.525,0.675,0.675,0.19524,0.062148,0.16667,0.16667,0.25833,139.22,441.41,322.03,428.12,183.29,90,-0.07265,185.41,0
1.8311,0.20802,1.7213,1.8131,2.0339,1.7698,0.15612,1.6613,1.7166,1.9125,0.54286,0.1517,0.48438,0.625,0.625,0.20476,0.075593,0.175,0.2,0.25833,185.62,516.41,346.88,494.53,162.73,91,-0.13566,166.02,0
3.3062,0.91793,2.5553,3.4727,4.0571,3.4745,0.60864,3.0201,3.7501,3.8599,0.61,0.089443,0.6,0.65,0.65,0.21333,0.038006,0.19167,0.2,0.24167,433.59,460.94,250.78,535.94,197.6,60,-0.41026,198.37,0
3.5779,0.338,3.2993,3.6109,3.8565,3.3846,0.40014,3.0832,3.5456,3.6458,0.7775,0.23056,0.69688,0.8,0.95,0.3,0.097183,0.25833,0.33333,0.36667,395.62,461.72,205.78,553.91,211.04,60,-0.4856,214.67,0
3.0698,0.54532,2.6282,2.9596,3.5114,3.0294,0.55089,2.6168,3.0255,3.4431,0.8825,0.20684,0.85938,0.975,0.975,0.38667,0.098883,0.33333,0.4,0.45,375.94,460.94,198.75,522.66,187.63,62,-0.34832,189.48,0
2.6852,0.27899,2.486,2.6297,2.8982,2.6479,0.24813,2.4724,2.6479,2.8233,0.84063,0.16875,0.75625,0.925,0.925,0.39167,0.10672,0.33333,0.43333,0.45,376.41,445.31,251.25,460.94,126.13,47,-0.12484,126.45,0
2.7537,0.4416,2.4414,2.7537,3.0659,2.9084,0,2.9084,2.9084,2.9084,0.8,1.3597e-16,0.8,0.8,0.8,0.41111,0.10184,0.33333,0.43333,0.48333,378.75,596.09,298.59,624.22,84.947,31,-0.35088,85.051,0
3.4607,0.28929,3.2402,3.5028,3.6707,3.3929,0.14177,3.2926,3.3929,3.4931,0.70313,0.25132,0.5375,0.7625,0.86875,0.30833,0.1198,0.23333,0.35,0.38333,382.97,581.25,232.03,617.97,155.34,45,-0.24327,155.73,0
3.1332,0.29001,2.9118,3.2038,3.337,2.8033,0.26748,2.6142,2.8033,2.9925,0.75313,0.33407,0.49375,0.84375,1.0125,0.30833,0.14498,0.21667,0.35,0.4,265.78,529.69,412.97,525,147.26,47,-0.031847,147.4,0
4.0336,0.7591,3.436,4.1918,4.6312,4.1059,0.42778,3.7884,4.3112,4.3721,0.675,0.12717,0.60312,0.6375,0.8,0.28667,0.050552,0.23333,0.3,0.33333,364.69,664.06,137.81,744.53,240.72,60,-0.35468,242.02,0
3.0371,0.96309,2.3248,3.6106,3.8279,3.0842,0.72646,2.2215,3.4651,3.588,0.6375,0.10877,0.6,0.60625,0.75,0.3,0.092582,0.25,0.3,0.36667,419.53,660.16,110.16,739.84,319.47,106,-0.25758,321.43,0
2.4781,0.25796,2.2938,2.5149,2.6807,2.2477,0.23048,2.0806,2.2277,2.4603,0.6375,0.22981,0.49375,0.6625,0.825,0.24286,0.10131,0.2,0.23333,0.325,233.44,652.34,450.94,620.31,219.85,89,-0.14727,220.74,0
1.0661,0.7468,0.40708,1.0326,1.7645,1.0147,0.74479,0.37894,1.0672,1.6719,0.57812,0.094917,0.5625,0.5625,0.63125,0.25,0.0482,0.23333,0.26667,0.26667,231.56,641.41,405,619.53,174.81,166,-0.12613,177.66,0
2.7732,0.67165,2.2983,2.7732,3.2482,2.0818,0,2.0818,2.0818,2.0818,0.47083,0.15877,0.35625,0.5625,0.5625,0.16667,0.057735,0.13333,0.13333,0.20833,221.25,654.69,301.41,632.81,83.088,30,-0.2729,83.197,0
2.9019,0.16136,2.7787,2.9417,3.0151,2.7985,0.084132,2.739,2.7985,2.858,0.52813,0.23394,0.34375,0.5875,0.7125,0.15833,0.073912,0.1,0.16667,0.21667,221.72,657.81,348.75,631.25,129.78,45,-0.2091,130.58,0
2.9835,0.78546,2.3847,3.2089,3.5259,2.639,1.0906,1.8678,2.639,3.4102,0.49375,0.2125,0.3375,0.5625,0.65,0.175,0.10319,0.1,0.2,0.25,264.38,628.12,395.62,613.28,132.09,45,-0.1131,132.73,0
1.9886,0.83099,1.2735,2.1506,2.4999,1.7799,0.88291,1.0281,1.8495,2.4497,0.6,0.15729,0.5625,0.7,0.7,0.2381,0.082616,0.2,0.23333,0.31667,252.66,632.03,430.31,607.03,179.41,91,-0.14072,180.22,0
1.9938,0.34911,1.7469,1.9938,2.2406,1.5976,0,1.5976,1.5976,1.5976,0.47083,0.18042,0.34063,0.575,0.575,0.14444,0.069389,0.091667,0.16667,0.19167,307.5,621.88,366.56,612.5,59.802,30,-0.15873,59.814,0
2.1621,0.60207,1.6153,2.3842,2.5576,2.2113,0.41115,2.0022,2.3511,2.448,0.73571,0.14531,0.7,0.7,0.8625,0.3,0.063828,0.25,0.3,0.35833,209.06,647.66,402.19,610.16,196.73,92,-0.19417,197.5,0
1.3379,0.277,1.0808,1.4721,1.56,1.2077,0.27016,0.90122,1.3084,1.4127,0.54375,0.12374,0.5875,0.5875,0.5875,0.19583,0.062836,0.18333,0.2,0.23333,305.62,625.78,444.84,613.28,139.78,105,-0.089787,140.04,0
2.793,0.2946,2.6549,2.8396,2.9871,2.5211,0.27537,2.3476,2.6079,2.6947,0.68125,0.17352,0.6125,0.7375,0.8125,0.25,0.062361,0.23333,0.26667,0.3,150.47,615.62,354.38,584.38,206.29,74,-0.15326,206.7,0
1.6723,0.15143,1.5681,1.6571,1.7661,1.5155,0.10491,1.4572,1.4995,1.5811,0.66562,0.16794,0.725,0.725,0.725,0.275,0.090414,0.26667,0.3,0.33333,250.78,600.78,423.75,588.28,173.42,105,-0.072267,175.6,0
2.8719,0.50808,2.5787,3.0568,3.2478,2.696,0.59319,2.3466,2.9521,3.0454,0.725,0.28174,0.6,0.8875,0.8875,0.28333,0.1278,0.26667,0.33333,0.36667,420.94,605.47,226.41,682.81,209.34,75,-0.39759,216.41,0
2.2438,0.11541,2.1764,2.2864,2.3112,2.0786,0.13815,1.975,2.1382,2.1673,0.725,0.1118,0.7125,0.775,0.775,0.27333,0.043461,0.25,0.3,0.3,356.72,612.5,228.28,650,133.8,60,-0.29197,134.63,0
3.6083,0.35659,3.4551,3.667,3.7883,3.3547,0.41037,3.0946,3.4141,3.6147,0.70208,0.18104,0.6625,0.8,0.8,0.26111,0.068041,0.26667,0.26667,0.3,425.62,595.31,175.78,689.06,266.85,75,-0.37523,270.62,0
4.0944,0.52016,3.7001,4.1343,4.4786,4.1075,0.29731,3.8973,4.1075,4.3178,0.82188,0.15625,0.74375,0.9,0.9,0.31667,0.043033,0.28333,0.31667,0.35,391.88,581.25,219.38,642.19,182.95,45,-0.35326,184.25,0
2.8251,0.18771,2.7105,2.8137,2.9398,2.7092,0.14729,2.6169,2.6399,2.8187,0.725,0,0.725,0.725,0.725,0.32667,0.054772,0.30833,0.33333,0.36667,345.47,590.62,188.44,651.56,168.44,60,-0.38806,169.51,0
2.9263,0.605,2.5109,2.8139,3.3417,2.7953,0.72969,2.2695,2.6717,3.3521,0.64,0.13416,0.625,0.7,0.7,0.26667,0.033333,0.23333,0.26667,0.3,359.53,599.22,189.84,656.25,179.02,62,-0.3361,179.55,0
2.9337,0.23667,2.7393,2.913,3.1531,2.7913,0.21673,2.579,2.8783,2.9637,0.70893,0.16704,0.6375,0.825,0.825,0.29048,0.059982,0.275,0.3,0.33333,407.34,585.16,160.31,677.34,263.67,91,-0.37318,266.8,0
3.4677,0.39612,3.1266,3.4886,3.8089,3.3247,0.43594,3.0072,3.5645,3.5822,0.685,0.20661,0.57188,0.8125,0.8125,0.29333,0.086281,0.24167,0.3,0.35,412.03,577.34,211.41,628.91,207.15,60,-0.25701,208.06,0
1.5138,0.26983,1.3151,1.426,1.7115,1.3532,0.22724,1.2014,1.2949,1.4103,0.40694,0.054167,0.425,0.425,0.425,0.16296,0.045474,0.13333,0.16667,0.2,107.34,682.03,285,655.47,179.63,119,-0.14952,180.14,0
2.3038,0.36888,2.0429,2.3038,2.5646,2.4284,0,2.4284,2.4284,2.4284,0.45833,0.11547,0.375,0.525,0.525,0.15556,0.03849,0.13333,0.13333,0.18333,278.91,644.53,347.34,636.72,68.882,30,-0.11416,69.113,0
2.2877,0.31632,2.0163,2.2996,2.5592,2.0318,0.29406,1.8474,1.8941,2.2506,0.5325,0.15093,0.51563,0.6,0.6,0.2,0.04714,0.18333,0.2,0.21667,301.41,646.09,441.09,641.41,139.77,61,-0.033557,139.85,0
2.7711,0.91589,2.2032,2.3271,3.4501,2.0395,0.04624,2.0068,2.0395,2.0722,0.525,0.2,0.425,0.625,0.625,0.19167,0.087665,0.13333,0.21667,0.25,302.34,651.56,426.09,636.72,124.64,45,-0.11995,124.7,0
1.8821,0.10976,1.8049,1.8555,1.9659,1.8076,0.10093,1.7363,1.8076,1.879,0.48125,0.1875,0.3875,0.575,0.575,0.18333,0.079349,0.13333,0.21667,0.23333,359.53,642.19,443.91,635.16,84.667,45,-0.083333,84.694,0
2.5007,0.50879,2.1409,2.5007,2.8604,2.7653,0,2.7653,2.7653,2.7653,0.44583,0.20207,0.3,0.5625,0.5625,0.17778,0.10184,0.1,0.2,0.25,342.66,661.72,460.31,655.47,117.82,45,-0.053121,117.93,0
2.5879,0.33548,2.3318,2.669,2.8239,2.3845,0.48514,2.0414,2.3845,2.7275,0.55625,0.1875,0.4625,0.65,0.65,0.19167,0.041944,0.16667,0.2,0.21667,352.97,663.28,469.22,657.81,116.38,45,-0.047043,116.46,0
3.0331,0.53577,2.7309,2.8352,3.3354,2.5601,0.16133,2.4425,2.6483,2.6556,0.52,0.067082,0.5125,0.55,0.55,0.18,0.044721,0.13333,0.2,0.20833,382.03,652.34,210.94,699.22,177.4,59,-0.27397,178.16,0
3.0593,0.62217,2.8679,3.2013,3.3566,2.7889,0.70622,2.3672,2.9478,3.2105,0.54583,0.1633,0.6125,0.6125,0.6125,0.18889,0.080737,0.2,0.2,0.23333,361.88,649.22,147.66,722.66,226.46,74,-0.34282,227.44,0
2.4864,0.36561,2.1948,2.5533,2.778,2.4803,0.2226,2.3112,2.5535,2.6312,0.5225,0.14534,0.50625,0.5875,0.5875,0.16667,0.070711,0.11667,0.16667,0.23333,360.47,666.41,215.62,701.56,149.05,60,-0.24272,149.18,0
3.4216,0.3899,3.1256,3.4587,3.7084,3.4094,0.21447,3.2578,3.4094,3.5611,0.55937,0.13125,0.49375,0.625,0.625,0.21667,0.043033,0.18333,0.21667,0.25,342.19,655.47,196.41,703.91,153.62,45,-0.33226,153.97,0
2.9479,0.59508,2.5232,3.0721,3.3726,3.035,0.26388,2.8366,3.0386,3.2324,0.5675,0.12857,0.55312,0.625,0.625,0.21333,0.038006,0.19167,0.2,0.24167,368.91,655.47,200.16,706.25,176.23,60,-0.30093,176.87,0
3.6293,0.6476,3.1573,3.6325,4.1014,3.643,0.48962,3.2803,3.6117,4.0136,0.53,0.18448,0.50938,0.6125,0.6125,0.18,0.083666,0.15833,0.2,0.23333,372.19,655.47,165,720.31,217.1,60,-0.31297,217.76,0
2.8615,0.44759,2.6078,2.7051,3.1152,2.4478,0.14436,2.3409,2.5186,2.537,0.5125,0,0.5125,0.5125,0.5125,0.16667,0.033333,0.13333,0.16667,0.2,369.38,673.44,204.38,720.31,171.53,60,-0.28409,171.69,0
3.1702,0.32509,2.9423,3.1581,3.3982,2.825,0.24289,2.6407,2.9089,2.9884,0.5975,0.15472,0.525,0.575,0.69687,0.28667,0.069121,0.26667,0.3,0.33333,440.62,649.22,259.69,705.47,189.48,60,-0.31088,190.21,0
