0.08097,0.25522,0.028001,0.060933,0.22651,0.15092,0.19596,0.030915,0.10231,0.18726,0.13354,0.006558,0.13446,0.14334,0.13836,0.075664,0.0085451,0.082761,0.08069,0.068788,91.138,521.16,61.174,419.84,160.88,4679.6,0.1844,218.58,0,1
0.19034,0.071792,0.16218,0.23284,0.19687,0.20722,0.0079974,0.16318,0.2715,0.18649,0.12173,0.011235,0.10647,0.13206,0.10997,0.044134,0.011251,0.031402,0.067568,0.056072,374.81,386.17,394.44,260.36,118.02,91.815,0.15012,88.435,1,1
0.20954,0.20586,0.20245,0.20351,0.42731,0.28008,0.083769,0.20895,0.28886,0.4056,0.074398,0.0050319,0.077251,0.095809,0.072908,0.045687,0.013937,0.027996,0.035417,0.046353,319.87,523.56,308.17,358.27,142.14,373.16,0.10003,138.69,1,1
0.41447,0.26868,0.29511,0.45469,0.7697,0.52855,0.040137,0.56268,0.5035,0.52106,0.089689,0.019968,0.079937,0.10155,0.099589,0.04066,0.013084,0.039646,0.047757,0.049645,306.61,473.19,363.82,288.33,193.09,767.4,0.2025,214.98,1,1
0.19734,0.10027,0.18498,0.23363,0.27537,0.23512,0.038561,0.18869,0.2336,0.23357,0.10167,0.021127,0.08739,0.10639,0.11862,0.043099,0.014763,0.036178,0.048993,0.043831,341.97,306.65,370.4,207.69,150.66,1024.9,0.046044,181.3,0,1
0.26159,0.056909,0.16904,0.23487,0.34627,0.20889,0.0051903,0.13604,0.15762,0.34605,0.11566,0.018431,0.093353,0.12702,0.13975,0.057844,0.018512,0.045125,0.065548,0.078895,359.92,543.78,378.51,484.88,112.24,2.2759,0.12559,92.453,1,1
0.16768,0.092434,0.083342,0.19076,0.14959,0.10186,0.038742,0.096349,0.16072,0.18435,0.098991,0.040354,0.073832,0.11626,0.12564,0.040221,0.023715,0.023648,0.040414,0.066003,456.73,238.89,462.26,107.2,145.02,310.17,0.036269,161.14,1,1
0.50883,0.57594,0.11548,0.28216,0.64389,0.3579,0.44786,0.17712,0.52519,0.99035,0.12971,0.036615,0.1171,0.12762,0.14825,0.073178,0.027565,0.084182,0.078951,0.081212,154.43,530.6,145.4,385.22,312.55,1629,0.27968,474.18,1,1
0.2869,0.22031,0.12009,0.28966,0.32128,0.39881,0.11491,0.2791,0.48517,0.53899,0.094257,0.024925,0.087602,0.10208,0.083668,0.045662,0.018439,0.043938,0.057423,0.066012,295.63,577.49,330.78,485.6,188.85,1231.3,0.15158,166.63,1,1
0.18698,0.14434,0.15907,0.20907,0.26369,0.33798,0.054271,0.2216,0.23244,0.36315,0.081155,0.021127,0.06907,0.082482,0.086966,0.045415,0.016035,0.022519,0.03828,0.05445,420.71,277,441.04,189.58,113.69,1443.6,0.062659,155.12,1,1
0.32553,0.18791,0.34412,0.40356,0.61923,0.4802,0.091126,0.37392,0.40522,0.48989,0.090844,0.0085626,0.096672,0.10754,0.10414,0.039278,0.011013,0.042269,0.039572,0.054589,185.63,438.89,162.19,300.91,181.37,957.07,0.024179,255.71,0,1
0.18702,0.16188,0.078943,0.13702,0.34238,0.1765,0.27891,0.12018,0.13537,0.29327,0.11839,0.018307,0.12156,0.11255,0.11742,0.059845,0.017149,0.064788,0.064349,0.067976,369.82,522.81,394.58,355.14,227.56,4402.7,0.10584,273.49,1,1
0.29148,0.2194,0.11333,0.22358,0.40498,0.26819,0.17089,0.14878,0.26967,0.48979,0.13171,0.04441,0.11346,0.14788,0.153,0.067006,0.023969,0.040956,0.065523,0.076765,373.08,475.62,400.95,486.66,140.57,38.559,0.13199,155.98,1,1
0.20288,0.0087641,0.054154,0.062802,0.076022,0.10994,0.0015199,0.019893,0.064052,0.080072,0.18542,0.041488,0.17547,0.19041,0.19812,0.087556,0.02072,0.06437,0.08847,0.10183,440.06,426.06,444.55,498.51,50.998,0.0019356,0.051573,49.589,1,1
0.4062,0.55495,0.16152,0.35941,0.80513,0.56833,0.35209,0.3627,0.51189,0.66578,0.097141,0.01191,0.11182,0.10456,0.093902,0.051013,0.016269,0.061966,0.059984,0.062065,254.53,598.84,245.12,449.36,299.79,5682.1,0.12016,394.42,1,1
0.44471,0.095245,0.23094,0.37752,0.46283,0.34511,0.0078561,0.357,0.52659,0.3932,0.16334,0.031598,0.14241,0.17188,0.17791,0.076924,0.022722,0.060743,0.0734,0.095249,390.19,635.49,412.54,585.9,219.33,0.85876,0.15294,172.76,1,1
0.61052,0.32134,0.36783,0.61608,0.80961,0.68629,0.080054,0.41549,0.53369,0.87428,0.10682,0.033225,0.085185,0.13643,0.13448,0.061587,0.022111,0.054781,0.059462,0.076409,309.5,565.67,325.81,496.24,264.75,115.07,0.29732,292.59,1,1
0.022471,0.0059511,0.032561,0.025489,0.022435,0.034414,0.0018835,0.01155,0.020661,0.018666,0.070414,0.0062556,0.067556,0.082156,0.081093,0.028894,0.0066686,0.02317,0.033253,0.036829,437.59,310.58,457.42,181.96,80.194,822.3,0.019772,87.257,1,1
0.32892,0.1308,0.20554,0.35045,0.38481,0.38036,0.055302,0.31937,0.45561,0.15899,0.11969,0.03335,0.089933,0.13635,0.13544,0.055826,0.023104,0.034745,0.061811,0.071322,420.64,217.75,426.7,171.91,163.59,212.68,0.074076,177.59,1,1
0.7423,0.76397,0.31962,0.69591,1.2101,0.76068,0.48234,0.3824,0.66486,1.1076,0.086642,0.015924,0.070429,0.090897,0.093127,0.05262,0.023345,0.048702,0.037886,0.066134,162.7,660.69,87.539,477.51,394.47,2351.3,0.30834,522.96,1,1
0.50543,0.40696,0.2854,0.51891,0.76434,0.4684,0.26002,0.28995,0.56356,0.64934,0.10748,0.019078,0.096109,0.11496,0.11866,0.052856,0.019054,0.054318,0.059773,0.063504,318.34,628.43,265.21,418.88,333.61,1673.4,0.25053,330.55,1,1
0.10189,0.1735,0.057947,0.1293,0.2015,0.16122,0.1185,0.084239,0.12759,0.17483,0.12755,0.0080126,0.14307,0.13451,0.12524,0.060552,0.012335,0.072165,0.068793,0.066926,260.68,461.05,269,371.48,180.25,4859.9,0.028994,238.38,1,1
0.21839,0.28379,0.077582,0.18559,0.52545,0.24617,0.35505,0.057335,0.1411,0.44656,0.1047,0.0092947,0.10053,0.10361,0.10942,0.055955,0.016789,0.06028,0.0644,0.055973,198.89,484.6,174.65,495.75,187.88,2760.8,0.15885,288.59,1,1
0.37409,0.18961,0.26755,0.37377,0.48178,0.40479,0.070412,0.43776,0.22001,0.45958,0.088973,0.010762,0.088894,0.086755,0.08325,0.046365,0.011493,0.031108,0.046443,0.056702,409.53,470.15,430.89,210.47,297.33,1642.9,0.030542,244.19,1,1
0.53715,0.20989,0.29192,0.57073,0.67062,0.54468,0.039396,0.48166,0.6012,0.50202,0.077875,0.0087468,0.05806,0.077189,0.075899,0.043497,0.015067,0.031467,0.038524,0.04314,279.19,551.83,285.42,461.82,199.53,203.1,0.12967,169.21,1,1
0.64692,0.52931,0.36379,0.68547,0.81445,0.82953,0.16608,0.85695,0.91376,0.91233,0.10158,0.023114,0.084692,0.1115,0.10893,0.037631,0.020618,0.03426,0.053331,0.054997,222.56,442.54,222.96,330.06,269.07,455.34,0.055851,335.75,1,1
0.10828,0.10766,0.013901,0.04551,0.11656,0.10135,0.30629,0.056253,0.060997,0.23392,0.087612,0.036673,0.094262,0.096346,0.10918,0.048024,0.022162,0.041254,0.054205,0.063058,432.03,169.47,428.21,309.11,79.938,372.02,0.29631,178.3,1,1
0.78795,0.39059,0.36019,0.70031,1.0229,0.84977,0.029281,0.79481,0.79849,0.96511,0.10456,0.029473,0.084405,0.11531,0.13828,0.059905,0.025691,0.050717,0.074756,0.07807,308.26,664.9,344.65,535.88,240.9,28.693,0.11125,263.3,1,1
0.21744,0.24835,0.10586,0.21801,0.41732,0.18237,0.16503,0.1035,0.1815,0.46132,0.097263,0.029924,0.10139,0.12004,0.13876,0.070997,0.022166,0.060207,0.062222,0.075293,208.74,392.09,261.07,262.37,234.21,3021.4,0.17916,306,0,1
0.087939,0.12982,0.092837,0.088447,0.18996,0.19791,0.07657,0.10048,0.1536,0.20736,0.089644,0.0049352,0.096231,0.089938,0.077361,0.050139,0.007238,0.03441,0.038915,0.046318,399.66,353,407.31,208.92,154.45,2628.9,0.014166,223.06,1,1
0.10344,0.11081,0.051139,0.13168,0.17493,0.086228,0.10635,0.043011,0.13669,0.19203,0.0889,0.013188,0.10012,0.092179,0.084242,0.059887,0.013534,0.03477,0.038379,0.050245,377.17,198.33,402.42,277.34,78.357,929.5,0.027432,137.63,1,1
0.70267,0.32743,0.46085,0.72088,0.95821,0.83726,0.019941,0.60672,0.85419,0.80313,0.11222,0.019517,0.093932,0.12629,0.11909,0.070288,0.020837,0.059414,0.072713,0.079563,195.34,664.48,227.19,530.68,287.9,32.051,0.25967,301.59,1,1
0.0125,0.011325,0.0067524,0.0146,0.023948,0.01045,0.011187,0.0071678,0.014694,0.013634,0.13461,0.019139,0.13548,0.15383,0.1531,0.077202,0.016163,0.062823,0.074914,0.071684,306.89,144.04,344.57,203.99,50.142,3336.9,0.044315,82.425,0,1
0.29154,0.1235,0.14628,0.25425,0.30519,0.30366,0.11211,0.22759,0.39386,0.36944,0.1041,0.015535,0.099073,0.11771,0.11995,0.057573,0.020038,0.053346,0.071476,0.07705,93.452,339.88,123.33,154.19,161.11,1313.9,0.060004,268.91,0,1
0.045274,0.027359,0.031949,0.035622,0.071279,0.049234,0.02314,0.034158,0.052489,0.062588,0.095437,0.021532,0.079932,0.1178,0.1138,0.039489,0.015986,0.029978,0.039842,0.063704,397.84,244.8,395.54,337.12,28.313,67.186,0.07281,42.62,1,1
0.50784,0.38299,0.18497,0.33622,0.79108,0.74625,0.44744,0.33418,0.43975,0.8393,0.12255,0.035109,0.11047,0.11978,0.13425,0.050313,0.025269,0.038035,0.051089,0.057491,343.47,473.94,354.82,461.02,219.54,503.55,0.19235,339.31,1,1
0.10932,0.15442,0.1486,0.17403,0.26023,0.12827,0.093759,0.097397,0.10754,0.17863,0.089928,0.006782,0.079047,0.093114,0.085033,0.042039,0.012238,0.026618,0.045509,0.049027,283.91,201.76,362.36,132.54,108.86,1055,0.02721,168.54,1,1
0.34364,0.27047,0.17874,0.39974,0.52307,0.33065,0.19902,0.1421,0.27251,0.52077,0.14453,0.011438,0.14443,0.14576,0.14725,0.065913,0.015118,0.070712,0.0602,0.080287,251.43,320.63,264.68,319.98,174.02,1109.2,0.021155,346.28,0,1
0.039929,0.020252,0.01064,0.031309,0.05317,0.038185,0.0030711,0.015543,0.029432,0.037967,0.17375,0.027536,0.15467,0.18533,0.191,0.087332,0.020539,0.081237,0.083453,0.10091,356.9,236.96,379.75,465.14,41.721,0.1484,0.18688,34.351,1,1
0.26186,0.13218,0.11587,0.20211,0.26833,0.14121,0.12997,0.12503,0.14036,0.29913,0.10909,0.034931,0.090055,0.11222,0.13277,0.055165,0.019619,0.032172,0.050614,0.061096,401.06,234.67,417.86,233.77,119.23,450.35,0.020399,173.02,1,1
0.028026,0.10395,0.0056688,0.0095585,0.067333,0.031987,0.34988,0.0042535,0.02679,0.11688,0.1174,0.034621,0.09822,0.13131,0.1478,0.053474,0.01887,0.049608,0.073073,0.064858,164.01,457.61,139.46,489.7,79.499,4139.6,0.25163,124.17,1,1
0.13074,0.19534,0.07168,0.1181,0.35245,0.3261,0.12191,0.13466,0.16195,0.20922,0.089869,0.0057181,0.10514,0.093133,0.084956,0.0495,0.0091842,0.041837,0.049471,0.047606,391.07,393.93,398.1,316.24,158.74,2712.9,0.074189,173.95,1,1
0.38088,0.46487,0.084199,0.26927,0.56454,0.49644,0.4182,0.10379,0.35509,0.70507,0.11469,0.013839,0.11395,0.11539,0.10755,0.075231,0.021315,0.051075,0.064534,0.077947,209.99,228.26,167.1,354.75,116.99,1970,0.1287,294.79,0,1
0.055045,0.21366,0.012687,0.042257,0.20488,0.059276,0.15921,0.030914,0.048969,0.12577,0.11637,0.0038601,0.12335,0.11206,0.1149,0.073365,0.0090498,0.069798,0.071093,0.072555,304.26,516.5,318.18,532.06,145.43,5734.3,0.061884,224.74,1,1
0.071747,0.037466,0.047204,0.039282,0.087518,0.097691,0.12517,0.056868,0.057417,0.1018,0.090052,0.0131,0.08864,0.10033,0.10895,0.049649,0.010772,0.050201,0.050927,0.043797,152.43,562.97,158.11,472,63.19,555.28,0.075668,61.151,1,1
0.2048,0.34256,0.089077,0.19866,0.41413,0.35726,0.26189,0.11959,0.2703,0.39469,0.12669,0.012885,0.13194,0.13296,0.13063,0.070337,0.018905,0.069206,0.084417,0.083992,137.96,358.94,133.25,299.13,191.42,4366.3,0.092952,352.57,0,1
0.37251,0.21652,0.069956,0.22151,0.47782,0.30116,0.32721,0.16485,0.19299,0.48938,0.16149,0.05578,0.13971,0.17606,0.19018,0.073225,0.031025,0.065612,0.088239,0.10566,322.17,513.36,268.06,606.53,157.48,22.846,0.32181,199.34,1,1
0.31756,0.12134,0.19763,0.42928,0.42136,0.48322,0.01579,0.42447,0.488,0.41009,0.089743,0.013355,0.070956,0.091685,0.10149,0.053066,0.019228,0.042451,0.050305,0.07205,346.73,439.8,370.56,341.59,103.4,111.84,0.06666,59.709,1,1
0.13498,0.40781,0.026806,0.07173,0.44998,0.15973,0.40853,0.058141,0.11266,0.35974,0.12473,0.015556,0.12542,0.11887,0.11732,0.061913,0.017035,0.07174,0.074881,0.06628,337.84,707.97,378.5,520.53,341.77,7722.5,0.15409,411.65,1,1
0.25252,0.061954,0.20403,0.24357,0.20845,0.19547,0.018113,0.20281,0.1443,0.25199,0.078578,0.029071,0.062986,0.088421,0.096783,0.050133,0.021215,0.030025,0.036076,0.061478,417.26,486.42,451.18,213.48,205.54,1186.8,0.12077,193.7,1,1
0.060384,0.068563,0.041475,0.050014,0.1048,0.060722,0.03151,0.02624,0.06804,0.065136,0.10269,0.027028,0.098454,0.11732,0.1419,0.066284,0.018546,0.034721,0.051401,0.057744,356.39,112.17,420.58,146.78,53.902,447.07,0.13153,88.078,0,1
0.87834,0.82686,0.53929,0.88145,1.4115,1.3243,0.28001,1.2203,1.3091,1.4238,0.077863,0.020453,0.066967,0.085505,0.079178,0.040221,0.020662,0.032767,0.034823,0.049408,313.26,609.31,296.13,488.57,330.46,429.69,0.29111,425.71,1,1
0.20981,0.24718,0.23467,0.32726,0.4565,0.43437,0.13757,0.39186,0.41,0.49566,0.092508,0.026246,0.086853,0.0981,0.10951,0.057193,0.021288,0.038146,0.057442,0.060324,419.01,354.64,431.07,229.35,180.76,818.64,0.12332,172.31,1,1
0.16561,0.058511,0.084372,0.12402,0.16248,0.14585,0.023472,0.084404,0.075592,0.12367,0.12263,0.039862,0.1046,0.1512,0.14239,0.056013,0.022845,0.028881,0.049671,0.081155,454.66,225.52,463.63,232.95,125.51,85.982,0.095128,107.26,1,1
0.76928,0.49041,0.37881,0.74102,1.1158,0.94544,0.2176,0.46627,0.88843,0.91866,0.12829,0.028886,0.10882,0.11551,0.13415,0.06603,0.027292,0.054584,0.091976,0.091589,59.983,411.82,66.413,322.62,157.9,580.26,1.0222,377.74,0,1
0.16457,0.15037,0.10116,0.15248,0.22935,0.17481,0.13242,0.070233,0.22275,0.27391,0.094555,0.006208,0.089119,0.081952,0.084434,0.044434,0.0094144,0.043744,0.040481,0.062577,308.4,623.72,334.88,347.53,266.61,4375.8,0.061393,261.05,1,1
0.096231,0.033771,0.053988,0.062947,0.11662,0.083368,0.01445,0.086139,0.063945,0.12247,0.11113,0.039933,0.09837,0.12809,0.13093,0.055841,0.019481,0.042035,0.049487,0.060222,451.16,71.363,459.85,119.14,43.075,19.001,0.062052,44.913,1,1
0.57092,0.30076,0.29338,0.62384,0.74359,0.45505,0.059271,0.57597,0.61216,0.65803,0.10128,0.024374,0.088088,0.12331,0.11197,0.051821,0.018684,0.044286,0.04529,0.068183,213.59,503.32,235.99,308.13,186.67,1392.8,0.037493,226.26,1,1
0.17448,0.11752,0.11378,0.11412,0.22056,0.21248,0.084555,0.14417,0.20211,0.21092,0.081277,0.0059358,0.093468,0.073461,0.076295,0.045523,0.0097327,0.040062,0.049285,0.048337,411.34,245.85,441.44,238.64,123.14,2120.7,0.050354,152.08,1,1
0.017161,0.040158,0.0099836,0.010411,0.042099,0.028803,0.042686,0.0093153,0.021263,0.041302,0.096573,0.0070442,0.081417,0.10209,0.084201,0.054564,0.012938,0.042481,0.054625,0.051138,396.92,289.17,417.49,307.84,82.205,3355.7,0.025269,101.59,1,1
0.029249,0.056467,0.024902,0.029197,0.075711,0.056521,0.091764,0.0097123,0.025884,0.099126,0.10265,0.010113,0.10998,0.11147,0.12442,0.049177,0.010382,0.046997,0.049386,0.053172,383.61,572.26,410.87,425.82,169.1,3942.2,0.042104,215.14,1,1
0.083762,0.032333,0.044527,0.075269,0.14052,0.074397,0.018865,0.020386,0.039845,0.11425,0.15999,0.022182,0.13806,0.16935,0.18064,0.058416,0.016023,0.05377,0.070416,0.084761,371.35,341.48,382.11,450.45,27.872,11.763,0.14075,37.451,1,1
0.18744,0.10023,0.25154,0.25629,0.36197,0.18375,0.024753,0.21721,0.25178,0.31081,0.073868,0.0097233,0.062394,0.08279,0.061489,0.043956,0.012384,0.024883,0.034749,0.052271,406.92,298.98,419.96,240.64,117.13,1274.7,0.048202,100.09,1,1
0.18632,0.29305,0.084985,0.1865,0.36093,0.2709,0.1364,0.097403,0.28216,0.33069,0.12835,0.0081748,0.13989,0.13835,0.11758,0.069895,0.010617,0.079908,0.068465,0.069204,183.46,508.01,213.82,391.49,166.42,3137.8,0.040294,258.96,0,1
0.10712,0.021385,0.1533,0.10328,0.12654,0.1357,0.0099062,0.060793,0.10921,0.10195,0.097233,0.015506,0.10193,0.10949,0.099358,0.041375,0.01177,0.032915,0.051257,0.050031,389.13,395.28,434.48,221.97,117.1,838.61,0.028276,112.73,1,1
0.42159,0.22625,0.28269,0.47208,0.60143,0.53133,0.093363,0.41202,0.39042,0.59669,0.10801,0.039063,0.097241,0.11907,0.12467,0.059857,0.024628,0.03843,0.06568,0.062485,387.29,393.96,423.57,323.26,197.36,977.31,0.12888,300.71,1,1
0.53781,0.2259,0.25962,0.60484,0.7427,0.66913,0.026854,0.51833,0.80935,0.73111,0.11852,0.015736,0.093567,0.11778,0.12462,0.052494,0.015103,0.039886,0.048873,0.061936,198.88,692.75,202.01,652.45,136.58,13.358,0.05309,76.791,1,1
0.27818,0.24383,0.25236,0.28786,0.49785,0.42895,0.098432,0.55016,0.41453,0.60828,0.07487,0.0074262,0.075176,0.081221,0.074709,0.054206,0.011822,0.043561,0.045847,0.055826,377.39,328.64,409,252.7,138.21,1396.5,0.13589,152.65,1,1
0.55566,0.45639,0.32861,0.5409,0.84601,0.80587,0.24081,0.55188,0.72428,0.80207,0.11534,0.0096286,0.10881,0.098181,0.089539,0.052753,0.011838,0.051616,0.062034,0.062355,216.37,632.26,200.29,490.15,251.81,2394.6,0.29648,356.94,1,1
0.18122,0.20553,0.098279,0.17821,0.32871,0.28971,0.20531,0.072275,0.26347,0.45823,0.10732,0.0076452,0.098766,0.087758,0.10132,0.053713,0.014333,0.050172,0.052766,0.064663,231.29,671.68,251.9,457.74,188.99,2476.6,0.06613,251.24,1,1
0.22618,0.030701,0.065186,0.13041,0.11728,0.065956,0.0058352,0.043794,0.13958,0.11706,0.15443,0.040787,0.13453,0.17517,0.18019,0.060592,0.0234,0.027206,0.052619,0.066636,452.31,296.18,462.83,321.57,103.28,0.087102,0.30964,133.12,1,1
0.95278,0.76554,0.54477,0.95942,1.4423,1.1001,0.17064,1.0933,1.2728,1.4336,0.098611,0.033592,0.067224,0.092728,0.10788,0.052535,0.028215,0.042951,0.068159,0.063959,272.2,745.04,316.43,588.74,421.14,35.956,0.47664,520.73,1,1
0.12551,0.19149,0.067599,0.13655,0.21896,0.16866,0.14137,0.155,0.10973,0.27716,0.10285,0.0063382,0.10703,0.10338,0.094705,0.052411,0.009689,0.047761,0.054399,0.059692,311.4,450.25,346.13,290.28,207.47,4116.4,0.060079,282.88,1,1
0.31337,0.067074,0.072468,0.23882,0.31194,0.191,0.0090775,0.08923,0.13427,0.23004,0.18432,0.04682,0.16515,0.19577,0.20528,0.08574,0.025028,0.064449,0.099601,0.11038,438.19,657.22,425.06,657.7,142.58,0.024518,0.34164,104.37,1,1
0.4437,0.34866,0.28932,0.52837,0.63978,0.49964,0.12295,0.70919,0.84323,0.68545,0.10512,0.042864,0.077566,0.10697,0.11328,0.054901,0.026762,0.029836,0.048008,0.061333,378.41,388.84,400.48,266.26,228.28,700.6,0.21015,263.92,1,1
0.22113,0.1175,0.11663,0.192,0.26386,0.23497,0.09123,0.1585,0.18175,0.40131,0.11573,0.017819,0.11002,0.11248,0.11185,0.05998,0.013739,0.055554,0.063968,0.063263,291.51,555.52,272.95,343.36,152.98,1315.1,0.21625,182.38,1,1
0.098404,0.069588,0.071729,0.10384,0.20315,0.1249,0.027235,0.10436,0.13969,0.18791,0.077466,0.010411,0.065364,0.090088,0.094202,0.043313,0.014217,0.038092,0.040267,0.05275,400.26,333.32,438.99,351.32,50.773,783.63,0.065939,47.324,1,1
0.22989,0.024327,0.089596,0.25585,0.2486,0.16831,0.00048092,0.11109,0.094481,0.17447,0.12759,0.019102,0.10506,0.14447,0.1603,0.067822,0.02523,0.060504,0.085793,0.094541,299.78,589.7,346.93,517.05,94.145,0.18195,0.14711,75.629,0,1
0.10975,0.12917,0.055735,0.10084,0.19879,0.23649,0.19326,0.05517,0.19766,0.2892,0.093083,0.019506,0.085892,0.086723,0.099807,0.045078,0.015894,0.040023,0.05416,0.060795,345.74,492.16,363.44,381.66,163.49,2278.8,0.099228,221.97,1,1
0.5967,0.13022,0.24959,0.42106,0.49063,0.39824,0.018193,0.30128,0.36666,0.50796,0.15224,0.049355,0.11525,0.17197,0.16715,0.056074,0.027261,0.038422,0.071166,0.094513,429.82,536.98,443.99,535.38,247.55,1.8351,0.11573,223.8,1,1
0.12395,0.13289,0.13376,0.1164,0.21038,0.14105,0.14976,0.058164,0.147,0.15911,0.10125,0.0079322,0.091423,0.085675,0.079557,0.047845,0.010921,0.03494,0.049252,0.046971,229.58,617.32,203.46,366.89,199.96,3922,0.22654,251.9,1,1
0.23515,0.079053,0.10036,0.19438,0.29826,0.16551,0.015523,0.060259,0.19535,0.32046,0.16552,0.023647,0.15168,0.18102,0.1912,0.07527,0.018088,0.069721,0.074197,0.083009,117.82,555.38,61.566,580.06,94.234,5.8639,0.67837,70.287,1,1
0.19804,0.32277,0.16555,0.19108,0.49253,0.34271,0.24053,0.23582,0.23345,0.42024,0.086371,0.0087734,0.090352,0.093278,0.076739,0.05566,0.013724,0.04644,0.050417,0.05364,320.07,465.39,324.29,333.14,206.02,3771.3,0.053803,271.81,1,1
0.062962,0.066781,0.018174,0.039641,0.074521,0.041696,0.10027,0.017559,0.036671,0.081364,0.15517,0.041566,0.14256,0.16394,0.15993,0.07983,0.01829,0.055531,0.084316,0.085857,202.64,231.34,274.44,192.04,90.444,3954.9,0.068776,142.73,0,1
0.025146,0.066209,0.00986,0.015094,0.06451,0.051578,0.041416,0.003585,0.02577,0.035062,0.098825,0.006813,0.087218,0.091598,0.08608,0.050245,0.0096734,0.04486,0.045808,0.042564,300.24,502.86,299.98,372.13,136.45,4133.4,0.036194,206.77,1,1
0.049168,0.080907,0.030936,0.046024,0.11886,0.091803,0.094243,0.03337,0.051205,0.076034,0.13425,0.0097361,0.14099,0.1465,0.13556,0.066344,0.014694,0.065975,0.062645,0.067401,284.9,283.28,287.44,286.7,100.56,3982,0.015911,186.74,0,1
0.32686,0.23912,0.26713,0.3082,0.59611,0.5221,0.23295,0.18087,0.3184,0.63402,0.10685,0.01389,0.0838,0.090751,0.10958,0.048976,0.019821,0.047215,0.046728,0.045484,159.03,674.39,200.25,531.24,215.68,1248.8,0.27693,208.1,1,1
0.82818,0.55925,0.37763,0.83033,1.1003,0.91435,0.16359,0.49244,0.94998,1.0446,0.15939,0.039831,0.13598,0.14664,0.16291,0.09152,0.026926,0.077118,0.090996,0.099997,15.043,610.62,15.086,301.61,339.08,531.09,0.50997,514.29,0,1
0.046838,0.096854,0.02988,0.046258,0.11635,0.098923,0.12898,0.045646,0.066532,0.11609,0.12025,0.0095715,0.13049,0.1307,0.12781,0.061012,0.012877,0.060995,0.068651,0.062156,305.95,150.45,345.14,163.93,72.206,2499.1,0.023016,142.26,1,1
0.034991,0.044843,0.02509,0.023722,0.056341,0.067899,0.02816,0.03165,0.037994,0.063581,0.097674,0.010691,0.091726,0.11281,0.10403,0.056049,0.013221,0.052548,0.040613,0.052019,383.87,486.57,420.7,381.33,74.62,2460.8,0.016305,104.19,1,1
0.6847,0.41996,0.3069,0.61413,0.87506,0.81735,0.31331,0.26913,0.67986,0.88697,0.11735,0.031854,0.097523,0.11457,0.13665,0.06662,0.022453,0.058442,0.07569,0.072217,27.215,761.89,20.999,713.97,295.7,499.59,0.3214,363.61,1,1
0.092045,0.13152,0.04786,0.05169,0.16942,0.057777,0.067116,0.029895,0.067997,0.087001,0.12215,0.0091984,0.12579,0.13758,0.131,0.072622,0.0099075,0.077936,0.073172,0.078012,224.34,397.46,206.63,290.12,125.91,3615.7,0.074958,233.17,0,1
0.26346,0.068497,0.22677,0.30121,0.25946,0.39996,0.014415,0.2249,0.32724,0.38994,0.061882,0.0072968,0.058168,0.066517,0.071468,0.032526,0.01341,0.024743,0.041992,0.047793,389.17,393.05,411.86,377.09,81.821,61.429,0.047911,68.407,1,1
0.13965,0.0075381,0.027668,0.10045,0.074486,0.042647,0.00015524,0.0084701,0.034562,0.046497,0.20401,0.044004,0.19449,0.20757,0.21414,0.11143,0.022106,0.11613,0.12626,0.14477,283.49,768.58,226.84,754.61,95.45,0,0.5684,47.391,1,1
0.052726,0.036044,0.0065566,0.025761,0.066293,0.022219,0.060215,0.0042047,0.022439,0.050819,0.1799,0.039757,0.16786,0.18917,0.20226,0.075608,0.017019,0.078343,0.076675,0.10327,313.58,409.64,254.42,552.09,54.392,2.2443,0.25159,45.786,1,1
0.24749,0.10155,0.13166,0.25327,0.29374,0.23952,0.022033,0.29705,0.37798,0.3665,0.076467,0.011015,0.053833,0.075877,0.082967,0.038936,0.015757,0.0228,0.040295,0.060112,369.46,410.42,371.49,333.14,107.27,44.708,0.074348,95.32,1,1
0.033756,0.10479,0.016277,0.042023,0.062485,0.09271,0.15663,0.029592,0.06093,0.10497,0.071058,0.0050549,0.075967,0.084447,0.074701,0.038948,0.010913,0.040934,0.063449,0.057597,347.5,364.52,338.12,358.91,144.34,3436.9,0.030833,209.48,1,1
0.63655,0.25708,0.38778,0.67573,0.94873,0.66056,0.01397,0.48513,0.91592,0.7314,0.10897,0.01267,0.08415,0.12654,0.11391,0.053147,0.019972,0.043245,0.045947,0.067401,235.52,566.26,292.63,344.98,260.93,31.059,0.48302,254.26,0,1
0.19127,0.10499,0.060305,0.1777,0.22585,0.27795,0.096097,0.049341,0.15308,0.2439,0.15184,0.01858,0.13764,0.15392,0.14851,0.057643,0.011076,0.050752,0.086528,0.094173,276.51,692.62,155.06,601.22,125.19,8.1244,0.15471,94.651,1,1
0.17425,0.43402,0.12967,0.20177,0.5238,0.40477,0.26816,0.16122,0.24921,0.47415,0.096606,0.02207,0.090245,0.091389,0.10283,0.046825,0.017317,0.032085,0.058014,0.060341,375.11,420.87,387.95,333.81,209.65,2854.9,0.062813,273.1,1,1
0.88276,0.51479,0.49145,0.80914,1.2532,0.90334,0.05498,0.92059,1.1535,0.99643,0.11746,0.03299,0.094699,0.12784,0.12334,0.050981,0.022186,0.052904,0.0552,0.058786,285.28,602.34,335.91,440.27,265.39,109.65,0.0863,274.12,1,1
0.03532,0.080931,0.034333,0.045804,0.07088,0.054325,0.06403,0.065078,0.064416,0.087955,0.094094,0.0045277,0.10194,0.098011,0.085837,0.053326,0.0098398,0.050088,0.052833,0.057152,354.46,324.28,400.79,259.05,97.453,3585.7,0.031344,135.92,1,1
0.80825,0.44516,0.46808,0.8348,1.0841,0.98271,0.21142,0.76525,1.0674,1.1335,0.10556,0.021255,0.094702,0.10211,0.11937,0.055663,0.025029,0.053902,0.070107,0.07495,180.19,577.82,162.66,331.02,321.15,940.5,0.069517,376.06,1,1
0.43092,0.20278,0.23159,0.46988,0.52134,0.34381,0.033797,0.35417,0.53657,0.51159,0.14175,0.023664,0.12367,0.15193,0.14483,0.050907,0.017679,0.047469,0.051823,0.072246,268,592.82,288.95,528.7,140.05,206.12,0.065858,155.86,1,1
0.51872,0.24545,0.27214,0.47635,0.89152,0.55103,0.022314,0.49291,0.50604,0.63638,0.13496,0.033724,0.10363,0.14105,0.16134,0.066555,0.024971,0.041281,0.064052,0.080245,418.48,618.22,426.49,612.87,184.43,4.1237,0.22898,146.56,1,1
0.06405,0.064769,0.060059,0.090952,0.10885,0.10175,0.012883,0.090463,0.11868,0.080107,0.10075,0.0054121,0.10741,0.10287,0.10237,0.052311,0.0089536,0.040335,0.05102,0.049114,293.63,277.39,374.53,183.47,85.242,1320.1,0.014401,122.73,1,1
0.38185,0.2075,0.20159,0.29138,0.49309,0.36302,0.076339,0.32475,0.4565,0.46714,0.096192,0.044206,0.072888,0.1018,0.112,0.053535,0.024166,0.028583,0.053044,0.065704,274.4,324.56,350.5,226.9,181.26,676.04,0.052568,242.53,1,1
0.023176,0.057089,0.0083264,0.015339,0.046253,0.042557,0.049197,0.017132,0.031827,0.077035,0.085736,0.012745,0.085978,0.099355,0.083746,0.062533,0.012574,0.052454,0.058034,0.05599,384.05,556.23,424.33,317.67,151.91,4792.7,0.065708,170.45,1,1
0.062698,0.11077,0.04664,0.070369,0.14898,0.13415,0.085679,0.054098,0.08129,0.091791,0.11872,0.0044778,0.13018,0.11537,0.11275,0.055743,0.007614,0.050565,0.05591,0.056111,348.57,260.72,376.76,228.99,158.13,2969.5,0.032992,197.3,1,1
0.18768,0.27107,0.10615,0.1625,0.39611,0.28228,0.21827,0.17635,0.2506,0.2527,0.13507,0.013621,0.13047,0.13398,0.13204,0.063322,0.012449,0.057085,0.070702,0.062614,109.93,135.03,108.87,163.63,93.318,1647.1,0.074592,197.98,0,1
0.02936,0.02498,0.024189,0.021142,0.046027,0.03303,0.05425,0.022975,0.044189,0.10255,0.11134,0.0086137,0.097579,0.1109,0.10644,0.04707,0.0083659,0.031681,0.05424,0.050259,375.45,297.31,400.21,204.42,90.007,2499.3,0.044628,89.133,1,1
0.72362,0.45087,0.47725,0.78207,1.2634,0.73308,0.055068,0.83389,0.96018,1.1742,0.12951,0.026756,0.1043,0.14654,0.14336,0.053827,0.023884,0.054002,0.060115,0.069752,356.39,601.68,392.79,619.2,245.32,8.8902,0.1613,274,1,1
0.44986,0.64516,0.086348,0.26378,0.967,0.60617,0.46418,0.1912,0.45894,0.7617,0.14388,0.019357,0.14813,0.14523,0.14395,0.065194,0.016827,0.065989,0.070924,0.070851,251.99,431.85,221.26,493.21,169.06,3130.8,0.05315,317.46,1,1
0.23631,0.31612,0.26819,0.38999,0.53046,0.60352,0.093581,0.46511,0.43314,0.48326,0.081697,0.014283,0.080557,0.092395,0.083734,0.047804,0.016597,0.035493,0.05352,0.054663,378.35,415.6,405.89,365.03,199.38,1910.8,0.059704,227.45,1,1
0.53605,0.4727,0.31663,0.53013,0.76628,0.75069,0.099604,0.74989,0.69626,0.68832,0.072948,0.011911,0.069805,0.075052,0.064152,0.03394,0.016482,0.02914,0.039316,0.040817,315.48,551.49,328.11,405.15,236.73,668.46,0.046363,253.96,1,1
0.27258,0.13889,0.16667,0.31958,0.349,0.27732,0.06512,0.34427,0.18401,0.45335,0.10047,0.025252,0.090939,0.093116,0.10683,0.052603,0.020117,0.036354,0.053262,0.066981,429.84,307.28,438.59,210.25,186.71,341.6,0.088599,147.77,1,1
0.10661,0.1146,0.076876,0.092511,0.27554,0.17793,0.12309,0.14717,0.17532,0.2917,0.094143,0.018876,0.080569,0.087648,0.097816,0.057277,0.018187,0.037774,0.050025,0.076326,393.29,447.43,388.64,355.78,72.967,943.78,0.059394,87.112,1,1
0.060379,0.012226,0.013696,0.031346,0.053916,0.033025,0.0022534,0.011572,0.037466,0.053918,0.16424,0.016829,0.14741,0.16982,0.18912,0.060213,0.014478,0.053573,0.079931,0.09752,145.5,610.13,110.66,671.84,26.669,1.1039,0.066712,24.142,1,1
0.18417,0.058628,0.17188,0.17114,0.18845,0.25854,0.038054,0.30666,0.17236,0.25196,0.092667,0.01064,0.093474,0.091973,0.090981,0.047825,0.013867,0.042747,0.04409,0.057832,366.37,417.66,433.08,226.88,178.6,1453.3,0.053015,146.02,1,1
0.2427,0.40293,0.091789,0.17775,0.47601,0.2459,0.31288,0.096019,0.2658,0.49934,0.10128,0.015546,0.10282,0.11135,0.10674,0.050259,0.012874,0.046641,0.04508,0.062935,288.35,563.3,299.36,380.89,275,4249.8,0.057785,338.57,1,1
0.0028406,0.0079467,0.00092592,0.0022085,0.0045924,0.0042602,0.0095335,0.00214,0.0096292,0.0076657,0.08167,0.006135,0.075856,0.091909,0.096635,0.039292,0.0091612,0.026947,0.040828,0.052417,430.19,55.494,434.41,191.44,14.465,1155.7,0.011502,31.359,1,1
0.50805,0.46346,0.239,0.39084,0.76032,0.67509,0.22414,0.44758,0.56733,0.79392,0.090946,0.011465,0.082078,0.10266,0.086084,0.036719,0.01606,0.034515,0.045798,0.057629,378.63,424.98,382.59,394.85,204.68,640.41,0.093154,202.29,1,1
0.33641,0.044355,0.14319,0.30148,0.32472,0.27901,0.0019633,0.2285,0.29539,0.20048,0.16816,0.054332,0.13329,0.18105,0.19492,0.067011,0.026385,0.043798,0.060473,0.070443,439.67,617.64,461.36,426.57,258.61,0.12039,0.13037,159.82,1,1
0.30116,0.51921,0.14628,0.18745,0.53686,0.32048,0.35734,0.098023,0.26976,0.50185,0.088762,0.016459,0.081832,0.088211,0.092496,0.056976,0.0178,0.043343,0.061514,0.061491,239.81,616.14,271.32,386.43,327.5,4684.1,0.087679,376.71,1,1
0.10859,0.04642,0.03871,0.078639,0.22303,0.12343,0.0037161,0.057098,0.088563,0.12851,0.15237,0.0076783,0.12744,0.15608,0.16583,0.062664,0.011758,0.074591,0.062223,0.077203,147.73,538.16,154.66,524.91,62.901,0.70798,0.11883,28.892,1,1
0.19854,0.071205,0.14831,0.23882,0.27337,0.20594,0.014123,0.28436,0.28037,0.2445,0.088602,0.020523,0.082737,0.10222,0.093585,0.042555,0.014231,0.029935,0.038559,0.052904,409.2,331.37,450.27,210.3,170.08,1302.4,0.2338,150.7,1,1
0.38519,0.24519,0.17143,0.38005,0.57479,0.53747,0.083161,0.51407,0.48266,0.56714,0.096931,0.031107,0.078094,0.10339,0.12158,0.054941,0.025087,0.046017,0.051824,0.074511,291.37,643.67,327.92,418.18,218.37,570.13,0.15575,198.4,1,1
0.43022,0.19499,0.23413,0.49639,0.46121,0.26572,0.064937,0.24522,0.48377,0.45608,0.063162,0.018419,0.059142,0.068198,0.074076,0.045474,0.020019,0.017312,0.027267,0.04425,425.18,336.94,445.73,220.76,211.08,481.09,0.043224,269.87,1,1
0.084769,0.023914,0.026266,0.054781,0.069875,0.042467,0.010618,0.030338,0.058429,0.10032,0.12682,0.011521,0.10749,0.13018,0.14212,0.043506,0.0076208,0.044078,0.051656,0.073792,307.32,374.8,249.6,443.56,34.58,85.298,0.089665,30.339,1,1
0.23773,0.21726,0.14965,0.21469,0.43022,0.52638,0.12918,0.42323,0.273,0.50456,0.10379,0.018727,0.099985,0.097048,0.096239,0.059697,0.0163,0.053251,0.048001,0.062098,395.71,552.58,424.86,299.96,240.76,4401.6,0.063395,252.9,1,1
0.51734,0.52702,0.30053,0.54088,0.84467,0.74459,0.35369,0.47079,0.54864,0.88505,0.08783,0.015681,0.078611,0.091867,0.10241,0.040528,0.017515,0.034985,0.050969,0.051765,167.36,279.78,175.8,305.31,131.16,1071.6,0.11049,286.88,1,1
0.045451,0.023231,0.014045,0.018373,0.030259,0.041133,0.027775,0.017935,0.035826,0.06927,0.13265,0.016123,0.13066,0.13972,0.15043,0.053105,0.010976,0.068079,0.078749,0.067724,399.69,219.5,384.35,267.75,40.69,68.6,0.14304,42.904,1,1
0.48783,0.59412,0.16496,0.41653,0.8336,0.60556,0.29203,0.3632,0.55468,0.93297,0.11001,0.020022,0.10601,0.11631,0.1177,0.060136,0.018503,0.054093,0.064974,0.073087,316.86,503.11,357.02,423.63,214.85,3187.1,0.17323,268.13,1,1
0.20786,0.10305,0.11254,0.23565,0.245,0.1646,0.017026,0.20656,0.20561,0.25634,0.12134,0.022448,0.097973,0.12908,0.14655,0.059664,0.01818,0.042004,0.062261,0.082783,386.88,411.54,390.43,429.98,111.51,129.96,0.43979,79.886,1,1
0.43657,0.34537,0.20785,0.45563,0.66115,0.53671,0.26929,0.34324,0.55006,0.61927,0.091565,0.015932,0.087233,0.096863,0.091834,0.053576,0.020277,0.04375,0.042825,0.058317,256.98,504.85,247.13,366.34,212.78,1375.5,0.051514,221.05,1,1
0.67946,0.18866,0.32684,0.60424,0.76819,0.51946,0.053517,0.35585,0.59477,0.70431,0.14323,0.035558,0.12677,0.17601,0.17759,0.060183,0.027637,0.055058,0.077475,0.08909,275.44,593.52,289.51,523.78,251.22,34.878,0.19138,206.63,1,1
0.25544,0.082639,0.17105,0.2088,0.28414,0.36761,0.019713,0.3436,0.18692,0.28238,0.052908,0.0064802,0.046107,0.047243,0.068326,0.027018,0.010959,0.014012,0.032339,0.044472,428.77,294.01,431.61,215.08,56.303,11.623,0.032807,89.512,1,1
0.38338,0.10402,0.083133,0.33756,0.35924,0.33906,0.0099537,0.098096,0.2801,0.32743,0.14782,0.016915,0.13045,0.15214,0.15693,0.068561,0.013326,0.070231,0.071656,0.076648,155.65,668.51,116.33,595.69,147.8,1.2659,0.17458,116.54,1,1
