0.87257,0.46528,0.44294,1.0354,1.2776,0.77742,0.47164,0.32791,0.88554,1.2109,0.5,0.075,0.4,0.55,0.55,0.16296,0.030932,0.13333,0.16667,0.2,219.38,543.75,268.59,650,117.1,134,2.1587,118.52,1,0
1.6274,0.58585,1.1993,1.5696,2.1124,1.3716,0.47782,1.0292,1.3253,1.6207,0.44063,0.097227,0.475,0.475,0.475,0.14167,0.052705,0.13333,0.13333,0.18333,158.44,590.62,325.31,657.03,179.6,112,0.39794,179.84,0,0
0.55387,0.38805,0.27281,0.42377,0.7848,0.50697,0.41748,0.23959,0.28889,0.77017,0.40139,0.070833,0.425,0.425,0.425,0.16296,0.053863,0.15833,0.16667,0.2,107.81,709.38,72.188,618.75,97.376,144,2.5439,97.802,1,0
0.69231,0.45935,0.30542,0.51402,1.2285,0.58358,0.42284,0.27742,0.38087,1.1465,0.4,0.06784,0.3625,0.4375,0.4375,0.13889,0.048893,0.11667,0.13333,0.18333,62.812,589.06,16.406,450.78,145.86,194,2.9798,149.88,1,0
1.8233,0.896,1.1632,1.5323,2.1827,1.7229,0.93675,1.0107,1.5476,2.0878,0.50125,0.12083,0.4125,0.5875,0.5875,0.15667,0.044583,0.13333,0.15,0.2,376.88,716.41,160.78,653.12,225.17,134,0.29284,227.6,0,0
1.9783,0.50371,1.5835,2.0794,2.3209,1.913,0.47522,1.72,1.9882,2.1676,0.5825,0.14675,0.5,0.6625,0.6625,0.21333,0.061262,0.2,0.23333,0.26667,125.16,625.78,354.38,671.09,233.65,136,0.19768,262.17,0,0
3.4275,3.3259,1.4875,2.3045,3.0325,1.7812,0.54333,1.2886,1.7949,2.1556,0.6125,0.12011,0.50625,0.6125,0.725,0.2381,0.04484,0.20833,0.23333,0.26667,135,563.28,45.469,375,208.48,86,2.103,222.79,1,0
1.3222,0.42012,1.1355,1.2463,1.485,1.0659,0.22447,0.91517,1.143,1.2165,0.50417,0.11227,0.55,0.55,0.55,0.16111,0.057413,0.13333,0.16667,0.2,76.875,564.06,31.406,485.94,90.393,74,1.7182,92.012,1,0
1.4268,0.52448,1.1175,1.3842,1.668,1.3262,0.54297,0.86928,1.2753,1.6498,0.49545,0.14266,0.5,0.5,0.6125,0.14848,0.043111,0.13333,0.13333,0.19167,379.69,753.91,126.09,709.38,257.47,186,0.1756,258.37,0,0
1.9675,0.92469,1.4158,1.9166,2.2335,1.6564,0.85739,1.2097,1.6937,2.0819,0.5625,0.13908,0.5375,0.5375,0.67813,0.19697,0.056676,0.2,0.2,0.225,160.31,584.38,393.75,652.34,243.13,146,0.29116,246.98,0,0
2.4182,1.7648,1.3649,1.976,2.4341,2.2857,1.9352,1.1491,1.6032,2.3198,0.41719,0.092808,0.45,0.45,0.45,0.1625,0.048591,0.13333,0.18333,0.2,80.625,707.03,7.9688,517.97,202.54,104,2.6022,208.37,1,0
2.7133,2.0978,1.676,1.8625,2.5044,1.7034,0.49216,1.4214,1.6109,1.9043,0.55469,0.1379,0.5,0.6375,0.6375,0.22083,0.066518,0.21667,0.23333,0.26667,142.03,638.28,360.94,668.75,221.02,100,0.13919,224.28,0,0
1.9563,2.3596,0.40756,1.3264,2.2133,1.0173,0.76571,0.3178,0.87496,1.6294,0.49844,0.16028,0.4375,0.5125,0.6,0.1625,0.076506,0.13333,0.15,0.21667,160.78,451.56,247.5,654.69,220.86,136,2.3423,229.15,1,0
2.0496,1.3341,0.78782,1.9593,3.3545,1.6834,1.2108,0.62433,1.3475,2.7162,0.47639,0.11997,0.425,0.425,0.625,0.14815,0.033793,0.13333,0.13333,0.175,182.81,485.16,228.28,719.53,238.74,120,5.1546,257.3,1,0
2.9758,0.75738,2.085,3.2393,3.4681,2.7578,0.85863,1.8505,3.1931,3.3342,0.6,0.093541,0.5,0.675,0.675,0.17619,0.03709,0.14167,0.16667,0.2,346.88,703.12,87.656,610.16,275.39,94,0.35865,275.78,0,0
2.422,0.42062,2.2598,2.4106,2.7589,2.3932,0.2649,2.1496,2.3992,2.5775,0.53214,0.162,0.4375,0.6125,0.6125,0.15714,0.03709,0.13333,0.16667,0.19167,341.72,683.59,137.34,627.34,211.97,90,0.27523,212.58,0,0
1.7982,0.94035,1.0144,1.918,2.5911,1.4886,0.91574,0.78011,1.3719,2.2166,0.49821,0.15266,0.45,0.45,0.6375,0.14762,0.046576,0.13333,0.13333,0.19167,127.5,591.41,184.69,726.56,146.76,86,2.3634,146.91,1,0
3.3047,2.9086,1.7182,2.2511,3.8886,3.1704,3.1124,1.45,1.9989,3.4522,0.5,0.16091,0.4125,0.525,0.6375,0.14583,0.066518,0.11667,0.13333,0.2,353.91,690.62,107.81,568.75,274.62,104,0.49524,276.58,0,0
3.2277,1.2236,2.2549,3.4696,4.0643,2.8777,1.4138,1.7619,2.7145,3.9936,0.47708,0.18749,0.375,0.5375,0.625,0.16667,0.059628,0.13333,0.18333,0.2,104.53,607.81,12.656,293.75,327.23,106,3.4184,339.54,1,0
1.5363,1.1335,0.6487,1.3008,2.1232,1.3087,1.0949,0.57687,1.0858,1.6757,0.56538,0.12067,0.53438,0.5375,0.675,0.20769,0.061092,0.2,0.2,0.24167,128.91,619.53,377.34,646.09,249.85,186,0.10692,252.29,0,0
1.3306,0.46752,1.1389,1.4505,1.638,1.2859,0.52353,1.0226,1.5238,1.6144,0.51607,0.17747,0.42188,0.525,0.6625,0.19048,0.07127,0.14167,0.23333,0.23333,133.12,595.31,18.281,500,149.24,120,0.82993,158.41,0,0
2.5058,1.5484,1.5441,1.9311,3.0685,1.7381,0.72261,1.3339,1.4973,2.0484,0.47679,0.11802,0.4625,0.4625,0.575,0.15238,0.050395,0.10833,0.13333,0.19167,314.53,706.25,140.16,643.75,185.24,86,0.35842,185.84,0,0
3.7959,2.6284,2.2745,3.1395,4.5431,3.63,3.032,1.6699,2.4637,5.5902,0.48333,0.13799,0.45,0.51875,0.5875,0.16111,0.061162,0.13333,0.16667,0.2,326.72,661.72,125.62,582.81,216.02,70,0.39239,216.94,0,0
2.3253,0.79032,1.9734,2.2047,2.4909,2.1703,0.82769,1.7591,2.0759,2.2991,0.51111,0.12191,0.4875,0.4875,0.6375,0.19259,0.057198,0.18333,0.2,0.23333,116.25,582.81,371.25,670.31,269.59,120,0.34314,270.25,0,0
3.4437,1.7723,2.1488,3.2929,3.8591,3.0812,1.9171,1.9034,2.6994,3.2228,0.48594,0.14038,0.45,0.45,0.625,0.1375,0.048591,0.1,0.15,0.16667,127.97,492.19,194.53,798.44,313.4,104,4.6009,315.37,1,0
2.3525,0.92361,2.2694,2.331,2.5383,2.1848,1.0417,1.6743,2.1176,2.7379,0.45179,0.14833,0.3125,0.4625,0.58437,0.14286,0.059982,0.13333,0.13333,0.16667,285.94,650.78,59.062,585.16,236.18,106,0.28926,237.68,0,0
0.27145,0.25524,0.14866,0.17083,0.25212,0.2677,0.27216,0.13583,0.17579,0.23562,0.49375,0.072469,0.425,0.49375,0.5625,0.20667,0.021082,0.2,0.2,0.23333,113.91,667.97,100.31,624.22,45.813,152,3.2184,46.323,1,0
1.6058,0.2293,1.3984,1.5422,1.8346,1.4227,0.17879,1.2899,1.4016,1.5214,0.53393,0.070236,0.47187,0.575,0.575,0.19048,0.046004,0.14167,0.2,0.23333,129.38,639.84,59.531,521.88,137.09,86,1.689,137.23,1,0
1.5149,1.2014,0.50978,1.4227,2.1397,1.1098,0.76244,0.33176,1.2605,1.5184,0.5125,0.15155,0.4875,0.4875,0.6375,0.16364,0.058603,0.13333,0.16667,0.2,204.84,464.06,271.41,673.44,219.7,154,3.1455,224.77,1,0
2.7734,1.8224,1.9718,2.0807,2.7636,1.8752,0.48484,1.7656,1.9346,2.1535,0.4625,0.15119,0.3625,0.5625,0.5625,0.14583,0.06156,0.11667,0.15,0.18333,157.03,571.88,227.34,791.41,230.52,94,3.1222,231.3,1,0
3.8536,2.0514,2.8398,3.2208,4.0495,3.7418,2.2397,2.3882,3.3261,4.7559,0.53036,0.11589,0.475,0.6125,0.6125,0.16667,0.027217,0.14167,0.16667,0.19167,141.09,504.69,207.66,792.19,295.1,90,4.3192,296.53,1,0
1.9583,1.0482,1.1043,1.6727,2.4343,1.4973,0.62612,0.83405,1.5129,2.0684,0.45938,0.07955,0.4875,0.4875,0.4875,0.175,0.049602,0.16667,0.18333,0.2,202.97,557.81,389.06,614.06,194.41,106,0.30227,194.74,0,0
2.4319,1.0575,1.8509,2.4833,3.0939,2.1132,1.2086,1.2935,2.1827,2.9329,0.52083,0.16968,0.35,0.4875,0.725,0.17222,0.061162,0.13333,0.16667,0.2,277.5,567.19,122.34,546.09,156.58,74,0.13595,158.43,0,0
3.037,1.8963,1.7881,2.4502,4.2858,3.0696,2.2454,1.4522,2.6855,4.7831,0.51,0.14827,0.44375,0.5,0.6375,0.16,0.054772,0.125,0.13333,0.20833,190.31,659.38,225,798.44,143.32,60,4.009,145.42,1,0
2.6493,0.4668,2.2939,2.7088,2.9898,2.3288,0.38166,2.0589,2.3288,2.5986,0.4125,0,0.4125,0.4125,0.4125,0.15833,0.016667,0.15,0.16667,0.16667,81.562,687.5,58.594,496.88,192,72,8.2993,192.18,1,0
2.5103,1.2257,1.6901,2.4936,3.2127,2.4677,1.2906,1.334,3.0047,3.2662,0.51786,0.12518,0.5125,0.5125,0.61563,0.16667,0.04714,0.13333,0.16667,0.2,290.16,664.84,93.75,585.94,211.66,90,0.40175,212.26,0,0
1.0443,0.51465,0.57268,1.226,1.3742,0.93674,0.51469,0.47455,1.1507,1.2655,0.4975,0.11914,0.45,0.525,0.6,0.15333,0.061262,0.13333,0.15,0.2,90.469,589.06,147.19,736.72,158.18,150,2.6033,158.59,1,0
1.5678,0.83199,1.0998,1.4223,1.8081,1.4523,0.84191,0.96433,1.2167,1.6233,0.52386,0.11745,0.5125,0.5125,0.61563,0.16061,0.059289,0.13333,0.13333,0.2,197.34,572.66,285.47,775.78,221.42,160,2.305,222.18,1,0
1.8496,0.85816,1.3745,1.485,2.2086,1.4678,0.4521,1.1854,1.3813,1.4953,0.47969,0.11494,0.425,0.5,0.575,0.14167,0.049602,0.1,0.15,0.18333,387.66,719.53,197.34,689.84,192.61,120,0.15599,194.72,0,0
1.728,0.74686,1.0005,1.7508,2.3918,1.441,0.66931,0.89454,1.1128,2.1306,0.48929,0.17191,0.45,0.45,0.6375,0.14286,0.065868,0.10833,0.13333,0.19167,187.03,484.38,234.84,630.47,153.72,86,3.0556,154.49,1,0
2.9872,1.769,1.8756,2.8564,3.4125,2.1861,1.0195,1.318,2.2573,3.1922,0.52969,0.12694,0.4625,0.55,0.6375,0.175,0.042725,0.15,0.18333,0.2,356.25,710.16,112.5,595.31,269.45,106,0.47115,270.2,0,0
1.6864,0.31534,1.4634,1.6864,1.9094,1.3511,0,1.3511,1.3511,1.3511,0.35833,0.1438,0.25,0.3625,0.46563,0.12222,0.050918,0.083333,0.13333,0.15833,326.72,607.03,272.81,592.19,55.913,34,0.27536,56,0,0
0.49965,0.40349,0.12424,0.41295,0.85816,0.43038,0.40419,0.093463,0.27211,0.73982,0.49,0.13134,0.425,0.575,0.575,0.17333,0.060451,0.13333,0.16667,0.23333,181.88,492.19,216.56,604.69,117.73,192,3.2432,118.23,1,0
2.4761,1.2369,1.5054,2.1327,3.3135,2.1212,1.2233,1.0819,1.9335,2.9728,0.5175,0.13784,0.4875,0.4875,0.6375,0.15333,0.063246,0.13333,0.15,0.2,352.97,661.72,67.969,571.09,299.06,130,0.31798,301.92,0,0
1.5559,0.62994,1.2035,1.3978,1.9288,1.4649,0.635,1.0877,1.3186,1.8149,0.5,0.11497,0.4375,0.5875,0.5875,0.18788,0.037336,0.16667,0.2,0.225,125.62,596.09,347.34,636.72,225.41,154,0.18323,226.33,0,0
1.8384,1.6458,0.67406,1.6733,2.4212,1.54,1.6608,0.47059,1.1476,1.7891,0.495,0.13581,0.4375,0.5875,0.5875,0.17667,0.060959,0.16667,0.18333,0.23333,180.47,646.09,379.22,709.38,208.58,136,0.3184,210.1,0,0
2.2009,0.5558,1.8642,2.0794,2.5486,2.1902,0.47919,1.8499,2.0662,2.4464,0.56406,0.12632,0.55625,0.625,0.625,0.20417,0.072237,0.16667,0.21667,0.25,108.75,640.62,323.44,688.28,219.91,104,0.22198,222.48,0,0
1.3235,0.58512,0.93159,1.4576,1.7662,1.1707,0.58912,0.86091,1.118,1.6735,0.47812,0.11255,0.4625,0.475,0.54375,0.17917,0.058926,0.15,0.18333,0.23333,114.84,613.28,41.25,450,179.1,136,2.2187,185.72,1,0
1.5974,0.61146,1.2199,1.4891,1.8339,1.5143,0.63464,1.058,1.5451,1.8324,0.52083,0.10897,0.4375,0.5875,0.5875,0.18519,0.033793,0.19167,0.2,0.2,104.53,614.06,277.03,666.41,180.27,120,0.30344,183.01,0,0
2.1438,0.71436,1.5053,2.2647,2.6735,1.891,0.73233,1.2741,1.9307,2.4035,0.525,0.15309,0.38438,0.525,0.66563,0.16667,0.060858,0.14167,0.16667,0.19167,305.62,700,116.25,637.5,199.42,94,0.33003,200.5,0,0
0.53556,0.36161,0.24874,0.60293,0.66376,0.46882,0.38655,0.22872,0.41582,0.56814,0.36563,0.06365,0.33125,0.4,0.4,0.10833,0.042725,0.083333,0.11667,0.13333,33.75,570.31,3.75,534.38,46.814,104,1.1979,47.889,1,0
2.8004,1.1336,2.1684,2.4935,3.0864,2.7923,1.2287,2.0873,2.2323,3.4972,0.61667,0.096717,0.5625,0.63125,0.7,0.18889,0.040369,0.16667,0.18333,0.23333,173.91,636.72,343.12,692.97,178.32,70,0.33241,180.69,0,0
2.8248,0.64239,2.3961,2.4589,3.3857,2.5339,0.68484,2.1305,2.2348,2.9372,0.54792,0.13333,0.4875,0.625,0.625,0.18889,0.050185,0.16667,0.2,0.23333,195.94,569.53,247.5,799.22,235.4,88,4.4545,236.45,1,0
2.4092,0.37453,2.1392,2.5272,2.6793,2.2857,0.48251,1.9324,2.5422,2.5749,0.445,0.15577,0.40312,0.475,0.50937,0.12,0.050553,0.10833,0.13333,0.14167,283.12,574.22,116.72,520.31,174.92,74,0.32394,174.94,0,0
2.3942,0.79277,1.8294,2.1455,2.907,1.9264,0.48174,1.5593,1.8179,2.2935,0.48333,0.14972,0.375,0.575,0.575,0.16111,0.064693,0.1,0.18333,0.2,378.75,621.09,220.78,568.75,166.42,74,0.33136,166.6,0,0
2.2122,1.801,0.60189,1.7588,3.7353,1.812,1.7778,0.36465,1.1991,3.6566,0.47969,0.12427,0.4,0.4,0.55,0.15,0.064242,0.11667,0.13333,0.15,153.75,427.34,232.03,734.38,316.85,134,3.9222,319.71,1,0
1.1367,0.24932,0.94946,1.0803,1.324,1.0595,0.33782,0.8308,0.94766,1.3162,0.4325,0.12298,0.41875,0.4875,0.4875,0.16,0.064118,0.11667,0.16667,0.20833,125.16,596.88,112.03,507.81,90.024,88,6.7857,93.209,1,0
1.4775,0.35658,1.2385,1.3238,1.7953,1.2646,0.26977,1.0782,1.205,1.3623,0.54643,0.10866,0.5875,0.5875,0.5875,0.17619,0.031706,0.14167,0.2,0.2,99.844,596.88,20.156,503.12,123.04,90,1.1765,128.01,1,0
1.2942,1.3255,0.29772,0.92386,1.9234,1.1876,1.3147,0.20572,0.82426,1.766,0.495,0.11665,0.425,0.5625,0.5625,0.168,0.053125,0.13333,0.2,0.2,86.719,628.12,168.75,792.97,184.13,376,2.0095,437.23,1,0
2.6645,1.7848,2.0276,2.2451,2.2756,2.5499,1.9513,1.5849,2.0853,2.1375,0.49844,0.071163,0.4125,0.55,0.55,0.15417,0.030538,0.13333,0.13333,0.18333,356.25,728.12,132.19,652.34,236.53,106,0.33821,236.89,0,0
2.0911,0.99678,1.3863,2.0911,2.7959,1.3304,0,1.3304,1.3304,1.3304,0.35833,0.16879,0.23125,0.3625,0.48438,0.1,0.088192,0.041667,0.066667,0.16667,356.25,742.97,146.25,703.91,213.6,100,0.18601,214.75,0,0
2.5028,0.96383,2.1814,2.4265,2.6915,2.2868,1.045,1.8588,2.2694,2.4778,0.57375,0.15005,0.5375,0.5625,0.7125,0.18333,0.057198,0.13333,0.2,0.23333,102.66,595.31,377.81,680.47,288.03,130,0.30948,293.6,0,0
1.0606,0.33681,0.9123,0.96332,1.2264,0.9902,0.34102,0.82383,0.91534,1.1292,0.53,0.10277,0.5625,0.5625,0.5625,0.17667,0.062952,0.13333,0.2,0.23333,92.812,540.62,145.78,707.03,174.63,186,3.1416,175.09,1,0
2.8212,1.7009,1.7956,2.4485,2.9779,2.0481,0.61043,1.5767,2.0321,2.5101,0.525,0.083853,0.4625,0.4625,0.6125,0.1963,0.026058,0.2,0.2,0.2,51.094,531.25,346.41,596.09,302.35,120,0.21958,303.69,0,0
0.2881,0.28985,0.12454,0.15185,0.35548,0.27164,0.28239,0.10598,0.1453,0.35863,0.65294,0.068331,0.675,0.675,0.675,0.20686,0.033614,0.2,0.2,0.23333,174.84,547.66,236.25,680.47,146.32,634,2.1628,147.68,1,0
0.52181,0.47545,0.24808,0.37008,0.65187,0.33511,0.20557,0.21304,0.2974,0.48846,0.54028,0.10417,0.575,0.575,0.575,0.17778,0.052705,0.13333,0.16667,0.20833,189.38,521.88,224.06,590.62,77.005,146,1.982,79.303,1,0
0.46829,0.73176,0.050978,0.11389,0.4839,0.44391,0.71902,0.043424,0.099767,0.47919,0.59514,0.029167,0.6,0.6,0.6,0.20463,0.034872,0.16667,0.2,0.23333,188.44,657.81,104.06,455.47,219.23,1100,2.3981,228.04,1,0
1.2037,0.45436,0.89812,1.2169,1.5021,1.0849,0.45023,0.8306,0.97162,1.3373,0.55521,0.095266,0.4875,0.625,0.625,0.20833,0.028868,0.2,0.2,0.23333,133.12,658.59,341.72,649.22,208.8,180,-0.044944,209.93,0,0
1.8884,0.55266,1.3334,1.9857,2.3034,1.6321,0.49043,1.0797,1.712,2.1064,0.51562,0.14756,0.475,0.55,0.625,0.15833,0.038832,0.13333,0.16667,0.16667,252.66,658.59,78.75,591.41,186.43,100,0.38634,187.1,0,0
1.095,0.60138,0.71647,0.93217,1.3518,0.87155,0.39094,0.53157,0.82132,1.0591,0.53646,0.090211,0.5625,0.5625,0.5625,0.20278,0.038817,0.18333,0.21667,0.23333,103.59,651.56,33.281,518.75,150.28,160,1.8889,156.54,1,0
2.7779,0.67642,2.36,2.4463,3.2787,2.8289,0.80861,2.2572,2.8289,3.4007,0.425,0,0.425,0.425,0.425,0.11667,0.033333,0.1,0.13333,0.13333,148.12,669.53,98.906,467.19,208.24,80,4.1111,209.4,1,0
2.0468,0.71425,1.577,1.7931,2.4304,1.9565,0.82356,1.3388,1.7155,2.5741,0.57292,0.13356,0.5375,0.60625,0.675,0.20556,0.061162,0.13333,0.21667,0.26667,362.81,667.97,232.5,640.62,133.15,70,0.20983,133.59,0,0
2.43,1.5954,1.5878,1.952,2.2494,2.4151,1.7174,1.2442,2.1257,2.9551,0.57321,0.070868,0.6,0.6,0.6,0.21429,0.053945,0.175,0.23333,0.23333,302.34,669.53,140.16,599.22,176.77,88,0.43353,177.09,0,0
1.4419,0.62628,1.0771,1.1942,1.5192,1.1541,0.24967,1.0179,1.0421,1.2002,0.51944,0.11811,0.4375,0.6125,0.6125,0.19259,0.054716,0.19167,0.2,0.20833,136.88,639.84,85.312,439.84,206.54,150,3.8788,210.39,1,0
0.4626,0.42633,0.15625,0.28198,0.7663,0.4129,0.41062,0.13792,0.20431,0.53067,0.50263,0.088739,0.4625,0.4625,0.6,0.1614,0.025491,0.13333,0.16667,0.16667,157.03,655.47,208.12,764.06,120.01,300,2.1254,121.13,1,0
1.5183,1.0463,0.74188,1.3309,1.7449,1.3008,1.0018,0.58916,1.1223,1.4176,0.51786,0.11703,0.45,0.6,0.6,0.1619,0.06386,0.13333,0.16667,0.23333,387.19,766.41,153.28,700.78,242.94,192,0.28056,244.9,0,0
2.2242,0.76539,1.7212,2.0221,2.6399,2.1489,0.83247,1.5429,2.0007,2.755,0.47083,0.13268,0.525,0.525,0.525,0.16111,0.07722,0.13333,0.16667,0.23333,96.094,670.31,47.812,529.69,148.68,70,2.9126,149.51,1,0
6.1736,1.784,4.821,5.7708,7.5263,6.1999,1.8313,4.9057,5.7818,7.5985,0.4825,0.22019,0.38125,0.4625,0.675,0.18667,0.090062,0.15833,0.2,0.24167,144.38,594.53,3.2812,300.78,325.88,56,2.0819,330.78,1,0
2.8347,2.4482,1.3157,2.1371,3.2624,2.7117,2.6099,0.94829,1.751,3.4681,0.525,0.10564,0.475,0.54375,0.6125,0.17917,0.035355,0.15,0.18333,0.2,154.22,460.16,228.28,689.84,241.33,106,3.1013,242.23,1,0
2.6975,2.0379,1.1613,2.3155,3.7524,2.4354,2.1759,0.70073,1.6241,3.8963,0.50625,0.11934,0.475,0.475,0.625,0.14583,0.064087,0.1,0.13333,0.2,339.84,692.19,119.06,614.06,234.2,104,0.35386,234.64,0,0
0.89143,0.46042,0.54846,0.8477,1.1544,0.75215,0.32634,0.47926,0.69819,1.0776,0.56641,0.034375,0.575,0.575,0.575,0.18542,0.032131,0.16667,0.18333,0.2,170.62,505.47,253.12,704.69,215.63,256,2.4148,218.75,1,0
0.70962,0.60453,0.21099,0.5642,1.0826,0.57376,0.5797,0.18587,0.43236,0.69271,0.49583,0.08125,0.3875,0.55,0.55,0.15926,0.027778,0.13333,0.16667,0.175,222.66,546.09,263.91,632.81,96.03,134,2.1023,96.187,1,0
2.6553,0.99251,2.1078,2.2852,2.935,2.6697,1.0467,2.0623,2.2248,3.2772,0.525,0,0.525,0.525,0.525,0.20556,0.025092,0.2,0.2,0.23333,158.44,617.97,336.56,635.94,179.03,74,0.10088,180.27,0,0
1.2343,0.59531,0.95859,1.0851,1.3093,1.1705,0.61147,0.891,0.97904,1.2833,0.61146,0.12066,0.5875,0.5875,0.7375,0.21389,0.050168,0.2,0.23333,0.23333,143.44,633.59,317.81,696.09,185.24,166,0.35842,190.26,0,0
0.88568,1.0348,0.080388,0.57511,1.535,0.41279,0.47187,0.046469,0.30199,0.77911,0.30625,0.075312,0.2375,0.30625,0.375,0.088889,0.027217,0.066667,0.083333,0.1,31.875,661.72,3.2812,590.62,76.628,184,2.4863,80.182,1,0
0.88722,0.4809,0.58205,0.85363,1.0717,0.62867,0.20762,0.46998,0.68045,0.78736,0.4375,0.14642,0.35,0.525,0.525,0.15,0.062361,0.13333,0.16667,0.2,106.41,571.09,102.19,502.34,68.879,80,16.296,69.405,1,0
1.6454,0.45474,1.3152,1.5609,1.7826,1.5319,0.49407,1.1656,1.4417,1.7423,0.38906,0.066291,0.4125,0.4125,0.4125,0.15417,0.035355,0.13333,0.15,0.18333,62.344,576.56,16.875,427.34,155.99,100,3.2818,159.62,1,0
1.615,1.0494,0.53809,1.6296,2.5246,1.2953,0.88389,0.46125,1.3218,1.8948,0.54306,0.15626,0.425,0.5875,0.62188,0.18519,0.076578,0.125,0.2,0.24167,150.94,514.06,221.25,705.47,203.91,120,2.7222,205.78,1,0
1.7986,1.362,1.0143,1.4496,1.827,1.6684,1.4638,0.90343,1.3076,1.4638,0.575,0.17287,0.49688,0.675,0.675,0.18519,0.062608,0.19167,0.2,0.2,130.31,600,300.47,626.56,172.22,120,0.15611,179.25,0,0
2.3877,0.5046,2.0721,2.3761,2.6702,2.2531,0.58802,1.8531,2.2958,2.6531,0.45,0.091856,0.4875,0.4875,0.4875,0.18889,0.045542,0.13333,0.2,0.23333,193.59,660.16,355.78,678.91,163.27,72,0.11561,167.54,0,0
2.0382,2.5386,0.69964,1.1104,2.0653,0.98786,0.56458,0.54564,0.97684,1.0876,0.49844,0.13454,0.49375,0.5625,0.5625,0.19167,0.068429,0.18333,0.21667,0.23333,126.09,610.16,60.938,438.28,183.81,126,2.6379,192.51,1,0
1.7609,1.3524,0.66005,1.4492,2.5887,1.6685,1.3884,0.43926,1.679,2.4494,0.54125,0.14884,0.4625,0.625,0.625,0.18,0.070623,0.13333,0.2,0.23333,215.62,638.28,411.09,717.19,210.79,140,0.40368,219.74,0,0
1.4822,1.3941,0.30163,1.412,1.8491,1.3235,1.4219,0.23473,0.96989,1.7861,0.54886,0.1877,0.41563,0.55,0.7375,0.17273,0.074264,0.13333,0.16667,0.23333,237.19,633.59,406.41,696.88,180.66,144,0.37396,187.1,0,0
3.7543,2.129,1.9722,3.5924,3.9659,3.4542,2.3776,1.5621,3.3473,4.5303,0.53571,0.13644,0.45,0.6375,0.6375,0.17619,0.059982,0.14167,0.2,0.225,173.44,655.47,60.469,285.16,387.16,120,3.278,407.77,1,0
2.1047,1.1869,1.3073,2.1399,2.6245,1.8927,1.329,0.78218,1.7268,2.5859,0.47344,0.13733,0.45,0.45,0.6,0.1375,0.054736,0.11667,0.13333,0.18333,329.53,706.25,145.31,646.09,193.79,106,0.32655,194.27,0,0
1.5386,0.60921,1.3952,1.4955,1.753,1.429,0.65097,1.2734,1.3462,1.7258,0.40781,0.083969,0.4375,0.4375,0.4375,0.1625,0.051755,0.13333,0.16667,0.2,193.59,551.56,361.41,593.75,173.03,120,0.2514,173.88,0,0
2.918,0.6839,2.2993,2.9529,3.4894,2.8609,0.70321,2.3509,3.0067,3.371,0.475,0.091856,0.5125,0.5125,0.5125,0.15556,0.050185,0.13333,0.16667,0.2,270.94,605.47,62.812,508.59,229.57,80,0.46547,229.73,0,0
1.811,0.48062,1.5535,1.7615,2.1496,1.8572,0.40747,1.4865,1.8138,2.154,0.49464,0.13823,0.47188,0.5,0.60312,0.17619,0.059982,0.14167,0.2,0.225,128.44,689.84,353.91,738.28,230.61,120,0.21483,232.21,0,0
2.9055,2.1683,1.6396,1.9595,4.1714,1.593,0.51026,1.2149,1.5605,1.9791,0.435,0.061492,0.42813,0.4625,0.4625,0.17333,0.054772,0.125,0.2,0.20833,75,548.44,15.938,438.28,124.99,56,1.8651,126.5,1,0
2.3882,1.3478,1.5698,2.2467,2.543,2.1678,1.4691,1.1637,1.7958,2.3363,0.49688,0.099944,0.425,0.50625,0.5875,0.18333,0.030861,0.16667,0.18333,0.2,155.16,634.38,360.47,689.84,212.67,104,0.27017,213.6,0,0
2.3842,1.966,1.3117,1.7598,2.8841,2.3257,2.2843,1.102,1.3366,3.5493,0.48333,0.1185,0.35,0.5125,0.5125,0.13889,0.049065,0.1,0.15,0.16667,251.72,683.59,73.594,616.41,190.38,106,0.37719,190.94,0,0
2.3597,0.63662,1.8771,2.2604,3.0911,2.2631,0.71314,1.6461,2.2823,2.9544,0.50179,0.13758,0.4625,0.4625,0.625,0.16667,0.054433,0.14167,0.16667,0.2,329.06,714.84,144.84,666.41,190.48,86,0.26293,191.4,0,0
0.55547,0.35507,0.28471,0.42944,0.7687,0.53729,0.36196,0.26676,0.42543,0.76561,0.5375,0.13603,0.4875,0.6375,0.6375,0.16667,0.057735,0.14167,0.16667,0.2,213.28,550.78,250.31,660.16,115.47,226,2.9536,116.76,1,0
1.2636,0.47194,0.9861,1.1606,1.6379,1.1033,0.5172,0.78886,1.0232,1.4178,0.35,0.07746,0.25,0.4,0.4,0.11111,0.040369,0.066667,0.11667,0.13333,48.75,578.12,1.875,451.56,134.96,106,2.7,137.09,1,0
1.96,1.3478,1.028,1.7146,2.4322,1.8935,1.6053,0.80307,1.3217,2.9839,0.44375,0.11477,0.4125,0.4125,0.575,0.15556,0.065546,0.13333,0.13333,0.23333,317.81,715.62,148.59,675.78,173.85,104,0.23546,174.71,0,0
2.2286,1.6908,0.73265,2.2485,3.4407,1.5805,1.2458,0.51958,1.5394,2.6803,0.5,0.1297,0.37188,0.475,0.625,0.15238,0.050395,0.13333,0.16667,0.16667,151.41,480.47,227.81,657.03,192.39,104,2.3108,192.51,1,0
2.2898,0.67564,1.9873,2.2509,2.7501,2.1238,0.72886,1.7825,1.9839,2.7614,0.575,0.1567,0.5125,0.60625,0.7,0.1875,0.058926,0.13333,0.2,0.23333,344.53,669.53,119.06,628.91,229.1,104,0.18018,229.78,0,0
1.6224,1.1822,0.51603,1.4884,2.374,1.3621,1.1567,0.30666,1.1849,1.9097,0.54063,0.06365,0.50625,0.575,0.575,0.175,0.034503,0.15,0.16667,0.2,184.22,534.38,232.5,698.44,171.02,120,3.3981,171.95,1,0
2.7313,0.64424,2.4908,2.5681,3.0276,2.5931,0.70369,2.3316,2.5169,2.9151,0.49375,0.10373,0.4625,0.4625,0.6,0.15833,0.052705,0.13333,0.13333,0.18333,352.97,662.5,79.688,599.22,280.51,104,0.23156,281.55,0,0
1.8167,1.3071,0.67692,2.0715,2.4154,1.558,1.3425,0.36535,1.4807,2.1643,0.50156,0.17132,0.39375,0.5625,0.6375,0.17917,0.064087,0.13333,0.2,0.21667,244.22,639.06,400.78,684.38,162.99,100,0.28942,170.5,0,0
1.2894,1.4424,0.36325,0.96584,1.3873,0.74309,0.59135,0.2434,0.70906,0.93359,0.4925,0.096501,0.5375,0.5375,0.5375,0.16,0.037843,0.13333,0.15,0.2,129.38,667.97,78.75,542.19,135.59,144,2.4846,138.04,1,0
2.281,1.738,0.28215,3.4595,3.7994,1.9311,1.6502,0.24941,2.072,3.433,0.51625,0.14094,0.425,0.5625,0.5625,0.14333,0.041722,0.13333,0.13333,0.16667,195,422.66,269.06,709.38,296.13,150,3.8713,306.2,1,0
1.9499,2.4442,0.66964,1.2785,1.9943,1.0562,0.7227,0.59406,0.90603,1.3702,0.41818,0.10508,0.3875,0.3875,0.525,0.12727,0.041682,0.1,0.13333,0.15833,341.25,746.88,129.84,709.38,214.71,146,0.17738,215.57,0,0
3.134,2.0423,1.7283,2.7376,4.0494,2.0297,0.68219,1.4745,2.163,2.585,0.56875,0.075312,0.5,0.56875,0.6375,0.16111,0.044305,0.13333,0.16667,0.2,303.75,657.03,99.375,556.25,227.87,86,0.49312,228.19,0,0
2.16,0.51551,1.7941,2.1339,2.3079,2.0995,0.47607,1.9539,2.0485,2.099,0.46406,0.12472,0.3625,0.55,0.55,0.175,0.042725,0.13333,0.16667,0.21667,102.66,675,23.438,426.56,260.76,136,3.1361,268.02,1,0
1.2416,1.1677,0.48252,0.88026,1.6459,1.0825,1.1715,0.33003,0.78764,1.1357,0.52813,0.12637,0.45,0.6,0.6,0.17222,0.058315,0.15,0.2,0.2,191.25,545.31,243.28,693.75,157.29,160,2.8529,166.24,1,0
1.3288,0.37702,1.1492,1.3142,1.3562,1.2329,0.397,1.074,1.1368,1.2712,0.5875,0.10327,0.5125,0.65,0.65,0.17407,0.032394,0.15833,0.16667,0.2,348.28,730.47,197.81,704.69,152.66,120,0.17134,153.26,0,0
3.1306,1.7406,2.0105,2.6587,3.0132,3.0151,1.946,1.8082,2.3567,3.6545,0.48393,0.13989,0.34375,0.475,0.6125,0.14762,0.046576,0.13333,0.13333,0.19167,316.88,633.59,89.531,584.38,232.61,88,0.21649,233.78,0,0
1.2612,0.6918,0.67599,0.9375,1.8085,1.0812,0.6419,0.60357,0.82858,1.5538,0.44125,0.11548,0.3875,0.3875,0.5625,0.14667,0.032203,0.13333,0.13333,0.13333,326.25,739.84,170.16,721.88,157.12,134,0.11512,158.72,0,0
2.0493,0.4853,1.774,2.135,2.4258,1.862,0.5317,1.5399,1.7236,2.3537,0.53393,0.12515,0.49688,0.6,0.6,0.18095,0.057275,0.13333,0.2,0.23333,169.69,635.16,404.06,695.31,241.97,114,0.25667,245.88,0,0
0.43699,0.28204,0.27698,0.31426,0.50493,0.37872,0.2952,0.25625,0.26805,0.31267,0.48194,0.054167,0.5,0.5,0.5,0.15185,0.041201,0.13333,0.13333,0.175,156.09,678.12,187.03,735.16,64.882,160,1.8434,65.181,1,0
2.2053,1.894,1.2601,1.6894,2.229,2.1765,1.9236,1.3166,1.6496,2.2044,0.50909,0.11485,0.4875,0.5,0.60312,0.16061,0.055414,0.13333,0.16667,0.19167,346.88,660.94,104.53,586.72,253.45,152,0.30625,281.31,0,0
2.5898,2.0104,1.0854,2.013,3.5247,2.4701,2.0724,0.95975,2.1754,3.2093,0.56875,0.18164,0.525,0.61875,0.7125,0.16667,0.073703,0.13333,0.15,0.23333,334.22,694.53,54.375,573.44,304.92,140,0.43272,306.4,0,0
2.1404,0.32616,1.9748,2.1099,2.2686,2.0162,0.3829,1.7554,1.9779,2.277,0.625,0,0.625,0.625,0.625,0.22778,0.013608,0.23333,0.23333,0.23333,228.28,606.25,381.09,662.5,162.84,80,0.3681,168.64,0,0
1.2044,1.0379,0.40039,0.87383,1.9714,0.79159,0.66442,0.29571,0.67772,1.1464,0.49821,0.061419,0.475,0.475,0.475,0.15238,0.046576,0.10833,0.16667,0.16667,210.47,535.94,233.44,716.41,181.92,120,7.8571,182.76,1,0
2.0152,0.85124,1.3696,2.3129,2.5865,1.5714,0.92244,0.9191,1.5714,2.2236,0.45312,0.17302,0.35,0.4875,0.55625,0.125,0.041944,0.1,0.13333,0.15,297.66,689.84,134.06,623.44,176.56,80,0.40592,176.66,0,0
1.944,1.5957,0.9398,1.8192,2.2457,1.8353,1.649,0.8505,1.6621,2.0252,0.48646,0.13541,0.4125,0.50625,0.6,0.15556,0.057443,0.13333,0.15,0.2,402.19,725,133.59,663.28,275.59,166,0.22978,276.42,0,0
1.8866,1.2168,1.0969,1.5047,2.0548,1.8415,1.2474,1.0516,1.4476,2.0636,0.51875,0.12336,0.5125,0.5375,0.5375,0.19,0.047271,0.2,0.2,0.2,185.62,655.47,396.56,708.59,217.52,134,0.25185,219.57,0,0
4.0209,2.7245,2.5545,2.7963,5.4872,2.323,0.64401,1.8423,2.6149,2.7308,0.4925,0.14048,0.3875,0.5875,0.5875,0.17333,0.054772,0.125,0.2,0.20833,242.34,620.31,30.938,559.38,220.01,70,0.28825,220.45,0,0
1.2534,0.43552,0.94591,1.0734,1.5814,1.1216,0.40236,0.81869,1.0037,1.4087,0.49271,0.10864,0.5375,0.5375,0.5375,0.16111,0.048893,0.13333,0.16667,0.2,102.19,568.75,201.56,776.56,230.35,200,2.0912,231.16,1,0
1.6751,0.9587,0.77956,1.7975,2.0766,1.5132,0.97771,0.65412,1.6549,1.9359,0.51923,0.12328,0.475,0.475,0.625,0.20256,0.046071,0.2,0.2,0.23333,74.062,648.44,338.44,725.78,275.46,184,0.29255,280.82,0,0
0.29819,0.30962,0.15015,0.17652,0.3095,0.26457,0.3228,0.12765,0.13714,0.20204,0.47045,0.065734,0.5,0.5,0.5,0.14242,0.053936,0.10833,0.16667,0.16667,210.94,577.34,226.41,617.19,42.741,150,2.5758,43.943,1,0
0.39811,0.30738,0.15777,0.26098,0.70198,0.35886,0.30527,0.10473,0.16979,0.6707,0.5475,0.05693,0.575,0.575,0.575,0.17333,0.049119,0.13333,0.16667,0.2,149.53,655.47,189.38,741.41,94.725,260,2.1569,95.196,1,0
2.1071,0.47332,1.786,2.1767,2.3396,2.0316,0.49542,1.7843,2.0354,2.2861,0.49688,0.14802,0.43125,0.5375,0.6125,0.15417,0.056167,0.13333,0.16667,0.2,177.66,593.75,394.22,680.47,233.28,114,0.40043,234.49,0,0
0.6518,0.28668,0.61925,0.70768,0.79486,0.5692,0.30326,0.42905,0.62332,0.74813,0.40179,0.13119,0.33437,0.475,0.475,0.12857,0.048795,0.13333,0.13333,0.13333,42.656,609.38,7.0312,568.75,54.033,90,1.1404,54.449,1,0
1.8629,0.94116,1.2214,1.7205,2.5658,1.5346,0.80362,1.0815,1.4018,2.0678,0.42917,0.0625,0.45,0.45,0.45,0.16296,0.035136,0.13333,0.16667,0.2,129.84,688.28,26.25,495.31,219.02,134,1.8627,231.8,1,0
1.0185,0.31673,0.78834,1.0584,1.2646,0.92384,0.31162,0.69326,0.96385,1.079,0.68654,0.16157,0.75,0.75,0.75,0.21538,0.052025,0.2,0.23333,0.24167,366.56,500,413.44,284.38,220.66,208,-4.6,222.57,1,1
1.1426,0.68351,0.63466,1.0758,1.4141,1.0303,0.7102,0.46553,0.99234,1.3233,0.74625,0.13044,0.7875,0.7875,0.7875,0.25333,0.054885,0.23333,0.25,0.3,228.75,501.56,246.09,314.06,188.3,176,-10.811,191.68,1,1
0.55211,0.65905,0.068921,0.16103,1.1232,0.46977,0.6001,0.052018,0.12929,0.86391,0.656,0.13091,0.575,0.725,0.725,0.224,0.04861,0.2,0.23333,0.26667,366.09,734.38,387.19,490.62,244.66,727,-11.556,250.71,1,1
0.47113,0.12527,0.45472,0.49119,0.53743,0.43474,0.12151,0.41736,0.45472,0.49272,0.5056,0.067941,0.4125,0.55,0.55,0.17241,0.035712,0.13333,0.16667,0.2,395.16,614.06,391.88,405.47,208.62,443,63.571,209.96,1,1
0.40426,0.47959,0.11406,0.22043,0.53994,0.36573,0.45812,0.1037,0.18667,0.49292,0.76578,0.074997,0.6875,0.825,0.825,0.24809,0.026193,0.23333,0.26667,0.26667,275.16,597.66,380.16,274.22,340.05,1168,-3.0804,352.63,1,1
0.68653,0.41671,0.41667,0.5418,0.72545,0.6588,0.42264,0.35457,0.5346,0.79901,0.4125,2.2627e-16,0.4125,0.4125,0.4125,0.1321,0.01725,0.13333,0.13333,0.13333,345.47,273.44,367.97,540.62,268.13,398,11.875,269.44,1,1
0.58039,0.49303,0.16624,0.4087,0.88185,0.5453,0.48212,0.14871,0.36721,0.83571,0.55,0.12088,0.5,0.6375,0.6375,0.18222,0.047733,0.13333,0.2,0.23333,172.97,134.38,310.78,33.594,170.73,425,-0.73129,247.33,0,1
0.1889,0.10007,0.13391,0.16829,0.21066,0.17728,0.096377,0.1195,0.16104,0.2018,0.59925,0.085948,0.5875,0.5875,0.5875,0.20361,0.025509,0.2,0.2,0.2,410.16,632.03,449.53,367.19,267.75,1581,-6.7262,274.97,1,1
1.1258,0.51548,0.93511,1.0435,1.3556,1.0325,0.55046,0.71436,0.95822,1.3112,0.60682,0.12278,0.5375,0.7,0.7,0.20303,0.045837,0.2,0.23333,0.23333,374.06,638.28,411.09,478.12,164.38,148,-4.3249,165.62,1,1
0.37754,0.43836,0.15934,0.21066,0.39885,0.32535,0.36605,0.14378,0.20099,0.3742,0.74844,0.1339,0.75,0.75,0.8875,0.25625,0.051067,0.23333,0.26667,0.3,344.06,582.81,383.91,432.81,155.2,1597,-3.7647,456.22,1,1
6.2117,0.55693,5.8179,6.2117,6.6055,6.341,0,6.341,6.341,6.341,0.47917,0.29642,0.25313,0.525,0.69375,0.2,0.12019,0.10833,0.23333,0.28333,337.97,423.44,472.5,197.66,262.82,44,-1.6783,267.01,1,1
0.18564,0.12861,0.094169,0.19531,0.22571,0.1707,0.12562,0.085925,0.17726,0.20998,0.68681,0.063372,0.5875,0.725,0.725,0.22593,0.029273,0.2,0.21667,0.26667,381.56,697.66,382.5,644.53,53.133,472,-56.667,53.253,1,1
0.35491,0.20023,0.17312,0.35292,0.48955,0.33221,0.20419,0.15081,0.34759,0.46733,0.47125,0.095551,0.4375,0.4375,0.575,0.175,0.041711,0.16667,0.18333,0.2,404.53,571.88,423.75,473.44,100.3,286,-5.122,101.55,1,1
0.24806,0.15825,0.16741,0.1975,0.24589,0.22911,0.15698,0.14747,0.18544,0.22936,0.75879,0.056196,0.7875,0.7875,0.7875,0.24249,0.029842,0.23333,0.23333,0.26667,399.84,624.22,373.12,298.44,326.88,1510,12.193,328.76,1,1
0.12678,0.12563,0.04909,0.10417,0.16219,0.11033,0.1015,0.039494,0.098358,0.13812,0.73505,0.10556,0.65,0.7875,0.7875,0.2413,0.037307,0.23333,0.23333,0.26667,319.69,539.06,316.41,596.09,57.126,1835,-17.381,125.32,1,1
0.10691,0.023151,0.089341,0.11491,0.12248,0.11411,0.0041916,0.11115,0.11411,0.11708,0.45313,0.14839,0.3625,0.4625,0.54375,0.13333,0,0.13333,0.13333,0.13333,252.66,196.88,258.28,196.09,5.679,58,-0.13889,5.8274,0,1
0.44699,0.41717,0.15625,0.3125,0.59538,0.4173,0.40408,0.13899,0.28036,0.56865,0.45556,0.073958,0.425,0.425,0.5625,0.1642,0.037114,0.13333,0.16667,0.2,185.16,574.22,263.91,424.22,169.42,1447,-1.9048,393.66,1,1
0.11247,0.087425,0.054252,0.097656,0.15188,0.10677,0.084454,0.05073,0.088521,0.13317,0.8,0.088727,0.7,0.8375,0.8375,0.28694,0.033478,0.26667,0.3,0.3,401.72,605.47,375.94,442.19,165.3,1960,6.3333,168.23,1,1
0.55421,0.88806,0.038621,0.047239,1.1965,0.81271,1.0833,0.046705,0.81271,1.5787,0.44062,0.17302,0.30625,0.4875,0.575,0.10833,0.05,0.083333,0.13333,0.13333,135.94,208.59,155.16,190.62,26.31,149,-0.93496,29.507,0,1
0.332,0.1667,0.15934,0.40047,0.47547,0.30747,0.16393,0.14827,0.4146,0.448,0.75,0,0.75,0.75,0.75,0.26863,0.021955,0.26667,0.26667,0.275,343.12,630.47,356.72,548.44,83.15,267,-6.0345,83.385,1,1
0.27597,0.15539,0.17159,0.20833,0.41791,0.24052,0.13597,0.14546,0.19437,0.25166,0.36688,0.036336,0.375,0.375,0.375,0.11667,0.020233,0.1,0.13333,0.13333,321.09,528.12,316.41,446.88,81.385,313,17.333,81.711,1,1
0.6099,0.46065,0.23859,0.35303,1.0014,0.52921,0.41662,0.19871,0.32422,0.87878,0.53155,0.087555,0.54062,0.575,0.575,0.19206,0.043339,0.16667,0.2,0.23333,341.25,592.19,387.66,421.88,176.52,314,-3.67,183.16,1,1
0.18167,0.1269,0.073242,0.18302,0.22571,0.16048,0.10638,0.070181,0.15717,0.214,0.3625,2.8084e-16,0.3625,0.3625,0.3625,0.1093,0.023374,0.1,0.1,0.13333,372.19,686.72,378.28,562.5,124.37,1016,-20.385,125.32,1,1
0.14826,0.11058,0.056943,0.14793,0.19531,0.13189,0.088783,0.052804,0.13166,0.17733,0.6125,2.2372e-16,0.6125,0.6125,0.6125,0.23582,0.026153,0.23333,0.23333,0.26667,80.156,489.06,50.625,319.53,172.08,1704,5.7407,174.1,1,1
0.22865,0.19108,0.097656,0.19531,0.24414,0.20728,0.17608,0.09432,0.17658,0.22678,0.55,1.1191e-16,0.55,0.55,0.55,0.16931,0.035063,0.13333,0.16667,0.2,377.81,540.62,395.62,321.09,220.25,1150,-12.325,221.33,1,1
0.29682,0.29687,0.13496,0.19531,0.39162,0.27313,0.28274,0.11894,0.18106,0.35844,0.685,0.068882,0.7,0.7,0.7,0.26,0.042872,0.23333,0.26667,0.3,254.06,542.19,314.53,291.41,257.97,1054,-4.1473,270.08,1,1
0.20846,0.24265,0.054377,0.11512,0.26042,0.19654,0.23824,0.050236,0.1024,0.25183,0.49049,0.10005,0.45,0.45,0.6125,0.17934,0.041544,0.16667,0.16667,0.2,361.88,624.22,423.75,399.22,233.35,2154,-3.6364,271.23,1,1
0.18472,0.14755,0.079672,0.15625,0.21066,0.17383,0.14264,0.075363,0.14221,0.20167,0.3375,2.2445e-16,0.3375,0.3375,0.3375,0.12837,0.013864,0.13333,0.13333,0.13333,262.03,601.56,265.31,639.84,38.422,1171,11.667,145.72,1,1
0.32698,0.25364,0.12625,0.26058,0.49037,0.3095,0.24941,0.093174,0.25535,0.47399,0.75844,0.068838,0.7,0.7,0.8375,0.26917,0.038034,0.23333,0.26667,0.3,334.69,539.84,345.94,468.75,71.978,1054,-6.3194,200.81,1,1
3.2059,1.3637,1.7587,3.3259,4.3479,3.3265,1.2901,2.6155,3.3118,4.2926,0.425,5.9959e-17,0.425,0.425,0.425,0.17143,0.04484,0.14167,0.16667,0.2,174.84,555.47,69.375,324.22,254.17,86,2.1926,256.06,1,1
2.0849,0.51618,1.6315,2.1176,2.387,1.9243,0.56778,1.496,1.7582,2.2864,0.6975,0.10083,0.6375,0.6375,0.8125,0.20333,0.039907,0.2,0.21667,0.23333,368.44,636.72,475.31,310.94,342.86,166,-3.0482,345.91,1,1
0.57707,0.45858,0.21839,0.40039,0.87798,0.50606,0.42704,0.20384,0.33243,0.6771,0.74208,0.066992,0.7625,0.7625,0.7625,0.25111,0.0336,0.23333,0.26667,0.26667,260.16,606.25,240,328.12,278.85,490,13.798,282,1,1
0.57842,0.45064,0.18939,0.45429,0.97952,0.47733,0.37486,0.17274,0.3767,0.67355,0.78984,0.1574,0.725,0.875,0.875,0.25625,0.049768,0.25,0.26667,0.28333,307.97,380.47,343.12,260.94,124.59,240,-3.4,130.43,1,1
0.62799,0.39695,0.41139,0.5292,0.91722,0.58902,0.39933,0.30695,0.48192,0.87547,0.275,1.1269e-16,0.275,0.275,0.275,0.11275,0.028444,0.1,0.13333,0.13333,312.19,610.16,370.78,312.5,303.37,508,-5.08,320.17,1,1
0.37398,0.32896,0.13978,0.23997,0.48936,0.30968,0.30147,0.11636,0.14872,0.39781,0.61324,0.054031,0.6375,0.6375,0.6375,0.21765,0.029149,0.2,0.2,0.23333,347.34,596.88,384.84,513.28,91.62,267,-2.2292,92.012,1,1
0.33567,0.31515,0.15934,0.22126,0.35292,0.27401,0.22294,0.15157,0.19587,0.30395,0.68669,0.098844,0.725,0.725,0.725,0.27097,0.04281,0.26667,0.26667,0.3,345.47,521.88,390,377.34,151.24,477,-3.2456,153.29,1,1
0.13563,0.061956,0.080819,0.11161,0.20833,0.12674,0.058596,0.075896,0.10885,0.19294,0.57332,0.054785,0.6,0.6,0.6,0.16915,0.032985,0.13333,0.16667,0.2,340.31,549.22,355.31,385.16,164.75,1402,-10.938,165.68,1,1
0.82007,0.72813,0.31869,0.70757,0.90145,0.61862,0.41183,0.25514,0.63095,0.80979,0.61167,0.05164,0.625,0.625,0.625,0.19333,0.038214,0.16667,0.2,0.2,262.03,572.66,372.19,341.41,256.15,280,-2.0993,260.5,1,1
0.25332,0.45737,0.021331,0.053267,0.33292,0.19084,0.36564,0.016783,0.05257,0.26555,0.30735,0.068196,0.275,0.275,0.4125,0.22941,0.083188,0.13333,0.25,0.3,5.625,759.38,3.75,636.72,122.67,2883,65.417,145.01,1,1
0.11515,0.13396,0.011829,0.094213,0.16829,0.086095,0.074613,0.011531,0.070413,0.14765,0.7462,0.086062,0.775,0.775,0.775,0.23478,0.04765,0.2,0.23333,0.26667,317.81,538.28,341.72,464.84,77.231,1599,-3.0719,81.092,1,1
0.57979,0.42796,0.44768,0.47357,0.53711,0.55499,0.45833,0.37662,0.44098,0.54909,0.41591,0.080834,0.35938,0.4625,0.4625,0.12424,0.039696,0.13333,0.13333,0.13333,171.56,541.41,180.94,448.44,93.44,168,-9.9167,94.163,1,1
0.59183,0.86708,0.1256,0.20833,0.48967,0.56245,0.83194,0.10677,0.16529,0.48905,0.35951,0.020273,0.3625,0.3625,0.3625,0.12464,0.023763,0.1,0.13333,0.13333,373.59,539.84,412.97,392.19,152.82,1115,-3.75,457.23,1,1
0.51447,0.33548,0.31554,0.43222,0.59498,0.49494,0.3305,0.29188,0.39936,0.57184,0.5713,0.1078,0.55,0.55,0.6875,0.19383,0.032075,0.2,0.2,0.2,467.34,670.31,478.59,478.91,191.74,430,-17.014,196.93,1,1
1.0643,0.47039,0.77765,0.92209,1.4763,0.9589,0.4866,0.64237,0.84258,1.2625,0.6575,0.13006,0.5875,0.725,0.725,0.20667,0.043885,0.2,0.21667,0.23333,346.41,599.22,424.69,396.09,217.69,184,-2.5948,219.66,1,1
0.29887,0.20015,0.18277,0.22571,0.39531,0.27066,0.18635,0.16183,0.2062,0.35626,0.67176,0.023814,0.675,0.675,0.675,0.19815,0.035712,0.2,0.2,0.23333,406.41,582.81,456.56,344.53,243.5,872,-4.7508,248.03,1,1
0.1408,0.092578,0.078125,0.10417,0.1975,0.13028,0.087456,0.073882,0.10069,0.17518,0.31301,0.052969,0.3375,0.3375,0.3375,0.12146,0.02178,0.1,0.13333,0.13333,362.34,624.22,353.44,442.97,181.47,1566,20.351,182.31,1,1
0.11107,0.051075,0.076235,0.10417,0.15739,0.10564,0.049492,0.071076,0.098933,0.14607,0.55146,0.096745,0.5375,0.5375,0.675,0.19333,0.04706,0.15,0.2,0.23333,345.47,613.28,365.62,482.81,132.02,1405,-6.4729,135.4,1,1
1.2937,0.81514,0.64421,1.291,1.6001,1.0595,0.58898,0.54248,1.1102,1.4469,0.61071,0.11786,0.5125,0.6875,0.6875,0.18333,0.040825,0.16667,0.2,0.2,272.34,634.38,320.16,329.69,308.42,220,-6.3725,309.25,1,1
0.34471,0.17051,0.22321,0.32198,0.41295,0.32288,0.17052,0.1958,0.2939,0.39276,0.63517,0.11299,0.6,0.6,0.7375,0.20169,0.036841,0.16667,0.2,0.23333,381.09,615.62,447.19,319.53,303.38,960,-4.4799,312.39,1,1
0.23584,0.40719,0.054377,0.10854,0.19531,0.21972,0.38776,0.051668,0.10134,0.18019,0.71448,0.065723,0.625,0.7625,0.7625,0.20741,0.03478,0.2,0.2,0.23333,402.19,550,420.47,400.78,150.33,5734,-8.1624,798.84,1,1
0.17247,0.1625,0.055804,0.10678,0.20926,0.14897,0.14283,0.054004,0.098904,0.15723,0.55,2.2597e-16,0.55,0.55,0.55,0.19655,0.01857,0.2,0.2,0.2,99.844,545.31,97.969,639.84,94.55,744,-50.417,95.037,1,1
0.39033,0.4764,0.079285,0.15934,0.57971,0.36574,0.45645,0.076121,0.12674,0.55815,0.51776,0.044611,0.525,0.525,0.525,0.1886,0.031266,0.16667,0.2,0.2,323.44,692.97,365.62,467.97,228.92,810,-5.3333,230.66,1,1
0.26645,0.21727,0.10222,0.22029,0.34767,0.24705,0.21996,0.084414,0.18098,0.33788,0.77313,0.097778,0.725,0.725,0.8625,0.275,0.037268,0.26667,0.28333,0.3,343.59,609.38,337.5,590.62,19.715,423,3.0769,101.31,1,1
1.3911,0.26004,1.1738,1.3976,1.6085,1.2,0.24199,1.0348,1.1243,1.3842,0.345,0.067082,0.3375,0.375,0.375,0.093333,0.043461,0.058333,0.1,0.13333,350.62,511.72,377.81,434.38,81.983,59,-2.8448,82.229,1,1
0.097974,0.070211,0.054377,0.079672,0.10417,0.092251,0.066996,0.052649,0.076084,0.10069,0.68465,0.055612,0.7125,0.7125,0.7125,0.23333,0.032467,0.2,0.23333,0.26667,412.5,672.66,414.38,504.69,167.98,2377,-89.583,172.18,1,1
0.089516,0.057476,0.052083,0.072502,0.11901,0.084964,0.054691,0.04724,0.064438,0.11086,0.56393,0.078553,0.4875,0.625,0.625,0.18472,0.038363,0.16667,0.2,0.2,390.94,529.69,417.66,344.53,187.07,2892,-6.9298,191.26,1,1
0.52222,0.38115,0.21066,0.44334,0.53949,0.46153,0.34249,0.20004,0.40282,0.5009,0.65493,0.06573,0.6125,0.6125,0.75,0.23421,0.028461,0.2,0.23333,0.26667,396.09,667.97,415.31,356.25,312.31,586,-16.22,314.64,1,1
0.46558,0.65674,0.053123,0.15934,0.59662,0.39976,0.56061,0.049867,0.13495,0.47514,0.7114,0.062334,0.6125,0.75,0.75,0.23099,0.021694,0.225,0.23333,0.23333,397.03,538.28,382.97,655.47,118.03,2871,-8.3333,494.1,1,1
0.28559,0.30423,0.15625,0.21066,0.26042,0.27162,0.295,0.14465,0.19662,0.24868,0.6925,0.09325,0.7,0.7,0.7,0.24121,0.039526,0.23333,0.23333,0.26667,381.56,652.34,385.78,395.31,257.07,1022,-60.926,263.27,1,1
0.17816,0.099584,0.12148,0.15934,0.20863,0.16749,0.097326,0.11041,0.15327,0.19404,0.53425,0.10463,0.475,0.6125,0.6125,0.18874,0.04479,0.16667,0.2,0.2,359.06,584.38,401.72,360.94,227.47,1439,-5.2381,233.54,1,1
0.39332,0.28316,0.15531,0.44043,0.57168,0.36712,0.27869,0.13474,0.33873,0.53885,0.70833,0.086312,0.6375,0.775,0.775,0.24556,0.034445,0.23333,0.25,0.26667,395.62,515.62,417.66,337.5,179.48,542,-8.0851,181.31,1,1
0.6949,0.37165,0.395,0.65836,0.92645,0.65145,0.37384,0.3496,0.56642,0.86824,0.69674,0.14451,0.6375,0.75,0.77812,0.31449,0.079026,0.275,0.33333,0.36667,115.31,676.56,262.5,525,211.27,344,-1.0297,238.41,1,1
0.37495,0.21795,0.11652,0.4309,0.53711,0.35291,0.21342,0.10336,0.4399,0.50062,0.68553,0.085215,0.7125,0.7125,0.7125,0.22456,0.038236,0.20833,0.23333,0.23333,397.03,662.5,407.34,556.25,106.75,346,-10.303,108.24,1,1
0.088632,0.11177,0.03125,0.054377,0.081565,0.085052,0.10638,0.029195,0.051772,0.082976,0.81227,0.11925,0.7875,0.7875,0.925,0.27091,0.037981,0.26667,0.26667,0.3,379.22,516.41,398.44,405.47,112.59,1986,-5.7724,113.73,1,1
1.3445,0.42279,1.0423,1.3173,1.5647,1.2895,0.42361,0.92925,1.2869,1.5278,0.48958,0.091675,0.4,0.5625,0.5625,0.17778,0.032824,0.16667,0.2,0.2,376.88,669.53,423.75,425.78,248.22,196,-5.2,254.59,1,1
0.24913,0.17067,0.15816,0.19523,0.33657,0.21589,0.11345,0.12892,0.15893,0.32104,0.5154,0.14448,0.4125,0.55,0.7,0.17738,0.043162,0.13333,0.16667,0.2,293.44,665.62,369.84,461.72,217.75,930,-2.6687,219.45,1,1
0.30502,0.24952,0.16829,0.21066,0.36099,0.28518,0.24806,0.15349,0.19678,0.33125,0.67051,0.065925,0.6875,0.6875,0.6875,0.24103,0.031027,0.23333,0.23333,0.26667,399.38,645.31,465.47,469.53,187.8,632,-2.6596,194.38,1,1
0.10716,0.091719,0.050827,0.059186,0.16829,0.088205,0.058366,0.047679,0.055236,0.15514,0.33836,0.069592,0.2625,0.4,0.4,0.12069,0.01646,0.1,0.13333,0.13333,383.91,665.62,363.28,607.81,61.381,896,2.803,63.245,1,1
0.21668,0.12443,0.15282,0.19664,0.25315,0.20024,0.12483,0.13744,0.18012,0.23168,0.525,0,0.525,0.525,0.525,0.18627,0.023743,0.16667,0.2,0.2,371.72,576.56,377.81,521.09,55.802,272,-9.1026,55.988,1,1
0.40954,0.33595,0.16158,0.34939,0.47232,0.38092,0.33127,0.15441,0.3117,0.44731,0.70854,0.077858,0.68125,0.75,0.75,0.23944,0.033329,0.2,0.23333,0.26667,324.38,590.62,439.22,235.16,373.56,1009,-3.0952,383.93,1,1
1.3404,0.48207,1.1426,1.3657,1.6087,1.3863,0.32737,1.1052,1.2837,1.5794,0.69167,0.17105,0.70313,0.775,0.775,0.26296,0.099225,0.25,0.26667,0.33333,388.59,457.81,370.78,631.25,174.35,133,-9.7368,175.39,1,1
0.25292,0.29997,0.081095,0.15777,0.278,0.23245,0.28232,0.077864,0.14435,0.24692,0.50477,0.060085,0.475,0.475,0.475,0.15833,0.026959,0.13333,0.16667,0.16667,310.31,532.81,294.84,679.69,147.69,4406,-9.4949,704.11,1,1
0.40293,0.3483,0.12726,0.26882,0.65022,0.34508,0.30328,0.11742,0.23517,0.48199,0.74659,0.10664,0.775,0.775,0.775,0.25455,0.045479,0.23333,0.26667,0.26667,206.25,565.62,310.31,457.03,150.4,406,-1.0435,151.49,1,1
1.7195,0.26748,1.5464,1.7339,1.9626,1.6027,0.27987,1.3792,1.6215,1.8534,0.62,0.13218,0.575,0.65,0.725,0.22667,0.040976,0.2,0.23333,0.26667,266.72,657.03,304.69,429.69,230.49,136,-5.9877,233.15,1,1
0.7672,0.57584,0.31488,0.69196,1.2345,0.66776,0.497,0.27594,0.63762,1.0753,0.375,0,0.375,0.375,0.375,0.148,0.025604,0.13333,0.13333,0.16667,135.47,603.12,362.34,354.69,336.44,476,-1.095,339.8,1,1
0.15016,0.086299,0.097656,0.14266,0.20391,0.14126,0.084175,0.089796,0.13131,0.18532,0.75536,0.11688,0.6375,0.775,0.775,0.25143,0.028403,0.23333,0.26667,0.26667,311.25,610.94,330.47,526.56,86.536,704,-4.3902,88.233,1,1
0.48854,0.64046,0.076648,0.19523,0.66184,0.39009,0.51113,0.052377,0.17001,0.47166,0.86027,0.10769,0.8375,0.8375,0.9125,0.31548,0.045796,0.3,0.33333,0.33333,255.47,546.88,326.25,320.31,237.36,654,-3.2009,242.12,1,1
0.33158,0.23017,0.20978,0.2832,0.33362,0.30434,0.23665,0.15284,0.26112,0.3059,0.72813,0.12307,0.7625,0.7625,0.7625,0.27333,0.052538,0.26667,0.3,0.3,326.72,577.34,397.97,525.78,87.95,300,-0.72368,94.725,0,1
0.28731,0.33628,0.079672,0.1813,0.395,0.27118,0.32548,0.084467,0.16458,0.3662,0.49078,0.088214,0.4875,0.4875,0.5,0.17184,0.041159,0.13333,0.16667,0.2,328.12,660.16,363.75,594.53,74.671,3770,-1.8421,477.16,1,1
0.11649,0.057342,0.072703,0.12768,0.15748,0.086319,0.055935,0.046767,0.086319,0.12587,0.74687,0.33125,0.58125,0.9125,0.9125,0.24167,0.11667,0.18333,0.3,0.3,325.31,209.38,321.09,214.06,6.3064,74,-1.1111,7.8056,1,1
0.22445,0.14497,0.097656,0.18302,0.34678,0.20076,0.13383,0.088347,0.15853,0.28875,0.65,1.1314e-16,0.65,0.65,0.65,0.21481,0.023266,0.2,0.2,0.23333,357.19,564.84,369.84,471.09,94.6,508,-7.4074,94.934,1,1
0.16413,0.071262,0.1125,0.15934,0.20833,0.15472,0.070858,0.10725,0.14971,0.19377,0.5325,0.086507,0.45,0.5875,0.5875,0.17524,0.042274,0.13333,0.16667,0.2,390.47,659.38,410.16,571.88,89.688,594,-4.4444,90.912,1,1
0.085691,0.051866,0.052083,0.097656,0.11161,0.077718,0.047693,0.046542,0.086496,0.1011,0.63167,0.059699,0.65,0.65,0.65,0.22444,0.044578,0.2,0.23333,0.26667,261.56,577.34,256.41,528.91,48.711,2230,9.3939,54.9,1,1
0.43253,0.29867,0.29877,0.35125,0.43501,0.40658,0.30487,0.26755,0.3081,0.41864,0.76296,0.093379,0.725,0.725,0.8625,0.2679,0.038654,0.26667,0.26667,0.3,400.78,617.19,448.59,458.59,165.64,410,-3.317,172.81,1,1
0.32831,0.41761,0.15934,0.20833,0.34939,0.25854,0.21511,0.14418,0.17803,0.33013,0.42857,0.10691,0.3,0.45,0.45,0.15536,0.037215,0.13333,0.15,0.2,376.41,586.72,422.81,320.31,270.42,897,-5.7407,273.34,1,1
0.50925,0.40193,0.20833,0.3626,0.66218,0.48545,0.40154,0.17237,0.31302,0.62607,0.65393,0.12616,0.5375,0.65,0.8,0.23143,0.044239,0.2,0.23333,0.26667,366.56,631.25,424.69,343.75,293.32,565,-4.9462,299.68,1,1
0.24249,0.18992,0.10417,0.20833,0.37064,0.22245,0.17579,0.099314,0.18116,0.33004,0.3613,0.066828,0.275,0.4125,0.4125,0.1234,0.027142,0.1,0.13333,0.13333,333.75,659.38,380.62,274.22,388,1869,-8.2167,398.34,1,1
0.33474,0.14997,0.17073,0.33007,0.47803,0.31586,0.14761,0.15814,0.3124,0.4468,0.70543,0.10993,0.7375,0.7375,0.7375,0.23768,0.052517,0.23333,0.23333,0.26667,357.66,518.75,372.66,404.69,115.04,355,-7.6042,115.67,1,1
0.81894,0.66264,0.23004,0.50445,1.3436,0.73101,0.63017,0.1999,0.48092,1.2505,0.824,0.13716,0.75,0.8875,0.8875,0.28533,0.061674,0.26667,0.3,0.33333,271.88,591.41,277.5,320.31,271.15,374,-48.194,276.71,1,1
0.63927,0.5077,0.19253,0.54268,0.97621,0.61915,0.47711,0.22955,0.50348,0.90445,0.635,0.06875,0.62813,0.6625,0.6625,0.224,0.028087,0.2,0.2,0.24167,371.25,664.84,416.72,438.28,231.08,416,-4.9828,231.76,1,1
0.96737,0.52777,0.52177,0.95807,1.2772,0.82764,0.40476,0.4557,0.88114,1.111,0.50688,0.084631,0.48125,0.55,0.55,0.18833,0.032936,0.18333,0.2,0.2,370.31,688.28,385.31,392.97,295.69,310,-19.688,299.07,1,1
0.39325,0.54899,0.12974,0.19531,0.34939,0.3695,0.52124,0.11473,0.18262,0.33981,0.62563,0.074122,0.5875,0.5875,0.7375,0.19182,0.035522,0.16667,0.2,0.2,325.31,702.34,352.97,764.84,68.346,3014,2.2599,948.75,1,1
0.23576,0.1588,0.15625,0.20833,0.26042,0.2222,0.15503,0.14253,0.19277,0.24492,0.6924,0.091456,0.6625,0.6625,0.8,0.25147,0.037028,0.23333,0.26667,0.26667,402.19,698.44,441.56,762.5,75.196,2438,1.627,511.3,1,1
0.17296,0.13819,0.078125,0.14935,0.21066,0.15301,0.11957,0.071196,0.12821,0.20022,0.43526,0.07288,0.35,0.4875,0.4875,0.15641,0.027735,0.13333,0.16667,0.16667,359.53,600.78,372.66,484.38,117.14,945,-8.869,117.96,1,1
0.38145,0.20102,0.20833,0.39769,0.48733,0.33986,0.15724,0.18155,0.36324,0.44975,0.5891,0.091508,0.5,0.65,0.65,0.18794,0.028169,0.16667,0.2,0.2,407.34,624.22,458.44,353.12,275.87,783,-5.3058,280.93,1,1
1.2333,0.26519,1.0687,1.1496,1.3239,1.1804,0.27153,1.0216,1.1108,1.2561,0.57917,0.1,0.6125,0.6125,0.6125,0.2,0.037268,0.16667,0.2,0.23333,389.53,550.78,438.75,414.06,145.31,119,-2.7778,147.33,1,1
3.1199,0.83335,2.4924,3.5214,3.702,3.0175,0.84784,2.314,3.3475,3.6203,0.66094,0.17658,0.53125,0.6125,0.8,0.20417,0.0677,0.15,0.18333,0.26667,366.56,366.41,357.66,762.5,396.19,135,-44.474,400.02,1,1
4.2816,0.91678,3.6018,4.2267,4.9751,3.5229,0.67548,3.0452,3.5229,4.0005,0.57812,0.1602,0.45625,0.625,0.7,0.225,0.041944,0.2,0.23333,0.25,332.81,420.31,383.44,253.12,174.68,44,-3.3025,186.62,1,1
0.24868,0.16063,0.14648,0.2358,0.30587,0.22817,0.15822,0.12458,0.21847,0.31136,0.5875,0,0.5875,0.5875,0.5875,0.21778,0.030516,0.2,0.2,0.23333,368.91,688.28,361.88,631.25,57.463,300,8.1111,57.707,1,1
0.84184,0.74265,0.1975,0.89947,1.053,0.5945,0.40949,0.14054,0.70289,0.96169,0.49432,0.079326,0.4375,0.4375,0.575,0.18788,0.022473,0.16667,0.2,0.2,390.94,634.38,412.97,432.03,203.54,210,-9.1844,208.44,1,1
0.55012,0.43568,0.211,0.43506,0.62337,0.48265,0.39634,0.18987,0.39502,0.55963,0.67348,0.081954,0.6125,0.6125,0.75,0.23737,0.039754,0.2,0.23333,0.26667,367.5,628.91,359.06,330.47,298.56,566,35.37,300.96,1,1
0.31557,0.29744,0.15934,0.21066,0.39937,0.28887,0.28462,0.13495,0.19724,0.36727,0.69688,0.063459,0.6,0.7375,0.7375,0.22879,0.03707,0.2,0.23333,0.26667,395.16,551.56,401.25,336.72,214.93,741,-35.256,216.13,1,1
0.074339,0.056175,0.041276,0.054377,0.10217,0.059916,0.036233,0.035599,0.052036,0.075317,0.62891,0.073982,0.5625,0.63125,0.7,0.225,0.019245,0.23333,0.23333,0.23333,220.78,716.41,224.53,689.84,26.826,531,-7.0833,27.057,1,1
0.86385,0.77708,0.16158,0.64549,1.278,0.7849,0.75003,0.14546,0.60321,1.1532,0.45382,0.12388,0.4,0.425,0.575,0.16759,0.067371,0.1,0.16667,0.23333,238.59,550.78,280.31,687.5,142.94,680,3.2772,463.78,1,1
0.14292,0.11476,0.078125,0.10571,0.15934,0.13545,0.11204,0.074917,0.10081,0.14991,0.809,0.097467,0.7625,0.7625,0.9,0.28711,0.044483,0.26667,0.3,0.33333,370.31,625.78,361.41,424.22,201.76,1686,22.632,206.72,1,1
0.37526,0.3032,0.15625,0.29676,0.47803,0.3533,0.29416,0.14509,0.25,0.459,0.69142,0.07629,0.725,0.725,0.725,0.22438,0.033122,0.2,0.23333,0.23333,361.88,582.03,442.03,188.28,401.83,1310,-4.9123,405.18,1,1
0.33541,0.16484,0.16605,0.37644,0.46979,0.3111,0.16205,0.14983,0.37722,0.44198,0.75,0,0.75,0.75,0.75,0.28333,0.026726,0.26667,0.3,0.3,337.03,635.16,354.84,528.91,107.73,342,-5.9649,108.1,1,1
0.27315,0.18353,0.11719,0.26042,0.3639,0.23835,0.17603,0.082416,0.22669,0.30116,0.32604,0.039693,0.3375,0.3375,0.3375,0.11667,0.030151,0.1,0.13333,0.13333,323.91,596.88,317.34,550.78,46.559,194,7.0238,46.785,1,1
1.1341,0.73948,0.40463,0.94234,1.7846,1.0122,0.71418,0.36401,0.79463,1.4588,0.41953,0.10358,0.375,0.375,0.375,0.1125,0.043674,0.066667,0.11667,0.13333,334.69,392.97,311.72,692.19,300.1,254,-13.027,308.61,1,1
3.2439,2.5864,1.6951,1.866,5.1371,3.815,3.2336,1.5284,3.815,6.1015,0.2875,0.1,0.2375,0.3375,0.3375,0.1,0.04714,0.066667,0.11667,0.13333,373.12,610.94,399.84,518.75,95.981,40,-3.4503,96.253,1,1
0.30499,0.22875,0.14553,0.18513,0.41332,0.28977,0.22516,0.14296,0.17481,0.38766,0.58667,0.07303,0.6,0.6,0.6,0.20667,0.042345,0.2,0.2,0.23333,114.38,491.41,60,378.12,125.66,460,2.0833,130.59,1,1
0.40815,0.56626,0.15625,0.22321,0.3946,0.34783,0.49767,0.14128,0.21402,0.37018,0.62229,0.067416,0.5375,0.675,0.675,0.17167,0.036733,0.13333,0.16667,0.2,355.31,653.12,392.34,318.75,336.42,984,-9.0295,338.91,1,1
0.45284,0.48102,0.11951,0.25243,0.55255,0.41649,0.45663,0.1051,0.23607,0.50905,0.68661,0.064902,0.7125,0.7125,0.7125,0.22897,0.03539,0.2,0.23333,0.26667,260.62,538.28,300.94,631.25,101.33,1986,2.3062,591.95,1,1
0.50579,0.33596,0.26218,0.36592,0.79121,0.46645,0.33801,0.24417,0.34083,0.62855,0.58456,0.091186,0.5,0.6375,0.6375,0.21373,0.038593,0.2,0.2,0.23333,327.66,567.97,457.03,361.72,243.47,514,-1.5942,252.68,1,1
0.21456,0.19103,0.054377,0.15934,0.3699,0.19977,0.18362,0.050113,0.13425,0.3402,0.44899,0.066232,0.4,0.4,0.5375,0.18429,0.026335,0.16667,0.16667,0.2,332.34,682.81,323.44,415.62,267.34,3551,30,333.82,1,1
0.27817,0.17722,0.158,0.22571,0.36061,0.25309,0.16505,0.14355,0.21254,0.3331,0.75765,0.089054,0.7,0.7,0.8375,0.25423,0.041777,0.23333,0.26667,0.26667,340.31,533.59,407.34,258.59,283.05,1174,-4.1026,287.86,1,1
2.4947,0.35559,2.2254,2.5482,2.764,2.4898,0.23978,2.3102,2.4881,2.6699,0.365,0.089005,0.3,0.3,0.4625,0.08,0.038006,0.058333,0.066667,0.10833,232.5,494.53,196.88,652.34,161.78,66,-4.4298,162.09,1,1
0.65393,0.74409,0.11652,0.3558,0.94346,0.57777,0.7032,0.10604,0.31738,0.85205,0.61204,0.11258,0.6625,0.6625,0.6625,0.18025,0.049146,0.13333,0.2,0.225,382.5,653.91,442.03,418.75,242.57,500,-3.9501,246.55,1,1
1.2781,0.82164,0.64167,1.067,1.9118,1.1939,0.83841,0.58671,0.83296,1.8793,0.54519,0.11314,0.55625,0.6,0.6,0.18974,0.049786,0.18333,0.2,0.23333,249.84,587.5,256.41,364.84,222.75,190,-33.929,225.03,1,1
1.0423,0.76931,0.37058,0.92644,1.8922,0.90464,0.70271,0.31814,0.72381,1.7655,0.76645,0.12473,0.8125,0.8125,0.8125,0.27193,0.05907,0.26667,0.26667,0.3,255.94,494.53,346.41,267.19,244.68,280,-2.513,261.48,1,1
0.40555,0.37743,0.15857,0.22571,0.56197,0.37414,0.36153,0.14546,0.20703,0.49364,0.2875,2.245e-16,0.2875,0.2875,0.2875,0.12029,0.020462,0.1,0.13333,0.13333,336.09,619.53,354.84,337.5,282.65,822,-15.042,290.9,1,1
0.31282,0.33339,0.12475,0.18444,0.45142,0.28129,0.30159,0.11033,0.16522,0.42439,0.625,0,0.625,0.625,0.625,0.2081,0.027411,0.2,0.2,0.23333,389.53,436.72,403.59,440.62,14.595,3084,0.27778,562.91,0,1
0.2988,0.32438,0.072158,0.18031,0.44674,0.27529,0.30582,0.060457,0.16643,0.41326,0.57682,0.07216,0.5375,0.5375,0.675,0.20922,0.031168,0.2,0.2,0.23333,343.12,491.41,378.75,466.41,43.522,6738,-0.70175,1062.1,0,1
0.37032,0.36082,0.16788,0.22571,0.46933,0.32995,0.33837,0.15012,0.21068,0.42215,0.63042,0.05915,0.6625,0.6625,0.6625,0.18556,0.041692,0.13333,0.16667,0.23333,294.38,600,304.22,414.06,186.2,531,-18.889,186.88,1,1
0.38427,0.24636,0.16539,0.3699,0.52247,0.33774,0.23738,0.13992,0.26125,0.47992,0.63472,0.064818,0.65,0.65,0.65,0.21852,0.034721,0.2,0.23333,0.23333,321.56,517.19,315.47,614.84,97.846,267,-16.026,99.94,1,1
0.14694,0.10089,0.069432,0.125,0.19558,0.1316,0.089909,0.062848,0.11314,0.15061,0.625,0.10777,0.5625,0.7,0.7,0.2045,0.048535,0.16667,0.2,0.23333,371.72,54.688,300,10.156,84.419,870,0.62092,91.359,0,1
0.19075,0.17293,0.10875,0.14896,0.21066,0.15938,0.097199,0.097939,0.13609,0.20086,0.77314,0.085218,0.8,0.8,0.8,0.26667,0.049636,0.23333,0.26667,0.3,349.22,512.5,420.47,376.56,153.48,971,-1.9079,158.01,1,1
0.6651,0.34896,0.4052,0.57526,0.8632,0.65194,0.3513,0.3992,0.55529,0.8844,0.34904,0.074032,0.3,0.3,0.4375,0.13333,2.8889e-17,0.13333,0.13333,0.13333,164.06,615.62,176.72,500.78,115.54,176,-9.0741,117.55,1,1
2.0605,0.34831,1.8132,2.0892,2.3366,2.0004,0.41986,1.7198,2.0903,2.2809,0.40417,0.071005,0.3125,0.45,0.45,0.13333,0,0.13333,0.13333,0.13333,401.25,628.12,393.28,364.84,263.4,120,33.039,264.14,1,1
0.43124,0.26548,0.19961,0.39152,0.59042,0.42134,0.26556,0.17953,0.3764,0.55332,0.5869,0.041359,0.6,0.6,0.6,0.20159,0.016587,0.2,0.2,0.2,467.81,635.16,475.31,501.56,133.8,320,-17.812,136.07,1,1
1.4251,1.4241,0.38799,0.86082,2.2832,0.99302,0.99475,0.32679,0.63476,1.3396,0.6725,0.12273,0.725,0.725,0.725,0.19667,0.036684,0.16667,0.2,0.2,352.5,578.91,470.62,329.69,275.8,160,-2.1098,294.24,1,1
0.41394,0.2745,0.18521,0.37333,0.47772,0.37428,0.26336,0.1677,0.33229,0.4461,0.75906,0.061822,0.775,0.775,0.775,0.22417,0.032015,0.23333,0.23333,0.23333,355.78,537.5,444.84,300,253.65,635,-2.6667,260.14,1,1
0.14675,0.10045,0.080359,0.10875,0.15934,0.13895,0.09855,0.07786,0.104,0.15339,0.35333,0.034588,0.3625,0.3625,0.3625,0.125,0.018024,0.1,0.13333,0.13333,369.84,660.16,354.84,493.75,167.08,1280,11.094,168.24,1,1
0.11499,0.096796,0.05927,0.084143,0.12148,0.10055,0.062538,0.056788,0.078687,0.1113,0.61011,0.043261,0.6,0.6,0.6,0.22108,0.031494,0.2,0.2,0.23333,330,640.62,364.22,487.5,156.9,1664,-4.4749,159.73,1,1
1.6866,1.2275,0.56744,1.6586,2.711,1.4503,1.1524,0.47863,1.429,2.3149,0.64423,0.09982,0.5875,0.5875,0.7375,0.20769,0.033758,0.2,0.2,0.23333,278.44,571.09,332.34,281.25,294.81,180,-5.3768,298.18,1,1
0.77979,0.72326,0.36883,0.53791,0.83828,0.73544,0.75115,0.33965,0.49107,0.87025,0.59554,0.067975,0.6125,0.6125,0.6125,0.20238,0.037327,0.2,0.2,0.2,376.41,630.47,419.06,361.72,272.11,426,-6.3004,274.25,1,1
