0.054801,0.12685,0.019881,0.039071,0.092513,0.045761,0.09379,0.01673,0.03301,0.070255,0.81746,0.32193,0.90385,0.81034,0.74074,0.75554,0.37839,0.74999,0.76473,0.625,0.43408,0.72504,0.64561,0.57545,0.31633,0.034321,0.39581,0.12616,1,0
0.036991,0.065495,0.025694,0.033285,0.048463,0.03129,0.051392,0.020773,0.026645,0.046752,0.89821,0.23109,0.96154,0.86207,0.7963,0.77573,0.25835,0.87501,0.76473,0.625,0.62273,0.59423,0.68707,0.47283,0.21231,0.030008,0.39066,0.084787,1,0
0.055405,0.16755,0.02778,0.045061,0.049667,0.047762,0.13585,0.023444,0.036605,0.047471,0.88148,0.42137,0.88462,0.7931,0.94444,0.74319,0.40047,0.74999,0.76473,0.625,0.62171,0.63524,0.72359,0.44266,0.33312,0.032821,0.39033,0.13344,1,0
0.02537,0.037526,0.023693,0.020437,0.037155,0.022504,0.03643,0.017978,0.01805,0.033824,0.75469,0.20461,0.82692,0.74138,0.66667,0.7421,0.376,0.78126,0.76473,0.625,0.70994,0.57316,0.72557,0.52213,0.086732,0.015941,0.38959,0.034666,1,0
0.01514,0.087943,0.0049867,0.0052247,0.019309,0.0044756,0.022354,0.0030639,0.0048988,0.013669,0.48018,0.40305,0.5,0.44828,0.57407,0.4824,0.51408,0.50001,0.52942,0.49998,0.6359,0.73725,0.64462,0.67404,0.0792,0.036947,0.3864,0.031405,1,0
0.01245,0.063681,0.0071513,0.011394,0.013839,0.0083266,0.037373,0.0061359,0.0093997,0.013561,0.77878,0.28967,0.86538,0.77586,0.7037,0.71605,0.40769,0.74999,0.70589,0.625,0.64707,0.64966,0.539,0.58149,0.13589,0.075019,0.40286,0.069877,1,0
0.0055232,0.015206,0.006838,0.0104,0.014733,0.004978,0.01662,0.0057171,0.0090156,0.013458,0.72161,0.32251,0.71154,0.63793,0.75926,0.67886,0.34502,0.625,0.64705,0.625,0.67444,0.66075,0.68116,0.59859,0.08894,0.052513,0.38425,0.035763,1,0
0.090396,0.27865,0.041205,0.056249,0.074102,0.062922,0.13518,0.027888,0.047659,0.067834,0.67081,0.33736,0.76923,0.68966,0.61111,0.64527,0.46755,0.625,0.64705,0.625,0.6998,0.74057,0.77493,0.48993,0.40457,0.025694,0.38504,0.16282,1,0
0.083095,0.30006,0.02553,0.048365,0.06936,0.054106,0.12636,0.020022,0.033567,0.063767,0.72449,0.32371,0.71154,0.63793,0.77778,0.64168,0.26171,0.625,0.64705,0.49998,0.61563,0.82594,0.68311,0.55634,0.42081,0.027194,0.38256,0.16842,1,0
0.011288,0.050541,0.010827,0.011394,0.019447,0.010641,0.04444,0.0094242,0.010812,0.01872,0.78596,0.28746,0.73077,0.84483,0.77778,0.78346,0.42267,0.74999,0.76473,0.74999,0.74036,0.86695,0.79962,0.43662,0.68356,0.24869,0.37035,0.27914,1,0
0.038531,0.13176,0.023693,0.027538,0.040428,0.029622,0.063242,0.018717,0.023959,0.034191,0.58765,0.29472,0.44231,0.60345,0.51852,0.51115,0.23444,0.50001,0.52942,0.375,0.76168,0.52328,0.6772,0.85614,0.54197,0.088897,0.37394,0.21539,1,0
0.14055,0.23893,0.063534,0.13715,0.19545,0.10597,0.14254,0.050099,0.11507,0.16277,0.72258,0.47019,0.65385,0.84483,0.77778,0.62926,0.36689,0.625,0.64705,0.625,0.68459,0.73614,0.74236,0.53822,0.3139,0.010128,0.3854,0.12647,1,0
0.020827,0.050003,0.011685,0.020437,0.027825,0.020525,0.045272,0.010273,0.018368,0.028232,0.75948,0.29667,0.86538,0.77586,0.7037,0.67687,0.33955,0.625,0.64705,0.625,0.70386,0.73281,0.71767,0.59558,0.20479,0.055514,0.37568,0.081537,1,0
0,0.0091419,0.0038129,0.0040254,0.005453,0.00070471,0.012898,0.0034646,0.0036017,0.005939,0.84897,0.22462,0.76923,0.87931,0.81481,0.70359,0.2454,0.71875,0.64705,0.625,0.68153,0.76385,0.69794,0.50302,0.40888,0.3479,0.35624,0.16306,1,0
0.063196,0.10564,0.029018,0.063819,0.071478,0.056092,0.087386,0.024691,0.054816,0.068978,0.42499,0.2682,0.38462,0.5,0.40741,0.42924,0.33765,0.50001,0.41178,0.375,0.62576,0.67627,0.70485,0.43461,0.40005,0.032821,0.38552,0.15975,1,0
0.016287,0.039602,0.010332,0.01647,0.027444,0.015245,0.037744,0.0084481,0.013066,0.026407,0.26093,5.1106e-16,0.32692,0.2931,0.18519,0.2611,0.14494,0.37499,0.29411,0.12499,0.66632,0.6929,0.64266,0.57244,0.18082,0.059265,0.46036,0.072497,1,0
0.013762,0.041888,0.011485,0.013651,0.023442,0.012178,0.028059,0.010102,0.012163,0.021139,0.64672,0.29432,0.69231,0.62069,0.53704,0.5963,0.26666,0.625,0.52942,0.49998,0.73327,0.78049,0.69103,0.3833,0.63707,0.20968,0.47537,0.25575,1,0
0.0052002,0.042379,0.0016595,0.001221,0.018941,0.0046282,0.039603,0.0013938,0.0010673,0.015989,0.50179,0,0.55769,0.5,0.40741,0.48764,0.14069,0.50001,0.52942,0.375,0.69677,0.49778,0.68311,0.56136,0.076391,0.080458,0.68065,0.030462,1,0
0.030875,0.10628,0.019309,0.021114,0.039435,0.027197,0.085614,0.014992,0.017801,0.03847,0.79496,0.2264,0.86538,0.77586,0.7037,0.6766,0.29977,0.625,0.64705,0.625,0.68764,0.51441,0.62488,0.41448,0.18037,0.1129,0.41124,0.23042,1,0
0.24545,0.1839,0.19915,0.23658,0.29533,0.24755,0.1547,0.19267,0.26816,0.30613,0.49376,0.61232,0.35577,0.67241,0.59259,0.38624,0.63243,0.37499,0.41178,0.40623,0.73428,0.41241,0.77493,0.3159,0.19247,0.0018755,0.38827,0.076418,1,0
0.20982,0.2648,0.15219,0.20899,0.29367,0.17568,0.19231,0.12853,0.17488,0.26338,0.4466,0.50427,0.32692,0.48276,0.62963,0.27125,0.27629,0.37499,0.29411,0.1875,0.76776,0.30266,0.73644,0.6167,0.4711,0.011628,0.29708,0.18808,1,0
0.041832,0.13298,0.017608,0.030682,0.04048,0.036283,0.1053,0.015421,0.026829,0.034883,0.42195,0.18687,0.51923,0.46552,0.37037,0.27051,0.17562,0.37499,0.29411,0.12499,0.74848,0.45565,0.74827,0.77666,0.50697,0.074644,0.50204,0.2017,1,0
0.02983,0.11166,0.0083507,0.019759,0.034051,0.019991,0.052613,0.0059678,0.015363,0.027688,0.44074,0.1392,0.5,0.44828,0.35185,0.27125,0.18134,0.37499,0.29411,0.12499,0.71399,0.48447,0.72064,0.65292,0.25323,0.055139,0.43733,0.10102,1,0
0.028885,0.11348,0.0069331,0.013651,0.053174,0.024022,0.087417,0.0055836,0.010001,0.037125,0.43412,0.097757,0.48077,0.43103,0.33333,0.31184,0.19127,0.37499,0.29411,0.25001,0.70285,0.48336,0.70386,0.70121,0.33633,0.087397,0.46821,0.13375,1,0
0.30566,0.17887,0.2728,0.32751,0.33791,0.27916,0.1746,0.21515,0.29487,0.35081,0.40813,0.54666,0.26923,0.44828,0.59259,0.39058,0.40823,0.37499,0.35295,0.375,0.56491,0.65188,0.63278,0.37023,0.46765,0.0075019,0.38045,0.1866,1,0
0.069503,0.20021,0.023693,0.030037,0.086969,0.057976,0.15319,0.019542,0.024261,0.077531,0.62644,0.336,0.63462,0.56897,0.68519,0.54247,0.26148,0.53125,0.52942,0.46874,0.67141,0.53326,0.71374,0.3672,0.28872,0.027194,0.38277,0.11595,1,0
0.031825,0.11554,0.022163,0.025373,0.027825,0.029474,0.098859,0.01596,0.020719,0.027621,0.63942,0.26575,0.57692,0.7069,0.62963,0.57966,0.29758,0.625,0.52942,0.49998,0.72009,0.52439,0.73743,0.34608,0.307,0.055326,0.36869,0.1231,1,0
0.090293,0.17148,0.07197,0.067991,0.080845,0.090196,0.14828,0.063822,0.065731,0.082252,0.55799,0.26253,0.65385,0.58621,0.5,0.55548,0.2758,0.625,0.52942,0.375,0.70893,0.46009,0.72262,0.3672,0.17271,0.0090023,0.37922,0.068719,1,0
0.068029,0.14624,0.029673,0.063467,0.089834,0.048554,0.064724,0.023951,0.053077,0.084821,0.46627,0.19858,0.51923,0.51724,0.42593,0.4924,0.21298,0.50001,0.52942,0.375,0.76776,0.54323,0.76013,0.40141,0.24048,0.017442,0.31019,0.095553,1,0
0.19734,0.12566,0.16703,0.22125,0.22217,0.17676,0.12085,0.13366,0.17838,0.22844,0.40477,0.22441,0.32692,0.48276,0.38889,0.32547,0.28644,0.37499,0.29411,0.25001,0.74138,0.52771,0.74926,0.39034,0.23642,0.0045011,0.36649,0.093812,1,0
0.22843,0.41648,0.097543,0.19729,0.37763,0.17682,0.2978,0.056894,0.1562,0.28809,0.34791,0.24528,0.32692,0.2931,0.42593,0.28207,0.33967,0.25,0.29411,0.25001,0.70893,0.50665,0.70584,0.73441,0.35664,0.0075019,0.49662,0.14413,1,0
0.1515,0.33133,0.019166,0.13267,0.26824,0.14271,0.26437,0.015431,0.12338,0.2609,0.46722,0.32507,0.42308,0.49138,0.51852,0.28207,0.30082,0.37499,0.29411,0.25001,0.70689,0.41352,0.72953,0.77465,0.56949,0.02982,0.44762,0.22836,1,0
0.06013,0.24927,0.014782,0.027184,0.038296,0.056011,0.19462,0.011198,0.024743,0.037848,0.63524,0.48592,0.38943,0.7069,0.68519,0.53544,0.526,0.37499,0.52942,0.49998,0.73935,0.29268,0.73347,0.78974,0.78,0.29614,0.65034,0.72798,1,0
0.33742,0.34887,0.24439,0.34928,0.44423,0.27366,0.23815,0.18691,0.28362,0.36957,0.38136,0.28239,0.32692,0.2931,0.44444,0.3007,0.43642,0.25,0.29411,0.34376,0.71806,0.44678,0.72262,0.74045,0.45935,0.0060015,0.47389,0.18219,1,0
0.039958,0.16582,0.0029107,0.0034991,0.08965,0.023761,0.10461,0.002167,0.002508,0.014112,0.43154,0.22033,0.44231,0.39655,0.2963,0.40143,0.18541,0.4375,0.41178,0.25001,0.70488,0.45897,0.7078,0.56439,0.14238,0.046887,0.42626,0.059993,1,0
0.10892,0.34438,0.005797,0.027184,0.23599,0.10413,0.26939,0.0043895,0.022001,0.22666,0.38599,0.34672,0.26923,0.43103,0.33333,0.40226,0.282,0.37499,0.41178,0.25001,0.73022,0.65853,0.84403,0.3008,0.60348,0.083083,0.38465,0.24188,1,0
0.34554,0.044424,0.36086,0.33995,0.33972,0.32168,0.049388,0.31031,0.31438,0.34269,0.37333,0.48368,0.26923,0.53448,0.44444,0.41229,0.65042,0.37499,0.52942,0.40623,0.72111,0.56763,0.6841,0.39839,0.28387,0.002063,0.44176,0.11261,1,0
0.011669,0.043171,0.0063725,0.011742,0.019447,0.010808,0.038765,0.0050898,0.010812,0.019223,0.47385,0.20957,0.42308,0.56897,0.48148,0.35101,0.24401,0.37499,0.29411,0.25001,0.70183,0.54545,0.71668,0.65292,0.1611,0.15473,0.41724,0.12555,1,0
0.088997,0.21297,0.027368,0.055309,0.14231,0.080734,0.17635,0.022975,0.042438,0.13911,0.59778,0.41431,0.57692,0.72414,0.64815,0.42924,0.3768,0.37499,0.41178,0.375,0.75153,0.34368,0.75223,0.70725,0.56162,0.034134,0.50617,0.223,1,0
0.16113,0.36496,0.017186,0.12298,0.30711,0.16231,0.29493,0.013522,0.15943,0.31692,0.84848,0.6317,0.71154,0.86207,1,0.7437,0.35869,0.78126,0.76473,0.625,0.78602,0.30155,0.9467,0.15997,0.33152,0.015941,0.39408,0.15688,1,0
0.12792,0.49225,0.010475,0.026038,0.15325,0.11727,0.37939,0.0067404,0.023647,0.12872,0.68531,0.46765,0.67308,0.81034,0.74074,0.55486,0.51179,0.50001,0.52942,0.625,0.72719,0.46009,0.71767,0.79175,0.52553,0.10728,0.68336,0.4572,1,0
0.49422,0.62017,0.31411,0.50918,0.65951,0.3568,0.40475,0.20786,0.34938,0.51561,0.26093,0.57292,0.17308,0.22414,0.37963,0.17794,0.53347,0.09375,0.17647,0.1875,0.74644,0.33148,0.70386,0.68712,0.54667,0.0033758,0.33364,0.21946,1,0
0.01838,0.026722,0.01655,0.022162,0.023526,0.016174,0.025536,0.014154,0.01974,0.021294,0.69486,0.2388,0.76923,0.68966,0.61111,0.75327,0.35599,0.74999,0.76473,0.74999,0.73123,0.38802,0.74532,0.333,0.12096,0.031508,0.38548,0.048013,1,0
0.022213,0.078326,0.0038129,0.019759,0.028527,0.020466,0.066938,0.0033895,0.016287,0.027104,0.41796,0.21697,0.51923,0.46552,0.37037,0.32804,0.23535,0.37499,0.29411,0.25001,0.75458,0.53768,0.76902,0.39839,0.23891,0.095836,0.3737,0.097848,1,0
0.32114,0.042516,0.33397,0.31802,0.31953,0.28511,0.019899,0.28312,0.28859,0.2944,0.37633,0.24528,0.375,0.44828,0.35185,0.41229,0,0.50001,0.41178,0.25001,0.78093,0.53768,0.80947,0.38733,0.2598,0.0018755,0.38072,0.10284,1,0
0.49494,0.12258,0.48886,0.51146,0.50312,0.42995,0.10877,0.3948,0.43273,0.47107,0.28603,0.35451,0.20192,0.34483,0.35185,0.34718,0.27734,0.37499,0.41178,0.25001,0.77485,0.54102,0.81836,0.37726,0.28455,0.00037509,0.38411,0.11275,1,0
0.10713,0.20467,0.065241,0.08823,0.11518,0.090076,0.16039,0.041232,0.081193,0.10004,0.39474,0.26556,0.32692,0.5,0.40741,0.3689,0.32591,0.37499,0.41178,0.25001,0.75254,0.57982,0.77394,0.38129,0.33303,0.017254,0.37056,0.13237,1,0
0.15073,0.098738,0.14017,0.149,0.15846,0.14125,0.097647,0.11558,0.13021,0.17578,0.4282,0.24649,0.53846,0.48276,0.38889,0.45569,0.22645,0.50001,0.47058,0.375,0.71704,0.50333,0.73149,0.42253,0.14599,0.0031883,0.38278,0.058067,1,0
0.085176,0.24724,0.021083,0.050012,0.11859,0.066295,0.15799,0.013264,0.035902,0.092184,0.35053,0.19742,0.26923,0.43103,0.33333,0.26813,0.30511,0.37499,0.29411,0.12499,0.74746,0.59313,0.72755,0.72233,0.20279,0.0482,0.2287,0.20752,1,0
0.5108,0.64522,0.33399,0.50958,0.67402,0.34956,0.34806,0.22855,0.35274,0.47775,0.32617,0.65893,0.13462,0.36207,0.49074,0.31465,0.47365,0.25,0.35295,0.31248,0.71907,0.37693,0.73842,0.77666,0.62896,0.0048762,0.45719,0.24935,1,0
0.48564,0.79877,0.16697,0.6228,0.73155,0.36557,0.61646,0.10427,0.34412,0.6345,0.30777,0.21435,0.23077,0.39655,0.2963,0.19529,0.22645,0.25,0.23531,0.12499,0.74848,0.5011,0.71374,0.7998,0.47635,0.0033758,0.31772,0.19119,1,0
0.040397,0.068471,0.029018,0.03508,0.060544,0.036162,0.053569,0.026027,0.032291,0.058828,0.47557,0.4419,0.30769,0.46552,0.57407,0.39839,0.3748,0.37499,0.41178,0.375,0.82252,0.26497,0.77296,0.79779,0.83692,0.12247,0.31513,0.33338,1,0
0.010974,0.041689,0.0073282,0.011394,0.019447,0.010862,0.038864,0.0063577,0.009753,0.018452,0.36071,0.2142,0.32692,0.2931,0.38889,0.34671,0.26509,0.37499,0.29411,0.25001,0.74138,0.48226,0.69004,0.47887,0.033488,0.41392,0.4016,0.30909,0,0
0.33606,0.042797,0.34806,0.33919,0.33352,0.31767,0.02715,0.31282,0.321,0.32949,0.48172,0,0.53846,0.48276,0.38889,0.41229,0.22645,0.4375,0.41178,0.31248,0.73123,0.53326,0.76407,0.42454,0.19194,0.00037509,0.38638,0.075956,1,0
0.24671,0.30449,0.1677,0.21379,0.3255,0.16778,0.11807,0.13799,0.13905,0.21442,0.2529,0.38907,0.22115,0.25862,0.35185,0.17794,0.3616,0.1875,0.29411,0.12499,0.75153,0.65298,0.74629,0.47988,0.2764,0.0031883,0.31604,0.11054,1,0
0.14106,0.2488,0.072319,0.086482,0.20936,0.13141,0.21352,0.050636,0.07934,0.23005,0.5252,0.41174,0.55769,0.5,0.61111,0.49908,0.47793,0.50001,0.52942,0.43751,0.77282,0.50221,0.81046,0.32093,0.31858,0.011628,0.3804,0.12685,1,0
0.0039673,0.015368,0.0064501,0.0082362,0.012563,0.0030456,0.016002,0.0048367,0.0071462,0.009123,0.32545,0.25213,0.42308,0.37931,0.27778,0.34718,0.33967,0.37499,0.41178,0.25001,0.79716,0.52992,0.77493,0.56841,0.039071,0.0482,0.36672,0.018433,1,0
0.016484,0.036239,0.010332,0.020377,0.027444,0.014834,0.031736,0.0084255,0.017491,0.027201,0.68337,0.2554,0.76923,0.68966,0.61111,0.52431,0.27456,0.625,0.52942,0.375,0.70893,0.37361,0.66732,0.54225,0.23674,0.08871,0.37013,0.09919,1,0
0.33236,0.49502,0.15767,0.35117,0.47466,0.2888,0.41625,0.10128,0.2601,0.48911,0.43154,0.51583,0.23077,0.44828,0.52778,0.28207,0.39221,0.25,0.29411,0.25001,0.76776,0.35033,0.73446,0.72032,0.57357,0.0075019,0.28999,0.2281,1,0
0.21053,0.43181,0.11387,0.18244,0.24008,0.1297,0.17977,0.076804,0.10472,0.22247,0.34409,0.49941,0.26923,0.46552,0.37037,0.18908,0.38276,0.15625,0.29411,0.12499,0.75862,0.37361,0.75025,0.68612,0.47945,0.0075019,0.59405,0.19161,1,0
0.31725,0.60601,0.15742,0.27422,0.46669,0.18287,0.24586,0.09302,0.20656,0.27652,0.29706,0.41543,0.15385,0.37931,0.33333,0.20396,0.42061,0.1875,0.29411,0.15626,0.75051,0.3858,0.75124,0.7163,0.51213,0.0060015,0.49694,0.20437,1,0
0.17521,0.41847,0.032136,0.12982,0.30118,0.11809,0.22936,0.019569,0.10796,0.20695,0.45362,0.31583,0.5,0.44828,0.35185,0.26907,0.30522,0.25,0.29411,0.12499,0.73632,0.41796,0.74335,0.66398,0.37423,0.010128,0.45238,0.14839,1,0
0.072635,0.40997,0.011123,0.027184,0.037122,0.067959,0.31581,0.0095747,0.022831,0.035857,0.43067,0.27595,0.38462,0.34483,0.44444,0.32226,0.31816,0.37499,0.29411,0.25001,0.77282,0.4623,0.89439,0.27062,0.3659,0.25694,0.39127,0.56213,1,0
0.49355,0.20035,0.46118,0.51843,0.52304,0.4434,0.21737,0.36892,0.44611,0.52388,0.26594,0.35315,0.23077,0.24138,0.28704,0.31465,0.34898,0.31251,0.29411,0.25001,0.74341,0.63192,0.76506,0.40443,0.37377,0.0018755,0.36715,0.14806,1,0
0.099178,0.22174,0.021083,0.058765,0.17638,0.091341,0.18223,0.015513,0.046115,0.1752,0.27097,0.092435,0.34615,0.31034,0.2037,0.24411,0.15254,0.31251,0.29411,0.12499,0.73022,0.59534,0.7305,0.84608,0.40968,0.034134,0.48275,0.1941,1,0
0.021336,0.031901,0.023567,0.02321,0.02359,0.020976,0.033832,0.020343,0.021938,0.023614,0.48172,3.478e-16,0.53846,0.48276,0.38889,0.45877,0.13791,0.50001,0.41178,0.375,0.65821,0.52328,0.66536,0.59759,0.10065,0.018755,0.41595,0.039911,1,0
0.022352,0.087919,0.011485,0.021114,0.027825,0.016413,0.043679,0.010102,0.01846,0.027497,0.68345,0.36245,0.73077,0.65517,0.57407,0.62711,0.35832,0.625,0.64705,0.56249,0.77587,0.4756,0.8085,0.28874,0.33126,0.084959,0.37765,0.133,1,0
0.0068803,0.034386,0.0065576,0.0084864,0.010438,0.0066893,0.031912,0.005619,0.0078343,0.010048,0.45424,0.25896,0.46154,0.41379,0.53704,0.44198,0.24029,0.50001,0.41178,0.375,0.73935,0.62195,0.72064,0.44768,0.28302,0.16617,0.71132,0.11312,1,0
0.012504,0.03874,0.0067428,0.018437,0.019447,0.011726,0.034918,0.0055351,0.016169,0.019127,0.65623,0.29242,0.57692,0.7069,0.62963,0.59762,0.33798,0.625,0.64705,0.49998,0.76267,0.54545,0.79566,0.28169,0.44979,0.47712,0.37007,0.18783,1,0
0.036933,0.11822,0.023693,0.02321,0.052198,0.034233,0.1035,0.019403,0.019203,0.043382,0.55799,0.20251,0.63462,0.56897,0.48148,0.52947,0.17769,0.625,0.52942,0.375,0.69677,0.46673,0.73149,0.36922,0.18394,0.027382,0.38718,0.073298,1,0
0.044148,0.13184,0.014782,0.027538,0.06797,0.041192,0.10642,0.011903,0.025866,0.065917,0.35964,0.19966,0.38462,0.34483,0.24074,0.28567,0.28483,0.37499,0.29411,0.15626,0.76267,0.37361,0.69103,0.57344,0.29355,0.18005,0.38218,0.33735,1,0
0.064486,0.23227,0.023693,0.02321,0.084703,0.041102,0.097473,0.018532,0.019114,0.07075,0.49476,0.36797,0.55769,0.5,0.50926,0.50342,0.34965,0.625,0.52942,0.375,0.69677,0.64079,0.6999,0.44064,0.3245,0.028507,0.33996,0.12975,1,0
0.095089,0.25275,0.016585,0.076278,0.16841,0.088548,0.201,0.013412,0.067554,0.16487,0.45702,0.27008,0.38462,0.53448,0.44444,0.44233,0.34469,0.50001,0.52942,0.375,0.71602,0.56652,0.70386,0.74547,0.28302,0.057952,0.71132,0.23352,1,0
0.092028,0.2567,0.031602,0.04072,0.17372,0.078027,0.18845,0.026177,0.034513,0.14677,0.58327,0.20709,0.65385,0.58621,0.5,0.48119,0.27511,0.50001,0.52942,0.375,0.68967,0.4102,0.77788,0.32998,0.18742,0.11403,0.39404,0.29611,1,0
0.059953,0.15926,0.019418,0.04072,0.086786,0.044721,0.10306,0.0065964,0.035922,0.077852,0.39893,0.20755,0.32692,0.48276,0.38889,0.39601,0.28419,0.37499,0.41178,0.31248,0.70689,0.6419,0.6999,0.49597,0.23191,0.032633,0.30244,0.093786,1,0
0.059206,0.23169,0.0026453,0.022673,0.075277,0.052097,0.17685,0.0023658,0.01725,0.074867,0.51579,0.34267,0.53846,0.48276,0.64815,0.42768,0.40752,0.37499,0.41178,0.375,0.74644,0.68735,0.71374,0.87625,0.31932,0.32783,0.33743,0.46941,1,0
0.080119,0.16596,0.025966,0.059766,0.13199,0.069538,0.13135,0.019238,0.038656,0.11942,0.23322,0.18116,0.25,0.22414,0.16203,0.19529,0.28192,0.21875,0.17647,0.12499,0.69776,0.68182,0.70386,0.88732,0.34684,0.024381,0.45332,0.13974,1,0
0.082265,0.31858,0.011418,0.029618,0.079832,0.075524,0.24736,0.0098962,0.024743,0.077895,0.34451,0.27861,0.25,0.41379,0.31481,0.3034,0.26019,0.37499,0.29411,0.25001,0.65722,0.56208,0.72064,0.45272,0.19802,0.18792,0.39128,0.47314,1,0
0.034881,0.080499,0.020753,0.031696,0.063053,0.027426,0.051302,0.017295,0.027152,0.047782,0.30811,0.25307,0.28846,0.25862,0.35185,0.37324,0.33787,0.37499,0.41178,0.31248,0.69677,0.75831,0.67621,0.60563,0.22503,0.037134,0.52459,0.089525,1,0
0.024706,0.063661,0.010827,0.021114,0.042516,0.020925,0.04213,0.0098384,0.017862,0.040933,0.57027,0.25883,0.51923,0.46552,0.59259,0.51951,0.31233,0.50001,0.52942,0.49998,0.64099,0.65521,0.70485,0.39134,0.43703,0.10446,0.38122,0.17492,1,0
0.2243,0.12959,0.21362,0.25336,0.24866,0.2005,0.11975,0.16295,0.22938,0.24743,0.4215,0.45205,0.40385,0.36207,0.46296,0.32547,0.41601,0.25,0.29411,0.375,0.68054,0.43902,0.71866,0.67506,0.36378,0.0075019,0.42146,0.1459,1,0
0.23597,0.092129,0.21518,0.25684,0.24869,0.21306,0.090543,0.18129,0.20779,0.253,0.35795,0.38216,0.34615,0.41379,0.42593,0.30379,0.32422,0.37499,0.35295,0.25001,0.71096,0.52771,0.70287,0.70523,0.27456,0.0046887,0.5291,0.10895,1,0
0.07986,0.29994,0.024165,0.032693,0.068369,0.070975,0.22929,0.019771,0.029618,0.065928,0.39345,0.1624,0.42308,0.37931,0.27778,0.36054,0.22042,0.37499,0.41178,0.25001,0.66632,0.39467,0.71176,0.46077,0.085995,0.16729,0.40325,0.56438,1,0
0.059456,0.13925,0.02567,0.041043,0.086038,0.053977,0.11623,0.019117,0.038566,0.08154,0.40254,0.33727,0.26923,0.43103,0.43519,0.40866,0.32806,0.37499,0.41178,0.375,0.68764,0.76385,0.65845,0.44366,0.50863,0.053826,0.50925,0.2025,1,0
0.041907,0.2195,0.011552,0.019759,0.027825,0.038431,0.1706,0.010106,0.017621,0.027851,0.65827,0.37165,0.53846,0.67241,0.59259,0.60235,0.36844,0.625,0.64705,0.49998,0.60142,0.70953,0.70584,0.87625,0.30837,0.35803,0.40718,0.68467,1,0
0.55129,0.68602,0.37514,0.48554,0.71244,0.36597,0.22104,0.28702,0.36116,0.45371,0.26093,0.38391,0.13462,0.34483,0.29166,0.23001,0.50381,0.1875,0.29411,0.1875,0.69878,0.42128,0.69103,0.69417,0.41967,0.0016879,0.59482,0.16689,1,0
0.21411,0.33518,0.14672,0.18975,0.21458,0.15655,0.10512,0.11487,0.16603,0.19908,0.41603,0.37362,0.40385,0.36207,0.5,0.28207,0.41136,0.28124,0.29411,0.25001,0.73632,0.36364,0.71668,0.68411,0.49137,0.011628,0,0.19664,1,0
0.0017046,0.061468,0.0016445,0.0010961,0,0,0.037305,0.0015036,0.00085568,0,0.78613,0.18291,0.67308,0.7931,0.72222,0.62336,0.23716,0.625,0.52942,0.49998,0.71399,0.36696,0.71668,0.34205,0.071604,0.35634,0.38476,0.12439,1,0
0.056967,0.24003,0.0073282,0.021485,0.053622,0.054319,0.19121,0.0064573,0.020742,0.051124,0.33007,0.24792,0.40385,0.36207,0.25926,0.4094,0.2741,0.37499,0.41178,0.375,0.70488,0.75166,0.73743,0.37625,0.60601,0.10128,0.35849,0.24306,1,0
0.23574,0.18896,0.17479,0.23772,0.28704,0.189,0.11632,0.14558,0.18516,0.24089,0.33788,0.4384,0.32692,0.40517,0.42593,0.41229,0.42965,0.50001,0.47058,0.375,0.70791,0.57316,0.72064,0.43863,0.22499,0.0031883,0.37252,0.090356,1,0
0.30262,0.15509,0.29171,0.29416,0.33574,0.25562,0.10474,0.22679,0.26769,0.29218,0.31781,0.39245,0.26923,0.44828,0.35185,0.39058,0.56611,0.37499,0.52942,0.375,0.69168,0.62527,0.71176,0.44366,0.29705,0.0031883,0.37136,0.11825,1,0
0.25468,0.15234,0.24794,0.27719,0.28573,0.22391,0.12932,0.18733,0.2506,0.2686,0.37132,0.26869,0.30769,0.38793,0.40741,0.41229,0.24806,0.37499,0.41178,0.375,0.66937,0.65188,0.67326,0.46077,0.30746,0.0046887,0.34296,0.12187,1,0
0.26643,0.10881,0.23614,0.29513,0.28695,0.23754,0.10137,0.19864,0.24051,0.2844,0.29438,0.43137,0.26923,0.36207,0.38889,0.30379,0.53826,0.37499,0.29411,0.25001,0.6501,0.63303,0.66239,0.43863,0.31653,0.0045011,0.35922,0.12547,1,0
0.34579,0.35211,0.23415,0.35141,0.4509,0.30382,0.28724,0.1748,0.26539,0.45659,0.3925,0.46491,0.36538,0.32759,0.48148,0.22423,0.39493,0.25,0.17647,0.15626,0.68967,0.42128,0.67819,0.77465,0.55624,0.0075019,1,0.2215,1,0
0.37198,0.48686,0.24951,0.35638,0.44438,0.27327,0.24057,0.18093,0.30697,0.3681,0.40143,0.57724,0.28846,0.46552,0.57871,0.35648,0.41929,0.37499,0.29411,0.375,0.71602,0.36142,0.68905,0.69617,0.51539,0.0060015,0.25982,0.20476,1,0
0.25821,0.33518,0.16013,0.25647,0.37855,0.21491,0.252,0.1365,0.17639,0.34213,0.39474,0.537,0.26443,0.5,0.4676,0.32547,0.49998,0.31251,0.41178,0.375,0.71399,0.3847,0.71275,0.67706,0.44717,0.0090023,0.5032,0.17989,1,0
0.28656,0.5551,0.14998,0.2287,0.34679,0.19331,0.22619,0.10755,0.1777,0.27449,0.41927,0.58047,0.33174,0.36207,0.53704,0.33996,0.66664,0.21875,0.29411,0.34376,0.73835,0.32483,0.71275,0.67404,0.53412,0.0088147,0.22599,0.21556,1,0
0.34486,0.33442,0.23909,0.33513,0.41573,0.26766,0.17299,0.2002,0.25643,0.34291,0.36798,0.64069,0.076923,0.37931,0.51852,0.2604,0.64248,0.125,0.23531,0.375,0.74036,0.30709,0.71176,0.66197,0.54103,0.0060015,0.2643,0.21467,1,0
0.020609,0.1349,0.0023258,0.0076813,0.02336,0.017164,0.097003,0.0020798,0.0067785,0.023062,0.48345,0.19864,0.51923,0.46552,0.37037,0.44448,0.29672,0.50001,0.41178,0.375,0.70488,0.39135,0.67326,0.39134,0.027453,0.46587,0.40588,0.31461,1,0
0.37613,0.20759,0.37912,0.37487,0.42056,0.34156,0.1858,0.29108,0.33645,0.41703,0.30968,0.26492,0.25,0.43103,0.33333,0.37507,0.30859,0.37499,0.41178,0.34376,0.66632,0.71507,0.6999,0.43562,0.44957,0.0046887,0.36886,0.17856,1,0
0.22948,0.18122,0.17486,0.23286,0.26193,0.18846,0.10962,0.14235,0.20504,0.22972,0.32402,0.25448,0.30288,0.41379,0.31481,0.43088,0.33697,0.40626,0.52942,0.375,0.67647,0.67295,0.67425,0.45876,0.343,0.0060015,0.30537,0.1363,1,0
0.32888,0.1854,0.2776,0.3295,0.36736,0.32022,0.15125,0.27112,0.32047,0.37646,0.28434,0.35752,0.26923,0.34483,0.35185,0.28207,0.42965,0.37499,0.35295,0.25001,0.66431,0.64411,0.68608,0.44467,0.32431,0.0033758,0.36973,0.12916,1,0
0.28516,0.10727,0.26763,0.27804,0.30597,0.2644,0.10197,0.22055,0.26302,0.31049,0.26093,0.28739,0.23077,0.2069,0.33333,0.28207,0.16012,0.37499,0.29411,0.12499,0.66431,0.70066,0.66041,0.47887,0.35145,0.0048762,0.2839,0.13949,1,0
0.042836,0.2305,0.0065576,0.021894,0.034674,0.037849,0.17856,0.0050848,0.019141,0.030192,0.32217,0.32549,0.23077,0.39655,0.2963,0.30492,0.25635,0.37499,0.29411,0.25001,0.67851,0.76717,0.69891,0.88632,0.21583,0.34696,0.41961,0.48852,1,0
0.62025,0.9066,0.26678,0.79867,0.83905,0.45898,0.64257,0.18007,0.47052,0.74463,0,0.23384,0,0,0.092593,0,0.27268,0,0,0,0.70689,0.55765,0.72064,0.92757,0.60647,0.0031883,0.46676,0.241,1,0
0.3877,0.61053,0.19145,0.31316,0.55051,0.26186,0.30058,0.15595,0.21975,0.37578,0.2877,0.40761,0.36538,0.32759,0.22222,0.17361,0.36862,0.25,0.17647,0.12499,0.69168,0.54102,0.71176,0.86117,0.51987,0.0045011,0.44729,0.21073,1,0
0.49017,0.32104,0.42898,0.4874,0.57621,0.4159,0.22464,0.34615,0.42427,0.45163,0.41397,0.60205,0.26923,0.46552,0.53704,0.31465,0.46289,0.31251,0.35295,0.31248,0.72922,0.34811,0.7078,0.78974,0.69458,0.006189,0.025721,0.27639,1,0
0.11694,0.19969,0.061036,0.095005,0.16994,0.10917,0.16098,0.047816,0.096094,0.16445,0.46433,0.31876,0.42308,0.37931,0.5,0.39491,0.32354,0.37499,0.41178,0.375,0.67647,0.44123,0.7078,0.89437,0.73021,0.038447,0.45026,0.29096,1,0
0.072826,0.35126,0.002923,0.02321,0.049789,0.06724,0.27608,0.00218,0.020491,0.037587,0.6724,0.28318,0.68269,0.7069,0.62963,0.47736,0.28515,0.50001,0.47058,0.375,0.66632,0.47339,0.77197,0.31287,0.30796,0.1506,0.39146,0.24184,1,0
0.49228,0.52833,0.29596,0.48061,0.60781,0.38195,0.29657,0.2454,0.40159,0.50004,0.31254,0.43402,0.25,0.48276,0.38889,0.3007,0.46486,0.37499,0.29411,0.31248,0.73022,0.74501,0.74335,0.38229,0.58429,0.0045011,0.33406,0.23163,1,0
0.18938,0.2142,0.14603,0.15605,0.20535,0.14948,0.097999,0.1242,0.14011,0.15884,0.52788,0.41262,0.46154,0.65517,0.57407,0.55548,0.42263,0.50001,0.52942,0.49998,0.66836,0.70177,0.67029,0.4658,0.37556,0.010128,0.3224,0.15136,1,0
0.2223,0.3167,0.16278,0.16739,0.22646,0.16288,0.095067,0.13607,0.15207,0.22196,0.59462,0.56583,0.5,0.58621,0.75926,0.54247,0.51353,0.56249,0.58825,0.49998,0.78803,0.79933,0.7147,0.45473,0.54735,0.013128,0.43015,0.22089,1,0
0.023657,0.043745,0.017578,0.025103,0.040399,0.0222,0.040203,0.013609,0.022312,0.040898,0.58646,0.21875,0.51923,0.65517,0.57407,0.53298,0.41672,0.50001,0.52942,0.49998,0.69168,0.81486,0.77887,0.89134,0.17969,0.20461,0.40413,0.27921,1,0
0.032328,0.19178,0.0047218,0.0082362,0.024529,0.0171,0.086254,0.0039811,0.0076813,0.0098911,0.60616,0.16946,0.61538,0.55172,0.46296,0.53728,0.12608,0.625,0.52942,0.375,0.77587,0.39467,0.74827,0.58651,0.2781,0.089272,0.31554,0.11729,1,0
0.18256,0.25827,0.090609,0.21276,0.22688,0.16519,0.21579,0.077874,0.16525,0.23794,0.6841,0.47173,0.72115,0.75862,0.68519,0.59673,0.36369,0.625,0.58825,0.49998,0.78297,0.66629,0.81244,0.35915,0.50385,0.014629,0.36453,0.2011,1,0
0.075253,0.091399,0.06506,0.062375,0.09772,0.066048,0.078021,0.049982,0.054933,0.081103,0.4476,0.32208,0.44231,0.39655,0.51852,0.32765,0.363,0.31251,0.35295,0.25001,0.69372,0.63747,0.76407,0.82696,0.32378,0.024381,0.41115,0.12959,1,0
0.097489,0.13868,0.066458,0.082967,0.12893,0.08055,0.091762,0.055733,0.0754,0.097441,0.45929,0.37615,0.38462,0.53448,0.44444,0.28973,0.30176,0.37499,0.29411,0.25001,0.71704,0.49889,0.75716,0.73944,0.38114,0.020255,0.42123,0.15114,1,0
0.097312,0.15531,0.050644,0.086893,0.13101,0.08251,0.11757,0.039526,0.076606,0.12687,0.47009,0.34086,0.51923,0.46552,0.52316,0.33691,0.32443,0.37499,0.41178,0.25001,0.72414,0.50665,0.76209,0.75956,0.40284,0.022881,0.42335,0.16018,1,0
0.041824,0.19266,0.010763,0.01209,0.051842,0.022706,0.060011,0.0083735,0.010879,0.04627,0.46073,0.18171,0.5,0.44828,0.35185,0.32351,0.23262,0.37499,0.29411,0.25001,0.71704,0.50886,0.74038,0.66398,0.23672,0.053638,0.41918,0.094843,1,0
0.072326,0.10723,0.048446,0.072135,0.10581,0.040433,0.048157,0.030012,0.045114,0.06069,0.4215,0.43137,0.34615,0.43103,0.46296,0.28207,0.22645,0.31251,0.29411,0.1875,0.74746,0.29822,0.74827,0.2998,0.038474,0.00056264,0.39028,0.015778,1,0
0.050359,0.16225,0.023567,0.024759,0.056973,0.037919,0.097687,0.019475,0.022931,0.038167,0.71388,0.089564,0.76923,0.68966,0.61111,0.75948,0.32024,0.74999,0.76473,0.74999,0.70386,0.59313,0.72854,0.38532,0.34682,0.042948,0.37091,0.13877,1,0
0.073174,0.28209,0.014563,0.02321,0.096393,0.064428,0.21275,0.010929,0.020931,0.086233,0.76855,0.29693,0.65385,0.82759,0.75926,0.68738,0.3483,0.625,0.64705,0.625,0.64707,0.71175,0.75914,0.8501,0.26881,0.16504,0.40542,0.45322,1,0
0.087916,0.25355,0.011548,0.047669,0.14708,0.069876,0.17689,0.0081846,0.040377,0.13063,0.70538,0.20296,0.71154,0.63793,0.55556,0.65406,0.28127,0.625,0.64705,0.625,0.72617,0.45565,0.75025,0.71528,0.40457,0.038635,0.43208,0.16109,1,0
0.32873,0.17157,0.29978,0.32056,0.36519,0.33658,0.11674,0.29923,0.33981,0.38085,0.43154,0.62273,0.26923,0.5431,0.55556,0.34718,0.73377,0.1875,0.41178,0.43751,0.63794,0.47339,0.65449,0.37324,0.18298,0.00037509,0.37881,0.072743,1,0
0.081708,0.21321,0.030544,0.052126,0.098351,0.059577,0.13073,0.02546,0.041271,0.071783,0.61792,0.37214,0.75,0.67241,0.59259,0.59829,0.43123,0.625,0.64705,0.49998,0.64402,0.65853,0.64462,0.45473,0.32772,0.018755,0.32226,0.13111,1,0
0.054702,0.12317,0.027907,0.051375,0.063159,0.04138,0.067974,0.023343,0.045263,0.061385,0.66472,0.36631,0.78846,0.7069,0.62963,0.58075,0.38933,0.625,0.52942,0.49998,0.69168,0.55765,0.7147,0.40644,0.25681,0.023068,0.37697,0.10421,1,0
0.1131,0.31367,0.029245,0.067015,0.16945,0.093464,0.21485,0.024402,0.057152,0.16041,0.50483,0.24312,0.55769,0.5,0.40741,0.45174,0.336,0.50001,0.41178,0.375,0.7353,0.36253,0.77592,0.87525,0.81956,0.051013,0.44535,0.32773,1,0
0.093738,0.41516,0.00026558,0,0.12117,0.081495,0.31535,0.00024789,0,0.11102,0.62171,0.2417,0.57692,0.51724,0.62963,0.54579,0.23366,0.625,0.52942,0.46874,0.7282,0.46562,0.77098,0.29677,0.3042,0.40904,0.3825,0.43552,1,0
0.018785,0.15414,0.0006643,0.0036729,0.016195,0.0005898,0.021218,0.00046149,0.002323,0.0047377,0.53122,0.21435,0.55769,0.5,0.40741,0.61192,0.17748,0.625,0.64705,0.49998,0.72515,0.63635,0.70089,0.58651,0.070072,0.099025,0.42806,0.039224,1,0
0.13163,0.44984,0.011629,0.030441,0.30573,0.11199,0.34107,0.0089832,0.026653,0.28724,0.61135,0.30554,0.55769,0.68966,0.61111,0.54247,0.25862,0.625,0.52942,0.375,0.80731,0.49778,0.73842,0.71731,0.34507,0.06114,0.37765,0.2851,1,0
0.13719,0.47231,0.031979,0.067055,0.1648,0.10713,0.29972,0.025854,0.06164,0.14179,0.55398,0.17201,0.59615,0.58621,0.5,0.40854,0.23768,0.40626,0.41178,0.25001,0.76674,0.37361,0.74236,0.70322,0.50848,0.077269,0.19284,0.76382,1,0
0.23019,0.46295,0.13041,0.17727,0.24782,0.15247,0.11381,0.10678,0.14735,0.20252,0.69339,0.3072,0.78846,0.7069,0.62963,0.68449,0.40103,0.625,0.64705,0.625,0.62576,0.62638,0.68707,0.34105,0.47692,0.010503,0.37877,0.19055,1,0
0.017958,0.063821,0.0045089,0.011466,0.033391,0.012856,0.041313,0.0029838,0.008134,0.0243,0.63751,0.3056,0.73077,0.65517,0.57407,0.64168,0.39128,0.625,0.64705,0.625,0.62476,0.69733,0.63179,0.59558,0.14941,0.05814,0.37376,0.059488,1,0
0.17259,0.30371,0.056815,0.18721,0.22507,0.13476,0.19194,0.015728,0.16456,0.19376,0.77778,0.31082,0.88462,0.7931,0.72222,0.67265,0.26443,0.68751,0.64705,0.625,0.5933,0.77715,0.59428,0.45573,0.50859,0.015754,0.2722,0.20338,1,0
0.039725,0.079777,0.027368,0.0321,0.048491,0.035021,0.067021,0.022311,0.029359,0.045656,0.89429,0.33235,0.98077,0.87931,0.81481,0.74983,0.33757,0.74999,0.76473,0.625,0.6562,0.55654,0.72854,0.39839,0.27985,0.034134,0.38905,0.11291,1,0
0.020781,0.063298,0.014782,0.021216,0.027825,0.01973,0.05595,0.011532,0.017041,0.026571,0.74615,0.27384,0.78846,0.7069,0.62963,0.61481,0.30208,0.625,0.52942,0.49998,0.68764,0.60642,0.68806,0.75956,0.2459,0.15491,0.45368,0.16838,1,0
0.17417,0.44289,0.1153,0.12193,0.18269,0.11421,0.099412,0.099337,0.10639,0.1353,0.61344,0.37304,0.63462,0.56897,0.68519,0.50994,0.35804,0.50001,0.52942,0.375,0.70285,0.44123,0.6466,0.79476,0.56127,0.018755,0.35602,0.22281,1,0
0.093761,0.22375,0.026796,0.076533,0.1581,0.083352,0.17846,0.021088,0.061883,0.14682,0.72332,0.34623,0.84615,0.75862,0.68519,0.58587,0.39968,0.50001,0.64705,0.59373,0.66632,0.49557,0.62686,0.80483,0.49375,0.0512,0.33757,0.22179,1,0
0.046214,0.1508,0.017785,0.027538,0.053687,0.027679,0.084222,0.010668,0.02298,0.024141,0.86308,0,0.90385,0.81034,0.74074,0.60758,0.32386,0.625,0.52942,0.625,0.6501,0.50333,0.64266,0.59054,0.11751,0.021568,0.46775,0.046611,1,0
0.59921,0.50375,0.47439,0.5974,0.71536,0.6568,0.27373,0.56041,0.65847,0.75711,0.59714,0.69811,0.47115,0.74138,0.66667,0.54247,0.98702,0.31251,0.64705,0.68748,0.63794,0.602,0.6999,0.40141,0.33954,0.00037509,0.38488,0.13556,1,0
0.40455,0.12621,0.4025,0.37704,0.42074,0.39253,0.14053,0.34617,0.3955,0.44528,0.64229,0.67925,0.51923,0.77586,0.7037,0.54247,0.59912,0.4375,0.58825,0.56249,0.67647,0.58869,0.72458,0.39134,0.33349,0.0018755,0.3821,0.13278,1,0
0.041873,0.16867,0.011685,0.017101,0.060933,0.021517,0.055458,0.009724,0.012289,0.03775,0.72927,0.46777,0.73077,0.65517,0.7963,0.5772,0.47422,0.625,0.52942,0.59373,0.68255,0.68957,0.66732,0.57746,0.16689,0.028695,0.96752,0.066733,1,0
0.021932,0.055129,0.0067428,0.022942,0.053122,0.0201,0.050417,0.0044239,0.017597,0.052319,0.74132,0.43106,0.72597,0.7931,0.72222,0.55114,0.43809,0.625,0.52942,0.46874,0.67344,0.59202,0.67227,0.5332,0.092601,0.039947,0.3738,0.036743,1,0
0.12291,0.39452,0.025136,0.0321,0.26263,0.11824,0.31142,0.020733,0.029032,0.26706,0.802,0.4774,0.69231,0.87931,0.81481,0.60473,0.50082,0.625,0.64705,0.625,0.70994,0.34479,0.62092,0.77565,0.68004,0.034321,0.37011,0.2702,1,0
0.36644,0.16165,0.34172,0.4066,0.38724,0.31991,0.16265,0.2661,0.32323,0.3809,0.36632,0.56927,0.22115,0.47414,0.48148,0.31465,0.47365,0.25,0.35295,0.31248,0.6562,0.50554,0.62882,0.68712,0.27823,0.0018755,0.33347,0.11017,1,0
0.38185,0.45596,0.29253,0.33722,0.40788,0.27147,0.078535,0.24442,0.27952,0.30606,0.55197,0.49992,0.57692,0.51724,0.7037,0.49908,0.45289,0.50001,0.52942,0.375,0.72009,0.42904,0.67326,0.72736,0.46514,0.0048762,0.352,0.18423,1,0
0.050694,0.28348,0.00050861,0.0020089,0.061649,0.043769,0.22017,0.00042784,0.0014114,0.042579,0.70538,0.27549,0.76923,0.68966,0.61111,0.57349,0.31119,0.625,0.52942,0.49998,0.74341,0.40909,0.76209,0.36922,0.094529,0.32089,0.39007,0.35415,1,0
0.38617,0.39666,0.25867,0.40763,0.50489,0.32618,0.32076,0.20636,0.2554,0.48662,0.6767,0.27361,0.65385,0.58621,0.7037,0.70988,0.34767,0.74999,0.64705,0.625,0.65213,0.70953,0.6614,0.42757,0.45266,0.0046887,0.33518,0.18029,1,0
0.33969,0.25551,0.28835,0.304,0.39287,0.31839,0.25545,0.24662,0.24902,0.41565,0.74265,0.2587,0.64905,0.7931,0.72222,0.67265,0.27734,0.625,0.64705,0.625,0.65416,0.64524,0.69891,0.44366,0.33106,0.0031883,0.38103,0.13168,1,0
0.032557,0.10974,0.014782,0.02321,0.045391,0.019308,0.045825,0.011809,0.016246,0.032986,0.56954,0.24528,0.65385,0.58621,0.5,0.70523,0.44719,0.74999,0.70589,0.625,0.64402,0.65298,0.63969,0.57143,0.1211,0.024381,0.35229,0.048412,1,0
0.081985,0.37979,0.0044514,0.0055754,0.054667,0.067117,0.27986,0.0038512,0.0047233,0.051305,0.696,0.38071,0.65385,0.77586,0.7037,0.60583,0.39559,0.625,0.52942,0.625,0.70081,0.67848,0.62785,0.73742,0.11248,0.16617,0.39332,0.29594,1,0
0.14526,0.38441,0.069565,0.074698,0.18417,0.1455,0.34129,0.060259,0.064135,0.21982,0.83798,0.24015,0.92308,0.82759,0.75926,0.70523,0.19611,0.74999,0.64705,0.625,0.66126,0.50333,0.68608,0.39134,0.19972,0.006189,0.38226,0.079757,1,0
0.4605,0.24429,0.42533,0.44377,0.49342,0.38588,0.12491,0.3437,0.39086,0.43449,0.43154,0.5786,0.30769,0.46552,0.62963,0.34718,0.42061,0.37499,0.35295,0.375,0.71299,0.42349,0.63278,0.77867,0.56363,0.0048762,0.37172,0.2239,1,0
0.50709,0.17438,0.48785,0.49684,0.53307,0.42863,0.066505,0.40875,0.43141,0.4544,0.58208,0.50062,0.48077,0.60345,0.62963,0.34718,0.57733,0.25,0.35295,0.375,0.71704,0.39135,0.64858,0.66801,0.42485,0.0018755,0.37374,0.16822,1,0
0.29015,0.054313,0.28997,0.2991,0.29972,0.27535,0.044545,0.26896,0.28308,0.29561,0.4215,0.50629,0.22115,0.43103,0.55556,0.3193,0.47268,0.37499,0.29411,0.34376,0.66836,0.47007,0.61897,0.73038,0.40759,0.0060015,0.36236,0.16152,1,0
0.54889,0.19987,0.53432,0.50729,0.57759,0.53273,0.19468,0.46578,0.53501,0.60471,0.55698,0.78334,0.33654,0.68103,0.72222,0.37972,0.69334,0.31251,0.52942,0.375,0.6562,0.52217,0.75815,0.2827,0.42608,0.0018755,0.38777,0.16929,1,0
0.049223,0.20812,0.027368,0.027184,0.027825,0.03189,0.10419,0.023095,0.024687,0.026648,0.82775,0.15531,0.90385,0.81034,0.74074,0.62578,0.22474,0.625,0.52942,0.49998,0.66632,0.59313,0.67029,0.42354,0.28018,0.032821,0.34778,0.11139,1,0
0.092697,0.26633,0.035932,0.048239,0.11086,0.054039,0.094387,0.026833,0.040183,0.083144,0.75269,0.44411,0.71154,0.84483,0.77778,0.59454,0.35081,0.625,0.52942,0.49998,0.61055,0.68735,0.5923,0.5161,0.26772,0.012941,0.54714,0.10603,1,0
0.26858,0.19374,0.21711,0.29859,0.31651,0.26122,0.13919,0.23396,0.28519,0.31686,0.70027,0.23899,0.78846,0.7069,0.62963,0.68714,0.29234,0.71875,0.64705,0.625,0.62273,0.47894,0.20237,0.57645,0.43438,0.0075019,0.39809,0.17225,0,0
0.14336,0.14709,0.11673,0.13313,0.15432,0.13424,0.12505,0.099713,0.12295,0.16737,0.59667,0.46802,0.75,0.67241,0.59259,0.60165,0.48616,0.625,0.64705,0.59373,0.51725,0.55986,0.19546,0.59356,0.31486,0.011628,0.39871,0.12556,0,0
0.25108,0.093202,0.24669,0.27252,0.26575,0.22775,0.089235,0.19627,0.25768,0.26166,0.58781,0.27099,0.69231,0.62069,0.53704,0.59829,0.41929,0.53125,0.64705,0.59373,0.21603,0.62084,0.52321,0.60261,0.30975,0.0048762,0.39888,0.12318,0,0
0.029038,0.093666,0.017186,0.025197,0.027825,0.027762,0.080434,0.013466,0.020719,0.028594,0.6253,0.17348,0.63462,0.56897,0.48148,0.70941,0.2541,0.74999,0.64705,0.625,0.62779,0.5654,0.65746,0.37726,0.31841,0.063953,0.37503,0.12663,1,0
0.032134,0.08124,0.023191,0.029618,0.04004,0.022478,0.032574,0.018802,0.024687,0.033285,0.55566,0.32586,0.61538,0.55172,0.46296,0.52876,0.35679,0.625,0.52942,0.375,0.59231,0.60864,0.59329,0.5161,0.14695,0.024381,0.36047,0.058525,1,0
0.37164,0.21431,0.31324,0.39541,0.43315,0.35811,0.14608,0.29907,0.38477,0.4257,0.71588,0.5283,0.67308,0.81034,0.74074,0.64375,0.4759,0.625,0.64705,0.625,0.68764,0.33924,0.15301,0.5161,0.58522,0.0075019,0.39765,0.23707,0,0
0.35194,0.14279,0.3316,0.38176,0.37475,0.31566,0.12188,0.25987,0.33626,0.36668,0.81401,0.27673,0.90385,0.81034,0.74074,0.68714,0.37835,0.71875,0.76473,0.625,0.6998,0.34811,0.19842,0.53822,0.56516,0.0075019,0.39739,0.2247,0,0
0.418,0.1562,0.39439,0.46216,0.44388,0.37315,0.13147,0.31659,0.39782,0.43025,0.79533,0.48492,0.80769,0.86207,0.7963,0.62383,0.46732,0.56249,0.58825,0.625,0.68357,0.35143,0.16288,0.5503,0.59054,0.006189,0.39737,0.23521,0,0
0.46545,0.33579,0.40822,0.4809,0.52238,0.48613,0.16327,0.4357,0.45424,0.55063,0.73864,0.59689,0.59134,0.87931,0.81481,0.67265,0.58833,0.56249,0.64705,0.74999,0.6633,0.36806,0.29517,0.44266,0.36558,0.0018755,0.39843,0.14516,0,0
0.081497,0.18731,0.016516,0.053731,0.14319,0.069233,0.14058,0.013541,0.042129,0.13156,0.6736,0.24336,0.76923,0.68966,0.61111,0.49041,0.21182,0.50001,0.52942,0.375,0.29615,0.45786,0.70879,0.44467,0.4226,0.043886,0.39884,0.17226,0,0
0.36831,0.26883,0.32793,0.39001,0.40455,0.32688,0.2487,0.2399,0.32572,0.42111,0.65567,0.63937,0.48077,0.74138,0.7963,0.56419,0.64248,0.50001,0.64705,0.625,0.46147,0.44678,0.1234,0.55734,0.36558,0.0033758,0.39767,0.14502,0,0
0.26482,0.086538,0.25704,0.26579,0.26225,0.25175,0.071045,0.2334,0.24997,0.27215,0.55913,0.50928,0.53366,0.67241,0.59259,0.41229,0.57733,0.40626,0.41178,0.46874,0.30831,0.51552,0.60317,0.46378,0.31504,0.0046887,0.3981,0.12631,0,0
0.31389,0.19187,0.25213,0.31623,0.37267,0.27048,0.14963,0.21276,0.255,0.33165,0.7197,0.46545,0.69231,0.82759,0.75926,0.69128,0.46486,0.65624,0.76473,0.625,0.19878,0.53881,0.56467,0.49195,0.37974,0.0046887,0.39841,0.151,0,0
0.29165,0.27712,0.25752,0.25056,0.28427,0.22056,0.058777,0.21027,0.21926,0.24438,0.57347,0.52598,0.53846,0.68966,0.61111,0.50529,0.61421,0.625,0.52942,0.46874,0.2424,0.49334,0.55676,0.42656,0.34243,0.0046887,0.39788,0.13855,0,0
0.4289,0.22587,0.40123,0.40626,0.43978,0.35052,0.053389,0.33394,0.36088,0.37379,0.82963,0.497,0.75,0.91379,0.85185,0.78116,0.64248,0.625,0.88236,0.74999,0.25052,0.48226,0.64957,0.42757,0.42,0.0031883,0.3983,0.1667,0,0
0.39911,0.29332,0.31864,0.382,0.48176,0.37468,0.24519,0.25648,0.37378,0.48551,0.76523,0.4963,0.71154,0.86207,0.7963,0.52619,0.37613,0.56249,0.52942,0.49998,0.70081,0.3858,0.18263,0.54829,0.56221,0.006189,0.39771,0.22436,0,0
0.34846,0.15826,0.32061,0.34336,0.39268,0.32776,0.14384,0.27676,0.3474,0.38584,0.61218,0.57959,0.57692,0.74138,0.66667,0.58587,0.57287,0.50001,0.64705,0.625,0.51926,0.44012,0.18362,0.5342,0.35036,0.0033758,0.39793,0.13877,0,0
0.42949,0.31945,0.35574,0.40201,0.4495,0.41669,0.25323,0.33974,0.39279,0.47424,0.64517,0.57494,0.62982,0.75862,0.68519,0.57966,0.54803,0.65624,0.64705,0.49998,0.61258,0.40022,0.11945,0.52314,0.51609,0.0048762,0.39806,0.20527,0,0
0.43803,0.19194,0.40529,0.46324,0.46853,0.44882,0.05356,0.43349,0.45151,0.46986,0.57707,0.76495,0.35577,0.68966,0.74074,0.47736,0.73377,0.31251,0.52942,0.56249,0.45944,0.42683,0.19053,0.47283,0.26227,0.00056264,0.39862,0.10408,0,0
0.44645,0.20862,0.41988,0.43554,0.498,0.41448,0.19124,0.34201,0.43856,0.49322,0.63226,0.55653,0.55769,0.75862,0.68519,0.54247,0.58175,0.625,0.58825,0.49998,0.53043,0.38138,0.12044,0.50906,0.43963,0.0031883,0.39779,0.1745,0,0
0.30016,0.11578,0.28528,0.30664,0.3072,0.25376,0.05475,0.23652,0.26033,0.27866,0.70585,0.5392,0.86538,0.77586,0.7037,0.60758,0.5751,0.50001,0.70589,0.625,0.41582,0.44899,0.13129,0.52012,0.29043,0.0031883,0.39814,0.11708,0,0
0.31931,0.18714,0.26396,0.34743,0.37069,0.27537,0.14861,0.21049,0.29533,0.33845,0.67383,0.44214,0.80769,0.72414,0.64815,0.65406,0.37308,0.74999,0.64705,0.59373,0.53144,0.4102,0.1619,0.49396,0.37622,0.0046887,0.39824,0.15103,0,0
0.44843,0.1957,0.40171,0.44481,0.48586,0.42917,0.15563,0.37608,0.43195,0.48832,0.68913,0.55031,0.57692,0.81034,0.74074,0.60758,0.4883,0.625,0.52942,0.625,0.69677,0.36585,0.25665,0.47283,0.45137,0.0033758,0.39815,0.17893,0,0
0.13107,0.30098,0.02852,0.10197,0.23839,0.10755,0.19174,0.023071,0.082384,0.21211,0.7715,0.35671,0.88462,0.7931,0.72222,0.69707,0.43102,0.74999,0.70589,0.625,0.66734,0.51995,0.15597,0.48088,0.51045,0.045574,0.39971,0.3465,0,0
0.37076,0.055297,0.38468,0.36897,0.3554,0.33737,0.056142,0.32467,0.32898,0.35483,0.7197,0.44673,0.71154,0.7931,0.72222,0.67265,0.42365,0.65624,0.76473,0.625,0.58114,0.38027,0.15696,0.48391,0.43764,0.0045011,0.39815,0.17334,0,0
0.27631,0.074019,0.29002,0.28764,0.28194,0.25037,0.06485,0.24161,0.26435,0.26801,0.59462,0.50222,0.63462,0.68966,0.61111,0.5913,0.64511,0.625,0.64705,0.625,0.55273,0.37028,0.13031,0.49597,0.44898,0.0075019,0.39787,0.17902,0,0
0.34146,0.14372,0.35006,0.36541,0.35107,0.29618,0.11838,0.26758,0.32781,0.33209,0.68243,0.71399,0.55769,0.84483,0.77778,0.58587,0.75783,0.625,0.70589,0.625,0.5639,0.33369,0.2162,0.40342,0.34461,0.0033758,0.39851,0.13712,0,0
0.34628,0.19661,0.30016,0.36255,0.38603,0.33638,0.13307,0.30182,0.34661,0.38242,0.68997,0.62201,0.61538,0.76724,0.7963,0.67265,0.67934,0.625,0.70589,0.74999,0.63186,0.36364,0.15499,0.45573,0.48295,0.0060015,0.39841,0.193,0,0
0.231,0.24069,0.18473,0.20818,0.29556,0.17791,0.13071,0.14329,0.17042,0.22068,0.60502,0.48492,0.75,0.67241,0.59259,0.57966,0.54803,0.65624,0.64705,0.49998,0.35193,0.43459,0.093781,0.51106,0.26857,0.0045011,0.39795,0.1076,0,0
0.28711,0.24594,0.25232,0.28827,0.31502,0.2617,0.19854,0.19936,0.26433,0.31509,0.66989,0.47472,0.78846,0.7069,0.68519,0.62383,0.54418,0.625,0.64705,0.625,0.49797,0.40575,0.21026,0.5171,0.31565,0.12453,0.39745,0.56525,0,0
0.24191,0.15817,0.20828,0.26575,0.26874,0.21814,0.13667,0.16865,0.23293,0.2675,0.6443,0.46539,0.76923,0.68966,0.61111,0.6336,0.61391,0.625,0.64705,0.625,0.51522,0.42572,0.10069,0.54326,0.44042,0.0090023,0.39789,0.17623,0,0
0.32114,0.18133,0.28554,0.33199,0.37186,0.31043,0.12051,0.26667,0.33021,0.36641,0.72927,0.36731,0.79326,0.77586,0.7037,0.68714,0.59554,0.65624,0.76473,0.65624,0.59839,0.3969,0.11451,0.54125,0.52048,0.0075019,0.3978,0.20651,0,0
0.34369,0.27262,0.32166,0.36031,0.367,0.28442,0.17001,0.25362,0.31561,0.33977,0.71588,0.61893,0.64423,0.84483,0.77778,0.62926,0.53707,0.625,0.64705,0.625,0.61764,0.36806,0.10958,0.51911,0.54577,0.0073143,0.39783,0.21649,0,0
0.33072,0.16256,0.32679,0.3188,0.30131,0.30697,0.15062,0.27403,0.29054,0.32936,0.64517,0.61908,0.57692,0.77586,0.7037,0.61688,0.44883,0.53125,0.64705,0.625,0.428,0.37693,0.062191,0.47887,0.38321,0.0045011,0.39802,0.15275,0,0
0.46633,0.17518,0.439,0.43247,0.52888,0.43022,0.15708,0.37456,0.37782,0.51547,0.71397,0.67988,0.66826,0.84483,0.77778,0.61688,0.61719,0.65624,0.64705,0.59373,0.54261,0.37693,0.037512,0.5332,0.5489,0.0045011,0.39776,0.21763,0,0
0.31729,0.25591,0.25578,0.29411,0.38125,0.25985,0.14565,0.21884,0.24208,0.30752,0.71004,0.51777,0.74038,0.7931,0.72222,0.60758,0.41929,0.68751,0.64705,0.49998,0.44219,0.40909,0.018756,0.50502,0.43803,0.0060015,0.39822,0.17667,0,0
0.38473,0.2508,0.33678,0.35489,0.46594,0.36443,0.20646,0.31016,0.37928,0.4615,0.72508,0.57066,0.69231,0.82759,0.75926,0.62383,0.55344,0.68751,0.64705,0.625,0.51015,0.3847,0.00098728,0.52917,0.54632,0.006189,0.39789,0.21716,0,0
0.3666,0.15336,0.34408,0.37062,0.39399,0.30718,0.088521,0.2777,0.31916,0.34172,0.50179,0.71798,0.27403,0.72414,0.64815,0.46436,0.82272,0.28124,0.52942,0.625,0.42292,0.49889,0.14018,0.53621,0.27688,0.0016879,0.39869,0.1106,0,0
0.3183,0.17931,0.30175,0.31324,0.36762,0.31022,0.11846,0.28097,0.28421,0.37893,0.61469,0.63783,0.50962,0.77586,0.7037,0.5913,0.64511,0.625,0.64705,0.625,0.46348,0.49334,0.023692,0.56941,0.44848,0.006189,0.3984,0.17856,0,0
0.27538,0.12245,0.26778,0.27013,0.30696,0.2645,0.078631,0.2345,0.2583,0.30126,0.67797,0.25157,0.76923,0.68966,0.61111,0.67265,0.24019,0.74999,0.64705,0.53126,0.56896,0.40909,0.13722,0.5,0.44059,0.0075019,0.39829,0.17764,0,0
0.27317,0.16956,0.22562,0.29825,0.31603,0.23548,0.12411,0.19096,0.23297,0.28182,0.69498,0.64543,0.71154,0.81034,0.74074,0.52619,0.47893,0.56249,0.58825,0.49998,0.52231,0.39024,0.027641,0.5171,0.52166,0.0088147,0.39804,0.21324,0,0
0.15497,0.11453,0.13374,0.16674,0.18613,0.13787,0.096369,0.10771,0.14841,0.16499,0.72104,0.48776,0.86538,0.77586,0.7037,0.60255,0.43286,0.625,0.64705,0.53126,0.78093,0.63192,0.8628,0.35312,0.4699,0.015754,0.38426,0.18773,1,1
0.17516,0.25763,0.10727,0.16955,0.20892,0.15481,0.21963,0.071728,0.15292,0.20376,0.81691,0.39378,0.92308,0.82759,0.75926,0.75077,0.45665,0.74999,0.70589,0.74999,0.48276,0.63414,0.51036,0.39134,0.39917,0.012753,0.36408,0.16097,1,1
0.079076,0.24808,0.0098332,0.021641,0.16459,0.065606,0.18558,0.0063966,0.016241,0.13086,0.672,0.3952,0.59615,0.74138,0.66667,0.63621,0.40444,0.625,0.64705,0.625,0.77991,0.96452,0.80751,0.6187,0.52236,0.064422,0.36167,0.2121,1,1
0.065899,0.03984,0.076281,0.075026,0.075326,0.060031,0.037577,0.064117,0.06778,0.071958,0.4305,0.2051,0.34615,0.5,0.40741,0.43471,0.29713,0.37499,0.41178,0.375,0.84281,0.79378,0.81739,0.50906,0.44359,0.037791,0.60565,0.1768,1,1
0.055018,0.17807,0.017608,0.031246,0.075708,0.049048,0.14167,0.014562,0.025329,0.07199,0.84827,0.22641,0.76923,0.87931,0.81481,0.7303,0.21793,0.74999,0.76473,0.625,0.58318,0.77051,0.79271,0.34004,0.73086,0.10578,0.38919,0.30037,1,1
0.10095,0.15354,0.069727,0.08321,0.10398,0.095689,0.1307,0.054197,0.080431,0.12056,0.281,6.8308e-16,0.34615,0.31034,0.2037,0.27727,0.14352,0.37499,0.29411,0.12499,0.7353,0.31042,0.76704,0.68309,0.57366,0.033571,0.43776,0.22832,1,1
0.083677,0.18331,0.026595,0.061688,0.12781,0.077626,0.1491,0.021673,0.053921,0.12639,0.50179,0.36492,0.48077,0.62069,0.53704,0.47303,0.39715,0.37499,0.52942,0.49998,0.36207,0.11309,0.6466,0.030182,0.36077,0.036103,0.39682,0.20917,0,1
0.019974,0.030008,0.021026,0.022815,0.025531,0.019056,0.029805,0.017058,0.02127,0.025793,0.58087,0.25947,0.61538,0.55172,0.46296,0.55657,0.21224,0.625,0.52942,0.375,0.87527,0.81928,0.9388,0.45976,0.57283,0.1445,0.37735,0.23311,1,1
0.17243,0.19207,0.15902,0.16433,0.2,0.15516,0.17023,0.11104,0.14752,0.20184,0.59303,0.37066,0.53846,0.7069,0.62963,0.55431,0.38137,0.625,0.64705,0.49998,0.79716,0.82815,0.85785,0.60261,0.34689,0.010128,0.38515,0.1384,1,1
0.05067,0.16199,0.025406,0.029666,0.054208,0.042621,0.1132,0.020894,0.027597,0.053151,0.82043,0.40423,0.86538,0.77586,0.90741,0.76218,0.42489,0.74999,0.76473,0.74999,0.73225,0.74944,0.80061,0.54426,0.32682,0.14601,0.38697,0.39009,1,1
1,0.20824,1,1,1,1,0,1,1,1,0.38806,0.89485,0.10097,0.46552,0.62037,0.54247,1,0.28124,0.64705,0.68748,0.71907,0.52328,0.98717,0.24145,0.56206,0.00037509,0.39374,0.22622,1,1
0.019444,0.041143,0.014182,0.027184,0.027825,0.018009,0.038848,0.011754,0.023839,0.027091,0.72147,0.19131,0.61538,0.74138,0.66667,0.64375,0.24356,0.625,0.58825,0.625,0.81339,0.91242,0.79764,0.8169,0.10372,0.04051,0.21516,0.041076,1,1
0.046987,0.069084,0.02778,0.052669,0.06803,0.043713,0.063146,0.022005,0.050814,0.067929,0.37534,0.28846,0.38462,0.34483,0.44444,0.44483,0.34704,0.50001,0.47058,0.375,0.86309,0.73393,0.88451,0.59658,0.20682,0.023068,0.38256,0.082907,1,1
0.029601,0.052706,0.026796,0.027538,0.0309,0.027305,0.048547,0.021477,0.025134,0.030166,0.83705,0.16965,0.92308,0.82759,0.75926,0.70843,0.24829,0.74999,0.64705,0.625,0.85294,0.8082,0.77788,0.37123,0.70208,0.13785,0.43879,0.2797,1,1
0.0098662,0.03998,0.0064176,0.012448,0.018145,0.0084014,0.031389,0.0044179,0.011343,0.015688,0.79893,0.31867,0.71154,0.82759,0.75926,0.70378,0.3104,0.74999,0.64705,0.625,0.67952,0.68735,0.65845,0.75452,0.11245,0.16832,0.34275,0.1035,1,1
0.0066329,0,0.01335,0.014184,0.012094,0.009003,0.0012963,0.015739,0.013837,0.012349,0.34624,0.44797,0.26923,0.37931,0.39815,0.28207,0,0.37499,0.29411,0.12499,0.53449,0.20178,0.53603,0.23943,0,0.0016879,0.39874,0,0,1
0.061971,0.15372,0.024874,0.046133,0.084156,0.057255,0.12496,0.020137,0.040167,0.084007,0.35015,0.22327,0.36538,0.32759,0.42593,0.40265,0.30879,0.37499,0.41178,0.375,0.38845,0.73725,0.54789,0.5332,0.3579,0.13194,0.39301,0.33591,1,1
0.0075376,0.025075,0.0073067,0.011394,0.016574,0.0078349,0.026118,0.0061931,0.0097848,0.014902,0.90322,0.26786,0.78846,0.89655,0.83333,0.88204,0.27854,0.87501,0.88236,0.74999,0.85701,0.78159,0.78382,0.55634,0.3489,0.18005,0.41976,0.14066,1,1
0.079417,0.33743,0.0046145,0.0032421,0.17576,0.12018,0.33501,0.0055572,0.12448,0.24429,0.32616,0.52232,0.18269,0.41379,0.44444,0.18443,0.41601,0.1875,0.29411,0.12499,0.28195,0.2184,0.31887,0.23239,0.045095,0.010221,0.39616,0.020509,0,1
0.043259,0.056003,0.025406,0.060358,0.065884,0.039776,0.050696,0.021604,0.061426,0.064862,0.82294,0,0.86538,0.77586,0.7037,0.81053,0.18267,0.87501,0.76473,0.65624,0.73022,0.81707,0.74335,0.69316,0.16934,0.021287,0.3796,0.067174,1,1
0.034142,0.05159,0.027516,0.02929,0.057113,0.029121,0.042049,0.02116,0.026548,0.033705,0.20775,0.10969,0.28846,0.25862,0.14815,0.217,0.16834,0.25,0.29411,0.12499,0.68255,0.67183,0.65845,0.56238,0.16548,0.0256,0.45549,0.065724,1,1
0.088479,0.17068,0.039056,0.052687,0.14603,0.075065,0.12884,0.029573,0.047113,0.13322,0.47216,0.26432,0.54326,0.53448,0.44444,0.51146,0.36059,0.50001,0.52942,0.49998,0.72617,0.76275,0.8085,0.53019,0.37342,0.025694,0.38728,0.15359,1,1
0.018798,0.040476,0.010577,0.025197,0.027825,0.016383,0.032898,0.0092662,0.020657,0.027729,0.20072,8.4782e-16,0.26923,0.24138,0.12963,0.18822,0.19448,0.25,0.17647,0.12499,0.79311,0.89689,0.78875,0.71127,0.25943,0.091523,0.33299,0.1035,1,1
0.013361,0.034109,0.0077701,0.019523,0.023192,0.011833,0.027456,0.0065208,0.016617,0.02191,0.60215,6.7538e-16,0.65385,0.58621,0.5,0.68238,0.2176,0.74999,0.64705,0.625,0.16126,0.6164,0.098717,0.39839,0.36372,0.15604,0.41784,0.14574,1,1
0.026442,0.065514,0.014782,0.027184,0.030633,0.023831,0.054453,0.01308,0.023731,0.029757,0.50179,3.3784e-16,0.55769,0.5,0.40741,0.4226,0.29173,0.37499,0.41178,0.375,0.80527,0.68957,0.82527,0.4004,0.46901,0.10409,0.35917,0.18665,1,1
0.037535,0.10679,0.021207,0.027184,0.053107,0.034311,0.087438,0.01697,0.02444,0.05065,0.71856,0.20795,0.78846,0.7069,0.62963,0.77682,0.3567,0.74999,0.76473,0.74999,0.53752,0.69179,0.65449,0.36218,0.55145,0.095086,0.38573,0.22887,1,1
0.023157,0.085633,0.0073282,0.014218,0.033114,0.022122,0.073676,0.006115,0.011983,0.033732,0.40623,0.30204,0.40385,0.36207,0.5,0.46178,0.34565,0.50001,0.41178,0.375,0.77081,0.8082,0.88451,0.50101,0.49764,0.19824,0.38739,0.22987,1,1
0.019294,0.048532,0.011685,0.020869,0.025531,0.018507,0.044112,0.010085,0.018288,0.025772,0.16057,6.7758e-16,0.23077,0.2069,0.092593,0.2627,0.11535,0.37499,0.29411,0.12499,0.55477,0.77604,0.55084,0.81086,0.071569,0.10606,0.43708,0.12116,1,1
0.042443,0.089921,0.019707,0.037738,0.068154,0.040099,0.077131,0.012899,0.036206,0.068986,0.83649,0.20781,0.78846,0.7069,0.83333,0.81264,0.31645,0.74999,0.76473,0.74999,0.71198,0.68846,0.72064,0.59054,0.14492,0.095086,0.37867,0.16888,1,1
0.5109,0.52299,0.30087,0.53338,0.65598,0.52025,0.39897,0.4114,0.52026,0.67495,0.30107,1.8101e-16,0.36538,0.32759,0.22222,0.43088,0.37308,0.40626,0.41178,0.375,0.36612,0.71064,0.1382,0.40443,0.54315,0.0043136,0.40632,0.21673,1,1
0.1742,0.088235,0.16149,0.17028,0.19519,0.15946,0.10447,0.12944,0.14585,0.20263,0.31312,0.37126,0.35577,0.41379,0.31481,0.38624,0.53347,0.31251,0.41178,0.40623,0.25863,0.7694,0.22803,0.64084,0.18436,0.0045011,0.42123,0.075683,1,1
0.32849,0.19235,0.27896,0.33801,0.35717,0.29709,0.17559,0.23453,0.27421,0.35659,0.73864,0.30439,0.69231,0.62069,0.7963,0.55548,0.33203,0.625,0.58825,0.49998,0.785,0.82594,0.99309,0.38733,0.73701,0.011815,0.3893,0.29455,1,1
0.083137,0.16987,0.035577,0.060345,0.12722,0.071381,0.13206,0.030383,0.048413,0.10122,0.81022,0.20224,0.88462,0.7931,0.72222,0.7421,0.27956,0.74999,0.76473,0.625,0.55072,0.7827,0.49754,0.40945,0.59709,0.042198,0.444,0.2392,1,1
0.083357,0.16678,0.030582,0.06906,0.14269,0.066809,0.11593,0.02547,0.055424,0.10065,0.88691,0.47517,0.82692,0.94828,0.88889,0.76218,0.41408,0.8125,0.76473,0.68748,0.65416,0.4623,0.7147,0.32294,0.25991,0.018755,0.38815,0.10792,1,1
0.091423,0.14583,0.068818,0.081172,0.1332,0.084584,0.12349,0.046674,0.072088,0.1327,0.060215,3.402e-16,0.13462,0.12069,0,0.20169,0.23666,0.25,0.29411,0.12499,0.6633,0.78825,0.77296,0.38934,0.65069,0.043886,0.3827,0.27226,1,1
0.05009,0.11931,0.022037,0.034406,0.068001,0.040128,0.09323,0.016562,0.019319,0.056897,0.60334,0.16311,0.69231,0.62069,0.53704,0.61141,0.24252,0.625,0.52942,0.49998,0.73935,0.7694,0.80257,0.64788,0.18785,0.021287,0.39196,0.074646,1,1
0.043857,0.11392,0.025406,0.03138,0.047209,0.034451,0.068945,0.022125,0.026786,0.042003,0.72128,0.2984,0.82692,0.74138,0.66667,0.81967,0.35619,0.87501,0.76473,0.74999,0.7353,0.66297,0.81343,0.47283,0.31817,0.040979,0.38865,0.12772,1,1
0.011306,0.015139,0.011882,0.013651,0.025176,0.011013,0.018121,0.010169,0.013004,0.024387,0.53924,0.16539,0.63462,0.56897,0.48148,0.42198,0.27444,0.37499,0.41178,0.375,0.72414,0.70177,0.74038,0.4829,0.3477,0.12772,0.36367,0.13845,1,1
0.12268,0.27503,0.052852,0.11001,0.1308,0.089295,0.12736,0.038488,0.09569,0.12227,0.60082,0.15589,0.67308,0.60345,0.51852,0.51642,0.31795,0.50001,0.52942,0.375,0.55477,0.73503,0.77592,0.42656,0.54748,0.022506,0.39238,0.22058,1,1
0.030457,0.1694,0.0016366,0.0042168,0.044162,0.021214,0.11308,0.00082977,0.0040912,0.035909,0.11216,0.20587,0.13462,0.12069,0.2037,0.65734,0.69214,0.37499,0.70589,0.74999,0,1,0,0.80684,0.25572,0.2666,0.61164,0.12055,1,1
0.0079737,0.04323,0,0.010838,0.019075,0.0045445,0.023074,0,0.006917,0.0172,0.81683,0.25981,0.90385,0.81034,0.74074,0.67832,0.39646,0.625,0.64705,0.625,0.67545,0.68625,0.71176,0.58551,0.1564,0.14619,0.38922,0.065188,1,1
0.08358,0.15793,0.075068,0.072177,0.075277,0.079168,0.14174,0.057681,0.065604,0.080903,0.28648,0.24403,0.26443,0.37931,0.27778,0.24657,0.33028,0.37499,0.29411,0.12499,0.35902,0.69069,0.37316,0.56439,0.19183,0.012003,0.36699,0.076509,1,1
0.085539,0.32924,0.019595,0.02929,0.068048,0.080355,0.25728,0.015047,0.021943,0.071376,0.19592,0.061202,0.26923,0.24138,0.12963,0.24813,0.19771,0.25,0.29411,0.12499,0.79614,0.68846,0.86181,0.49195,0.32162,0.10081,0.38702,0.39097,1,1
0.072951,0.12185,0.052309,0.065491,0.084095,0.069611,0.10221,0.044293,0.059013,0.084513,0.53599,0.32543,0.55769,0.5,0.61111,0.51837,0.26687,0.625,0.52942,0.375,0.99898,0.8736,1,0.60363,0.40669,0.036572,0.34394,0.16552,1,1
0.16242,0.17448,0.1319,0.1447,0.21839,0.14345,0.15048,0.099667,0.12921,0.19411,0.67441,0.39263,0.61538,0.74138,0.66667,0.56853,0.36513,0.625,0.58825,0.49998,0.73733,0.77272,0.88649,0.49698,0.46341,0.013503,0.39077,0.1852,1,1
0.037869,0.069053,0.029442,0.0321,0.053669,0.033918,0.057629,0.023746,0.028422,0.050304,0.6973,0.071891,0.75,0.67241,0.59259,0.53525,0.29713,0.625,0.52942,0.49998,0.86715,0.74944,0.95361,0.43058,0.51983,0.07802,0.38377,0.20978,1,1
0.012147,0.027086,0.011418,0.012448,0.023526,0.011576,0.027046,0.0098509,0.011712,0.021569,0.12125,0.15991,0.23077,0.2069,0.092593,0.23571,0.18121,0.25,0.29411,0.12499,0.7718,0.8082,0.73644,0.55734,0.38424,0.1431,0.46529,0.15286,1,1
0.0073098,0.010894,0.011093,0.012448,0.017414,0.007655,0.015306,0.0094076,0.011434,0.016949,0.50413,0.29206,0.53846,0.48276,0.59259,0.51642,0.39155,0.4375,0.52942,0.49998,0.7353,0.79268,0.76209,0.60865,0.27615,0.128,0.37817,0.11223,1,1
0.19975,0.30898,0.10892,0.20435,0.23726,0.15946,0.18214,0.083885,0.17159,0.22337,0.59927,0.3558,0.5,0.68966,0.61111,0.47736,0.33967,0.50001,0.52942,0.375,0.57707,0.82262,0.66635,0.41147,0.66173,0.016879,0.3785,0.2628,1,1
0.045328,0.057489,0.036407,0.047666,0.056357,0.042228,0.052734,0.029113,0.042311,0.056096,0.63855,0.3411,0.63462,0.56897,0.68519,0.54907,0.30652,0.50001,0.52942,0.49998,0.81237,0.796,0.93387,0.39839,0.65071,0.086272,0.38465,0.26552,1,1
0.027612,0.14983,0.0073282,0.013154,0.023192,0.025811,0.11992,0.0063413,0.011815,0.022364,0.7659,0.19841,0.67308,0.7931,0.72222,0.57142,0.28938,0.625,0.52942,0.49998,0.85802,0.70288,0.8776,0.50302,0.31618,0.53395,0.37269,0.68685,1,1
0.017301,0.054364,0.007574,0.01287,0.025318,0.014551,0.044171,0.0067104,0.011429,0.01872,0.50179,6.8217e-16,0.55769,0.5,0.40741,0.529,0.15451,0.625,0.52942,0.375,0.20386,0.69622,0.19842,0.81086,0.19425,0.066017,0.23546,0.077266,1,1
0.052751,0.17683,0.011618,0.021368,0.081768,0.049049,0.14116,0.010205,0.015838,0.082341,0.45002,0.13467,0.51923,0.46552,0.37037,0.49795,0.26014,0.50001,0.52942,0.375,0.68764,0.90576,0.76209,0.58954,0.48796,0.072206,0.38187,0.19473,1,1
0.032593,0.075732,0.015568,0.031223,0.046409,0.03016,0.068023,0.011515,0.024428,0.047387,0.86008,0.29518,0.82692,0.74138,0.87037,0.83541,0.31008,0.87501,0.82353,0.74999,0.73123,0.78714,0.70287,0.74748,0.03068,0.035915,0.40919,0.0827,1,1
0.2156,0.092417,0.20013,0.22159,0.23854,0.18182,0.074836,0.16167,0.17382,0.21342,0.17262,0.20251,0.23077,0.25862,0.14815,0.12585,0.3616,0.09375,0.17647,0.12499,0.74644,0.64856,0.78776,0.54628,0.16678,0.0017817,0.38996,0.066173,1,1
0.0051789,0.01836,0.0073282,0.0084864,0.0093039,0.0055242,0.020719,0.0064963,0.0078152,0.0097483,0.718,0.16789,0.80769,0.72414,0.64815,0.67265,0.27013,0.625,0.64705,0.625,0.88033,0.87694,0.86478,0.63682,0.35476,0.21915,0.10827,0.14408,1,1
0.0038026,0.013391,0.0069331,0.007327,0.011565,0.0043645,0.016913,0.0056417,0.0059708,0.011362,0.52416,0.23714,0.46154,0.60345,0.51852,0.48279,0.31919,0.50001,0.52942,0.375,0.83368,0.67406,0.87168,0.43058,0.39648,0.26744,0.37669,0.16061,1,1
0.074212,0.13967,0.034245,0.067289,0.07564,0.064294,0.10592,0.029783,0.059561,0.073256,0.67028,0.19843,0.65385,0.58621,0.7037,0.67609,0.2368,0.625,0.64705,0.625,0.84482,0.87028,0.86673,0.44567,0.67023,0.0512,0.34652,0.26747,1,1
0.064995,0.24718,0.0071122,0.021368,0.084345,0.054464,0.17337,0.0060567,0.017138,0.069168,0.76096,0.18818,0.65385,0.77586,0.7037,0.66351,0.1805,0.71875,0.64705,0.49998,0.84686,0.68625,0.79863,0.83099,0.24558,0.26547,0.37213,0.4229,1,1
0.035708,0.10966,0.024874,0.029666,0.033114,0.03407,0.09123,0.021032,0.026905,0.033232,0.73061,0.28151,0.78846,0.7069,0.62963,0.70343,0.32886,0.74999,0.64705,0.625,0.81339,0.8481,0.80454,0.49597,0.54949,0.092086,0.20133,0.22298,1,1
0.018227,0.029819,0.018886,0.021368,0.025222,0.017498,0.030098,0.015622,0.020039,0.024562,0.4765,0.31586,0.44231,0.58621,0.5,0.49849,0.37266,0.50001,0.52942,0.375,0.7647,0.75166,0.83811,0.45171,0.48479,0.13119,0.38218,0.19723,1,1
0.053237,0.10144,0.024712,0.066819,0.080545,0.049269,0.086186,0.019466,0.049411,0.079278,0.75603,0.26056,0.69231,0.81034,0.74074,0.72042,0.28659,0.74999,0.70589,0.625,0.84381,0.65409,0.87168,0.42153,0.37989,0.047074,0.37294,0.15199,1,1
0.10231,0.13596,0.065995,0.10206,0.13461,0.09452,0.11561,0.053412,0.08547,0.13155,0.73742,0.43626,0.69231,0.77586,0.74536,0.98965,0.65751,0.90625,1,1,0.23732,0.88247,0.54492,0.66298,0.44938,0.028507,0.39585,0.20144,1,1
0.050248,0.075997,0.018031,0.065278,0.075277,0.047008,0.066001,0.014508,0.065433,0.073212,0.71941,0.25725,0.80769,0.72414,0.64815,0.6384,0.31813,0.65624,0.64705,0.49998,0.84686,0.86252,0.84995,0.70322,0.22092,0.028695,0.36573,0.088702,1,1
0.0036587,0.034573,0.0033449,0.0043963,0.0058593,0.0043785,0.032898,0.0027908,0.0039648,0.0069373,0.92292,0.36,0.92308,0.82759,0.96296,0.81943,0.31601,0.87501,0.76473,0.74999,0.80832,0.65521,0.83121,0.50906,0.23368,0.18248,0.38045,0.093457,1,1
0.20801,0.15591,0.17748,0.2086,0.23186,0.19606,0.131,0.14499,0.19957,0.23621,0.40477,0.27675,0.32692,0.51724,0.42593,0.45569,0.2731,0.50001,0.52942,0.375,0.80326,0.8725,0.88451,0.53521,0.53014,0.014629,0.38231,0.21546,1,1
0.029775,0.057552,0.025203,0.027171,0.044718,0.025201,0.035085,0.018546,0.020936,0.044715,0.44623,0.43617,0.34615,0.5,0.62963,0.45412,0.35911,0.37499,0.41178,0.375,0.62273,0.86695,0.77098,0.58149,0.46354,0.083458,0.39053,0.18502,1,1
0.038869,0.088313,0.026948,0.029666,0.048439,0.036228,0.076713,0.022428,0.02693,0.046335,0.6953,0.19902,0.76923,0.68966,0.61111,0.70273,0.25815,0.74999,0.64705,0.625,0.85194,0.83813,0.97237,0.59155,0.39808,0.055514,0.39056,0.16331,1,1
0.0066736,0.02675,0.0067168,0.0051739,0.019075,0.0048803,0.01805,0.0057111,0.0045134,0.018389,0.16195,0.21009,0.11538,0.2931,0.18519,0.2327,0.13695,0.25,0.29411,0.12499,0.81847,0.86695,0.75716,0.76961,0.12175,0.08027,0.4083,0.049731,1,1
0.024495,0.039512,0.024283,0.027399,0.032006,0.02271,0.038604,0.019893,0.024292,0.030535,0.46165,0,0.51923,0.46552,0.37037,0.48885,0.19755,0.50001,0.52942,0.375,0.7921,0.74057,0.78776,0.65794,0.10956,0.021755,0.36963,0.043445,1,1
0.055877,0.12203,0.025792,0.052098,0.065404,0.051465,0.10245,0.022574,0.04513,0.064752,0.75636,0.23504,0.75962,0.77586,0.7037,0.69652,0.2773,0.625,0.64705,0.625,0.68967,0.76052,0.91709,0.28974,0.80411,0.090866,0.38914,0.32748,1,1
0.20735,0.17904,0.19476,0.21643,0.23857,0.21147,0.10124,0.17279,0.19907,0.2444,0.72927,0.51638,0.79328,0.81034,0.74074,0.78838,0.82557,0.8125,0.76473,0.87498,0.8286,0.57205,0.77296,0.7998,0.36868,0.0087209,0.36757,0.14686,1,1
0.030392,0.108,0.01193,0.021114,0.035793,0.027837,0.087308,0.01048,0.018627,0.032953,0.42916,0.18139,0.44231,0.39655,0.2963,0.37972,0.2243,0.37499,0.41178,0.25001,0.65923,0.67848,0.61303,0.86217,0.31041,0.40941,0.36836,0.6048,1,1
0.26903,0.09532,0.2643,0.27597,0.2925,0.24591,0.086551,0.21608,0.25257,0.28788,0.61419,0.39903,0.59615,0.63793,0.66667,0.64664,0.34093,0.625,0.64705,0.625,0.56491,0.85476,0.63377,0.54024,0.49139,0.0090023,0.37975,0.19689,1,1
0.11407,0.21562,0.052196,0.10749,0.18155,0.097115,0.1537,0.041774,0.096747,0.16441,0.22079,0,0.28846,0.25862,0.14815,0.33937,0.21303,0.37499,0.29411,0.25001,0.28094,0.77826,0.75518,0.44366,0.72297,0.040885,0.39564,0.28926,1,1
0.013671,0.024636,0.014782,0.018671,0.024503,0.013324,0.026031,0.012365,0.016561,0.023178,0.83154,0.35285,0.69231,0.81034,0.74074,0.74335,0.23632,0.74999,0.76473,0.625,0.66126,0.78935,0.68806,0.66499,0.17674,0.062266,0.38494,0.071373,1,1
0.068731,0.24083,0.011164,0.027171,0.094284,0.052925,0.15807,0.0064533,0.02269,0.068616,1,0.3251,1,0.89655,0.94444,0.99352,0.38103,1,1,0.87498,0.54057,0.69845,0.67918,0.39939,0.50641,0.057577,0.3888,0.20466,1,1
0.043191,0.080764,0.034094,0.041396,0.044268,0.039278,0.073185,0.022326,0.03712,0.042312,0.78782,0.37153,0.88462,0.7931,0.72222,0.82889,0.43712,0.87501,0.88236,0.74999,0.69473,0.74167,0.83022,0.66398,0.17983,0.024381,0.39684,0.076996,0,1
0.035987,0.12216,0.011685,0.024919,0.053622,0.034,0.10066,0.011523,0.02183,0.051881,0.4067,0.26631,0.46154,0.41379,0.33333,0.43249,0.34245,0.37499,0.41178,0.375,0.69776,0.8592,0.75815,0.75251,0.1508,0.34977,0.39321,0.40823,1,1
0.0081918,0.013339,0.010485,0.016249,0.017428,0.0045801,0.017298,0.005567,0.0094361,0.013744,0.81791,1,0.60577,1,0.94444,0.70523,0.97071,0.56249,0.88236,0.74999,0.69168,0.21952,0.66831,0.26257,0.0013714,0.0031883,0.39559,0.0017134,1,1
0.025759,0.047525,0.014782,0.025197,0.046274,0.022793,0.041387,0.012136,0.020872,0.039591,0.66236,3.4155e-16,0.71154,0.63793,0.55556,0.60032,0.19358,0.625,0.52942,0.49998,0.76066,0.72394,0.77098,0.59356,0.19436,0.043886,0.37514,0.077177,1,1
0.015944,0.01877,0.017339,0.021368,0.025176,0.015466,0.021913,0.015123,0.019475,0.024519,0.47369,0.26115,0.40385,0.55172,0.46296,0.44577,0.35173,0.37499,0.41178,0.375,0.83266,0.85809,0.85589,0.72335,0.18363,0.05195,0.38476,0.073694,1,1
0.0031802,0.011203,0.0069331,0.011394,0.010438,0.0032113,0.014749,0.0055314,0.0094641,0.0098133,0.63293,0.18022,0.71154,0.63793,0.55556,0.63793,0.3709,0.625,0.64705,0.625,0.55375,0.74167,0.5321,0.66801,0.094059,0.20536,0.4297,0.042503,1,1
0.059618,0.10749,0.049421,0.052399,0.059719,0.055549,0.094282,0.040449,0.04456,0.060203,0.84375,0.2819,0.82692,0.74138,0.87037,0.80768,0.32161,0.87501,0.76473,0.74999,0.85497,0.79822,0.93682,0.57746,0.34964,0.034696,0.38842,0.14463,1,1
0.042659,0.15389,0.025406,0.02929,0.046671,0.031989,0.066523,0.020957,0.023961,0.046157,0.30681,0.32275,0.17308,0.36207,0.25926,0.36812,0.30963,0.37499,0.35295,0.375,0.80224,0.75499,0.88253,0.39939,0.57867,0.080364,0.38055,0.2317,1,1
0.072101,0.14777,0.033844,0.054234,0.094336,0.068101,0.12418,0.025411,0.045339,0.093119,0.66867,0.38086,0.53846,0.63793,0.77778,0.66523,0.36808,0.625,0.64705,0.625,0.78093,0.81818,0.88649,0.42958,0.62872,0.049231,0.38313,0.25451,1,1
0.028694,0.065062,0.015904,0.02929,0.04991,0.026245,0.054364,0.013869,0.024456,0.046143,0.19879,0.20174,0.13462,0.31034,0.2037,0.24329,0.22583,0.25,0.29411,0.12499,0.70994,0.85809,0.79368,0.34004,0.83567,0.17151,0.37251,0.33996,1,1
0.043705,0.049476,0.027368,0.048974,0.066274,0.041111,0.045649,0.023163,0.045241,0.064671,0.75137,0.33186,0.84615,0.75862,0.68519,0.68964,0.43695,0.74999,0.64705,0.625,0.76168,0.65853,0.77691,0.50805,0.23904,0.029539,0.3745,0.095137,1,1
0.12249,0.24948,0.037583,0.077171,0.19817,0.10718,0.19488,0.029761,0.07193,0.19221,0.94176,0.41407,0.86538,0.96552,0.90741,0.87576,0.51314,0.87501,0.88236,0.87498,0.57608,0.76164,0.57651,0.39939,0.58026,0.03132,0.24268,0.23462,1,1
0.093258,0.18904,0.031123,0.083352,0.14219,0.089379,0.14755,0.034445,0.075503,0.13729,0.63828,0.20755,0.67789,0.65517,0.57407,0.63621,0.23369,0.625,0.52942,0.53126,0.79108,0.86584,0.8697,0.55131,0.49268,0.035259,0.38301,0.19569,1,1
0.14665,0.19687,0.087829,0.15052,0.18805,0.12256,0.12517,0.070175,0.13531,0.17007,0.43255,0.25549,0.45192,0.5,0.40741,0.49689,0.27403,0.56249,0.52942,0.375,0.78905,0.8991,0.80355,0.49296,0.6339,0.025319,0.33526,0.25398,1,1
0.053226,0.20515,0.020308,0.027184,0.046671,0.049648,0.16119,0.016305,0.024687,0.047693,0.62323,0.22376,0.61538,0.55172,0.68519,0.51052,0.29555,0.50001,0.52942,0.375,0.69168,0.91906,0.73545,0.97182,0.13698,0.27888,0.40653,0.81669,1,1
0.027599,0.052921,0.024874,0.02929,0.033114,0.026205,0.047943,0.020697,0.026295,0.032636,0.73045,0.27609,0.73077,0.65517,0.77778,0.74351,0.30808,0.74999,0.76473,0.625,0.85802,0.91352,0.92202,0.96881,0.15195,0.22487,0.40448,0.4378,1,1
0.017381,0.04488,0.011418,0.019753,0.025531,0.015194,0.036977,0.0094265,0.01607,0.025542,0.31755,0.22002,0.25,0.41379,0.31481,0.37222,0.23076,0.37499,0.41178,0.25001,0.76572,0.77494,0.77691,0.61067,0.24363,0.084865,0.37039,0.09712,1,1
0.051306,0.069392,0.033844,0.059908,0.067691,0.044931,0.048627,0.026861,0.053293,0.065139,0.56457,0.27625,0.48077,0.63793,0.55556,0.49537,0.23437,0.50001,0.52942,0.375,0.86916,0.8082,0.95756,0.44164,0.59058,0.069674,0.38196,0.23827,1,1
0.18992,0.094427,0.18203,0.18149,0.19517,0.1787,0.083971,0.15958,0.17168,0.1931,0.54863,0.30189,0.65385,0.58621,0.5,0.54247,0.31008,0.50001,0.52942,0.49998,0.83063,0.70398,0.9161,0.52012,0.3052,0.0074081,0.39017,0.12256,1,1
0.4969,0.31608,0.42724,0.56499,0.55755,0.47107,0.2622,0.36377,0.52591,0.56826,0.67993,0.53307,0.52885,0.58621,0.77778,0.55876,0.56327,0.4375,0.47058,0.625,0.78093,0.44235,0.74532,0.96881,0.85357,0.0089085,0.25476,0.34142,1,1
0.68594,0.34863,0.61831,0.67904,0.75155,0.55151,0.20889,0.47929,0.55369,0.62859,0.54694,0.48362,0.41346,0.60345,0.62963,0.64012,0.34898,0.625,0.64705,0.56249,0.70791,0.51884,0.79962,0.31287,0.3694,0.00037509,0.38847,0.15659,1,1
0.029702,0.053635,0.023191,0.033731,0.04004,0.027155,0.04893,0.017861,0.030365,0.043179,0.56201,0,0.61538,0.55172,0.46296,0.61192,0.2539,0.625,0.52942,0.49998,0.78602,0.8991,0.75421,0.7998,0.11319,0.024381,0.42554,0.044934,1,1
0.12622,0.2807,0.031979,0.14104,0.15389,0.085456,0.12664,0.020382,0.10708,0.14638,0.41238,0.23947,0.38462,0.34483,0.44444,0.49514,0.18698,0.50001,0.52942,0.375,0.83368,0.82262,0.86181,0.54326,0.43248,0.015941,0.36937,0.17549,1,1
0.078752,0.16094,0.034304,0.065951,0.088421,0.067655,0.12257,0.028176,0.058326,0.082576,0.70007,0.24741,0.65385,0.58621,0.7037,0.68843,0.33076,0.625,0.64705,0.625,0.78297,0.81486,0.74827,0.41248,0.64018,0.049325,0.51406,0.25562,1,1
0.040586,0.10701,0.025406,0.029666,0.054288,0.036816,0.08802,0.019499,0.027003,0.052051,0.73764,0.19157,0.63462,0.75862,0.68519,0.65492,0.30843,0.625,0.64705,0.625,0.84281,0.70509,0.83712,0.42052,0.45738,0.065735,0.2847,0.18215,1,1
0.001333,0.012884,0.0050718,0.0043963,0.0089992,0.00037814,0.011205,0.0038025,0.0040066,0.0057219,0.6285,0.22334,0.57692,0.61207,0.62963,0.64012,0.16012,0.74999,0.64705,0.49998,0.46552,0.93902,0.46496,0.87525,0.046223,0.046043,0.37619,0.018387,1,1
0.1298,0.29413,0.025792,0.099976,0.18818,0.11576,0.23195,0.02116,0.091297,0.17677,0.34735,0.37398,0.32692,0.32759,0.44444,0.41589,0.56054,0.25,0.41178,0.49998,0.50405,0.70398,0.58243,0.87223,0.30002,0.060015,0.40984,0.39664,1,1
0.012492,0.035739,0.011418,0.012697,0.017711,0.012399,0.034649,0.010014,0.011731,0.017559,0.91767,0.29424,0.88462,0.7931,0.92593,0.88271,0.37011,0.87501,0.88236,0.87498,0.78905,0.81041,0.75322,0.5332,0.42859,0.15435,0.47269,0.174,1,1
0.050299,0.10926,0.024874,0.043588,0.066274,0.04707,0.09097,0.021101,0.035359,0.066607,0.72887,0.23031,0.82692,0.74138,0.66667,0.6377,0.27558,0.625,0.64705,0.49998,0.77081,0.74833,0.92301,0.22937,0.8659,0.11909,0.38324,0.34589,1,1
0.043814,0.055277,0.026562,0.056472,0.065018,0.040354,0.050114,0.02185,0.055507,0.063906,0.82294,0,0.86538,0.77586,0.7037,0.86794,0.22236,0.87501,0.88236,0.74999,0.71704,0.82372,0.73939,0.66801,0.22306,0.02832,0.37982,0.08858,1,1
0.033683,0.062569,0.018147,0.037712,0.048883,0.028776,0.054438,0.011199,0.031667,0.04156,0.14217,0.11983,0.23077,0.2069,0.092593,0.217,0.25086,0.25,0.29411,0.12499,0.68865,0.7694,0.66041,0.69617,0.089355,0.014441,0.42201,0.035474,1,1
0.17378,0.27946,0.067653,0.14797,0.26537,0.15193,0.22086,0.055689,0.12161,0.22526,0.29229,0.31269,0.28846,0.25862,0.14815,0.20072,0.36337,0.125,0.23531,0.12499,0.71198,0.48004,0.64858,0.87827,0.64354,0.020068,0.35689,0.26225,1,1
0.51708,1,0.28992,0.29733,0.77624,0.59799,1,0.23965,0.59995,0.96199,0.080286,0.30189,0.076923,0.2069,0.092593,0.15189,0.39221,0.125,0.23531,0.12499,0.79513,0.78935,0.83415,0.65493,0.19738,0,0.38799,0.07832,1,1
0.038864,0.08021,0.023028,0.025538,0.056413,0.036959,0.069631,0.020765,0.023451,0.055286,0.56067,0.22047,0.63462,0.56897,0.48148,0.56853,0.35232,0.625,0.52942,0.49998,0.23531,0.61973,0.11846,0.47384,0.26225,0.039385,0.40596,0.10806,1,1
0.05565,0.21188,0.024874,0.031696,0.053561,0.046199,0.15391,0.020499,0.02966,0.052513,0.61787,0.20352,0.53846,0.67241,0.59259,0.43182,0.30562,0.37499,0.41178,0.375,0.75659,0.84921,0.81836,0.39738,0.72293,0.088522,0.36987,0.28849,1,1
0.062922,0.17863,0.018546,0.03642,0.07763,0.057126,0.14121,0.014783,0.033152,0.074549,0.72115,0.19593,0.80769,0.72414,0.64815,0.65562,0.29445,0.625,0.64705,0.625,0.55172,0.68625,0.62587,0.7998,0.20907,0.18248,0.40668,0.50765,1,1
0.071538,0.12204,0.043119,0.054771,0.114,0.065077,0.10453,0.036755,0.049743,0.093512,0.55728,0.27528,0.48077,0.62069,0.53704,0.5961,0.3211,0.625,0.52942,0.49998,0.69677,0.72838,0.9546,0.45272,0.51976,0.044449,0.39402,0.2138,1,1
0.02415,0.065495,0.0073282,0.021368,0.049797,0.022636,0.056785,0.0060956,0.017027,0.047755,0.3396,0.19995,0.32692,0.2931,0.38889,0.48111,0.21911,0.50001,0.41178,0.375,0.70689,0.89134,0.67326,0.52213,0.57194,0.32924,0.49662,0.28408,1,1
0.0345,0.060107,0.025176,0.0321,0.048381,0.031121,0.051042,0.020858,0.029426,0.046629,0.83522,0.26884,0.78846,0.7069,0.83333,0.75429,0.34759,0.74999,0.76473,0.625,0.72414,0.67959,0.84995,0.31991,0.60627,0.10634,0.38587,0.24427,1,1
0.39517,0.12969,0.38125,0.40763,0.41462,0.38709,0.074153,0.36317,0.38981,0.41745,0.20473,0.26869,0.17308,0.15517,0.27778,0.073777,0.31622,0.09375,0.058825,0.031237,0.49087,0.62416,0.40673,0.82696,0.3412,0.0024381,0.38481,0.13534,1,1
0.06942,0.15288,0.039964,0.048218,0.072967,0.055487,0.1086,0.031829,0.043638,0.053933,0.49286,0.17757,0.59615,0.53448,0.44444,0.37613,0.24816,0.37499,0.41178,0.25001,0.27282,0.83813,0.37316,0.95573,0.24509,0.020255,0.40626,0.097822,1,1
0.095644,0.28126,0.018031,0.053135,0.1372,0.082794,0.21747,0.014932,0.04603,0.12898,0.60141,0.33986,0.73077,0.65517,0.57407,0.46533,0.4089,0.37499,0.52942,0.46874,0.81542,0.85033,0.92301,0.52616,0.51779,0.043136,0.38637,0.20849,1,1
0.19721,0.31151,0.10848,0.16813,0.28476,0.18085,0.25928,0.090873,0.12768,0.29199,0.49407,0.34155,0.56731,0.56897,0.48148,0.5024,0.41423,0.56249,0.52942,0.49998,0.52839,0.75609,0.5321,0.45674,0.47447,0.014066,0.28901,0.18986,1,1
0.15884,0.2911,0.061789,0.1454,0.28177,0.13481,0.21732,0.048442,0.1104,0.27393,0.84935,0.37654,0.96154,0.86207,0.7963,0.82342,0.49147,0.87501,0.76473,0.74999,0.54159,0.62416,0.72163,0.33099,0.52241,0.022506,0.39103,0.22143,1,1
0.055227,0.13821,0.025274,0.0321,0.079065,0.050386,0.1118,0.02116,0.028553,0.072104,0.080286,6.7774e-16,0.15385,0.13793,0.018519,0.23114,0.17025,0.25,0.29411,0.12499,0.71501,0.80154,0.73939,0.42153,0.6054,0.073331,0.35034,0.24691,1,1
0.040138,0.12103,0.019449,0.025427,0.062219,0.035609,0.093268,0.015609,0.021932,0.061115,0.62222,0,0.67308,0.60345,0.51852,0.57411,0.22806,0.625,0.52942,0.49998,0.83063,0.54213,0.84205,0.55432,0.019488,0.28545,0.4001,0.4825,0,1
0.037857,0.11752,0.010391,0.024759,0.061506,0.034654,0.094576,0.0077299,0.022123,0.059349,0.54486,0.21784,0.53846,0.48276,0.59259,0.57849,0.25932,0.625,0.52942,0.49998,0.73022,0.61973,0.78974,0.58753,0.082717,0.62809,0.39692,0.91486,0,1
0.049495,0.13173,0.026877,0.0321,0.064948,0.043354,0.10464,0.021896,0.029131,0.06076,0.63092,0.17857,0.73077,0.65517,0.57407,0.48607,0.34688,0.37499,0.41178,0.49998,0.62476,0.77383,0.63278,0.52012,0.39458,0.046043,0.33785,0.15681,1,1
0.051765,0.08708,0.026448,0.055415,0.073046,0.044593,0.07341,0.020284,0.03714,0.069927,0.63783,0.19568,0.71154,0.63793,0.55556,0.61481,0.28888,0.625,0.64705,0.49998,0.68357,0.65632,0.65647,0.77867,0.20146,0.021287,0.34715,0.081513,1,1
0.013147,0.030328,0.0099212,0.015816,0.023233,0.011786,0.027805,0.0081076,0.013684,0.01767,0.62222,0.32534,0.57692,0.7069,0.62963,0.56005,0.40382,0.50001,0.52942,0.49998,0.7921,0,0.62389,0,0.17211,0.077832,0.40121,0.074081,0,1
0.020275,0.058433,0.016693,0.01969,0.025531,0.016208,0.030059,0.013652,0.017318,0.025644,0.86009,0.25726,0.94231,0.84483,0.77778,0.80287,0.41298,0.74999,0.76473,0.74999,0.74341,0.64966,0.8776,0.47183,0.32306,0.087303,0.393,0.13181,1,1
0.097461,0.12711,0.067752,0.08862,0.12497,0.094598,0.10864,0.061248,0.083708,0.13411,0.1791,0.22349,0.17308,0.15517,0.24074,0.28207,2.4036e-16,0.37499,0.29411,0.12499,0.3428,0.796,0.36427,0.63179,0.24013,0.012753,0.36973,0.096765,1,1
0.32452,0.12685,0.31026,0.33342,0.34949,0.3092,0.12984,0.26989,0.32681,0.35572,0.26763,0.21435,0.19231,0.36207,0.25926,0.28207,0,0.37499,0.29411,0.12499,0.85599,0.81373,0.82034,0.45674,0.56332,0.0075019,0.50649,0.22373,1,1
0.059408,0.09454,0.032342,0.05891,0.0834,0.057898,0.082125,0.026542,0.055377,0.081574,0.56104,0.12486,0.63462,0.56897,0.48148,0.54868,0.13801,0.625,0.52942,0.375,1,0.82372,0.99309,0.63279,0.28005,0.026257,0.34135,0.11281,1,1
0.22113,0.54655,0.064788,0.13479,0.34135,0.14888,0.30763,0.049808,0.096294,0.20635,0.69849,0.37051,0.82692,0.74138,0.66667,0.52947,0.30522,0.50001,0.52942,0.375,0.75051,0.7439,0.98322,0.41147,0.59043,0.011253,0.39234,0.2498,1,1
0.056593,0.098059,0.029862,0.055969,0.066227,0.050409,0.081445,0.024673,0.048391,0.06456,0.83748,0.18663,0.90385,0.81034,0.74074,0.63688,0.26637,0.74999,0.64705,0.49998,0.75761,0.68514,0.92892,0.37324,0.54201,0.055795,0.39053,0.22027,1,1
0.013116,0.030157,0.011803,0.013188,0.017711,0.012956,0.030477,0.010479,0.012236,0.018111,0.18599,0.10442,0.26923,0.24138,0.12963,0.24954,0.14996,0.25,0.29411,0.12499,0.78803,0.8592,0.73939,0.62274,0.35279,0.11628,0.43522,0.14067,1,1
0.0079477,0.028731,0.0081709,0.0092093,0.011942,0.006845,0.01934,0.0071502,0.0082274,0.011432,0.59831,0.1306,0.63462,0.56897,0.48148,0.62481,0.26204,0.625,0.52942,0.49998,0.70183,0.83147,0.75914,0.61469,0.33054,0.15229,0.38466,0.1333,1,1
0.26368,0.46985,0.095695,0.26379,0.40654,0.22165,0.35638,0.073798,0.22208,0.36111,0.6531,0.30134,0.61538,0.55172,0.68519,0.57251,0.28087,0.625,0.52942,0.49998,0.59027,0.73281,0.692,0.34909,0.63198,0.013128,0.38173,0.25321,1,1
0.11612,0.27313,0.061488,0.082581,0.12117,0.10789,0.2323,0.05184,0.073537,0.13187,0.57492,0.20521,0.65385,0.58621,0.5,0.55177,0.31057,0.625,0.52942,0.375,0.80224,0.81707,0.87463,0.45272,0.58236,0.036197,0.37873,0.23249,1,1
0.012639,0.059054,0.0029798,0.011394,0.023192,0.012191,0.051871,0.0027031,0.0088485,0.020283,0.82111,0.23293,0.73077,0.84483,0.77778,0.63492,0.26347,0.625,0.64705,0.49998,0.87323,0.49223,0.95163,0.41549,0.16889,1,0.39438,0.53996,1,1
0.018038,0.031019,0.015113,0.02321,0.02675,0.017194,0.030842,0.012577,0.0184,0.027029,0.46165,0,0.51923,0.46552,0.37037,0.48666,0.13976,0.50001,0.52942,0.375,0.24442,0.68293,0.2241,0.78471,0.17123,0.045386,0.36702,0.067992,1,1
0.094817,0.12232,0.064732,0.080424,0.13709,0.083581,0.10487,0.050051,0.073049,0.12347,0.46566,0.28676,0.40385,0.55172,0.46296,0.49041,0.37534,0.50001,0.52942,0.375,0.67344,0.91131,0.75421,0.62474,0.439,0.025788,0.38465,0.17543,1,1
0.042687,0.14001,0.014752,0.02929,0.057634,0.039453,0.1115,0.012449,0.026379,0.055244,0.86157,0.31481,0.80769,0.81034,0.85185,0.79795,0.33951,0.74999,0.76473,0.74999,0.6927,0.86031,0.9388,0.29779,0.94365,0.50628,0.38818,1,1,1
0.069651,0.20983,0.03223,0.052098,0.05599,0.045696,0.082997,0.025575,0.039761,0.050435,0.41704,0.29897,0.32692,0.51724,0.42593,0.31102,0.36293,0.37499,0.29411,0.25001,0.81237,0.66851,0.847,0.50502,0.2628,0.021568,0.38306,0.10558,1,1
0.0087304,0.011541,0.011418,0.012448,0.017711,0.0088661,0.015522,0.010034,0.011163,0.017216,0.68243,1.3471e-15,0.73077,0.65517,0.57407,0.83264,0.2218,0.87501,0.76473,0.74999,0.81847,0.90243,0.82133,0.56941,0.50885,0.20846,0.32058,0.20327,1,1
0.01567,0.030519,0.015904,0.019523,0.025176,0.013715,0.023767,0.013616,0.017578,0.024336,0.31517,0.20121,0.36538,0.32759,0.22222,0.42057,0.21172,0.50001,0.41178,0.375,0.76572,0.74612,0.76902,0.56136,0.28201,0.077644,0.35265,0.11297,1,1
0.39903,0.43022,0.27381,0.38212,0.51688,0.28937,0.2361,0.21516,0.24598,0.38288,0.50982,0.38814,0.54328,0.58621,0.5,0.38624,0.3616,0.34375,0.41178,0.375,0.82048,0.72172,0.85391,0.52112,0.31639,0.0018755,0.37942,0.12582,1,1
0.084214,0.34493,0.015904,0.02929,0.12745,0.067054,0.19794,0.01178,0.02601,0.11467,0.60639,0.124,0.67308,0.60345,0.51852,0.43061,0.26225,0.37499,0.41178,0.375,0.73225,0.62195,0.68806,0.80483,0.2998,0.18276,0.36522,0.69542,1,1
0.077255,0.15544,0.033844,0.079819,0.10018,0.062082,0.10249,0.026912,0.059133,0.086976,0.76173,0.3507,0.80769,0.72414,0.64815,0.73124,0.35396,0.74999,0.76473,0.625,0.8215,0.7694,0.77296,0.5503,0.3374,0.027382,0.43481,0.13447,1,1
0.040099,0.06995,0.024376,0.037712,0.054016,0.037834,0.061328,0.020526,0.035322,0.053457,0.51825,0.32833,0.44231,0.62069,0.53704,0.50861,0.39544,0.50001,0.52942,0.375,0.6856,0.75831,0.84601,0.44164,0.53425,0.074925,0.38996,0.21717,1,1
0.03725,0.070765,0.016884,0.0321,0.066289,0.030797,0.05244,0.013189,0.029499,0.059387,0.79082,0.2419,0.71154,0.84483,0.77778,0.70523,0.25251,0.68751,0.64705,0.625,0.86207,0.60088,0.8549,0.48692,0.18435,0.034321,0.34732,0.073158,1,1
0.15024,0.088274,0.13578,0.15812,0.18124,0.13351,0.073979,0.11012,0.14366,0.16074,0.35556,0.24385,0.30769,0.46552,0.37037,0.43088,0.43318,0.37499,0.41178,0.49998,0.45031,0.84589,0.62092,0.63078,0.36575,0.014441,0.39342,0.16046,1,1
0.0057412,0.012501,0.0098941,0.0084864,0.011527,0.0061706,0.016802,0.0088007,0.0079957,0.011692,0.72526,0.28802,0.67308,0.7931,0.72222,0.64012,0.30902,0.625,0.64705,0.49998,0.92191,0.96119,0.86574,0.76357,0.27176,0.13728,0.424,0.10874,1,1
0.011012,0.046374,0.0083132,0.0085407,0.01724,0.011156,0.042485,0.0075313,0.0078668,0.017337,0.96683,0.31638,0.88462,0.98276,0.92593,0.8267,0.28635,0.87501,0.76473,0.74999,0.78905,0.69401,0.847,0.47283,0.35956,0.16654,0.38402,0.14386,1,1
0.40119,0.039485,0.41797,0.41007,0.39194,0.3651,0.044548,0.35099,0.3686,0.38574,0.36129,0.37434,0.25,0.37931,0.48148,0.45569,0.22645,0.50001,0.47058,0.375,0.79413,0.82594,0.81046,0.56539,0.39891,0.0033758,0.36099,0.16146,1,1
0.086059,0.1288,0.05832,0.074047,0.087556,0.073988,0.1041,0.043718,0.068376,0.082798,0.59714,0.43955,0.5,0.63793,0.65741,0.49689,0.51119,0.50001,0.41178,0.49998,0.66836,0.54989,0.5854,0.77465,0.36503,0.024287,0.38242,0.14566,1,1
0.03568,0.052043,0.026948,0.029666,0.057501,0.033798,0.046428,0.022476,0.028045,0.055106,0.58108,0.16256,0.65385,0.58621,0.5,0.66832,0.33079,0.74999,0.64705,0.625,0.82455,0.66961,0.75518,1,0.55873,0.086553,0.36453,0.22355,1,1
0.0063205,0.01516,0.0076511,0.012916,0.014375,0.0062297,0.018165,0.0062784,0.011511,0.012363,0.23484,0.19347,0.15385,0.32759,0.22222,0.27774,0.21213,0.25,0.29411,0.25001,0.79716,0.87805,0.74926,0.85212,0.019532,0.074831,0.39954,0.047562,0,1
0.025494,0.030141,0.025406,0.029666,0.025531,0.024,0.031188,0.02154,0.026905,0.029095,0.42995,0.09523,0.5,0.44828,0.35185,0.35062,0.21419,0.37499,0.29411,0.25001,0.72515,0.79268,0.73644,0.69919,0.12195,0.024475,0.38376,0.048355,1,1
0.094588,0.16671,0.034245,0.072806,0.1634,0.084886,0.1312,0.030075,0.065207,0.15606,0.7053,0.27749,0.75,0.67241,0.59259,0.56064,0.29389,0.625,0.52942,0.49998,0.76267,0.32816,0.56762,0.86922,0.87967,0.056827,0.38391,0.35138,1,1
0.048582,0.10923,0.023693,0.03319,0.05851,0.041869,0.082558,0.019725,0.030102,0.059377,0.90579,0.3392,1,0.89655,0.83333,0.85295,0.34035,0.87501,0.88236,0.74999,0.83266,0.53326,0.71077,0.81186,0.45937,0.058983,0.38533,0.18436,1,1
0.074168,0.15358,0.03842,0.067944,0.087524,0.069148,0.12725,0.032805,0.059439,0.085599,0.49701,0.25582,0.42308,0.58621,0.5,0.3689,0.22826,0.37499,0.41178,0.25001,0.77384,0.55876,0.82527,0.23341,0.55384,0.12847,0.37339,0.43165,1,1
0.13523,0.26025,0.074739,0.12986,0.13162,0.097414,0.10495,0.061332,0.096178,0.12777,0.57538,0.45093,0.53846,0.7069,0.62963,0.53162,0.58485,0.4375,0.58825,0.56249,0.64503,0.85255,0.65845,0.58954,0.39836,0.014441,0.35108,0.16119,1,1
0.18274,0.13292,0.162,0.19586,0.20265,0.167,0.11001,0.1384,0.1791,0.19587,0.2129,0.078445,0.28846,0.25862,0.14815,0.32394,0.28297,0.37499,0.29411,0.25001,0.21298,0.72948,0.86082,0.28169,0.99073,0.033758,0.39562,0.4017,1,1
0.012728,0.025503,0.014459,0.017585,0.017968,0.012,0.027118,0.010367,0.015437,0.017518,0.72953,0.23984,0.65385,0.77586,0.7037,0.78284,0.30067,0.87501,0.76473,0.74999,0.63387,0.84036,0.66041,0.74647,0.11881,0.042761,0.38932,0.047743,1,1
0.071457,0.16106,0.029018,0.052397,0.11635,0.05778,0.1082,0.023874,0.047401,0.081868,0.90497,0.41678,0.92308,0.82759,0.96296,0.80287,0.42638,0.87501,0.76473,0.74999,0.62881,0.64856,0.70683,0.45272,0.32874,0.026632,0.3879,0.13442,1,1
0.072699,0.13871,0.035782,0.047713,0.11027,0.061703,0.10416,0.025719,0.04408,0.10512,0.90778,0.38376,1,0.89655,0.83333,0.75554,0.39728,0.74999,0.76473,0.625,0.49189,0.68735,0.79467,0.66499,0.3125,0.025506,0.39892,0.13155,0,1
0.023492,0.083764,0.0098354,0.01802,0.030633,0.021528,0.071165,0.0087856,0.016582,0.025887,0.94394,0.30264,0.94712,0.86207,0.7963,1,0.39435,1,0.88236,1,0.66734,0.62527,0.63179,0.70221,0.12099,0.07877,0.38025,0.093145,1,1
0.12579,0.17179,0.074853,0.13324,0.17382,0.10638,0.12693,0.049225,0.11312,0.14623,0.69315,0.44761,0.73077,0.65517,0.77778,0.61192,0.41755,0.625,0.64705,0.59373,0.78602,0.79489,0.81046,0.54729,0.38269,0.017067,0.36955,0.15506,1,1
0.070556,0.19374,0.023191,0.05043,0.078619,0.06614,0.15593,0.017786,0.04762,0.078747,0.6465,0.33666,0.65385,0.60345,0.72222,0.54552,0.36053,0.625,0.52942,0.49998,0.76674,0.75831,0.78085,0.92353,0.2915,0.089085,0.4301,0.30122,1,1
0.03458,0.038849,0.026948,0.030774,0.052403,0.030857,0.036421,0.021463,0.028183,0.049164,0.40235,0.16895,0.48077,0.43103,0.33333,0.45963,0.27793,0.50001,0.47058,0.375,0.79513,0.85365,0.83514,0.72435,0.17973,0.026725,0.38921,0.071721,1,1
0.038819,0.12253,0.011296,0.024759,0.056816,0.03661,0.10107,0.0098749,0.019461,0.057508,0.60907,0.14357,0.67308,0.60345,0.51852,0.55146,0.35941,0.50001,0.52942,0.49998,0.6359,0.8082,0.56072,0.92556,0.22534,0.20293,0.38768,0.27294,1,1
0.093222,0.15086,0.046658,0.073629,0.15211,0.082771,0.12431,0.035568,0.057036,0.15319,0.76728,0.24948,0.86538,0.77586,0.7037,0.68449,0.29537,0.625,0.64705,0.625,0.83063,0.80376,0.95559,0.54628,0.4219,0.026069,0.39027,0.17016,1,1
0.091489,0.18596,0.054156,0.068365,0.12122,0.074354,0.11276,0.042984,0.059429,0.10912,0.35288,0.29821,0.23077,0.39655,0.2963,0.39968,0.30679,0.37499,0.41178,0.375,0.72212,0.75166,0.8628,0.39034,0.60186,0.042573,0.38731,0.24265,1,1
0.038822,0.10434,0.016213,0.029479,0.065255,0.035974,0.087556,0.014254,0.024915,0.062465,0.50128,0.2125,0.56251,0.55172,0.46296,0.47483,0.35026,0.50001,0.52942,0.375,0.80326,0.49445,0.74433,0.99699,0.82203,0.13625,0.3363,0.32806,1,1
0.062019,0.12338,0.033844,0.059714,0.080863,0.057432,0.10426,0.025079,0.047738,0.079881,0.12672,0.2154,0.096154,0.086207,0.16667,0.18298,0.19365,0.25,0.17647,0.12499,0.71602,0.84478,0.84898,0.23441,1,0.10559,0.37805,0.40113,1,1
0.081868,0.29958,0.018035,0.02321,0.069416,0.075428,0.23221,0.014018,0.021295,0.068602,0.81712,0.19068,0.86538,0.77586,0.7037,0.7123,0.27033,0.74999,0.64705,0.625,0.7353,0.70509,0.71569,0.92153,0.36842,0.25872,0.097438,0.5736,1,1
0.052682,0.25735,0.0043751,0.013651,0.039768,0.052396,0.21714,0.0028396,0.005648,0.039345,0.71421,0.37374,0.67308,0.7931,0.72222,0.60758,0.27734,0.625,0.64705,0.49998,0.66937,0.89134,0.63179,0.78874,0.12135,0.053826,0.41656,0.049492,1,1
0.089232,0.17509,0.015904,0.10442,0.14877,0.08019,0.14839,0.011998,0.085539,0.14586,0.88315,3.533e-16,0.92308,0.82759,0.75926,0.71171,0.2938,0.625,0.70589,0.625,0.81036,0.69069,0.83811,0.58149,0.16803,0.011534,0.38719,0.066915,1,1
0.4641,0.079301,0.47727,0.44793,0.46338,0.43482,0.089485,0.4066,0.43757,0.46892,0.29104,0.41509,0.25,0.41379,0.31481,0.18443,0.41601,0.125,0.17647,0.1875,0.68764,0.68846,0.6535,0.84708,0.2684,0.00037509,0.35481,0.10628,1,1
0.013955,0.045106,0.0053105,0.013651,0.025112,0.011005,0.033576,0.003936,0.011763,0.024011,0.68243,0.3722,0.75,0.67241,0.59259,0.57751,0.36421,0.625,0.64705,0.49998,0.83368,0.37251,0.77691,0.48792,0.14969,0.073706,0.38643,0.060853,1,1
0.064686,0.090205,0.044385,0.05974,0.085098,0.058574,0.076596,0.036186,0.054515,0.077166,0.61408,0.31928,0.73077,0.65517,0.57407,0.61286,0.4414,0.625,0.52942,0.625,0.91886,0.91574,0.99507,0.57645,0.52641,0.049231,0.38207,0.21645,1,1
0.080771,0.1666,0.025406,0.068365,0.14453,0.073189,0.13349,0.02055,0.056837,0.13532,0.37589,0.076323,0.44231,0.39655,0.2963,0.44307,0.20646,0.50001,0.41178,0.375,0.70994,0.48336,0.73248,0.87625,0.63425,0.12069,0.45304,0.4395,1,1
0.058793,0.14233,0.017186,0.042,0.077435,0.052094,0.11518,0.014963,0.032416,0.072672,0.56201,1.0206e-15,0.61538,0.55172,0.46296,0.44674,0.1715,0.50001,0.41178,0.375,0.87527,0.46673,0.80553,0.77465,0.48894,0.052982,0.3682,0.19549,1,1
0.34966,0.1057,0.34761,0.33919,0.35412,0.32333,0.095692,0.29733,0.31883,0.34593,0.51685,0.34687,0.63462,0.56897,0.48148,0.49365,0.44318,0.56249,0.52942,0.43751,0.79413,0.80709,0.88845,0.50402,0.48619,0.0060015,0.38559,0.19472,1,1
0.36429,0.19244,0.3337,0.40197,0.4065,0.34122,0.16195,0.28605,0.38389,0.3965,0.68243,0.57334,0.59615,0.68966,0.81481,0.55876,0.54342,0.56249,0.58825,0.56249,0.71399,0.64634,0.70386,0.95071,0.50844,0.0060015,0.72938,0.2019,1,1
0.17482,0.10931,0.16544,0.16955,0.1822,0.14701,0.054286,0.14107,0.14479,0.17272,0.52989,0.39746,0.46154,0.62069,0.53704,0.46436,0.39655,0.50001,0.52942,0.375,0.72719,0.43126,0.72262,0.65292,0.33443,0.010128,0.49908,0.14238,1,1
0.021527,0.049772,0.021207,0.019759,0.027825,0.018616,0.044999,0.017025,0.017733,0.025717,0.64229,0.30189,0.73077,0.65517,0.57407,0.64012,0.27734,0.625,0.64705,0.49998,0.60853,0.71064,0.61798,0.76157,0.090828,0.034884,0.41371,0.036229,1,1
0.11228,0.37475,0.020381,0.046583,0.17749,0.070724,0.18336,0.016311,0.030978,0.094268,0.49778,0.3549,0.46154,0.43103,0.55556,0.50775,0.41225,0.50001,0.52942,0.46874,0.79513,0.67295,0.85686,0.46982,0.33384,0.017442,0.38587,0.13423,1,1
0.16071,0.49478,0.033284,0.085997,0.20209,0.14581,0.38715,0.02811,0.075324,0.21558,0.80445,0.33745,0.88462,0.81034,0.74074,0.67953,0.32845,0.74999,0.64705,0.625,0.81542,0.75388,0.66437,0.835,0.19819,0.057764,0.39547,0.46822,1,1
0.071288,0.17118,0.018886,0.052793,0.137,0.061367,0.13142,0.014682,0.036082,0.12607,0.8051,0.35173,0.73077,0.84483,0.77778,0.6341,0.3424,0.625,0.64705,0.49998,0.78297,0.66851,0.78776,0.40443,0.42874,0.046137,0.33572,0.17149,1,1
0.048393,0.15436,0.01798,0.019882,0.058579,0.035406,0.10026,0.013062,0.017858,0.051616,0.41704,0.29217,0.36538,0.51724,0.42593,0.42674,0.24967,0.50001,0.41178,0.375,0.49594,0.90132,0.64266,0.74246,0.26509,0.026632,0.39467,0.10626,1,1
0.11883,0.2697,0.025406,0.071566,0.21224,0.099089,0.20661,0.021965,0.062462,0.19329,0.26954,0.27481,0.28846,0.25862,0.37037,0.2263,0.28187,0.25,0.17647,0.12499,0.50507,0.55542,0.48471,0.79074,0.37709,0.017442,0.28701,0.15047,1,1
0.019367,0.056861,0.007602,0.021368,0.025531,0.017299,0.045593,0.0065094,0.019162,0.025514,0.92284,0.31985,0.88462,0.96552,0.92593,0.93157,0.4519,0.87501,0.88236,0.93749,0.76572,0.81373,0.81343,0.42857,0.61443,0.34349,0.3688,0.25061,1,1
0.11109,0.26841,0.03618,0.1029,0.1443,0.084418,0.13032,0.02694,0.090171,0.14141,0.65112,0.40616,0.65385,0.58621,0.7037,0.56329,0.41354,0.625,0.52942,0.49998,0.75862,0.66851,0.88154,0.30382,0.61576,0.038541,0.38545,0.24824,1,1
0.087711,0.22468,0.034245,0.051489,0.12665,0.069755,0.16377,0.023939,0.029771,0.08156,0.75871,0.40921,0.75,0.67241,0.81481,0.65531,0.29401,0.65624,0.64705,0.59373,0.75557,0.65298,0.63179,0.92957,0.47528,0.025225,0.38539,0.18953,1,1
0.1579,0.19442,0.077683,0.17316,0.1931,0.1446,0.16401,0.060591,0.16256,0.19963,0.45693,0.34726,0.51442,0.48276,0.38889,0.47354,0.49142,0.46874,0.52942,0.49998,0.6501,0.72283,0.78382,0.41649,0.51397,0.018661,0.38848,0.20954,1,1
0.083033,0.19229,0.025754,0.06666,0.13857,0.062176,0.11423,0.020774,0.052626,0.12589,0.40268,0.30391,0.44231,0.39655,0.2963,0.26583,0.41601,0.25,0.29411,0.25001,0.72515,0.50886,0.66536,0.68913,0.27985,0.027007,0.37887,0.11316,1,1
0.10341,0.28667,0.0036791,0.067789,0.17015,0.10559,0.22671,0.0026846,0.10009,0.16921,0.13716,0.15251,0.23077,0.2069,0.092593,0.20614,0.27629,0.25,0.29411,0.12499,0.83671,0.77162,0.847,0.89134,0.21664,0.0512,0.42402,0.094981,1,1
0.028244,0.080222,0.015658,0.021114,0.038955,0.024332,0.060023,0.012729,0.017616,0.029973,0.64096,0.13577,0.71154,0.63793,0.55556,0.59454,0.28522,0.625,0.58825,0.49998,0.33064,0.77715,0.15499,0.46177,0.52807,0.11815,0.40855,0.21102,1,1
0.068072,0.14619,0.031979,0.058881,0.094314,0.057924,0.10113,0.02743,0.048009,0.087089,0.56716,0.17523,0.63462,0.56897,0.48148,0.53247,0.32682,0.625,0.52942,0.49998,0.79311,0.49334,0.69299,0.9165,0.6913,0.061515,0.37284,0.27438,1,1
