0.16413,0.071262,0.1125,0.15934,0.20833,0.15472,0.070858,0.10725,0.14971,0.19377,0.5325,0.086507,0.45,0.5875,0.5875,0.17524,0.042274,0.13333,0.16667,0.2,390.47,659.38,410.16,571.88,89.688,594,-4.4444,90.912,1
0.27866,0.12273,0.16829,0.21751,0.387,0.25143,0.11777,0.14738,0.20469,0.34908,0.48807,0.055965,0.5,0.5,0.5,0.17879,0.033405,0.16667,0.18333,0.2,373.12,656.25,400.31,572.66,87.904,325,-3.0747,88.634,1
0.27044,0.17626,0.16829,0.16951,0.36542,0.22668,0.12303,0.14538,0.15865,0.33025,0.526,0.0575,0.5375,0.5375,0.5375,0.18533,0.025604,0.16667,0.2,0.2,364.69,657.03,400.31,566.41,97.376,370,-2.5439,97.858,1
0.16881,0.1047,0.11219,0.13203,0.17073,0.15911,0.10429,0.1035,0.12407,0.17261,0.61513,0.043015,0.625,0.625,0.625,0.18947,0.040143,0.16667,0.2,0.23333,337.97,663.28,360,614.06,53.925,385,-2.234,54.496,1
0.14503,0.080087,0.10875,0.1511,0.16829,0.1324,0.073834,0.095818,0.12968,0.15808,0.62206,0.0838,0.6,0.6,0.6,0.2183,0.036705,0.2,0.2,0.25833,337.97,669.53,386.72,557.03,122.61,1021,-2.3077,127.31,1
0.19541,0.10391,0.12148,0.16829,0.18174,0.17438,0.089802,0.11026,0.15737,0.17193,0.59656,0.021741,0.6,0.6,0.6,0.21083,0.027619,0.2,0.2,0.23333,327.66,685.94,374.06,579.69,115.94,606,-2.2896,117.18,1
0.20781,0.17397,0.12148,0.16382,0.21439,0.17123,0.093838,0.11071,0.15125,0.18354,0.59214,0.085539,0.6125,0.6125,0.6125,0.21333,0.044428,0.2,0.23333,0.23333,301.41,703.91,352.03,596.88,118.4,621,-2.1142,120.04,1
0.26954,0.20529,0.151,0.19891,0.33912,0.25831,0.2064,0.13739,0.20853,0.32758,0.55259,0.053387,0.5625,0.5625,0.5625,0.2092,0.037688,0.2,0.2,0.23333,324.38,670.31,380.16,557.03,126.27,474,-2.0308,128.26,1
1.291,0.26385,1.0815,1.2309,1.4697,1.2362,0.25691,1.0636,1.2178,1.3764,0.5375,0.14361,0.42188,0.525,0.6625,0.1697,0.052609,0.13333,0.16667,0.225,387.19,499.22,344.06,717.19,222.19,178,-5.0543,222.92,1
1.5449,0.24651,1.3298,1.566,1.772,1.4965,0.23271,1.3491,1.5223,1.7213,0.53281,0.17099,0.45,0.5375,0.625,0.15417,0.043416,0.13333,0.16667,0.18333,367.5,523.44,325.78,719.53,200.48,133,-4.7004,200.54,1
0.30428,0.24673,0.14395,0.27853,0.36939,0.27295,0.22166,0.12188,0.22841,0.35194,0.73356,0.099257,0.6625,0.7,0.8375,0.22694,0.048958,0.2,0.23333,0.26667,383.91,502.34,302.34,692.97,207.34,1365,-2.3372,348.87,1
1.5566,0.58216,1.1556,1.305,1.695,1.5061,0.61649,1.0493,1.3497,1.6416,0.57812,0.14011,0.5625,0.5625,0.7,0.2,0.043644,0.2,0.2,0.23333,339.84,646.09,420,509.38,158.48,103,-1.7057,160.47,1
1.0289,0.45928,0.77031,0.91204,1.1586,1.0014,0.48183,0.76162,0.89765,1.1459,0.6,1.1703e-16,0.6,0.6,0.6,0.2,0.03849,0.16667,0.2,0.23333,346.41,657.81,400.78,532.81,136.31,133,-2.2989,137.23,1
0.76753,0.51187,0.40585,0.5292,1.0421,0.73292,0.54621,0.35208,0.47636,1.1211,0.54286,0.11703,0.475,0.625,0.625,0.18095,0.04662,0.16667,0.2,0.2,392.34,518.75,360,696.88,181.04,237,-5.5072,182.01,1
0.27487,0.21287,0.15777,0.22938,0.32626,0.25774,0.21172,0.14321,0.20004,0.32778,0.625,0,0.625,0.625,0.625,0.22609,0.017281,0.20833,0.23333,0.23333,385.78,522.66,358.12,614.06,95.499,475,-3.3051,96.19,1
0.949,0.28596,0.86157,1.0585,1.122,0.88119,0.29268,0.71437,0.98445,1.0619,0.56136,0.095272,0.5125,0.5125,0.65,0.16364,0.037873,0.13333,0.13333,0.2,375.94,546.88,335.16,689.84,148.67,163,-3.5057,148.92,1
0.50785,0.25852,0.37554,0.43105,0.51562,0.47894,0.26654,0.32215,0.41014,0.49382,0.643,0.11446,0.55,0.7,0.7,0.19733,0.039581,0.16667,0.2,0.23333,375.47,517.97,329.06,691.41,179.54,355,-3.7374,180.82,1
0.36115,0.34842,0.11952,0.17525,0.55277,0.28859,0.26515,0.11082,0.16104,0.40322,0.6256,0.041359,0.6125,0.6125,0.6125,0.21587,0.024987,0.2,0.23333,0.23333,372.66,529.69,322.97,632.81,114.47,399,-2.0755,115.17,1
0.39496,0.38375,0.10761,0.26042,0.62506,0.37425,0.37653,0.099973,0.22663,0.57249,0.58897,0.064312,0.6,0.6,0.6,0.21078,0.036442,0.2,0.2,0.23333,360.94,710.94,416.25,501.56,216.56,755,-3.7853,219.06,1
1.0548,0.24263,0.87356,0.97183,1.2454,0.9435,0.18974,0.81385,0.87416,1.08,0.56125,0.12254,0.6,0.6,0.6,0.18,0.05709,0.16667,0.2,0.2,342.66,678.12,407.81,517.97,172.9,163,-2.458,175.5,1
1.3493,0.58158,0.88349,1.263,1.7533,1.3426,0.57484,0.83677,1.2299,1.7308,0.58437,0.16539,0.58125,0.6625,0.6625,0.18333,0.069007,0.16667,0.2,0.21667,342.19,641.41,405.47,517.19,139.41,104,-1.963,139.79,1
0.38098,0.18483,0.27809,0.35835,0.44213,0.35358,0.18923,0.25548,0.32741,0.41824,0.62143,0.10384,0.65,0.65,0.65,0.20317,0.052604,0.19167,0.2,0.23333,347.34,634.38,405,528.12,120.89,326,-1.8428,121.97,1
0.6194,0.37721,0.30072,0.44013,1.004,0.60675,0.39329,0.25773,0.52252,0.99788,0.5125,1.1556e-16,0.5125,0.5125,0.5125,0.19487,0.022958,0.16667,0.2,0.2,373.12,626.56,415.31,521.88,112.87,192,-2.4815,114.31,1
0.73169,0.5985,0.3162,0.5241,1.0435,0.70885,0.60418,0.24514,0.5339,1.0018,0.5105,0.16116,0.45,0.45,0.5875,0.15067,0.063915,0.1,0.16667,0.175,402.66,443.75,385.31,746.88,303.62,724,-17.477,311.28,1
1.1895,0.32608,0.9494,1.1854,1.3206,1.1319,0.33106,0.86894,1.1476,1.2528,0.52788,0.10559,0.475,0.6125,0.6125,0.15897,0.041172,0.13333,0.16667,0.2,395.62,478.12,345.47,699.22,226.71,192,-4.4081,227.21,1
0.35153,0.4497,0.1482,0.20833,0.28002,0.33362,0.43168,0.14056,0.19294,0.26912,0.65153,0.13084,0.6625,0.675,0.675,0.2068,0.056511,0.16667,0.2,0.23333,399.84,462.5,355.31,718.75,260.09,846,-5.7544,264.41,1
0.95457,0.18005,0.82411,0.93624,1.0596,0.9044,0.18056,0.81288,0.88044,1.0161,0.58456,0.10015,0.525,0.6625,0.6625,0.17059,0.028583,0.13333,0.16667,0.2,403.59,471.88,315.47,678.12,224.29,237,-2.3404,225.41,1
2.0309,0.41574,1.6365,2.0246,2.4144,1.7806,0.36422,1.4729,1.7663,2.031,0.54821,0.10394,0.5875,0.5875,0.5875,0.20952,0.049868,0.175,0.2,0.25833,353.44,609.38,442.03,454.69,178.26,89,-1.746,179.44,1
1.5826,0.4865,1.1889,1.5663,1.8006,1.5391,0.49499,1.2425,1.5144,1.7147,0.50417,0.14631,0.51562,0.575,0.575,0.18148,0.064788,0.15833,0.2,0.23333,374.53,638.28,437.34,448.44,199.97,132,-3.0224,204.57,1
0.65737,0.43557,0.27529,0.59384,1.0112,0.59721,0.41861,0.25464,0.49819,0.97496,0.55455,0.066205,0.575,0.575,0.575,0.2,0.03849,0.2,0.2,0.23333,368.44,636.72,454.69,457.81,198.61,325,-2.0743,205.81,1
0.54244,0.54118,0.12895,0.37434,0.885,0.50248,0.5107,0.12136,0.35139,0.808,0.62768,0.088616,0.6,0.65,0.65,0.19476,0.034815,0.16667,0.2,0.23333,354.38,638.28,339.84,746.88,109.56,2304,-7.4731,765.06,1
2.3789,0.83616,1.6278,2.6326,3.0331,2.1257,0.85877,1.1914,2.3368,2.9322,0.525,0.093541,0.4375,0.525,0.6125,0.1625,0.027817,0.13333,0.16667,0.18333,414.38,449.22,335.16,726.56,288.44,118,-3.501,291.44,1
2.0114,0.84964,1.3081,2.0322,2.8386,1.9427,0.83932,1.1078,2.001,2.714,0.5,0.16562,0.3875,0.55,0.55,0.15,0.047791,0.13333,0.16667,0.16667,401.72,471.88,364.69,732.81,263.55,133,-7.0464,268.03,1
2.0188,0.60748,1.4999,2.1631,2.3129,1.88,0.67931,1.2727,2.1106,2.3104,0.47143,0.1222,0.4875,0.4875,0.4875,0.12857,0.035635,0.10833,0.13333,0.15833,409.22,511.72,371.72,719.53,211.17,103,-5.5417,211.42,1
1.2978,0.25991,1.1181,1.3144,1.3893,1.2272,0.27846,0.99102,1.2481,1.3267,0.59583,0.13728,0.575,0.575,0.725,0.175,0.045227,0.15,0.2,0.2,392.81,517.97,322.03,728.91,222.5,177,-2.9801,223.2,1
1.8478,0.22802,1.5938,1.91,2.0174,1.6731,0.22335,1.4508,1.7189,1.8699,0.66607,0.12284,0.7125,0.7125,0.7125,0.21429,0.046576,0.2,0.2,0.25833,351.56,607.03,429.38,464.06,162.77,89,-1.8373,164.28,1
2.0747,0.48973,1.6813,1.9447,2.4052,1.786,0.35185,1.4866,1.7138,2.0249,0.56786,0.11811,0.6125,0.6125,0.6125,0.2,0.063828,0.2,0.2,0.23333,342.66,689.06,424.22,487.5,217.44,104,-2.4713,220.77,1
0.89697,0.48527,0.57856,0.7887,1.0862,0.85353,0.50516,0.52586,0.78402,1.0766,0.63516,0.10937,0.6625,0.6625,0.6625,0.19167,0.04792,0.18333,0.2,0.21667,350.16,685.16,422.34,493.75,204.57,235,-2.6515,207.56,1
0.51783,0.34001,0.29352,0.38145,0.78556,0.47277,0.33834,0.24658,0.36539,0.58202,0.57955,0.03731,0.5875,0.5875,0.5875,0.20455,0.036071,0.16667,0.2,0.23333,341.72,657.03,413.44,503.91,169.09,355,-2.1351,171.76,1
1.815,0.32837,1.5234,1.8408,2.0003,1.6246,0.24796,1.4035,1.6883,1.8346,0.625,0.13564,0.4625,0.6375,0.775,0.17037,0.05122,0.13333,0.16667,0.2,409.69,458.59,380.16,714.84,257.95,148,-8.6772,259.01,1
1.5219,0.66003,1.0544,1.269,2.0742,1.4621,0.64795,0.97475,1.3272,2.0254,0.67188,0.16273,0.5875,0.73125,0.8,0.225,0.058818,0.18333,0.23333,0.26667,405.47,453.12,360,717.19,267.95,178,-5.8076,270.67,1
1.975,0.41985,1.714,1.8942,2.3622,1.9004,0.43128,1.8078,1.9469,2.2443,0.57344,0.18892,0.4625,0.6,0.75,0.18333,0.061721,0.15,0.2,0.21667,394.22,482.81,357.19,712.5,232.65,119,-6.2025,233.21,1
0.41643,0.76442,0.01774,0.035511,0.21066,0.3716,0.7072,0.017458,0.034147,0.20372,0.61841,0.062422,0.6,0.6,0.6,0.20315,0.032251,0.2,0.2,0.23333,403.12,475,458.91,432.03,70.412,7329,-0.77031,594.8,0
2.641,0.88377,1.8505,2.5398,3.2376,2.3983,0.93827,1.6899,2.0254,3.1891,0.6,0.13513,0.625,0.625,0.625,0.18333,0.039841,0.16667,0.2,0.2,330.94,674.22,446.72,435.94,264.92,104,-2.058,273.98,1
2.3763,0.64444,2.0814,2.2237,2.5398,2.3663,0.59806,2.0386,2.1138,2.5798,0.64107,0.15591,0.7,0.7,0.7,0.19048,0.056811,0.2,0.2,0.225,322.5,632.81,423.28,447.66,210.81,89,-1.8372,212.23,1
0.996,0.48188,0.62717,0.90245,1.2265,0.84059,0.33616,0.56465,0.7988,1.1443,0.70583,0.074232,0.725,0.725,0.725,0.22222,0.029991,0.20833,0.23333,0.23333,327.19,660.94,420,470.31,212.02,222,-2.0539,217.55,1
0.15733,0.15962,0.051663,0.15777,0.17073,0.12414,0.091644,0.044241,0.14571,0.16169,0.64042,0.10726,0.575,0.7125,0.7125,0.22889,0.046923,0.2,0.23333,0.26667,335.62,667.19,333.28,649.22,18.121,934,7.6667,94.029,1
0.47161,0.49937,0.28441,0.37644,0.47712,0.44511,0.50981,0.2441,0.35469,0.45986,0.62083,0.076376,0.6375,0.6375,0.6375,0.19524,0.028452,0.16667,0.2,0.2,341.72,691.41,394.69,542.19,158.34,354,-2.8171,160.6,1
0.12467,0.11914,0.056095,0.079672,0.15777,0.11861,0.11394,0.053822,0.074839,0.13785,0.76593,0.10936,0.7375,0.7375,0.875,0.23407,0.044715,0.2,0.23333,0.26667,410.62,432.81,352.03,660.94,235.53,2478,-3.8933,238.37,1
1.8603,0.61113,1.2366,1.9131,2.3503,1.7266,0.65252,0.99297,1.8434,2.3077,0.48906,0.12016,0.41875,0.5125,0.5125,0.12917,0.045207,0.11667,0.13333,0.16667,406.88,453.91,364.69,698.44,248.14,133,-5.7963,248.62,1
2.0178,0.74033,1.3811,2.2558,2.6713,1.7881,0.73338,1.229,1.9378,2.4858,0.47639,0.16038,0.3375,0.4875,0.65,0.12222,0.04714,0.1,0.13333,0.14167,405.47,440.62,375.94,710.94,271.92,133,-9.1534,272.92,1
2.3562,0.97983,1.6949,2.9593,3.0265,2.0763,0.99348,1.367,2.3989,2.8282,0.4625,0.10394,0.39375,0.4625,0.53125,0.12917,0.037533,0.1,0.11667,0.15,408.75,476.56,384.38,717.97,242.63,103,-9.9038,242.92,1
2.2079,0.81236,1.824,2.5387,2.7974,1.9494,0.80824,1.4347,2.2975,2.5211,0.50357,0.15082,0.4625,0.4625,0.6375,0.12857,0.052453,0.1,0.16667,0.16667,408.28,446.88,368.44,705.47,261.65,118,-6.4902,262.74,1
1.9821,0.66807,1.4796,2.2493,2.3806,1.7976,0.68406,1.3192,2.0868,2.2103,0.48889,0.13176,0.45,0.45,0.6,0.13333,0.04714,0.125,0.13333,0.16667,403.12,475.78,371.25,706.25,232.66,118,-7.2304,233.62,1
1.5113,0.54709,1.1636,1.4384,1.902,1.4021,0.52624,1.0385,1.3781,1.6716,0.61029,0.1422,0.575,0.5875,0.725,0.1902,0.049672,0.16667,0.2,0.20833,392.81,496.09,316.88,670.31,190.05,635,-2.2942,690.92,1
0.41574,0.631,0.061786,0.15475,0.40246,0.39338,0.5984,0.058832,0.13916,0.39772,0.66673,0.048325,0.675,0.675,0.675,0.23538,0.02939,0.23333,0.23333,0.26667,333.75,665.62,452.34,428.12,265.46,1986,-2.0026,450.75,1
2.0964,1.1554,1.0635,2.0952,2.746,1.8904,1.2498,0.57224,1.9415,2.7304,0.53281,0.23461,0.3,0.7,0.7,0.16667,0.079682,0.1,0.2,0.21667,354.84,610.94,452.34,423.44,211.34,103,-1.9231,213.85,1
1.2478,0.41399,0.91109,1.2351,1.6118,1.1755,0.42474,0.79866,1.1067,1.5787,0.63409,0.13253,0.6875,0.6875,0.6875,0.19394,0.051247,0.175,0.2,0.225,338.44,639.06,433.59,445.31,215.86,177,-2.0361,218.74,1
1.4599,0.9585,0.45763,1.776,2.353,1.2276,0.87826,0.35047,1.5171,1.9065,0.64545,0.13137,0.7,0.7,0.7,0.19394,0.035957,0.2,0.2,0.2,336.09,652.34,423.28,459.38,211.75,148,-2.2133,215.68,1
1.2848,0.84342,0.76236,1.1908,1.4245,1.2065,0.83341,0.6709,1.0256,1.4289,0.60655,0.13878,0.6375,0.6375,0.65625,0.19524,0.045075,0.19167,0.2,0.20833,335.16,629.69,417.66,477.34,173.25,766,-1.8466,629.56,1
0.48588,0.37569,0.16527,0.36099,0.74173,0.40441,0.31087,0.11001,0.34067,0.66153,0.7025,0.077756,0.66875,0.7375,0.75,0.22,0.039589,0.2,0.21667,0.26667,320.16,638.28,390.47,509.38,146.84,311,-1.8333,149.13,1
0.41149,0.30367,0.14944,0.38542,0.49186,0.37547,0.30596,0.12386,0.35755,0.46338,0.6125,1.1391e-16,0.6125,0.6125,0.6125,0.21,0.032624,0.2,0.2,0.23333,349.22,690.62,388.12,550,145.91,384,-3.6145,146.3,1
1.9225,0.75756,1.5156,2.0218,2.1063,1.821,0.73817,1.3593,1.9032,2.0938,0.55066,0.17512,0.4375,0.475,0.675,0.15789,0.060698,0.13333,0.13333,0.2,417.19,417.97,393.75,709.38,292.35,620,-12.433,832.22,1
2.3573,1.1363,1.5754,2.5077,3.3655,2.2464,1.2383,1.1929,2.7257,3.2463,0.44821,0.17008,0.3625,0.3625,0.5625,0.13333,0.054433,0.083333,0.13333,0.18333,414.84,459.38,395.16,715.62,257.01,103,-13.016,257.49,1
2.4308,0.40593,2.0551,2.4577,2.7342,2.1976,0.40183,1.8651,2.1832,2.4634,0.425,0.13769,0.35,0.525,0.525,0.11429,0.037796,0.10833,0.13333,0.13333,405.47,500.78,373.12,710.94,212.63,88,-6.4976,213.9,1
3.4473,0.9867,2.8413,3.2085,4.0534,2.7517,0.33975,2.4923,2.8325,2.991,0.4375,0.11957,0.375,0.4125,0.55,0.12,0.055777,0.083333,0.13333,0.16667,420,459.38,381.56,697.66,241.36,74,-6.1992,241.49,1
3.5816,0.83916,2.9883,3.5816,4.175,3.9689,0,3.9689,3.9689,3.9689,0.7625,1.3597e-16,0.7625,0.7625,0.7625,0.21111,0.019245,0.2,0.2,0.225,328.12,553.91,376.88,461.72,104.28,29,-1.891,104.46,1
3.4597,1.5269,2.4951,2.9199,4.4242,3.6597,1.5858,2.6403,2.9798,4.849,0.575,0.19566,0.55313,0.6625,0.6625,0.2,0.078174,0.16667,0.23333,0.24167,315.47,604.69,407.34,427.34,199.73,59,-1.9303,201.89,1
2.2365,0.47353,1.9557,1.9986,2.7948,2.1594,0.52946,1.786,1.8418,2.7236,0.60179,0.094491,0.6375,0.6375,0.6375,0.2,0.043033,0.175,0.2,0.225,314.06,633.59,419.53,428.12,230.96,103,-1.9481,238.45,1
0.15052,0.08692,0.079672,0.15934,0.19523,0.13123,0.074753,0.072979,0.1453,0.18132,0.66842,0.13006,0.625,0.625,0.7625,0.22105,0.047415,0.2,0.23333,0.26667,310.78,628.12,307.03,620.31,8.6659,445,2.0833,51.095,1
0.67888,0.29088,0.42749,0.62404,0.92409,0.65458,0.29058,0.40178,0.59841,0.90974,0.56484,0.040625,0.575,0.575,0.575,0.20833,0.035486,0.2,0.2,0.23333,329.06,637.5,392.81,492.19,158.68,237,-2.2794,160.43,1
0.43019,0.30032,0.24477,0.36506,0.45691,0.41266,0.31213,0.16746,0.34283,0.52563,0.62417,0.05164,0.6375,0.6375,0.6375,0.21111,0.029991,0.2,0.23333,0.23333,337.03,625.78,376.41,533.59,100.24,267,-2.3413,100.82,1
0.1318,0.11845,0.052083,0.070479,0.16829,0.12152,0.11094,0.046951,0.060775,0.15829,0.61887,0.089595,0.55,0.6875,0.6875,0.21307,0.03595,0.2,0.2,0.23333,336.56,660.94,382.5,545.31,124.42,1584,-2.517,125.99,1
0.30269,0.18131,0.18126,0.31229,0.34939,0.25284,0.10869,0.15217,0.29023,0.31773,0.685,0.053033,0.7,0.7,0.7,0.216,0.029059,0.2,0.23333,0.23333,283.59,681.25,335.16,577.34,116,384,-2.0152,116.43,1
0.14152,0.067223,0.10531,0.12148,0.16829,0.13293,0.067339,0.091689,0.11523,0.16025,0.62531,0.091746,0.6625,0.6625,0.6625,0.21583,0.04202,0.2,0.23333,0.23333,308.91,646.88,355.78,559.38,99.265,770,-1.8667,100.84,1
0.14399,0.07353,0.10875,0.12148,0.16829,0.13465,0.071461,0.097534,0.11596,0.15931,0.68705,0.07119,0.7,0.7,0.7,0.22083,0.040483,0.2,0.23333,0.23333,304.22,646.88,369.84,535.16,129.57,1022,-1.7024,131.35,1
0.17937,0.12319,0.10658,0.13016,0.28781,0.1629,0.1162,0.087077,0.12413,0.21897,0.655,0.041079,0.6625,0.6625,0.6625,0.23556,0.024656,0.23333,0.23333,0.26667,290.16,660.16,334.69,580.47,91.286,682,-1.7895,91.957,1
0.1519,0.072034,0.12148,0.13016,0.16829,0.13811,0.063179,0.10921,0.11952,0.15793,0.70938,0.081645,0.725,0.725,0.725,0.24295,0.041401,0.23333,0.23333,0.26667,302.81,634.38,372.66,521.88,132.42,935,-1.6107,133.91,1
0.17026,0.08844,0.12148,0.14014,0.18031,0.15562,0.083668,0.112,0.12918,0.16993,0.71222,0.089407,0.6375,0.775,0.775,0.24593,0.036438,0.23333,0.26667,0.26667,286.41,646.09,348.75,543.75,119.84,815,-1.6416,121.5,1
0.22399,0.16412,0.12148,0.16829,0.32089,0.20389,0.15583,0.10998,0.15637,0.30164,0.75417,0.086544,0.775,0.775,0.775,0.25873,0.035923,0.23333,0.26667,0.26667,304.22,631.25,379.69,512.5,140.7,726,-1.5735,142.63,1
0.13907,0.095577,0.084897,0.12148,0.14933,0.12432,0.082255,0.080364,0.11137,0.14031,0.70729,0.11309,0.65,0.7875,0.7875,0.23519,0.045735,0.23333,0.23333,0.26667,295.31,646.88,342.66,563.28,96.069,829,-1.7657,97.505,1
0.15328,0.074365,0.12148,0.13016,0.16829,0.14213,0.071908,0.10658,0.11862,0.15922,0.7184,0.090259,0.75,0.75,0.75,0.24088,0.040637,0.225,0.23333,0.26667,299.06,632.81,373.12,515.62,138.63,963,-1.5823,140.44,1
0.1592,0.067287,0.12148,0.14014,0.17129,0.1465,0.061736,0.11338,0.12727,0.16027,0.66837,0.040384,0.675,0.675,0.675,0.24293,0.034475,0.2,0.23333,0.26667,287.34,641.41,385.78,496.09,175.52,1155,-1.4762,177.43,1
0.13784,0.1064,0.072487,0.12148,0.15015,0.12755,0.10086,0.068579,0.11338,0.13663,0.74769,0.092284,0.7125,0.7125,0.85,0.23172,0.041847,0.20833,0.23333,0.26667,314.53,600,302.34,600,12.188,3023,-0,270.54,0
0.1937,0.10183,0.12148,0.14515,0.3037,0.18331,0.09893,0.11188,0.14081,0.28593,0.70143,0.052578,0.725,0.725,0.725,0.22095,0.025675,0.2,0.23333,0.23333,403.12,464.06,332.81,546.88,108.64,652,-1.1778,109.73,1
0.23334,0.13042,0.13606,0.18222,0.31659,0.22013,0.12753,0.12541,0.1442,0.29822,0.70031,0.076559,0.725,0.725,0.725,0.225,0.035204,0.2,0.23333,0.23333,382.97,481.25,297.66,596.09,143.06,651,-1.3462,144.26,1
0.32757,0.27171,0.15777,0.3037,0.38145,0.30589,0.27277,0.12038,0.26858,0.35478,0.71281,0.12041,0.6875,0.6875,0.8375,0.2275,0.043942,0.21667,0.23333,0.23333,400.78,467.19,431.72,443.75,38.813,682,-0.75758,199.54,0
0.23704,0.16348,0.12148,0.16951,0.33274,0.21327,0.13246,0.11338,0.16292,0.31261,0.67782,0.085301,0.6,0.7375,0.7375,0.22724,0.032949,0.2,0.23333,0.23333,325.31,587.5,275.16,666.41,93.498,1688,-1.5732,357.88,1
0.44908,0.31618,0.16829,0.38093,0.57773,0.42132,0.30884,0.15947,0.34143,0.55935,0.59423,0.064178,0.5875,0.5875,0.5875,0.18889,0.036939,0.16667,0.2,0.2,399.84,465.62,296.72,704.69,260.36,606,-2.3182,261.81,1
1.6769,0.65786,1.2132,1.7734,2.1502,1.6421,0.63881,1.2977,1.8587,2.0079,0.59028,0.16953,0.5125,0.7125,0.7125,0.18148,0.060349,0.13333,0.2,0.20833,382.03,475.78,296.25,652.34,196.3,118,-2.0583,197.88,1
1.418,0.48631,1.0875,1.4871,1.867,1.3129,0.48981,0.90885,1.3949,1.754,0.54545,0.1234,0.5,0.5,0.65,0.16364,0.045837,0.13333,0.16667,0.2,390.94,477.34,310.78,669.53,208.23,148,-2.3977,209.34,1
0.27434,0.26015,0.119,0.18126,0.36252,0.26063,0.25492,0.10526,0.17271,0.34002,0.78188,0.084004,0.75,0.75,0.8875,0.25362,0.03194,0.23333,0.26667,0.26667,384.38,471.09,416.25,469.53,31.913,2567,-0.04902,320.42,0
1.4121,0.35334,1.153,1.4179,1.6709,1.2787,0.35008,1.0467,1.2597,1.5134,0.55139,0.13642,0.575,0.6125,0.6125,0.2,0.068718,0.19167,0.23333,0.23333,327.66,610.94,420,455.47,180.83,133,-1.6836,182.92,1
1.3865,0.39488,0.91311,1.4995,1.6715,1.2543,0.38497,0.82895,1.3037,1.5405,0.60568,0.13822,0.6625,0.6625,0.6625,0.20606,0.059289,0.2,0.2,0.23333,317.34,639.84,413.91,463.28,201.24,148,-1.8285,204.88,1
1.8044,1.2363,0.53766,1.7298,2.8663,1.5602,1.2216,0.42794,1.3571,2.6141,0.6675,0.068516,0.7,0.7,0.7,0.21,0.03865,0.16667,0.2,0.23333,313.59,667.97,416.72,455.47,236.2,133,-2.0606,240.76,1
1.6612,0.40984,1.5779,1.6155,1.7016,1.4703,0.37271,1.3924,1.4932,1.5586,0.56818,0.13606,0.625,0.625,0.625,0.2,0.063246,0.2,0.2,0.23333,312.66,671.09,414.84,451.56,242.15,149,-2.1483,246.72,1
0.33827,0.21957,0.15245,0.34939,0.39665,0.28612,0.17805,0.11112,0.32348,0.36188,0.5625,0,0.5625,0.5625,0.5625,0.21833,0.029568,0.2,0.21667,0.23333,315,669.53,358.12,567.19,111.06,341,-2.3732,112.15,1
0.24223,0.23063,0.12148,0.15708,0.27756,0.211,0.18222,0.11026,0.14505,0.25657,0.74375,0.10623,0.6625,0.8,0.8,0.23873,0.046292,0.23333,0.23333,0.26667,272.34,722.66,406.41,478.91,278.18,1186,-1.8182,281.8,1
0.1368,0.085522,0.068376,0.12148,0.16829,0.12846,0.080374,0.061717,0.11479,0.16019,0.77234,0.099657,0.7125,0.85,0.85,0.2525,0.040313,0.23333,0.26667,0.26667,328.59,582.81,290.62,625,56.757,2075,-1.1111,212.65,1
1.4869,0.5192,1.0883,1.337,1.9644,1.4327,0.53632,1.0002,1.3854,1.906,0.5625,0.11859,0.6,0.6,0.6,0.2,0.068493,0.2,0.23333,0.23333,390,475.78,253.12,690.62,254.74,163,-1.5696,255.17,1
2.1559,0.87421,1.5549,2.3289,2.8731,1.955,0.88734,1.3272,1.9465,2.7242,0.6125,0.18781,0.59375,0.65,0.69063,0.2,0.06455,0.18333,0.2,0.24167,405.94,454.69,261.09,692.19,278.18,132,-1.6397,279.35,1
1.7699,0.87142,1.0677,2.0168,2.5327,1.7162,0.8564,0.91716,2.0795,2.4096,0.565,0.18482,0.4375,0.575,0.7125,0.17333,0.060451,0.13333,0.18333,0.2,395.62,475.78,310.31,702.34,242.09,148,-2.6557,245.56,1
1.9416,0.98067,0.8991,2.0035,2.9483,1.5908,0.88799,0.77115,1.5184,2.2941,0.56964,0.12371,0.51562,0.6375,0.6375,0.17143,0.035635,0.16667,0.16667,0.2,352.5,548.44,324.84,712.5,166.38,87,-5.9322,168,1
2.1346,0.68281,1.5262,2.3711,2.6642,1.9935,0.76206,1.2652,2.3929,2.5895,0.58571,0.11802,0.5,0.5,0.65,0.15714,0.046004,0.13333,0.13333,0.19167,388.12,485.16,341.72,709.38,228.97,104,-4.8316,229.3,1
1.6932,0.55648,1.5306,1.8673,1.9309,1.6155,0.61013,1.4322,1.7782,1.8471,0.59375,0.16063,0.4875,0.7,0.7,0.17917,0.053266,0.16667,0.18333,0.21667,390.47,474.22,327.66,695.31,229.84,133,-3.5199,231.16,1
0.74083,0.83672,0.12799,0.16829,1.3847,0.72178,0.80233,0.11806,0.16004,1.3312,0.74471,0.12141,0.7375,0.75,0.75,0.2359,0.04514,0.23333,0.23333,0.26667,322.97,592.19,463.59,396.88,240.67,520,-1.3889,321.83,1
3.7938,0.513,3.3519,3.8154,4.2358,3.6976,0.49223,3.3324,3.9342,4.0037,0.61,0.1733,0.59062,0.6875,0.6875,0.19333,0.064118,0.15,0.2,0.24167,318.28,624.22,426.09,429.69,222.41,59,-1.8043,224.18,1
2.4227,1.0615,1.8364,2.6618,3.0738,2.2523,1.1686,1.3315,2.7778,3.043,0.55714,0.17273,0.36875,0.6875,0.6875,0.15714,0.068622,0.11667,0.16667,0.2,332.34,625,424.22,433.59,212.31,88,-2.0833,214.3,1
0.22763,0.12624,0.12148,0.18222,0.33657,0.20523,0.11509,0.10987,0.16639,0.31903,0.69522,0.08001,0.7125,0.7125,0.7125,0.22745,0.04301,0.2,0.23333,0.26667,317.81,641.41,368.91,532.03,120.72,578,-2.1407,122.12,1
0.29194,0.33515,0.084143,0.15922,0.37434,0.24601,0.25911,0.080204,0.14177,0.34552,0.65858,0.099042,0.625,0.625,0.7625,0.23464,0.042667,0.20833,0.23333,0.26667,323.91,684.38,422.34,453.91,250.61,1514,-2.3413,255.2,1
0.98305,0.3641,0.82054,1.0135,1.1997,0.8796,0.34396,0.67538,0.92785,1.0582,0.57679,0.11591,0.5375,0.5375,0.6875,0.17619,0.049663,0.13333,0.18333,0.23333,389.06,453.12,361.88,639.06,187.91,192,-6.8391,188.37,1
1.6882,0.37962,1.546,1.7266,1.8779,1.621,0.41846,1.3524,1.7382,1.8735,0.55179,0.18163,0.4625,0.6,0.7125,0.1619,0.052453,0.10833,0.16667,0.2,385.78,451.56,339.84,678.12,231.17,133,-4.932,232.31,1
2.2384,0.65625,1.735,2.1703,2.558,1.8976,0.4368,1.474,1.9143,2.2811,0.51944,0.18948,0.375,0.525,0.725,0.15556,0.052705,0.13333,0.16667,0.2,390.94,439.06,349.22,696.09,260.39,117,-6.161,260.99,1
1.4294,0.31,1.1814,1.4273,1.5475,1.3058,0.29799,1.1032,1.2947,1.402,0.6075,0.12349,0.6,0.6,0.75,0.16333,0.045677,0.13333,0.15,0.2,383.44,469.53,336.56,667.97,203.9,148,-4.2333,204.43,1
0.65413,0.56702,0.24944,0.48513,1.0642,0.62191,0.54762,0.17653,0.47219,1.0349,0.7575,0.13879,0.7875,0.7875,0.7875,0.23111,0.047086,0.23333,0.23333,0.26667,375.47,453.91,472.03,376.56,123.72,608,-0.80097,292.67,0
1.4232,0.58066,1.1097,1.363,1.9072,1.4082,0.51623,1.1322,1.3376,1.8435,0.62232,0.1721,0.7,0.7,0.7,0.2119,0.063525,0.2,0.23333,0.23333,298.59,634.38,458.91,389.06,293.05,207,-1.5302,308.66,1
2.2196,0.78659,2.0609,2.1877,2.5471,1.8728,0.60727,1.7765,2.0141,2.2415,0.5725,0.12961,0.5875,0.5875,0.5875,0.20333,0.045677,0.2,0.2,0.23333,312.66,685.94,421.88,423.44,284.31,132,-2.4034,292.76,1
0.95052,0.50015,0.57244,0.83781,1.2708,0.83193,0.42077,0.52082,0.76349,1.0906,0.65313,0.1126,0.6875,0.6875,0.6875,0.23,0.041746,0.21667,0.23333,0.26667,304.69,641.41,448.59,410.94,271.71,298,-1.6015,278.7,1
0.24254,0.35294,0.10817,0.14014,0.17411,0.21346,0.31215,0.099148,0.12162,0.15793,0.83026,0.08454,0.8125,0.8125,0.8875,0.25877,0.036865,0.23333,0.26667,0.26667,309.38,629.69,431.25,423.44,239.57,2426,-1.6923,304.29,1
0.34735,0.32084,0.13745,0.32089,0.40965,0.30425,0.28086,0.11893,0.27229,0.37938,0.64818,0.080927,0.6375,0.6375,0.6375,0.20347,0.041961,0.2,0.2,0.23333,324.38,596.88,377.81,515.62,97.248,1021,-1.5205,269.97,1
0.26621,0.12442,0.15934,0.22298,0.38794,0.24581,0.12022,0.14757,0.20688,0.36859,0.64847,0.079124,0.6,0.6,0.7375,0.21633,0.036083,0.2,0.23333,0.23333,337.97,660.94,411.09,466.41,207.82,801,-2.6603,211.17,1
0.39722,0.36809,0.15705,0.28886,0.43722,0.37082,0.37454,0.1273,0.25657,0.38849,0.63942,0.090325,0.6625,0.6625,0.6625,0.2141,0.03907,0.2,0.21667,0.23333,315,627.34,388.59,489.84,155.96,430,-1.8684,157.77,1
0.3018,0.21457,0.11578,0.27678,0.40999,0.26264,0.19054,0.10013,0.23578,0.34978,0.71771,0.14554,0.6625,0.8,0.8,0.21944,0.054655,0.2,0.23333,0.26667,348.28,557.81,414.38,459.38,118.57,461,-1.4894,120.64,1
0.17739,0.11416,0.12148,0.15934,0.18174,0.16478,0.11171,0.10904,0.14954,0.171,0.69318,0.031424,0.7,0.7,0.7,0.22765,0.030417,0.2,0.23333,0.23333,334.69,612.5,263.91,743.75,149.12,2164,-1.8543,272.04,1
0.5451,0.31832,0.3037,0.37434,0.81218,0.49207,0.30807,0.28137,0.33032,0.72884,0.70795,0.11369,0.75,0.75,0.75,0.25,0.043339,0.23333,0.26667,0.26667,302.81,674.22,389.06,517.19,179.16,327,-1.8207,183.72,1
1.0129,0.23464,0.8645,0.91915,1.1246,0.90171,0.15063,0.80032,0.85425,0.97964,0.72857,0.14729,0.6625,0.8,0.8,0.23571,0.053051,0.2,0.25,0.26667,308.91,685.16,409.22,480.47,227.95,237,-2.0405,234.1,1
0.51595,0.52409,0.13046,0.3401,0.71561,0.46566,0.48379,0.11719,0.31328,0.64588,0.70547,0.077867,0.7,0.7,0.7,0.25764,0.036216,0.23333,0.26667,0.26667,305.16,671.09,229.69,765.62,120.96,1010,-1.2526,379.74,1
0.74869,0.51524,0.318,0.79867,1.0694,0.68083,0.47814,0.29384,0.71099,0.99687,0.82273,0.12009,0.7375,0.875,0.8875,0.26742,0.045743,0.26667,0.26667,0.3,403.59,463.28,436.41,438.28,41.251,1173,-0.7619,524.68,0
0.81269,0.2487,0.66328,0.85074,0.98365,0.74767,0.24537,0.60963,0.77202,0.92019,0.70238,0.1171,0.7375,0.7375,0.7375,0.23016,0.050448,0.2,0.23333,0.26667,306.56,646.09,435.47,446.09,237.94,296,-1.5515,240.66,1
0.47573,0.51697,0.1026,0.23304,0.80706,0.43976,0.49153,0.089496,0.20249,0.70692,0.69434,0.096025,0.7,0.7,0.7,0.23073,0.042953,0.23333,0.23333,0.26667,339.38,635.16,335.16,712.5,77.459,2255,-18.333,511.27,1
1.2219,0.29995,0.98895,1.3144,1.4486,1.1195,0.28964,0.88375,1.1631,1.3424,0.62857,0.11292,0.6,0.6,0.7375,0.19524,0.038911,0.16667,0.2,0.23333,404.06,460.16,298.12,717.97,278.73,222,-2.4336,279.31,1
0.3748,0.36508,0.13396,0.23304,0.42499,0.35383,0.34779,0.1289,0.24271,0.39574,0.72536,0.10299,0.6875,0.6875,0.825,0.23857,0.032913,0.23333,0.23333,0.26667,379.22,489.84,454.22,428.91,96.635,2891,-0.8125,401.91,0
1.6072,0.6396,0.83781,1.8424,2.1857,1.4286,0.60761,0.74681,1.6574,1.9382,0.59773,0.13191,0.6375,0.6375,0.6375,0.21212,0.073443,0.175,0.23333,0.26667,313.12,654.69,424.69,450,233.12,148,-1.8347,238.5,1
1.1268,0.43684,0.76773,1.1555,1.3883,0.99199,0.40872,0.70212,0.90784,1.1892,0.645,0.13006,0.7,0.7,0.7,0.21333,0.044997,0.2,0.23333,0.23333,336.09,593.75,416.25,467.97,149.15,135,-1.5692,150.93,1
1.3694,0.71918,0.78663,1.5882,1.6705,1.2464,0.72759,0.47287,1.4668,1.5824,0.63542,0.1762,0.4875,0.75,0.75,0.19167,0.065327,0.15,0.21667,0.23333,318.28,640.62,429.38,452.34,218.61,162,-1.6948,220.84,1
0.63168,0.32791,0.33033,0.74026,0.85147,0.5724,0.33252,0.25095,0.67133,0.79554,0.5875,0,0.5875,0.5875,0.5875,0.21667,0.050252,0.2,0.23333,0.23333,332.34,632.03,382.97,528.91,114.88,178,-2.037,115.79,1
0.71129,0.44819,0.31792,0.75289,0.96371,0.59983,0.36153,0.28847,0.53517,0.9047,0.5875,0.1,0.6125,0.6125,0.6125,0.21042,0.043408,0.2,0.2,0.23333,322.97,707.81,393.28,515.62,204.65,281,-2.7333,210.68,1
0.38907,0.22236,0.26042,0.36252,0.445,0.35456,0.21853,0.24261,0.33548,0.41266,0.65046,0.093186,0.675,0.675,0.675,0.21728,0.050103,0.2,0.23333,0.23333,309.84,678.12,381.09,525.78,168.18,430,-2.1382,172.21,1
1.6851,0.51825,1.2977,1.7912,2.0589,1.5633,0.51776,1.1662,1.7095,1.9603,0.72411,0.17951,0.55,0.7375,0.875,0.23333,0.052298,0.2,0.23333,0.26667,414.84,413.28,338.91,715.62,311.73,192,-3.9815,322.76,1
2.1748,0.70537,1.7648,2.2819,2.6887,2.0239,0.75541,1.4477,2.2392,2.5877,0.64219,0.20055,0.6125,0.6875,0.75625,0.19167,0.058418,0.18333,0.2,0.21667,399.84,442.97,310.31,702.34,274.39,133,-2.897,275.23,1
1.631,0.38042,1.5133,1.7018,1.9582,1.5022,0.38624,1.2866,1.5275,1.8404,0.66136,0.15436,0.6375,0.6375,0.7875,0.20303,0.043345,0.175,0.2,0.225,382.97,460.16,316.41,689.06,238.39,147,-3.439,239.82,1
1.2806,0.4474,0.98059,1.4063,1.5918,1.1441,0.40633,0.85956,1.2869,1.4218,0.66562,0.15998,0.6,0.75,0.75,0.21667,0.066667,0.18333,0.23333,0.25,385.78,447.66,279.38,708.59,281.8,223,-2.4523,285.35,1
0.90759,0.6343,0.22024,1.0239,1.3564,0.81494,0.5772,0.20853,0.92195,1.2576,0.73711,0.07292,0.75,0.75,0.75,0.25313,0.034764,0.23333,0.26667,0.26667,382.5,460.16,461.72,407.03,95.383,667,-0.67061,440.56,0
1.8806,0.7364,1.358,2.1748,2.4333,1.6705,0.72616,1.1916,1.9771,2.1595,0.5975,0.20681,0.5375,0.7125,0.7125,0.2,0.080123,0.2,0.2,0.26667,309.38,633.59,445.31,428.91,245.72,133,-1.5057,250.67,1
1.6077,0.8599,0.77569,2.1221,2.2078,1.392,0.95021,0.58147,1.3888,2.2025,0.5125,0.1917,0.2875,0.5625,0.6125,0.16111,0.080046,0.1,0.18333,0.23333,308.91,627.34,411.09,430.47,221.82,117,-1.9266,224.08,1
1.7485,0.51028,1.4554,1.8279,2.1587,1.7047,0.55915,1.2986,2.0106,2.1011,0.60179,0.12756,0.65,0.65,0.65,0.20476,0.048795,0.2,0.23333,0.23333,311.72,636.72,425.16,430.47,235.39,134,-1.8182,238.64,1
0.77428,0.64484,0.18222,0.54951,1.4909,0.68799,0.6,0.1633,0.3886,1.1585,0.7125,0.11363,0.75,0.75,0.75,0.24638,0.059237,0.20833,0.26667,0.29167,311.72,644.53,438.28,417.97,259.52,372,-1.7901,265.11,1
0.82939,0.37219,0.63292,0.72635,1.0327,0.71866,0.3213,0.5673,0.65955,0.86723,0.68365,0.1515,0.65,0.7875,0.7875,0.22308,0.055083,0.2,0.23333,0.26667,327.66,590.62,405,454.69,156.4,192,-1.7576,157.91,1
0.36062,0.18778,0.28028,0.33098,0.36443,0.32423,0.17406,0.25727,0.30218,0.34917,0.69861,0.11604,0.675,0.675,0.8125,0.23704,0.04921,0.23333,0.23333,0.26667,318.28,612.5,398.91,476.56,158.05,430,-1.686,159.45,1
0.28658,0.34538,0.043556,0.12582,0.37292,0.26101,0.32068,0.041094,0.11628,0.34237,0.80365,0.086299,0.7875,0.7875,0.8125,0.26442,0.032097,0.25833,0.26667,0.3,373.59,485.94,238.59,719.53,269.8,3420,-1.7303,454.14,1
1.3268,0.53485,0.79844,1.3913,1.7466,1.225,0.5314,0.64957,1.2766,1.6849,0.65288,0.1282,0.6125,0.6125,0.75,0.18205,0.05547,0.13333,0.2,0.23333,390,448.44,303.28,660.94,229.51,177,-2.4505,234.74,1
0.39001,0.51813,0.070057,0.24442,0.36443,0.36918,0.48841,0.074777,0.226,0.34168,0.78685,0.15386,0.7125,0.85,0.85,0.24372,0.053053,0.23333,0.26667,0.26667,350.16,521.88,334.69,719.53,198.26,2495,-12.778,473.35,1
1.7601,0.72631,1.0183,2.0258,2.2857,1.5775,0.73729,0.86399,1.7689,2.1132,0.52222,0.13474,0.4625,0.4625,0.6,0.16296,0.048432,0.13333,0.16667,0.2,405,435.16,331.41,701.56,276.38,148,-3.62,280.39,1
0.67265,0.34222,0.35103,0.69397,0.96512,0.65002,0.34681,0.30772,0.66002,0.94688,0.676,0.11764,0.64688,0.6875,0.72188,0.20267,0.049926,0.16667,0.2,0.23333,380.16,453.91,282.66,685.16,250.96,369,-2.3718,252.79,1
1.5171,0.39093,1.2105,1.4535,1.6531,1.4595,0.3898,1.1474,1.4167,1.6544,0.62045,0.13279,0.5875,0.5875,0.75,0.18182,0.050252,0.14167,0.16667,0.225,380.16,455.47,279.38,682.03,247.97,163,-2.2481,249.59,1
1.4668,0.46913,1.135,1.6346,1.8525,1.3319,0.47175,1.01,1.3968,1.7431,0.585,0.17676,0.575,0.575,0.7375,0.16667,0.060858,0.13333,0.18333,0.2,349.22,500.78,271.88,678.12,193.48,132,-2.2929,194.21,1
0.18322,0.13902,0.108,0.13542,0.21204,0.16658,0.12965,0.097981,0.12541,0.16571,0.70967,0.095784,0.675,0.6875,0.825,0.22013,0.039946,0.2,0.23333,0.23333,345,507.81,382.5,592.19,92.333,1064,2.25,159.96,1
0.14473,0.090229,0.080461,0.12148,0.16829,0.13165,0.075665,0.077542,0.11418,0.15931,0.68318,0.039552,0.6875,0.6875,0.6875,0.21389,0.028906,0.2,0.2,0.23333,303.28,703.91,389.06,506.25,215.47,1704,-2.3042,217.52,1
0.25132,0.25594,0.10875,0.16829,0.28282,0.22168,0.2205,0.097584,0.15131,0.25428,0.65942,0.078417,0.5875,0.725,0.725,0.22557,0.035798,0.2,0.23333,0.26667,300.94,665.62,222.19,781.25,139.9,1524,-1.4683,291.47,1
0.21025,0.2446,0.10424,0.14014,0.22119,0.18378,0.21249,0.099264,0.12505,0.1673,0.78772,0.11293,0.725,0.8125,0.8625,0.25965,0.059674,0.23333,0.23333,0.3,370.31,493.75,420.47,444.53,70.272,1547,-0.98131,233.49,0
0.57524,0.39487,0.1773,0.445,0.96726,0.52324,0.37494,0.16487,0.40734,0.88867,0.66875,0.080496,0.6875,0.6875,0.6875,0.23137,0.043377,0.23333,0.23333,0.26667,265.78,682.81,415.78,441.41,284.21,518,-1.6094,287.77,1
3.4589,0.66636,2.811,3.5104,4.0752,3.4346,0.54306,3.0161,3.557,3.8532,0.7,0.18371,0.775,0.775,0.775,0.23889,0.074287,0.23333,0.25,0.3,259.69,688.28,419.06,442.97,292.54,89,-1.5392,296.82,1
0.43454,0.30061,0.16829,0.38145,0.57932,0.40809,0.29717,0.16064,0.32188,0.53743,0.65329,0.056777,0.6625,0.6625,0.6625,0.23509,0.041696,0.2,0.23333,0.26667,280.78,671.88,417.66,451.56,259.37,593,-1.6096,263.72,1
0.73637,0.31241,0.46205,0.80613,0.96415,0.67588,0.31022,0.39234,0.76023,0.87549,0.67083,0.095101,0.7,0.7,0.7,0.22222,0.045733,0.2,0.23333,0.26667,290.16,646.09,396.09,480.47,196.61,267,-1.5634,199.2,1
0.42833,0.24973,0.26937,0.32089,0.58919,0.40864,0.25504,0.21536,0.32782,0.5712,0.68984,0.090625,0.7125,0.7125,0.7125,0.22083,0.045338,0.2,0.23333,0.26667,295.78,625.78,350.62,542.97,99.326,237,-1.51,100.6,1
0.35191,0.25066,0.15934,0.33142,0.38678,0.32473,0.24239,0.13781,0.30382,0.36341,0.69679,0.072645,0.7125,0.7125,0.7125,0.22821,0.033802,0.2,0.23333,0.26667,293.44,729.69,393.75,503.12,247.78,696,-2.2586,251.65,1
0.29186,0.4198,0.10725,0.14014,0.26061,0.27292,0.40626,0.098586,0.12569,0.2126,0.77973,0.053102,0.7875,0.7875,0.7875,0.27703,0.029674,0.26667,0.26667,0.3,309.38,609.38,230.16,780.47,188.54,1589,-2.1598,424.06,1
3.4831,1.1073,2.7052,3.2768,4.2611,3.3831,1.3484,2.3778,3.3384,4.3996,0.7375,0.20917,0.625,0.6875,0.9375,0.24,0.054772,0.19167,0.26667,0.275,350.62,525,272.81,718.75,208.79,61,-2.49,209.92,1
1.0547,0.72177,0.41934,1.0244,1.6043,0.93038,0.66849,0.36988,0.87505,1.278,0.74444,0.1248,0.7625,0.7625,0.7625,0.22963,0.039422,0.23333,0.23333,0.23333,357.66,510.94,248.44,753.12,265.68,266,-2.2175,267.16,1
2.1316,0.71429,1.7611,2.2647,2.5351,2.015,0.79694,1.4073,2.3287,2.5363,0.66607,0.23824,0.50313,0.6625,0.875,0.21429,0.063413,0.175,0.23333,0.26667,378.75,480.47,257.81,667.97,223.12,103,-1.5504,224.54,1
0.6669,0.43616,0.22097,0.72237,0.9412,0.65812,0.40522,0.45912,0.7045,0.89725,0.89079,0.22867,0.7875,0.875,1.0625,0.36316,0.084543,0.36667,0.4,0.4,342.19,522.66,466.88,409.38,168.46,376,-0.90852,184.69,0
2.6053,0.47706,2.2573,2.6421,3.0217,2.3576,0.41729,2.0619,2.3933,2.6532,0.72708,0.1437,0.6875,0.7625,0.8375,0.23333,0.055777,0.23333,0.23333,0.26667,286.88,693.75,396.56,475,244.71,104,-1.9943,251.26,1
2.9071,0.40164,2.5884,2.961,3.1378,2.8394,0.33224,2.6168,2.8033,3.062,0.7,0.18371,0.775,0.775,0.775,0.23333,0.059628,0.2,0.25,0.26667,292.5,652.34,401.72,474.22,208.94,73,-1.6309,212.12,1
1.787,0.28411,1.6609,1.7151,1.9793,1.621,0.23902,1.549,1.6015,1.6326,0.70556,0.095833,0.7375,0.7375,0.7375,0.24815,0.047467,0.2,0.26667,0.275,296.25,689.06,394.22,484.38,226.92,133,-2.0893,231.69,1
0.84764,0.49876,0.3725,0.82351,1.2062,0.76378,0.44976,0.35138,0.78526,1.118,0.73454,0.13505,0.6875,0.8,0.8375,0.25175,0.053523,0.23333,0.26667,0.26667,302.34,664.84,409.22,465.62,226.08,930,-1.864,705.41,1
0.80869,0.21684,0.71216,0.79609,0.91523,0.71864,0.17593,0.64894,0.71359,0.83547,0.71691,0.11362,0.7625,0.7625,0.7625,0.22941,0.046967,0.2,0.23333,0.26667,315.94,625,408.75,461.72,187.82,237,-1.7593,190.82,1
1.0921,0.12021,1.006,1.075,1.2017,1.0293,0.12335,0.93354,0.99868,1.1396,0.63472,0.083333,0.6625,0.6625,0.6625,0.24444,0.037268,0.2,0.26667,0.26667,300,611.72,376.41,489.84,143.85,134,-1.5951,144.94,1
0.14945,0.14609,0.055471,0.11491,0.14886,0.13303,0.1197,0.053574,0.10634,0.13945,0.84988,0.10519,0.7625,0.8875,0.9,0.29833,0.046269,0.26667,0.3,0.33333,306.56,585.16,440.62,435.94,200.6,3194,-1.1131,296.7,1
0.31256,0.26106,0.12148,0.25286,0.36443,0.28588,0.24918,0.11338,0.21966,0.33934,0.77267,0.10896,0.7,0.8375,0.8375,0.24802,0.053345,0.23333,0.26667,0.3,406.88,435.16,256.41,691.41,297.16,1024,-1.703,301.09,1
0.26694,0.26615,0.15934,0.19549,0.30378,0.25275,0.27011,0.14872,0.18187,0.28909,0.67165,0.1348,0.6125,0.7625,0.7625,0.19512,0.04318,0.16667,0.2,0.23333,394.22,450,353.91,614.84,169.7,650,-4.0891,171.88,1
0.75539,0.24811,0.65496,0.82028,0.91509,0.68941,0.24194,0.5895,0.7683,0.84304,0.74261,0.093275,0.7625,0.7625,0.7625,0.24545,0.0443,0.23333,0.26667,0.26667,299.53,675,420.94,474.22,234.63,313,-1.6538,236.78,1
1.7258,0.44316,1.5778,1.7514,1.8238,1.4945,0.33033,1.375,1.6267,1.6708,0.63625,0.11909,0.6875,0.6875,0.6875,0.23333,0.04969,0.2,0.25,0.26667,302.34,672.66,412.03,472.66,228.1,134,-1.8234,231.23,1
0.44286,0.50116,0.0835,0.17652,0.79725,0.35482,0.46306,0.067363,0.16804,0.43927,0.76058,0.093241,0.6875,0.825,0.825,0.25385,0.039764,0.225,0.26667,0.3,315,645.31,358.12,574.22,83.151,237,-1.6486,84.464,1
1.1412,0.61255,0.56387,1.3246,1.5851,1.0204,0.59193,0.44287,1.1051,1.4786,0.66635,0.20498,0.68125,0.725,0.725,0.2,0.065263,0.19167,0.23333,0.23333,363.75,513.28,322.97,710.16,201.05,177,-4.8276,202.63,1
0.76877,0.46734,0.34925,0.75935,1.1928,0.74227,0.43958,0.34687,0.7923,1.1591,0.79148,0.19049,0.65,0.825,0.9875,0.25,0.064856,0.23333,0.25,0.3,393.75,465.62,315.94,707.03,253.64,341,-3.1024,258.42,1
0.42583,0.39997,0.096448,0.31308,0.74501,0.35495,0.33377,0.082058,0.24831,0.56082,0.78155,0.030005,0.775,0.775,0.775,0.25238,0.01992,0.23333,0.26667,0.26667,389.06,471.09,297.19,664.84,214.43,460,-2.1088,215.43,1
2.7942,0.23354,2.6475,2.6856,2.9681,2.6805,0.29153,2.4744,2.6805,2.8866,0.55,0.24217,0.3875,0.64375,0.7125,0.18333,0.10364,0.11667,0.21667,0.25,343.59,556.25,415.78,457.03,122.7,44,-1.3745,123.06,1
1.3729,0.96058,0.37466,1.6469,2.2407,1.1505,0.85174,0.29339,1.3267,1.9144,0.71058,0.15818,0.74063,0.775,0.775,0.21795,0.064715,0.2,0.23333,0.26667,310.78,680.47,409.69,469.53,232.97,207,-2.1327,244.48,1
0.15593,0.12224,0.060739,0.119,0.1743,0.14437,0.11554,0.058767,0.10883,0.16456,0.75526,0.030976,0.7625,0.7625,0.7625,0.25263,0.023526,0.23333,0.26667,0.26667,319.22,664.06,385.78,505.47,172,1336,-2.3826,173.83,1
0.90314,0.27635,0.7954,0.88296,1.0787,0.82534,0.27271,0.7157,0.83431,0.95259,0.6875,0.16254,0.75,0.75,0.75,0.20952,0.056126,0.2,0.23333,0.23333,382.97,478.12,290.62,639.06,185.55,207,-1.7428,186.22,1
0.95196,0.368,0.70071,1.1279,1.1626,0.9234,0.36795,0.87799,1.0825,1.1037,0.65114,0.20942,0.50313,0.6625,0.825,0.2,0.082999,0.14167,0.23333,0.26667,394.69,457.03,284.06,626.56,202.43,208,-1.5325,204.04,1
1.6318,0.51639,1.328,1.6346,2.1251,1.5463,0.53434,1.1187,1.6576,1.9943,0.68375,0.15757,0.5875,0.725,0.725,0.22667,0.049191,0.2,0.21667,0.26667,398.44,460.94,270,668.75,244.3,149,-1.618,246.81,1
1.9029,0.68746,1.3981,1.9935,2.5203,1.7281,0.69638,1.2249,1.8099,2.3523,0.6625,0.20336,0.65,0.7875,0.7875,0.24333,0.086138,0.23333,0.26667,0.3,372.19,489.06,236.25,699.22,250.29,133,-1.546,252.66,1
0.2918,0.32235,0.054377,0.11598,0.67196,0.26166,0.29818,0.053257,0.10239,0.57069,0.88036,0.031693,0.875,0.875,0.875,0.3381,0.038892,0.3,0.33333,0.36667,370.31,492.19,263.44,623.44,169.26,1060,-1.2281,171.15,1
1.2876,0.30147,0.98548,1.4148,1.4551,1.1867,0.30162,0.86719,1.2538,1.3691,0.72083,0.17042,0.7875,0.7875,0.7875,0.23056,0.062697,0.2,0.23333,0.26667,303.75,628.91,423.28,461.72,205.52,162,-1.3987,207.78,1
1.6437,0.36233,1.4738,1.717,1.8676,1.5162,0.37444,1.3381,1.5535,1.7596,0.6175,0.18364,0.7,0.7,0.7,0.22333,0.073786,0.2,0.23333,0.26667,312.19,638.28,446.72,445.31,235.24,148,-1.4344,238.16,1
1.4467,0.73677,0.78597,1.4536,1.795,1.1661,0.47323,0.70811,1.2108,1.5934,0.65125,0.075104,0.675,0.675,0.675,0.23,0.045677,0.2,0.23333,0.26667,320.62,657.81,420.94,474.22,209.21,148,-1.8302,212.7,1
0.97209,0.24327,0.73001,0.98011,1.2038,0.90228,0.24741,0.64341,0.84026,1.1549,0.70769,0.15297,0.74063,0.775,0.775,0.23846,0.066453,0.2,0.23333,0.275,309.38,635.94,413.91,464.06,201.17,209,-1.6442,203.8,1
1.4606,0.4197,1.1329,1.6229,1.757,1.3051,0.41922,0.95793,1.3783,1.6458,0.64375,0.15015,0.6125,0.68125,0.75,0.2,0.056344,0.18333,0.2,0.21667,328.59,597.66,415.78,475.78,149.85,104,-1.3978,151.61,1
0.70855,0.46265,0.29905,0.72086,1.0572,0.59669,0.36325,0.27908,0.64252,0.94671,0.77222,0.044465,0.7875,0.7875,0.7875,0.26296,0.035954,0.23333,0.26667,0.26667,302.81,649.22,404.53,482.03,195.7,298,-1.6436,197.81,1
1.9607,0.7527,1.3399,2.0144,2.6517,1.8739,0.8171,1.0653,2.1594,2.5694,0.68125,0.171,0.575,0.6625,0.825,0.20417,0.054736,0.15,0.21667,0.25,405,439.84,355.78,714.84,279.37,133,-5.5873,281.32,1
3.0345,1.818,1.7578,3.135,3.9859,2.1447,1.0566,1.3316,2.4157,2.9577,0.50833,0.2106,0.425,0.50625,0.5875,0.12778,0.044305,0.1,0.13333,0.13333,408.75,472.66,382.5,721.88,250.6,88,-9.494,250.78,1
2.1652,0.69467,1.5908,2.5431,2.6553,1.9033,0.74074,1.2991,1.9564,2.5074,0.64375,0.089005,0.5625,0.64375,0.725,0.18889,0.034427,0.16667,0.2,0.2,388.12,509.38,347.34,703.91,198.76,89,-4.7701,199.05,1
0.6282,0.7434,0.041392,0.15044,1.1756,0.51745,0.64886,0.030102,0.12265,0.94783,0.71548,0.048879,0.7,0.7,0.7,0.23175,0.028822,0.2,0.23333,0.26667,389.53,492.97,329.53,707.03,222.31,712,-3.5677,223.44,1
2.7257,0.87081,2.11,2.7257,3.3415,1.8872,0,1.8872,1.8872,1.8872,0.575,0.28146,0.37188,0.7375,0.7375,0.2,0.12019,0.10833,0.23333,0.28333,370.78,530.47,418.12,464.06,81.555,30,-1.4026,81.772,1
3.063,0.84392,2.4363,2.8613,3.6897,2.5155,0.42148,2.2198,2.4109,2.8373,0.6575,0.15093,0.64063,0.725,0.725,0.25333,0.055777,0.21667,0.26667,0.3,326.25,676.56,414.38,467.97,226.45,75,-2.367,230.72,1
1.982,0.38153,1.7583,2.0568,2.3053,1.879,0.39655,1.6608,1.9719,2.1856,0.72969,0.12816,0.775,0.775,0.775,0.22917,0.045207,0.21667,0.23333,0.26667,332.81,646.88,418.59,464.84,201.23,103,-2.122,203.94,1
0.38454,0.23905,0.21511,0.36443,0.40166,0.35333,0.24061,0.20359,0.33853,0.37236,0.73594,0.10467,0.7625,0.7625,0.7625,0.25278,0.041606,0.23333,0.26667,0.26667,332.81,684.38,382.03,561.72,132.16,371,-2.4921,137.71,1
0.59852,0.58906,0.16375,0.36099,1.0149,0.4686,0.39287,0.14885,0.29008,0.87452,0.775,0.13457,0.825,0.825,0.825,0.26818,0.051923,0.26667,0.26667,0.3,308.91,680.47,394.69,503.91,196.3,326,-2.0583,201.06,1
0.73707,0.31307,0.46965,0.78153,0.97821,0.66175,0.30642,0.43218,0.6919,0.91538,0.69375,0.098027,0.7375,0.7375,0.7375,0.22857,0.052064,0.2,0.23333,0.26667,346.88,684.38,402.19,503.12,189.5,237,-3.2768,192.99,1
0.66001,0.60141,0.12722,0.50271,1.0889,0.60257,0.58036,0.11506,0.38927,1.0175,0.76302,0.11653,0.7625,0.7625,0.83125,0.25556,0.053538,0.23333,0.26667,0.3,369.84,517.19,309.38,735.94,226.95,548,-3.6176,230.31,1
2.3886,1.3589,1.1788,3.0312,3.167,1.8989,1.1235,0.90763,2.1356,2.8986,0.49687,0.19477,0.4,0.475,0.65,0.14167,0.055635,0.1,0.13333,0.2,400.78,484.38,375.94,729.69,246.57,104,-9.8742,248.32,1
2.1395,0.97443,1.5326,2.5049,2.8331,1.8205,1.0356,1.0624,1.9894,2.5787,0.42083,0.1185,0.2875,0.45,0.45,0.11667,0.054772,0.1,0.11667,0.13333,409.22,509.38,382.97,704.69,197.07,88,-7.4405,197.36,1
1.9467,0.737,1.2434,2.2308,2.5252,1.7553,0.76123,0.92348,1.9801,2.3664,0.58281,0.11591,0.55,0.55,0.7,0.1875,0.030538,0.16667,0.2,0.2,395.62,520.31,363.75,719.53,201.75,104,-6.25,201.93,1
2.0352,0.60658,1.6319,1.974,2.4356,1.7594,0.50448,1.4085,1.799,2.2268,0.66719,0.18297,0.525,0.6875,0.85,0.1875,0.04693,0.13333,0.2,0.23333,406.41,460.16,336.56,694.53,244.56,118,-3.3557,244.89,1
1.147,0.54183,0.55356,1.1902,1.5866,1.0246,0.53111,0.48513,0.91834,1.4666,0.65114,0.16032,0.6125,0.75,0.75,0.21515,0.052416,0.20833,0.23333,0.23333,384.38,489.06,308.91,666.41,192.73,164,-2.3499,195.94,1
0.38636,0.36586,0.10875,0.22846,0.68479,0.31038,0.30258,0.094021,0.17456,0.51323,0.85,2.2933e-16,0.85,0.85,0.85,0.24375,0.020069,0.23333,0.23333,0.26667,367.97,521.09,336.56,605.47,90.031,326,-2.6866,90.667,1
1.7197,0.46107,1.287,1.8717,2.0268,1.6849,0.39254,1.485,1.7737,1.9455,0.69625,0.090915,0.725,0.725,0.725,0.24667,0.035832,0.23333,0.23333,0.26667,303.28,646.09,416.72,450.78,225.87,132,-1.7218,227.41,1
3.3656,0.54687,3.0178,3.5595,3.7134,3.409,0.12316,3.3181,3.3992,3.5024,0.6975,0.061492,0.69063,0.725,0.725,0.23333,0.040825,0.21667,0.23333,0.26667,337.03,651.56,409.22,470.31,195.1,59,-2.5108,198.47,1
0.71446,0.48531,0.37895,0.57377,1.1663,0.69436,0.49707,0.31681,0.52808,1.1826,0.70804,0.13171,0.7625,0.7625,0.7625,0.24286,0.056126,0.23333,0.26667,0.26667,338.44,664.84,418.12,457.81,221.84,252,-2.598,225.88,1
0.99033,0.41466,0.66445,0.94702,1.3406,0.91242,0.41411,0.59513,0.83251,1.2683,0.69732,0.11437,0.7375,0.7375,0.7375,0.24524,0.042582,0.23333,0.25,0.26667,339.84,643.75,425.62,458.59,204.06,208,-2.1585,206.93,1
0.89487,0.21188,0.69933,0.81482,1.1379,0.81023,0.18459,0.64779,0.75239,1.014,0.75588,0.13536,0.8,0.8,0.8,0.25294,0.055351,0.23333,0.26667,0.275,330,627.34,435,446.88,208.79,237,-1.7188,211.36,1
1.3749,0.61478,1.0558,1.2755,1.5554,1.1199,0.35526,0.97033,1.1837,1.3293,0.6875,0.22361,0.6875,0.7125,0.8625,0.22667,0.073367,0.2,0.26667,0.26667,330,644.53,420.94,441.41,222.55,163,-2.2337,226.87,1
2.3627,0.31261,2.158,2.4337,2.5762,2.2352,0.29823,2.0435,2.3134,2.4021,0.65417,0.0677,0.5625,0.7,0.7,0.23056,0.038817,0.2,0.23333,0.26667,56.719,492.97,433.59,559.38,382.68,163,0.1762,385.31,0
2.6919,0.3372,2.5441,2.6644,2.8602,2.5199,0.35302,2.358,2.5187,2.6959,0.6825,0.13006,0.6125,0.75,0.75,0.21333,0.047661,0.2,0.23333,0.23333,356.72,535.94,0.46875,557.81,356.92,133,-0.061404,357.37,0
0.32265,0.10219,0.28886,0.34196,0.39047,0.29722,0.09849,0.26398,0.31554,0.36334,0.63314,0.099772,0.6,0.6,0.75,0.21783,0.041371,0.2,0.23333,0.23333,345.94,627.34,430.31,446.88,199.22,623,-2.1389,200.81,1
0.78276,0.33337,0.55383,0.71329,0.98183,0.75516,0.31563,0.53014,0.66137,0.95724,0.75057,0.14338,0.8,0.8,0.8,0.24394,0.056705,0.2,0.26667,0.3,321.56,680.47,414.84,464.06,235.65,311,-2.3199,243.98,1
0.99691,0.30743,0.7419,0.97419,1.1257,0.8837,0.21963,0.68425,0.89959,1.001,0.76845,0.087287,0.7875,0.7875,0.7875,0.26508,0.048849,0.23333,0.26667,0.3,249.38,718.75,399.84,475,286.45,296,-1.6199,294.54,1
0.62796,0.36931,0.31869,0.51837,0.78153,0.57811,0.38148,0.24478,0.48963,0.70489,0.63393,0.095045,0.55,0.6875,0.6875,0.20159,0.035709,0.19167,0.2,0.23333,397.97,487.5,382.03,670.31,183.51,297,-11.471,186.65,1
1.2828,0.35159,1.1297,1.2608,1.4724,1.1604,0.3448,1.0654,1.1574,1.2982,0.72768,0.16584,0.7875,0.7875,0.7875,0.23571,0.068518,0.23333,0.23333,0.26667,328.12,651.56,435.94,435.16,241.78,193,-2.0072,247.15,1
0.99264,0.36903,0.8125,0.92162,0.96493,0.93072,0.36916,0.73496,0.84098,0.93795,0.86382,0.15286,0.85,0.85,1,0.2614,0.041963,0.23333,0.26667,0.3,402.66,447.66,162.66,504.69,246.68,266,-0.23763,263.01,0
1.2439,0.18901,1.1019,1.2364,1.3422,1.1811,0.18929,1.0717,1.1811,1.278,0.67778,0.12987,0.69688,0.7375,0.7375,0.24815,0.041201,0.23333,0.23333,0.275,421.88,606.25,281.72,630.47,142.23,118,-0.1728,146.39,0
1.0862,0.28622,0.89785,1.0973,1.346,0.94072,0.27385,0.7493,0.95515,1.1321,0.63333,0.1633,0.7,0.7,0.7,0.22222,0.086066,0.2,0.23333,0.3,367.5,596.09,293.44,617.97,77.225,74,-0.29536,80.234,0
0.94195,0.28557,0.686,0.93895,1.2057,0.88593,0.28433,0.6129,0.94991,1.1393,0.86042,0.19253,0.85,0.85,1,0.28611,0.062697,0.28333,0.3,0.31667,406.88,528.12,261.09,539.06,146.19,164,-0.075027,153.71,0
1.2475,0.34376,0.96371,1.2416,1.5104,1.0666,0.28422,0.8519,1.1313,1.2435,0.61429,0.18714,0.5625,0.7125,0.7125,0.19524,0.084828,0.15,0.23333,0.25833,404.06,622.66,298.59,651.56,109.36,88,-0.27407,110.03,0
1.608,0.67047,1.1706,1.4107,1.7807,1.6158,0.65468,1.2703,1.3914,1.7569,0.63281,0.12427,0.5625,0.7125,0.7125,0.20833,0.034503,0.18333,0.2,0.23333,164.06,574.22,326.72,591.41,163.56,103,0.10567,164.22,0
3.1201,0.89322,2.4884,3.1201,3.7517,3.58,0,3.58,3.58,3.58,0.6,0.15155,0.49062,0.6875,0.6875,0.17778,0.03849,0.15,0.2,0.2,252.19,555.47,341.72,549.22,89.749,29,-0.069808,89.85,0
3.6366,0.68567,3.1133,3.759,4.1294,3.3535,0.99861,2.6474,3.3535,4.0597,0.60938,0.17541,0.46875,0.65,0.75,0.18333,0.057735,0.13333,0.18333,0.23333,210,575,373.12,586.72,163.55,45,0.071839,163.65,0
3.6123,0.97732,2.8908,3.5347,4.3533,3.8734,0.73131,3.3563,3.8734,4.3905,0.62813,0.18607,0.48125,0.675,0.775,0.2,0.04714,0.16667,0.21667,0.23333,232.97,592.19,394.69,585.16,161.87,45,-0.043478,162.56,0
2.3095,0.61165,1.8025,2.4575,2.6874,2.3488,0.47352,2.0587,2.3306,2.6389,0.66875,0.14247,0.6375,0.70625,0.775,0.20556,0.038968,0.2,0.21667,0.23333,386.25,575.78,217.5,564.84,169.1,74,0.064815,170.09,0
2.3067,0.64901,1.875,2.0222,3.0835,2.2292,0.67744,1.6386,2.037,2.9419,0.70179,0.12756,0.75,0.75,0.75,0.24286,0.041786,0.23333,0.23333,0.26667,376.41,527.34,188.44,592.19,198.84,88,-0.34497,204.05,0
2.8657,0.66547,2.3586,2.9582,3.3496,3.0247,0.43339,2.7182,3.0247,3.3311,0.675,0.125,0.6125,0.7375,0.7375,0.225,0.041944,0.2,0.23333,0.25,352.5,531.25,233.44,565.62,123.93,44,-0.28871,125.48,0
1.8917,0.47267,1.4736,1.8788,2.2879,1.6655,0.41596,1.288,1.5356,1.9765,0.60139,0.14583,0.65,0.65,0.65,0.2037,0.067586,0.2,0.23333,0.23333,392.81,513.28,179.53,550.78,216.55,118,-0.17582,223.16,0
1.642,0.38544,1.3439,1.5802,1.9376,1.6273,0.33607,1.3533,1.598,1.8869,0.625,0,0.625,0.625,0.625,0.19524,0.035635,0.175,0.2,0.225,393.75,592.97,250.78,610.94,144.09,88,-0.12568,144.5,0
3.0603,1.2611,2.1668,2.7814,4.0235,3.4491,1.1356,2.6461,3.4491,4.2521,0.52813,0.17029,0.425,0.55,0.63125,0.16667,0.072008,0.11667,0.15,0.21667,240.94,661.72,375.94,671.88,135.38,44,0.075231,135.75,0
3.3952,1.1116,2.5694,3.3386,4.2351,3.7452,0.80064,3.1791,3.7452,4.3114,0.525,0.23629,0.35,0.6,0.7,0.175,0.073912,0.13333,0.2,0.21667,243.28,641.41,393.28,648.44,150.16,44,0.046875,150.47,0
3.315,0.49895,2.9622,3.315,3.6678,2.7092,0,2.7092,2.7092,2.7092,0.57917,0.16599,0.45938,0.675,0.675,0.17778,0.03849,0.15,0.2,0.2,220.78,652.34,315,669.53,95.774,29,0.18242,95.782,0
1.4732,0.5018,1.1063,1.3477,1.6562,1.3534,0.51042,1.0031,1.206,1.5423,0.63068,0.14857,0.575,0.7125,0.7125,0.20909,0.068461,0.20833,0.23333,0.23333,451.88,625.78,235.31,639.84,217.02,148,-0.064935,217.89,0
1.8345,0.70263,1.306,1.4413,2.5815,1.8831,0.66836,1.3052,1.9008,2.4611,0.68958,0.056134,0.7125,0.7125,0.7125,0.24444,0.027217,0.23333,0.25,0.26667,379.69,607.03,248.44,625.78,132.58,73,-0.14286,133.61,0
2.5363,1.326,1.6282,2.2009,3.3398,2.6997,1.2407,1.7933,2.3386,3.606,0.53333,0.13268,0.5875,0.5875,0.5875,0.17778,0.054433,0.2,0.2,0.2,406.88,600.78,225.47,628.12,183.46,74,-0.15073,185.6,0
2.0729,0.73544,1.5095,1.8807,2.6364,2.1529,0.73084,1.6101,2.1148,2.7053,0.5375,0.17388,0.45938,0.525,0.6875,0.16,0.076012,0.13333,0.16667,0.20833,256.88,688.28,374.53,708.59,119.4,58,0.17264,119.85,0
2.8692,0.61584,2.3425,2.8266,3.3959,2.5237,0.7142,2.0915,2.1532,3.0486,0.5625,0.21433,0.475,0.5625,0.7375,0.16667,0.066667,0.11667,0.2,0.20833,237.66,654.69,405.47,667.19,168.28,59,0.074488,168.64,0
2.2888,0.49699,1.9315,2.2005,2.6682,2.375,0.42042,2.0777,2.375,2.6723,0.54063,0.16875,0.4375,0.55,0.64375,0.13333,0.04714,0.1,0.15,0.16667,265.78,680.47,362.81,704.69,100.01,44,0.2496,100.17,0
2.5264,0.62349,2.1128,2.2941,2.998,2.6185,0.65231,2.1572,2.6185,3.0797,0.54688,0.20243,0.38125,0.5875,0.7125,0.18333,0.069389,0.13333,0.18333,0.23333,247.03,675.78,353.91,714.06,113.52,45,0.35819,113.69,0
2.4238,1.3748,1.1719,2.6377,3.1541,2.0977,1.4623,0.94754,2.085,3.0604,0.5625,0.15745,0.4125,0.5875,0.71875,0.14762,0.057275,0.10833,0.13333,0.19167,233.44,646.09,444.38,657.81,211.26,88,0.055556,213.82,0
2.3942,0.66668,1.826,2.4783,2.8791,2.3397,0.70388,1.8698,2.4422,2.8097,0.65,0,0.65,0.65,0.65,0.24444,0.027217,0.23333,0.25,0.26667,372.19,603.91,198.75,629.69,175.34,74,-0.14865,177.09,0
1.9055,0.52965,1.5547,1.64,2.399,1.8243,0.54697,1.3657,1.6903,2.3645,0.61719,0.12816,0.6625,0.6625,0.6625,0.21667,0.039841,0.2,0.23333,0.23333,354.38,589.06,177.66,650,186.93,103,-0.34483,196.17,0
1.5748,0.26276,1.3128,1.611,1.783,1.4585,0.28775,1.1796,1.4581,1.6832,0.67344,0.15388,0.625,0.7625,0.7625,0.22083,0.04693,0.2,0.23333,0.25,372.19,601.56,218.91,642.19,158.57,103,-0.26504,162.37,0
1.75,0.38283,1.5091,1.6635,2.1122,1.5917,0.38872,1.3671,1.4234,1.9963,0.58056,0.13333,0.625,0.625,0.625,0.2037,0.075359,0.18333,0.23333,0.24167,394.22,598.44,197.81,652.34,203.67,118,-0.27446,206.23,0
1.7546,0.44757,1.3742,1.742,2.0974,1.6738,0.46335,1.2561,1.7504,1.9695,0.56719,0.12816,0.6125,0.6125,0.6125,0.19583,0.054736,0.2,0.2,0.23333,383.44,610.94,210,655.47,179.06,103,-0.25676,180.36,0
1.6948,0.23966,1.5073,1.674,1.8666,1.5272,0.20086,1.3581,1.4982,1.6604,0.56944,0.12917,0.6125,0.6125,0.6125,0.19259,0.052116,0.19167,0.2,0.23333,411.56,598.44,217.97,630.47,196.23,118,-0.16546,199.96,0
1.4626,0.25487,1.2131,1.4675,1.6547,1.4176,0.21772,1.3478,1.4049,1.5844,0.66406,0.10165,0.7,0.7,0.7,0.22917,0.041547,0.23333,0.23333,0.25,420.94,610.16,275.16,639.06,148.62,103,-0.19829,150.43,0
1.5031,0.47084,1.1272,1.625,1.8677,1.4317,0.47032,1.031,1.6199,1.7505,0.75875,0.091487,0.6875,0.825,0.825,0.25333,0.032203,0.23333,0.26667,0.26667,400.31,593.75,216.56,668.75,198.47,133,-0.40816,199.63,0
1.6712,0.14384,1.5111,1.7368,1.7821,1.6014,0.12014,1.5646,1.6351,1.6764,0.8125,0.099216,0.85,0.85,0.85,0.27619,0.03709,0.24167,0.26667,0.3,379.69,542.97,244.22,604.69,148.87,90,-0.45559,150.13,0
1.2612,0.24974,1.0566,1.263,1.3736,1.1067,0.1749,0.93151,1.1106,1.2672,0.7125,0.15,0.7625,0.7625,0.7625,0.23704,0.056383,0.23333,0.23333,0.26667,400.31,572.66,261.56,623.44,147.75,119,-0.36599,149.6,0
1.2481,0.081304,1.1852,1.2629,1.3106,1.1599,0.088579,1.0822,1.1833,1.2282,0.75893,0.10866,0.8,0.8,0.8,0.26667,0.03849,0.24167,0.26667,0.3,400.31,577.34,292.03,578.91,108.29,89,-0.01443,111.02,0
1.4319,0.17668,1.3454,1.4225,1.5471,1.3853,0.12157,1.307,1.3757,1.4624,0.68125,0.12374,0.6125,0.7,0.7875,0.23333,0.025198,0.21667,0.23333,0.25,438.75,612.5,292.97,617.19,145.86,103,-0.032154,147.26,0
1.8775,0.42304,1.6349,1.7689,2.1479,1.8531,0.37968,1.5571,1.7631,2.0908,0.58036,0.19736,0.55,0.7,0.7,0.19048,0.080999,0.15,0.23333,0.23333,199.69,638.28,360.47,672.66,164.41,89,0.2138,165.93,0
2.6301,0.69226,2.1406,2.6301,3.1196,2.972,0,2.972,2.972,2.972,0.58333,0.079386,0.5375,0.5375,0.64063,0.16667,0.033333,0.14167,0.16667,0.19167,258.75,642.97,332.34,660.94,75.756,29,0.24416,75.783,0
1.5059,0.46882,1.1999,1.4008,1.7447,1.4797,0.50568,1.1411,1.4015,1.8184,0.6125,0.10954,0.5125,0.6125,0.7125,0.19444,0.038968,0.16667,0.2,0.23333,209.06,612.5,319.22,628.91,111.37,74,0.14894,111.54,0
2.9994,1.8409,1.5007,2.1609,4.87,3.2558,1.7416,1.7645,3.332,4.747,0.59583,0.071443,0.625,0.625,0.625,0.2,0.042164,0.16667,0.21667,0.23333,420.47,539.06,213.75,610.16,218.6,74,-0.34392,222.8,0
1.9103,0.95953,1.1519,1.638,2.4291,1.8317,0.98757,1.0087,1.6848,2.3939,0.72361,0.079167,0.75,0.75,0.75,0.21852,0.033793,0.19167,0.23333,0.23333,374.53,531.25,168.28,608.59,220.28,118,-0.375,225.33,0
1.5584,0.5487,1.2216,1.2855,1.9299,1.4313,0.56087,1.135,1.1549,1.7209,0.64625,0.12639,0.7,0.7,0.7,0.19667,0.042889,0.16667,0.2,0.23333,415.78,542.97,217.5,600,206.32,134,-0.28763,209.17,0
1.6235,0.61136,1.2627,1.4345,1.9842,1.702,0.61774,1.3287,1.3801,2.1557,0.5725,0.089443,0.5625,0.6125,0.6125,0.17333,0.036515,0.13333,0.2,0.2,393.75,548.44,305.62,577.34,92.745,58,-0.32801,93.441,0
1.3467,0.31241,1.0517,1.3622,1.5423,1.2196,0.30327,0.98817,1.2373,1.3675,0.61354,0.1263,0.65,0.65,0.65,0.19722,0.061065,0.18333,0.23333,0.23333,433.12,536.72,221.72,589.06,217.79,163,-0.2476,219.01,0
1.2009,0.31913,0.97434,1.076,1.3661,1.1621,0.31213,0.94853,1.044,1.3709,0.62222,0.16651,0.64375,0.7,0.7,0.1963,0.056383,0.19167,0.2,0.23333,390.94,549.22,255.94,586.72,140.11,118,-0.27778,141.47,0
2.4793,0.64477,1.9484,2.3743,3.0102,2.2314,0.77386,1.782,1.79,2.7912,0.5825,0.16854,0.50937,0.575,0.725,0.19333,0.049441,0.15833,0.2,0.21667,208.59,656.25,352.97,671.88,145.22,59,0.10823,146.78,0
2.678,0.76818,2.1348,2.678,3.2212,3.0789,0,3.0789,3.0789,3.0789,0.57917,0.11547,0.5125,0.5125,0.6625,0.15556,0.019245,0.14167,0.16667,0.16667,260.62,629.69,338.91,647.66,80.317,30,0.22954,80.34,0
3.1863,1.0721,2.3691,3.4982,3.9254,3.596,0.32614,3.3654,3.596,3.8266,0.52813,0.22393,0.36875,0.60625,0.6875,0.18333,0.088192,0.11667,0.2,0.25,245.62,625,387.19,632.03,141.74,45,0.049669,141.88,0
1.6636,0.12335,1.5763,1.6636,1.7508,1.4596,0,1.4596,1.4596,1.4596,0.70417,0.16599,0.58437,0.8,0.8,0.23333,0.057735,0.19167,0.26667,0.26667,318.28,626.56,268.59,628.91,49.743,30,-0.04717,49.907,0
1.5564,0.55654,1.2863,1.6373,2.0061,1.3945,0.59263,1.024,1.3536,1.9157,0.78393,0.10866,0.825,0.825,0.825,0.30476,0.04484,0.275,0.3,0.33333,380.62,564.06,262.03,614.06,128.7,89,-0.42161,138.5,0
1.2982,0.1426,1.2823,1.3187,1.376,1.1745,0.13282,1.1329,1.2063,1.257,0.70179,0.1126,0.65,0.65,0.8125,0.24286,0.046004,0.20833,0.23333,0.25833,386.25,599.22,272.81,592.97,113.61,88,0.055096,114.04,0
1.4349,0.21837,1.2907,1.4548,1.6473,1.4049,0.15815,1.2889,1.402,1.544,0.72679,0.10979,0.675,0.7875,0.7875,0.22857,0.035635,0.20833,0.23333,0.25833,390.94,603.91,268.59,628.91,124.87,88,-0.20434,125.99,0
1.5565,0.45437,1.419,1.6539,1.9007,1.4697,0.48581,1.4473,1.5392,1.8407,0.57969,0.16863,0.5625,0.6625,0.6625,0.19583,0.076506,0.16667,0.23333,0.23333,407.34,625.78,248.91,628.91,158.47,103,-0.019724,159.77,0
1.6255,0.4313,1.2916,1.5081,1.9736,1.5744,0.42441,1.3604,1.3975,2.0164,0.64219,0.092808,0.675,0.675,0.675,0.20833,0.042725,0.18333,0.21667,0.23333,394.69,592.19,230.16,618.75,166.66,103,-0.16144,167.11,0
3.5406,1.6476,2.5423,3.0691,4.5388,3.4783,1.9886,2.1273,2.834,4.9903,0.5775,0.24196,0.5,0.6125,0.75,0.18,0.090062,0.13333,0.2,0.24167,164.53,657.81,366.09,667.97,201.82,58,0.050388,203.36,0
3.0831,1.1669,2.3486,2.5436,3.9525,3.319,1.312,2.3913,3.319,4.2467,0.55313,0.17777,0.41875,0.60625,0.6875,0.18333,0.057735,0.15,0.2,0.21667,207.66,650,339.84,671.88,133.99,44,0.16548,134.32,0
3.6944,0.90069,3.0072,3.9368,4.321,3.9496,0.45199,3.63,3.9496,4.2692,0.49688,0.22785,0.3625,0.55,0.63125,0.15,0.088192,0.083333,0.16667,0.21667,252.66,630.47,412.03,648.44,160.38,44,0.11275,162.31,0
2.9108,0.81509,2.3344,2.9108,3.4871,3.3261,0,3.3261,3.3261,3.3261,0.59583,0.11547,0.5125,0.6625,0.6625,0.22222,0.050918,0.18333,0.23333,0.25833,248.91,621.88,331.41,641.41,84.78,29,0.23674,84.988,0
3.865,1.5706,2.7544,3.865,4.9756,4.7919,0,4.7919,4.7919,4.7919,0.64583,0.20207,0.5,0.7625,0.7625,0.18889,0.050918,0.15,0.2,0.225,255.47,613.28,371.25,614.84,115.79,30,0.013495,115.95,0
3.1633,0.88951,2.5344,3.1633,3.7923,3.6234,0,3.6234,3.6234,3.6234,0.6,0.1625,0.47813,0.6,0.72187,0.18889,0.050918,0.15,0.2,0.225,265.31,607.03,357.66,628.91,94.899,30,0.23689,94.9,0
2.9847,0.86876,2.3704,2.9847,3.599,3.441,0,3.441,3.441,3.441,0.6,0.10825,0.5375,0.5375,0.67812,0.17778,0.03849,0.15,0.2,0.2,256.41,629.69,341.72,656.25,89.352,30,0.31136,89.542,0
1.9556,0.61925,1.4788,1.8089,2.5171,1.8758,0.61891,1.3415,1.8184,2.4817,0.64028,0.10417,0.675,0.675,0.675,0.23704,0.035136,0.225,0.23333,0.26667,412.97,604.69,191.72,658.59,227.72,118,-0.24364,230.42,0
1.9526,0.69588,1.4227,1.6149,2.664,2.0036,0.64152,1.4507,2.018,2.5566,0.66458,0.097601,0.5875,0.725,0.725,0.20556,0.025092,0.2,0.2,0.23333,396.56,600,256.41,617.97,141.3,73,-0.12821,142.4,0
1.7446,0.75733,0.90181,1.7978,2.4866,1.618,0.81971,0.78422,1.7102,2.3574,0.67143,0.075593,0.7,0.7,0.7,0.2619,0.023002,0.24167,0.26667,0.26667,362.81,564.84,228.28,619.53,145.22,88,-0.4065,153.47,0
1.3785,0.5139,0.9976,1.4389,1.7305,1.2976,0.54366,0.80729,1.3843,1.65,0.64219,0.057452,0.6625,0.6625,0.6625,0.25,0.025198,0.23333,0.23333,0.26667,373.59,583.59,239.06,613.28,137.77,104,-0.22067,142.53,0
1.4046,0.2047,1.1886,1.3971,1.6057,1.3497,0.1909,1.1875,1.3895,1.5072,0.68929,0.12756,0.7375,0.7375,0.7375,0.22857,0.035635,0.20833,0.23333,0.25833,365.62,589.84,246.09,616.41,122.45,89,-0.22222,124.76,0
1.4473,0.74114,0.96403,1.3099,1.7313,1.3799,0.72875,0.84963,1.2976,1.6814,0.60417,0.10007,0.6375,0.6375,0.64688,0.22222,0.041148,0.20833,0.23333,0.23333,380.16,611.72,249.38,620.31,131.06,993,-0.065711,455.63,0
1.3744,0.37002,1.1175,1.2302,1.6416,1.1609,0.24534,1.0098,1.0978,1.2936,0.64107,0.16936,0.62188,0.725,0.725,0.2,0.07698,0.2,0.23333,0.23333,404.06,595.31,284.53,580.47,120.45,88,0.12418,120.93,0
1.5674,0.42485,1.243,1.6571,1.8695,1.2592,0.37978,0.99063,1.2592,1.5277,0.67812,0.21875,0.56875,0.7875,0.7875,0.23333,0.066667,0.2,0.26667,0.26667,351.09,582.03,281.72,584.38,69.415,44,-0.033784,69.429,0
1.521,0.36668,1.3276,1.5797,1.7806,1.4297,0.38633,1.181,1.537,1.6651,0.67222,0.15833,0.725,0.725,0.725,0.24444,0.074536,0.23333,0.26667,0.275,424.69,615.62,265.31,672.66,169.27,118,-0.35784,179.47,0
0.99764,0.13258,0.8581,1.0194,1.0729,0.90351,0.1113,0.78392,0.93458,1.004,0.61932,0.12085,0.55,0.7,0.7,0.19091,0.039696,0.15,0.2,0.225,464.06,639.84,317.81,640.62,146.25,148,-0.0053419,147.72,0
0.94152,0.12714,0.83229,0.92783,1.0496,0.90087,0.12014,0.80237,0.89131,1.0106,0.66806,0.14254,0.5875,0.75,0.75,0.22593,0.057198,0.21667,0.23333,0.26667,432.19,602.34,321.56,614.84,111.33,119,-0.11299,112.16,0
1.3778,0.15726,1.2702,1.3021,1.5385,1.3089,0.16951,1.1659,1.3324,1.4519,0.57083,0.19536,0.5375,0.625,0.7125,0.17778,0.068853,0.13333,0.2,0.2,252.66,580.47,349.22,606.25,99.945,73,0.26699,100.49,0
2.4052,0.15432,2.2961,2.4052,2.5143,2.3612,0,2.3612,2.3612,2.3612,0.48333,0.21299,0.32188,0.5,0.64062,0.15556,0.03849,0.13333,0.13333,0.18333,325.31,589.06,395.62,603.91,71.862,30,0.21111,72.156,0
1.5489,0.10397,1.4634,1.5472,1.6343,1.4804,0.095208,1.4079,1.4935,1.5497,0.5675,0.12888,0.45,0.5875,0.63125,0.16667,0.052705,0.125,0.16667,0.20833,292.5,631.25,380.62,654.69,91.188,59,0.26596,91.442,0
0.88911,0.12069,0.81237,0.88118,1.0031,0.82249,0.12405,0.73209,0.80653,0.96273,0.60938,0.17057,0.525,0.6,0.7625,0.21389,0.068841,0.16667,0.23333,0.25,442.03,586.72,301.41,579.69,140.8,163,0.05,144.86,0
1.0201,0.26945,0.87673,0.95043,1.0628,0.86745,0.10536,0.79494,0.88294,0.94429,0.63375,0.12262,0.575,0.7125,0.7125,0.21667,0.063343,0.2,0.23333,0.26667,438.28,596.88,304.22,572.66,136.23,134,0.18065,136.78,0
1.068,0.22541,0.85301,1.029,1.2557,1.005,0.23619,0.76693,1.0054,1.1794,0.61719,0.14546,0.525,0.7125,0.7125,0.2125,0.056167,0.18333,0.23333,0.25,422.81,580.47,314.06,579.69,108.75,104,0.0071839,110.72,0
1.3195,0.16175,1.1866,1.309,1.4287,1.254,0.15318,1.1506,1.262,1.3445,0.6375,0.14114,0.575,0.7375,0.7375,0.2037,0.073493,0.13333,0.2,0.24167,220.31,638.28,372.66,652.34,152.99,118,0.092308,155.32,0
2.5022,0.31253,2.2812,2.5022,2.7232,2.5712,0,2.5712,2.5712,2.5712,0.59583,0.18764,0.45625,0.5875,0.7375,0.18889,0.050918,0.15,0.2,0.225,299.53,620.31,374.53,622.66,75.037,30,0.03125,75.067,0
3.1566,0.278,2.96,3.1566,3.3532,2.7365,0,2.7365,2.7365,2.7365,0.56667,0.17515,0.43438,0.575,0.69688,0.18889,0.050918,0.15,0.2,0.225,268.59,625.78,362.34,639.06,94.686,30,0.14167,94.699,0
1.3342,0.267,1.1757,1.307,1.5273,1.1774,0.23746,1.0421,1.1725,1.394,0.55313,0.17253,0.45,0.6625,0.6625,0.175,0.061075,0.13333,0.18333,0.23333,238.59,617.97,368.91,598.44,131.77,104,-0.14988,138.39,0
0.81968,0.21859,0.70034,0.86909,0.9624,0.73749,0.19743,0.62602,0.75766,0.90055,0.62422,0.13225,0.55,0.7125,0.7125,0.23125,0.04467,0.23333,0.23333,0.26667,464.06,610.16,285.94,624.22,178.68,222,-0.078947,181.81,0
1.0138,0.22899,0.90775,0.95643,1.0514,0.88162,0.11775,0.81936,0.88976,0.92805,0.61932,0.14344,0.575,0.7125,0.7125,0.19091,0.033635,0.175,0.2,0.2,451.88,600.78,302.81,600,149.06,148,0.0052411,150.28,0
1.1016,0.1199,1.0106,1.0534,1.1852,1.039,0.12641,0.93695,0.99702,1.1295,0.66786,0.085042,0.7,0.7,0.7,0.22381,0.03709,0.2,0.23333,0.25833,415.31,589.84,319.22,588.28,96.106,88,0.01626,96.831,0
1.2593,0.3033,1.0241,1.249,1.38,1.2242,0.28828,1.0593,1.1826,1.3376,0.6375,0.15537,0.61563,0.625,0.7875,0.2037,0.071578,0.19167,0.23333,0.24167,435.94,603.91,287.81,613.28,148.42,118,-0.063291,148.57,0
1.8414,0.68318,1.4384,1.5154,2.229,1.807,0.71202,1.3026,1.4727,2.3188,0.7,0.13444,0.56563,0.6875,0.825,0.20952,0.053452,0.15833,0.23333,0.23333,181.41,613.28,341.25,639.84,162.04,89,0.16618,163.49,0
3.0585,0.35507,2.8074,3.0585,3.3096,2.5792,0,2.5792,2.5792,2.5792,0.65833,0.15877,0.54375,0.75,0.75,0.21111,0.03849,0.18333,0.23333,0.23333,234.84,606.25,321.56,625.78,88.891,29,0.22523,88.947,0
3.4808,0.42373,3.1573,3.5629,3.7839,3.2168,0.61135,2.7845,3.2168,3.6491,0.55938,0.27202,0.35625,0.64375,0.7625,0.16667,0.066667,0.13333,0.2,0.2,238.59,604.69,390.47,618.75,152.52,44,0.092593,152.78,0
1.5773,0.36963,1.3481,1.7261,1.8065,1.3882,0.42234,1.0683,1.5403,1.6702,0.585,0.17352,0.51563,0.5875,0.725,0.18,0.064979,0.16667,0.2,0.20833,289.69,583.59,382.03,575.78,92.674,59,-0.084602,92.849,0
1.5365,0.037354,1.5087,1.5348,1.5647,1.4518,0.024051,1.4348,1.4518,1.4688,0.52188,0.20826,0.4,0.575,0.64375,0.175,0.078764,0.11667,0.2,0.23333,288.28,617.19,355.78,616.41,67.505,44,-0.011574,67.567,0
1.4691,0.58497,0.94555,1.7995,1.9112,1.3042,0.59435,0.68535,1.4864,1.828,0.63125,0.14315,0.5125,0.675,0.75,0.20417,0.065314,0.13333,0.21667,0.25,256.88,584.38,403.12,556.25,148.93,104,-0.19231,152.13,0
0.8147,0.38348,0.4902,0.79934,1.0958,0.75267,0.36958,0.42558,0.7309,1.0278,0.561,0.11543,0.5,0.5,0.6875,0.152,0.048189,0.13333,0.13333,0.2,147.66,470.31,418.12,542.97,280.06,355,0.26863,288.86,0
2.429,1.94,0.47343,3.0777,3.6183,2.0482,2.1205,0.35306,1.5869,3.7433,0.63542,0.15996,0.6,0.6,0.8125,0.19444,0.025092,0.16667,0.2,0.2,245.16,507.81,418.12,514.06,173.08,74,0.036134,179.84,0
0.72835,0.38529,0.48814,0.79718,1.0365,0.65281,0.36824,0.38597,0.59278,0.96334,0.6675,0.18521,0.56563,0.6875,0.825,0.17556,0.066029,0.14167,0.16667,0.225,282.19,522.66,420,531.25,138.08,206,0.062358,149.49,0
1.9529,1.4319,0.48897,2.3438,3.2224,1.5428,1.3217,0.35775,1.3107,2.9843,0.63906,0.22074,0.5625,0.65,0.80625,0.1875,0.077536,0.13333,0.18333,0.25,200.16,539.84,398.91,551.56,199.1,103,0.058962,201.52,0
0.6314,0.27834,0.3683,0.70534,0.83891,0.60556,0.27464,0.34817,0.65615,0.78462,0.74676,0.102,0.725,0.725,0.8625,0.25802,0.043943,0.23333,0.26667,0.26667,443.91,558.59,219.38,607.81,229.86,386,-0.21921,244.56,0
1.1151,0.31967,0.93877,1.0159,1.4008,1.0015,0.30191,0.83768,0.92315,1.0829,0.71023,0.090453,0.7375,0.7375,0.7375,0.21818,0.02734,0.2,0.23333,0.23333,433.12,540.62,273.28,570.31,162.58,148,-0.18573,164.24,0
2.1053,0.24513,1.9694,2.1999,2.2412,2.0884,0.046468,2.0544,2.0828,2.1237,0.6425,0.12857,0.62812,0.7,0.7,0.20667,0.043461,0.18333,0.23333,0.23333,387.19,578.91,264.84,600,124.15,59,-0.17241,124.66,0
1.3016,0.38353,0.89446,1.3909,1.6257,1.1484,0.35319,0.82889,1.2889,1.4567,0.58194,0.14858,0.55937,0.575,0.725,0.18148,0.055556,0.15833,0.2,0.23333,450.94,559.38,303.75,582.81,149.04,117,-0.15924,151.41,0
1.2409,0.42041,0.88539,1.2735,1.5582,1.1071,0.39609,0.82444,1.1561,1.3552,0.73646,0.16501,0.6625,0.7375,0.875,0.23056,0.065841,0.18333,0.23333,0.28333,454.22,549.22,262.97,571.09,192.5,163,-0.11438,202.61,0
1.4137,0.39541,1.2044,1.2337,1.7533,1.4142,0.31242,1.1388,1.3805,1.6729,0.66563,0.14604,0.65,0.7375,0.7375,0.21667,0.04714,0.18333,0.23333,0.25,418.12,516.41,285.94,580.47,146.89,105,-0.48463,147.51,0
1.479,0.73224,1.0765,1.3483,1.9654,1.3876,0.76148,0.84965,1.2399,1.8885,0.53611,0.20525,0.375,0.575,0.7375,0.15185,0.078371,0.11667,0.13333,0.23333,246.56,573.44,411.09,621.09,171.29,118,0.28965,172.98,0
2.0056,1.2254,1.139,2.2961,3.0173,1.7658,1.3753,0.65292,2.0389,2.8787,0.56042,0.22713,0.3625,0.6,0.7875,0.17222,0.082776,0.13333,0.18333,0.23333,272.34,570.31,418.12,578.91,146.03,74,0.05895,148.95,0
1.6101,1.2633,0.3776,1.64,2.7192,1.2599,1.2087,0.29148,0.68585,2.3804,0.53214,0.18637,0.42813,0.55,0.69063,0.1619,0.06506,0.14167,0.16667,0.2,285.47,554.69,425.16,575.78,141.27,88,0.15101,142.26,0
2.9983,1.4614,1.9931,2.569,4.0034,3.1059,1.6372,1.9286,2.817,4.3555,0.615,0.13416,0.6,0.675,0.675,0.21333,0.050553,0.18333,0.23333,0.24167,204.84,615.62,376.41,621.09,171.65,58,0.031876,172.62,0
3.3455,0.68709,2.821,3.5189,3.8267,3.4993,0.35552,3.248,3.4993,3.7507,0.56563,0.22555,0.39375,0.63125,0.7375,0.19167,0.068718,0.13333,0.18333,0.25,250.31,610.16,394.22,635.94,146.2,44,0.17915,146.62,0
1.8954,0.66666,1.6357,2.0097,2.2548,1.72,0.76145,1.2056,1.8673,2.2344,0.51042,0.23404,0.3,0.5625,0.7375,0.16111,0.074287,0.13333,0.16667,0.23333,270,611.72,405.94,633.59,137.69,73,0.16092,139.34,0
1.6918,0.63739,1.2519,1.5321,2.1932,1.656,0.63611,1.3092,1.4343,2.206,0.70156,0.137,0.75,0.75,0.75,0.22083,0.039591,0.21667,0.23333,0.23333,412.97,561.72,242.81,586.72,171.98,103,-0.14692,173.69,0
1.5226,0.26464,1.3789,1.4419,1.7465,1.441,0.27651,1.2458,1.3555,1.7503,0.625,0.14142,0.675,0.675,0.675,0.22917,0.057563,0.21667,0.25,0.26667,368.44,554.69,226.88,591.41,146.25,104,-0.25938,158.09,0
1.8458,0.49456,1.3942,1.9787,2.1812,1.6815,0.53293,1.1884,1.8323,2.0842,0.69821,0.070868,0.725,0.725,0.725,0.24286,0.03709,0.23333,0.26667,0.26667,372.19,525,218.91,557.81,156.75,88,-0.21407,161.95,0
1.7007,0.53472,1.372,1.5832,1.7537,1.6683,0.54434,1.3506,1.4788,1.7037,0.73125,0.21118,0.75,0.825,0.825,0.22917,0.0677,0.23333,0.25,0.26667,354.38,485.94,195,546.88,170.63,102,-0.38235,172.65,0
1.7358,0.78236,1.1676,1.5144,2.0004,1.7517,0.77774,1.1229,1.7404,2.0916,0.63929,0.20507,0.5625,0.75,0.75,0.18571,0.079015,0.15,0.2,0.23333,383.44,473.44,242.34,528.12,151.32,88,-0.3876,153.01,0
1.3636,0.14254,1.2543,1.3439,1.4754,1.3153,0.11145,1.244,1.2549,1.3967,0.63036,0.20231,0.54688,0.7625,0.7625,0.18095,0.076636,0.14167,0.23333,0.23333,395.16,535.16,245.62,569.53,153.43,117,-0.22989,154.35,0
1.365,0.24771,1.1886,1.3486,1.58,1.3261,0.19914,1.135,1.3357,1.5001,0.69583,0.15207,0.725,0.7625,0.7625,0.21852,0.064788,0.21667,0.23333,0.26667,393.75,546.88,241.88,579.69,155.38,118,-0.21605,161.3,0
3.8113,1.28,3.0325,3.1567,4.7538,3.8475,1.7268,2.6265,3.8475,5.0685,0.51875,0.27281,0.3125,0.54375,0.725,0.16667,0.094281,0.1,0.2,0.23333,253.59,568.75,419.06,581.25,165.94,44,0.075543,166.22,0
1.6287,0.48428,1.221,1.5224,2.0758,1.6556,0.42606,1.309,1.6556,2.0022,0.58958,0.14799,0.65,0.65,0.65,0.17778,0.068853,0.13333,0.2,0.23333,361.88,589.06,244.22,615.62,120.62,74,-0.22576,120.89,0
2.7399,1.0138,2.0495,2.2019,3.6656,2.6996,1.0874,1.8088,2.6389,3.5903,0.5875,0.22845,0.45,0.675,0.7625,0.20556,0.087981,0.13333,0.23333,0.26667,204.84,624.22,401.72,623.44,196.88,73,-0.0039683,197.83,0
2.6054,0.78426,2.0504,2.4297,3.2044,2.7961,0.70575,2.297,2.7961,3.2951,0.5875,0.10104,0.5,0.5875,0.675,0.18333,0.063828,0.13333,0.16667,0.23333,241.88,617.19,355.31,634.38,114.73,44,0.15152,114.82,0
3.5828,0.61745,3.1462,3.5828,4.0194,2.869,0,2.869,2.869,2.869,0.59583,0.079386,0.55,0.55,0.65312,0.18889,0.050918,0.15,0.2,0.225,229.69,666.41,332.81,670.31,103.2,29,0.037879,103.46,0
3.436,1.0537,2.6457,3.8875,4.1133,3.0062,1.4618,1.9725,3.0062,4.0398,0.575,0.20233,0.45625,0.625,0.69375,0.18333,0.063828,0.13333,0.16667,0.23333,215.16,668.75,363.28,675,148.26,44,0.042194,148.77,0
2.1528,0.65093,1.6352,2.0952,2.6704,2.2489,0.5422,1.8395,2.2733,2.6522,0.63,0.14885,0.55938,0.6125,0.7625,0.20667,0.054772,0.15833,0.23333,0.24167,238.59,621.09,363.75,640.62,126.67,59,0.15605,126.77,0
2.0113,0.77092,1.6281,2.3497,2.4884,1.7446,0.83185,1.1673,1.9707,2.3219,0.52917,0.21164,0.3625,0.60625,0.7,0.15,0.080966,0.066667,0.18333,0.2,266.25,591.41,405.94,628.12,144.43,73,0.26286,147.69,0
1.5669,0.56208,1.0642,1.5133,1.9845,1.5296,0.54044,1.1464,1.4749,1.9269,0.59375,0.093402,0.6375,0.6375,0.6375,0.22333,0.041722,0.2,0.23333,0.26667,433.12,617.97,225.47,612.5,207.73,134,0.026336,208.72,0
1.9692,0.94462,1.5342,1.6838,2.2142,2.084,0.98428,1.5341,1.6304,2.6338,0.57083,0.1633,0.6375,0.6375,0.6375,0.18889,0.062063,0.2,0.2,0.23333,415.78,538.28,175.31,607.81,250.32,118,-0.28915,250.83,0
2.0137,0.77087,1.4701,1.6883,2.2652,1.9693,0.77899,1.3744,1.7753,2.1713,0.73125,0.053033,0.75,0.75,0.75,0.23333,0.030861,0.23333,0.23333,0.25,387.19,492.19,187.03,525,202.83,103,-0.16393,207.68,0
2.3754,1.4361,1.2229,1.8311,3.5368,2.4069,1.4294,1.3938,2.1307,3.5167,0.6375,1.1869e-16,0.6375,0.6375,0.6375,0.22083,0.035355,0.2,0.21667,0.25,399.38,456.25,170.62,541.41,244.09,104,-0.37227,248.28,0
1.5155,0.86921,0.94982,1.0676,2.0891,1.6185,0.85512,0.97517,1.3708,2.2618,0.55833,0.1633,0.625,0.625,0.625,0.19444,0.064693,0.2,0.21667,0.23333,396.09,492.19,288.28,514.06,110.01,73,-0.2029,110.84,0
1.4949,0.73856,1.0136,1.2157,1.6084,1.492,0.74428,1.0429,1.2556,1.5361,0.57812,0.17266,0.5625,0.6625,0.6625,0.18333,0.069007,0.16667,0.2,0.23333,377.34,497.66,231.09,541.41,152.65,103,-0.29915,154.27,0
1.9826,0.90701,1.2753,1.625,2.5528,1.9522,0.89903,1.2857,1.6283,2.4685,0.67222,0.12083,0.7125,0.7125,0.7125,0.21111,0.052705,0.15833,0.23333,0.24167,397.97,488.28,182.34,571.88,231.26,117,-0.38768,233.91,0
2.8266,1.2467,1.9054,2.4578,3.7479,2.9608,1.3173,1.9927,2.8304,3.9614,0.5425,0.17889,0.4125,0.6625,0.6625,0.17333,0.072265,0.11667,0.2,0.23333,209.53,605.47,370.31,631.25,162.84,58,0.16035,163.09,0
3.6828,1.1234,2.8339,4.11,4.425,4.1027,0.21684,3.9494,4.1027,4.256,0.51875,0.24249,0.3375,0.59375,0.7,0.15,0.083887,0.1,0.16667,0.2,237.19,606.25,402.19,602.34,165.05,45,-0.023674,165.73,0
2.777,0.74379,2.2546,2.6448,3.2995,2.83,0.7036,2.3304,2.6788,3.3673,0.5425,0.17779,0.40938,0.6125,0.64688,0.16667,0.062361,0.14167,0.16667,0.20833,233.91,621.09,397.5,613.28,163.78,59,-0.047755,164.15,0
1.638,1.2377,0.46629,1.3831,2.8259,1.271,1.0323,0.40796,0.72172,2.3027,0.52639,0.14796,0.525,0.525,0.56875,0.14074,0.052116,0.13333,0.13333,0.16667,219.84,600,407.34,620.31,188.6,117,0.10833,192.46,0
2.6136,0.68812,2.0944,2.5474,3.1328,2.5184,0.8337,1.8835,2.6275,3.1259,0.4775,0.19393,0.39688,0.475,0.6375,0.15333,0.069121,0.091667,0.16667,0.20833,243.75,615.62,397.03,617.97,153.3,59,0.015291,153.33,0
2.9418,1.0632,2.19,2.9418,3.6936,3.5426,0,3.5426,3.5426,3.5426,0.54167,0.16314,0.42188,0.525,0.66563,0.15556,0.050918,0.11667,0.16667,0.19167,258.28,618.75,342.66,624.22,84.552,29,0.064815,84.56,0
2.376,1.5089,1.4223,2.6951,3.3298,2.0247,1.7984,0.65267,2.3194,3.323,0.455,0.23595,0.25937,0.55,0.59688,0.14,0.086281,0.058333,0.16667,0.20833,272.34,615.62,413.91,617.19,141.57,60,0.011038,142.56,0
2.8315,1.2956,2.1442,3.2143,3.576,2.4718,1.4356,1.4537,2.6542,3.4899,0.52708,0.22973,0.3375,0.575,0.75,0.16111,0.080046,0.1,0.18333,0.23333,217.5,628.12,423.75,604.69,207.58,74,-0.11364,209.15,0
1.5366,0.48598,1.1164,1.4808,2.0119,1.5107,0.44205,1.2195,1.5091,1.9257,0.70972,0.20556,0.67812,0.7,0.8625,0.24444,0.08165,0.25833,0.26667,0.275,425.62,578.91,253.12,614.84,176.2,119,-0.20833,182.28,0
1.6266,0.41173,1.3283,1.6984,1.8815,1.4951,0.44704,1.1335,1.5639,1.8321,0.67679,0.094491,0.7125,0.7125,0.7125,0.2381,0.029991,0.20833,0.23333,0.26667,383.91,553.91,246.09,572.66,139.08,88,-0.13605,143.38,0
1.5492,0.25688,1.4027,1.5038,1.6483,1.4472,0.28533,1.2693,1.3934,1.5724,0.76875,0.22864,0.75,0.8375,0.9125,0.26667,0.089087,0.26667,0.26667,0.31667,342.19,514.84,229.22,601.56,142.42,103,-0.76763,159.14,0
1.8635,0.46718,1.5407,1.7411,2.2737,1.8781,0.38198,1.5642,1.8172,2.1919,0.70208,0.12485,0.6625,0.73125,0.8,0.22222,0.027217,0.2,0.21667,0.23333,375,551.56,242.81,571.88,133.74,73,-0.15366,135.57,0
1.3207,0.27323,1.0713,1.2907,1.5813,1.2748,0.25768,1.0222,1.2682,1.5422,0.73438,0.1149,0.775,0.775,0.775,0.24583,0.053266,0.23333,0.25,0.28333,386.25,530.47,257.81,560.16,131.82,103,-0.23114,136.01,0
2.3653,0.32146,2.1201,2.4511,2.5892,2.386,0.15642,2.2754,2.386,2.4966,0.57813,0.14375,0.50625,0.65,0.65,0.19167,0.041944,0.16667,0.2,0.21667,361.41,550.78,262.5,579.69,103.04,44,-0.29226,104.43,0
2.1258,0.48419,1.8152,2.2328,2.4364,1.9484,0.58893,1.4991,2.1101,2.3572,0.705,0.14806,0.6125,0.8,0.8,0.24,0.054772,0.19167,0.26667,0.275,352.97,566.41,236.25,606.25,123.33,59,-0.34137,125.37,0
1.2952,0.3883,1.0511,1.2048,1.6062,1.293,0.31599,1.0669,1.1721,1.5014,0.6625,0.1125,0.7,0.7,0.7,0.24074,0.03643,0.225,0.26667,0.26667,392.81,569.53,245.16,602.34,151.26,119,-0.22222,153.34,0
1.3948,0.34734,1.0925,1.4062,1.6619,1.3651,0.30061,1.1719,1.3092,1.5538,0.65,0.16032,0.58438,0.7375,0.7375,0.20741,0.066202,0.18333,0.23333,0.24167,393.75,598.44,230.62,624.22,165.15,119,-0.15805,165.98,0
3.5551,1.291,2.4849,3.3986,4.6253,3.6611,1.3334,2.6438,4.023,4.5879,0.67,0.20283,0.54375,0.8,0.8,0.23333,0.078174,0.2,0.26667,0.275,205.31,597.66,411.56,578.12,207.17,59,-0.094697,209.12,0
3.5351,0.63696,3.1063,3.3162,4.0185,3.4293,0.86824,2.8153,3.4293,4.0432,0.62187,0.15824,0.49375,0.65625,0.75,0.20833,0.056928,0.16667,0.21667,0.25,222.66,607.03,376.88,617.19,154.55,44,0.065856,154.83,0
2.3313,0.6001,1.907,2.3313,2.7556,2.6326,0,2.6326,2.6326,2.6326,0.70417,0.13712,0.625,0.625,0.80313,0.22222,0.050918,0.18333,0.23333,0.25833,232.03,621.09,304.69,623.44,72.694,31,0.032258,72.695,0
3.214,0.64835,2.7206,3.417,3.6567,2.9117,0.93189,2.2528,2.9117,3.5707,0.57188,0.20675,0.41875,0.6375,0.725,0.175,0.063099,0.13333,0.15,0.21667,211.88,639.06,352.5,647.66,140.89,44,0.061111,141.21,0
2.4497,0.99014,1.682,2.5293,3.2174,2.099,1.1248,1.2901,1.9011,2.9575,0.5375,0.14334,0.4125,0.55,0.60313,0.14667,0.038006,0.125,0.13333,0.175,279.84,618.75,417.66,652.34,141.85,59,0.24376,144.06,0
1.9531,1.0296,1.0299,2.319,2.7217,1.7066,1.1337,0.75618,1.6979,2.6571,0.57917,0.22661,0.525,0.6375,0.75,0.18333,0.078174,0.16667,0.21667,0.23333,277.5,585.94,421.41,569.53,144.84,74,-0.11401,145.31,0
2.9375,0.7955,2.375,2.9375,3.5,3.3417,0,3.3417,3.3417,3.3417,0.5875,0.1691,0.4625,0.575,0.71562,0.18889,0.050918,0.15,0.2,0.225,270,617.97,358.12,617.97,88.125,30,0,88.125,0
1.4167,0.5183,0.978,1.2157,1.8532,1.3792,0.47616,1.0721,1.2474,1.738,0.65833,0.16073,0.6,0.7,0.775,0.21389,0.067358,0.21667,0.23333,0.25,436.88,596.09,211.41,634.38,228.7,163,-0.16979,231.09,0
1.8496,0.78395,1.2725,1.6325,2.3918,1.7494,0.82761,1.0697,1.5928,2.3343,0.65938,0.16873,0.6625,0.7375,0.7375,0.225,0.055635,0.21667,0.23333,0.26667,389.06,607.03,217.5,643.75,175.45,103,-0.21403,189.85,0
1.4735,0.38535,1.192,1.5264,1.7444,1.3973,0.39704,1.0727,1.5689,1.6649,0.68056,0.063465,0.67813,0.7125,0.7125,0.21111,0.040825,0.19167,0.23333,0.23333,395.16,599.22,224.06,605.47,171.21,117,-0.03653,172.28,0
1.1971,0.41404,0.80357,1.1568,1.5248,1.1584,0.39213,0.86423,1.0889,1.4598,0.625,0.15462,0.625,0.625,0.7375,0.21212,0.065443,0.2,0.23333,0.25833,366.09,596.09,196.41,637.5,174.67,148,-0.24401,177.26,0
1.4956,0.57681,1.0987,1.3824,1.8795,1.3778,0.5646,0.99491,1.2704,1.8382,0.67,0.14856,0.6125,0.75,0.77812,0.21556,0.058914,0.2,0.23333,0.25833,346.41,576.56,213.75,631.25,143.49,648,-0.41225,460.75,0
2.2472,0.59076,1.8294,2.2472,2.6649,2.5387,0,2.5387,2.5387,2.5387,0.68333,0.20207,0.5375,0.8,0.8,0.21111,0.069389,0.15833,0.23333,0.25833,335.16,567.19,271.88,583.59,65.373,29,-0.25926,65.586,0
1.2255,0.42801,0.92315,1.0729,1.5838,1.2476,0.35015,0.99925,1.2091,1.5185,0.63906,0.066291,0.6625,0.6625,0.6625,0.20417,0.021362,0.2,0.2,0.21667,397.5,546.88,277.5,578.12,124,103,-0.26042,126.96,0
1.6022,0.49892,1.1613,1.5751,2.0365,1.4404,0.49362,1.0055,1.4171,1.7612,0.64773,0.1353,0.60938,0.7125,0.7125,0.21818,0.056497,0.2,0.23333,0.25833,454.69,611.72,224.06,662.5,236.15,148,-0.22019,237.62,0
1.385,0.31625,1.0588,1.3614,1.7112,1.2786,0.32141,0.96231,1.215,1.6194,0.66591,0.11403,0.7125,0.7125,0.7125,0.22424,0.033635,0.23333,0.23333,0.23333,441.56,567.97,240,604.69,204.88,148,-0.18217,205.42,0
